folder,class,image_id,download_url,original_url,license,author,title
tool,Tool,0471711ee51561d9,https://c6.staticflickr.com/1/431/19250761506_4a6d23bac5_z.jpg,https://c2.staticflickr.com/1/431/19250761506_10a98cb8b3_o.jpg,https://creativecommons.org/licenses/by/2.0/,John Loo,Light Source
tool,Tool,0623368731dd66aa,https://c4.staticflickr.com/8/7147/6772935397_cb494a91e1_z.jpg,https://c3.staticflickr.com/8/7147/6772935397_8514c97f5d_o.jpg,https://creativecommons.org/licenses/by/2.0/,NatalieMaynor,Martin Accordions
tool,Tool,062973d55a1303d6,https://c6.staticflickr.com/1/168/485703429_b35867c9cd_z.jpg,https://farm7.staticflickr.com/168/485703429_0ab6f10f18_o.jpg,https://creativecommons.org/licenses/by/2.0/,The_Gut,Hammer and Anvil in action
tool,Tool,09df63bd01367ca3,https://c2.staticflickr.com/9/8218/8298441284_02e5110ddf_z.jpg,https://farm4.staticflickr.com/8218/8298441284_a38679033c_o.jpg,https://creativecommons.org/licenses/by/2.0/,schreimaschine,Dampfgenerator Nahaufnahme
tool,Tool,0b84e05edd3b63a2,https://c1.staticflickr.com/3/2862/10063412234_b3ba32c073_z.jpg,https://farm3.staticflickr.com/2862/10063412234_5382a17de6_o.jpg,https://creativecommons.org/licenses/by/2.0/,Chester,Dollar Shave - Humble Twin versus 4x
tool,Tool,11ae509831884a5f,https://c7.staticflickr.com/4/3287/2617436173_ca13b6931b_z.jpg,https://c8.staticflickr.com/4/3287/2617436173_6cf57a1530_o.jpg,https://creativecommons.org/licenses/by/2.0/,la riviere,notenkraker
tool,Tool,1228bfe2f3dc2d29,https://c7.staticflickr.com/5/4076/4824907360_065fd26ddb_z.jpg,https://c2.staticflickr.com/5/4076/4824907360_71f0200769_o.jpg,https://creativecommons.org/licenses/by/2.0/,andy carter,Made by Lance Ockenden
tool,Tool,1532894cbf5219e4,https://c1.staticflickr.com/1/94/275616162_91d7ca1ed6_z.jpg,https://farm5.staticflickr.com/94/275616162_91d7ca1ed6_o.jpg,https://creativecommons.org/licenses/by/2.0/,Ken Dyck,Lifted the old underlayment
tool,Tool,1b624745a56db0f5,https://c3.staticflickr.com/4/3797/10458150525_e403234713_z.jpg,https://farm6.staticflickr.com/3797/10458150525_3c023ac3ae_o.jpg,https://creativecommons.org/licenses/by/2.0/,Hiltibold,Archäologiemuseum Schloss Eggenberg (Joanneum)
tool,Tool,2443f4715e5f54d5,https://c4.staticflickr.com/9/8724/17148702971_34825242f2_z.jpg,https://farm6.staticflickr.com/8724/17148702971_304d0ab7c0_o.jpg,https://creativecommons.org/licenses/by/2.0/,Terry Ozon,SX Mini M Class & Lemo 2 RTA 0.13 nickel build. #vape #vaping #e-liquid #e-juice #vapeporn #canadianvapers #torontovapers #ontariovapers #albertavapers #edmontonvapers #vapemeet #vapecan #torontovapeshops #vapelife #torontovaping #canadianvapers #tdotvape
tool,Tool,2ba65cfdd4fc2069,https://c8.staticflickr.com/3/2556/4016677319_79bd4ff303_z.jpg,https://c2.staticflickr.com/3/2556/4016677319_18fbfc8d8e_o.jpg,https://creativecommons.org/licenses/by/2.0/,Hafiz Issadeen,Brushes
tool,Tool,2beeec409e9639da,,https://c3.staticflickr.com/5/4034/4345182988_9162a8ffee_o.jpg,https://creativecommons.org/licenses/by/2.0/,Wanderlinse,Canonet Dichtung erneuern 06
tool,Tool,2eb849114cbb18d9,https://c4.staticflickr.com/3/2139/2299016245_49b3a6eb32_z.jpg,https://c2.staticflickr.com/3/2139/2299016245_b09bf7f2bb_o.jpg,https://creativecommons.org/licenses/by/2.0/,Joel Penner,"Hades, God Of the Underworld"
tool,Tool,2f3a4b0e210cceb7,https://c2.staticflickr.com/9/8148/6961901108_97f3d4322f_z.jpg,https://farm8.staticflickr.com/8148/6961901108_9389b2ee70_o.jpg,https://creativecommons.org/licenses/by/2.0/,Kristy Robb,new kitchen
tool,Tool,30a9f82f3fc6290f,https://c8.staticflickr.com/6/5563/15042825246_149101197a_z.jpg,https://c8.staticflickr.com/6/5563/15042825246_c0db68de7f_o.jpg,https://creativecommons.org/licenses/by/2.0/,tony_duell,Cutting down the torch body tube
tool,Tool,34ec1592f40cdfaa,https://c3.staticflickr.com/4/3036/2837704979_15747d4bd7_z.jpg?zz=1,https://c3.staticflickr.com/4/3036/2837704979_b709b1b51a_o.jpg,https://creativecommons.org/licenses/by/2.0/,Jyri Engestrom,Final adjustments
tool,Tool,37eecbdbbebfef53,https://c1.staticflickr.com/1/185/396769475_f0bcc2c7f2_z.jpg,https://farm4.staticflickr.com/185/396769475_f0bcc2c7f2_o.jpg,https://creativecommons.org/licenses/by/2.0/,Dwight Sipler,Cleaning the cellar
tool,Tool,386e4712263c4fc5,https://c8.staticflickr.com/8/7142/6537133915_d9efc43d1b_z.jpg,https://farm6.staticflickr.com/7142/6537133915_2871e9395b_o.jpg,https://creativecommons.org/licenses/by/2.0/,MIKI Yoshihito,VELO - Anatomic Bicycle Grips.
tool,Tool,3e73afaaaca25592,https://c8.staticflickr.com/1/96/280459619_b847dcc673_z.jpg?zz=1,https://farm3.staticflickr.com/96/280459619_b847dcc673_o.jpg,https://creativecommons.org/licenses/by/2.0/,Alex C,CIMG1048.JPG
tool,Tool,4130d94d78c2cec7,https://c4.staticflickr.com/3/2486/4007972473_453b63b2a5_z.jpg,https://farm8.staticflickr.com/2486/4007972473_d3a19141ec_o.jpg,https://creativecommons.org/licenses/by/2.0/,Mark,ceramic tool belt
tool,Tool,43559ae2545c628f,https://c4.staticflickr.com/9/8310/8012904007_3290dd0177_z.jpg,https://c8.staticflickr.com/9/8310/8012904007_3faa1f7795_o.jpg,https://creativecommons.org/licenses/by/2.0/,Wystan,"Old straight razor with imitation-bamboo celluloid handle, stamped B. F. Schumacher, Ann Arbor, Michigan."
tool,Tool,448623e2387b0341,https://c4.staticflickr.com/5/4049/5162652710_82a4e293ea_z.jpg,https://farm2.staticflickr.com/4049/5162652710_42a1f3052d_o.jpg,https://creativecommons.org/licenses/by/2.0/,Jordanhill School D&amp;T Dept,"Using the metalwork lathe, turning down, taper turning, drilling, knurling and threading using taps and dies."
tool,Tool,49567019a665a27b,https://c7.staticflickr.com/3/2519/5846509966_3e5ec314cf_z.jpg,https://c4.staticflickr.com/3/2519/5846509966_2cc44a67ef_o.jpg,https://creativecommons.org/licenses/by/2.0/,Alan Light,IMG_7874
tool,Tool,4af30ade5ff3deb1,https://c5.staticflickr.com/6/5250/5375014869_3a8bda5a8d_z.jpg,https://farm2.staticflickr.com/5250/5375014869_3de00d623d_o.jpg,https://creativecommons.org/licenses/by/2.0/,Naval History &amp; Heritage Command,2011-11-1 Bolo Knife
tool,Tool,55726ee5b638029f,https://c2.staticflickr.com/9/8283/7792982948_c7a920d880_z.jpg,https://c8.staticflickr.com/9/8283/7792982948_ab08f421f9_o.jpg,https://creativecommons.org/licenses/by/2.0/,Cambodia4kids.org Beth Kanter,Untitled
tool,Tool,62782d83696dc8d4,https://c7.staticflickr.com/4/3196/2882324270_6266a9a1be_z.jpg,https://farm5.staticflickr.com/3196/2882324270_6765b9c7e0_o.jpg,https://creativecommons.org/licenses/by/2.0/,Alan Swartz,dsc02902
tool,Tool,76e3755537c9566c,https://c4.staticflickr.com/1/119/315062935_f89ca5c96b_z.jpg,https://c5.staticflickr.com/1/119/315062935_f89ca5c96b_o.jpg,https://creativecommons.org/licenses/by/2.0/,Gunnar Grimnes,The homemade extension-tube!
tool,Tool,7df68b2ee077520b,https://c8.staticflickr.com/7/6239/6292314225_e245c192d7_z.jpg,https://c4.staticflickr.com/7/6239/6292314225_8b43246ce3_o.jpg,https://creativecommons.org/licenses/by/2.0/,Nolan O&#x27;Brien,Untitled
tool,Tool,7e9c5acdbdcd2381,https://c4.staticflickr.com/9/8444/7866060602_d7e6c2d4fb_z.jpg,https://farm2.staticflickr.com/8444/7866060602_41ab362cfa_o.jpg,https://creativecommons.org/licenses/by/2.0/,狐☯忠 ❂ Fidelis,West & East [2D]
tool,Tool,833c568da41b3de0,,https://farm1.staticflickr.com/4122/4904993670_ecb1a53f45_o.jpg,https://creativecommons.org/licenses/by/2.0/,Emilian Robert Vicol,Ratcheting-Socket-Wrench-82650-480x360
tool,Tool,845568f6229ee606,https://c3.staticflickr.com/8/7272/8169582170_6dc498a90f_z.jpg,https://farm7.staticflickr.com/7272/8169582170_d8f99c8d44_o.jpg,https://creativecommons.org/licenses/by/2.0/,Interlocking Concrete Pavement Institute,2012 Hardscape North America Trade Show
tool,Tool,9777eea35056d962,https://c7.staticflickr.com/7/6165/6240750464_d01626284a_z.jpg,https://farm3.staticflickr.com/6165/6240750464_5c5fbcd473_o.jpg,https://creativecommons.org/licenses/by/2.0/,Dwight Sipler,A Special Bolt
tool,Tool,9986b0b0115d7425,https://c6.staticflickr.com/4/3647/3570010959_ac84bed0dd_z.jpg,https://farm6.staticflickr.com/3647/3570010959_71e159d264_o.jpg,https://creativecommons.org/licenses/by/2.0/,Steve Saldivar,Ty Yurgelevic
tool,Tool,9eabdd7eb17a3718,https://c7.staticflickr.com/4/3274/2585898472_912a79bf4b_z.jpg,https://c1.staticflickr.com/4/3274/2585898472_aa203f8867_o.jpg,https://creativecommons.org/licenses/by/2.0/,Miran  Rijavec,Compass. We lost our compass in 1991. Compassion needed.
tool,Tool,a236fd913492b159,https://c1.staticflickr.com/1/37/79761190_7244684d75_z.jpg?zz=1,https://c2.staticflickr.com/1/37/79761190_7244684d75_o.jpg,https://creativecommons.org/licenses/by/2.0/,liz west,yellow plate
tool,Tool,a57eae36c0424365,https://c7.staticflickr.com/3/2458/5770026070_71e37a661f_z.jpg,https://farm6.staticflickr.com/2458/5770026070_37a858a7ea_o.jpg,https://creativecommons.org/licenses/by/2.0/,Wheel Cosmic,TurkSabre_c1917
tool,Tool,a96678abacc78bf7,https://c6.staticflickr.com/6/5599/15431884809_9c3993b5d0_z.jpg,https://farm8.staticflickr.com/5599/15431884809_c811b73e5d_o.jpg,https://creativecommons.org/licenses/by/2.0/,flirianders,IMG_20141024_125943
tool,Tool,b72a5527eda357d4,https://c2.staticflickr.com/1/18/23673502_f7cbf94607_z.jpg,https://farm5.staticflickr.com/18/23673502_f7cbf94607_o.jpg,https://creativecommons.org/licenses/by/2.0/,Kate Haskell,Gunblade
tool,Tool,c020aa3c539efe6f,https://c1.staticflickr.com/8/7428/16184351650_ff0332761d_z.jpg,https://c8.staticflickr.com/8/7428/16184351650_1b313faa2f_o.jpg,https://creativecommons.org/licenses/by/2.0/,7th Army  Joint Multinational Training Command,Supplying training resources to Atlantic Resolve
tool,Tool,dc72f9887c9bbf3a,https://c5.staticflickr.com/9/8439/7898739318_59d0f60af8_z.jpg,https://c3.staticflickr.com/9/8439/7898739318_ab55fb0606_o.jpg,https://creativecommons.org/licenses/by/2.0/,Daniele Giannotti,cavalry_roman_spearhead_newsteed
tool,Tool,e0c3979f4695b8d3,https://c4.staticflickr.com/3/2607/4051116732_4cf3dd1110_z.jpg,https://farm4.staticflickr.com/2607/4051116732_2b11d73b56_o.jpg,https://creativecommons.org/licenses/by/2.0/,Marty McGuire,Drillin'
tool,Tool,e45aebb5fe97f529,https://c5.staticflickr.com/4/3130/2479860628_394b6fc69f_z.jpg,https://c2.staticflickr.com/4/3130/2479860628_9b5cf60593_o.jpg,https://creativecommons.org/licenses/by/2.0/,Hillwalker-ca,Element #1
tool,Tool,e89a0144d7ce4376,https://c4.staticflickr.com/4/3908/14623702343_9d92dde8f6_z.jpg,https://farm7.staticflickr.com/3908/14623702343_a30cfdbdfe_o.jpg,https://creativecommons.org/licenses/by/2.0/,George Alexander Ishida Newman,Senbei Maker
tool,Tool,ede075a2d90d875a,https://c6.staticflickr.com/6/5495/14313503248_8a484d3fb2_z.jpg,https://c3.staticflickr.com/6/5495/14313503248_5aa8f52583_o.jpg,https://creativecommons.org/licenses/by/2.0/,Pernmith,Le forgeron à la fête des remparts de Chatenois (67)
tool,Tool,ee24a73a700e7013,https://c5.staticflickr.com/8/7422/13113063293_43e586d1a2_z.jpg,https://farm4.staticflickr.com/7422/13113063293_454b7323fa_o.jpg,https://creativecommons.org/licenses/by/2.0/,CARLISLE HVAC,Kwiki Retracting Bearing
tool,Tool,ef0e599e17f54f95,https://c5.staticflickr.com/9/8131/8764956607_4cf43004db_z.jpg,https://farm6.staticflickr.com/8131/8764956607_e56e21555e_o.jpg,https://creativecommons.org/licenses/by/2.0/,Eli Naeher,Klein Tools Beverage tool
tool,Tool,f28a0947f06047a9,https://c5.staticflickr.com/4/3692/11037188944_02c36917e5_z.jpg,https://c2.staticflickr.com/4/3692/11037188944_2866eb1c04_o.jpg,https://creativecommons.org/licenses/by/2.0/,Quinlan Pfiffer,W&B Straight Razor
tool,Tool,f5502849058752e0,https://c6.staticflickr.com/5/4050/4227573925_31231d1933_z.jpg,https://farm1.staticflickr.com/4050/4227573925_cf44822ccf_o.jpg,https://creativecommons.org/licenses/by/2.0/,Kris Carillo,Product Shot #2
tool,Tool,fa2a71fdd3a34387,https://c1.staticflickr.com/3/2007/2169097923_e657fecc84_z.jpg,https://farm8.staticflickr.com/2007/2169097923_a156f2385d_o.jpg,https://creativecommons.org/licenses/by/2.0/,Michael Pereckas,Drill Bit Maker
tool,Tool,fedfbecc33a7a5fb,https://c1.staticflickr.com/3/2680/4262934470_6b369eb25c_z.jpg?zz=1,https://c4.staticflickr.com/3/2680/4262934470_99758810d5_o.jpg,https://creativecommons.org/licenses/by/2.0/,exetermogs,Belemnites
tortoise,Tortoise,0231f3d9cfa79b30,https://c6.staticflickr.com/5/4153/4979050676_ecb02ba49b_z.jpg,https://farm1.staticflickr.com/4153/4979050676_10b50dfd00_o.jpg,https://creativecommons.org/licenses/by/2.0/,sheilapic76,Sea turtlec3
tortoise,Tortoise,04728d00324ff2af,https://c1.staticflickr.com/6/5099/5580315381_77cdf2c066_z.jpg,https://c8.staticflickr.com/6/5099/5580315381_9cdefb42bb_o.jpg,https://creativecommons.org/licenses/by/2.0/,Daniel Filgueiras,Verde
tortoise,Tortoise,05fb96a824503d43,https://c1.staticflickr.com/3/2928/14565020845_32afa56945_z.jpg,https://farm4.staticflickr.com/2928/14565020845_a4d3f8d6d4_o.jpg,https://creativecommons.org/licenses/by/2.0/,Dimplemonkey,I named him Clyde. Still had another 2000 ft. left to go into the woods. He &quot;flew&quot; the rest of the way there thanks to me. #turtle #shell #grass #green #picoftheday
tortoise,Tortoise,06c9c912e57d0846,https://c3.staticflickr.com/2/1406/606761660_4a35f9a239_z.jpg,https://farm7.staticflickr.com/1406/606761660_d4f5a70ec5_o.jpg,https://creativecommons.org/licenses/by/2.0/,Luca,DSCF3152
tortoise,Tortoise,0dda17bcb0902e25,https://c7.staticflickr.com/5/4078/4781581987_0112609fd6_z.jpg,https://farm6.staticflickr.com/4078/4781581987_bc6c876870_o.jpg,https://creativecommons.org/licenses/by/2.0/,Matías Calderón Bourband,Tortuga de Arena
tortoise,Tortoise,1acbb3dbdab656b5,https://c3.staticflickr.com/3/2570/5778241127_cf2fa4bef5_z.jpg,https://farm6.staticflickr.com/2570/5778241127_031a522aa8_o.jpg,https://creativecommons.org/licenses/by/2.0/,"Jim, the Photographer",Philadelphia Zoo Tortoises
tortoise,Tortoise,1c603f404be97d55,https://c1.staticflickr.com/8/7085/7292335988_7d243ef1be_z.jpg,https://farm6.staticflickr.com/7085/7292335988_829bf5409c_o.jpg,https://creativecommons.org/licenses/by/2.0/,David Shane,Painted Turtle
tortoise,Tortoise,1d66fa7538e148e9,https://c7.staticflickr.com/5/4051/4255099608_6d8897be83_z.jpg,https://c2.staticflickr.com/5/4051/4255099608_c294e592ba_o.jpg,https://creativecommons.org/licenses/by/2.0/,Ariane Middel,Hawai'i
tortoise,Tortoise,213978a9cdac68f0,https://c3.staticflickr.com/8/7512/16310379151_19105a4617_z.jpg,https://farm1.staticflickr.com/7512/16310379151_47df0655ea_o.jpg,https://creativecommons.org/licenses/by/2.0/,Manuel,la tortuga montada del estanque
tortoise,Tortoise,286eb35035a63c98,https://c1.staticflickr.com/8/7051/7016722321_4393c7856b_z.jpg,https://c1.staticflickr.com/8/7051/7016722321_9a12ae2b5d_o.jpg,https://creativecommons.org/licenses/by/2.0/,Berit Watkin,"Turtles drinking water, Barbados"
tortoise,Tortoise,33e2e2456781a72f,https://c3.staticflickr.com/4/3629/3300110885_cae4a2ee19_z.jpg,https://c8.staticflickr.com/4/3629/3300110885_17f114b425_o.jpg,https://creativecommons.org/licenses/by/2.0/,John Haslam,Red Eared Terrapin; Malta Falconry Centre
tortoise,Tortoise,35509fd96686cd20,https://c5.staticflickr.com/4/3147/2830100199_3c806f0068_z.jpg,https://farm1.staticflickr.com/3147/2830100199_c84111c12e_o.jpg,https://creativecommons.org/licenses/by/2.0/,AndreDea,Tartaruga
tortoise,Tortoise,3a8f6fff75ed7465,https://c3.staticflickr.com/7/6041/6229933791_c091b5a18e_z.jpg,https://farm6.staticflickr.com/6041/6229933791_01c4f72006_o.jpg,https://creativecommons.org/licenses/by/2.0/,Audrey,Turtle
tortoise,Tortoise,3c1ddd51e8005e7a,https://c4.staticflickr.com/4/3661/3610879342_80b2642d04_z.jpg?zz=1,https://c3.staticflickr.com/4/3661/3610879342_d9105c60c6_o.jpg,https://creativecommons.org/licenses/by/2.0/,Brian Giesen,Turtle at Billabong Sanctuary
tortoise,Tortoise,58f61cba0cff18cd,https://c6.staticflickr.com/5/4063/4245050270_3ec437facd_z.jpg,https://c6.staticflickr.com/5/4063/4245050270_59f858a76e_o.jpg,https://creativecommons.org/licenses/by/2.0/,deovolenti,2008-10-24-16h00m36
tortoise,Tortoise,656469247a1722bd,https://c1.staticflickr.com/8/7002/6833156153_e6c4e48a67_z.jpg,https://c6.staticflickr.com/8/7002/6833156153_611fe85722_o.jpg,https://creativecommons.org/licenses/by/2.0/,Sandeep Gangadharan,Indian Black Turtle
tortoise,Tortoise,6a0e2d8f75a3157c,https://c4.staticflickr.com/4/3319/4556111256_e5c003c935_z.jpg,https://c5.staticflickr.com/4/3319/4556111256_8eb27032a8_o.jpg,https://creativecommons.org/licenses/by/2.0/,Jorge Mejía peralta,IMG_8635
tortoise,Tortoise,6ccc209d5842e1c9,https://c7.staticflickr.com/7/6060/6309771558_a206b45e7c_z.jpg,https://c2.staticflickr.com/7/6060/6309771558_754433975b_o.jpg,https://creativecommons.org/licenses/by/2.0/,Biodiversity Heritage Library,n174_w1150
tortoise,Tortoise,75b2d18569e74cf5,https://c5.staticflickr.com/6/5053/5557663625_50eae21f08_z.jpg,https://farm6.staticflickr.com/5053/5557663625_7a40c779dc_o.jpg,https://creativecommons.org/licenses/by/2.0/,Pete O&#x27;Shea,Turtle
tortoise,Tortoise,7faedfce4aa40087,https://c1.staticflickr.com/4/3537/3328831872_80c7426dd2_z.jpg,https://farm8.staticflickr.com/3537/3328831872_af2be97883_o.jpg,https://creativecommons.org/licenses/by/2.0/,Experience Kissimmee,Turtle in Kissimmee's Natural Conservation Areas
tortoise,Tortoise,80ea08aa4057b0ea,https://c1.staticflickr.com/4/3249/3133487042_b0b27fdf60_z.jpg?zz=1,https://c3.staticflickr.com/4/3249/3133487042_b4b956ab5a_o.jpg,https://creativecommons.org/licenses/by/2.0/,cometstarmoon,New Orleans 2007: NOLA Zoo Tortoise 2
tortoise,Tortoise,8201cac18b3e815f,https://c3.staticflickr.com/6/5045/5371232871_e6cceb8db7_z.jpg,https://c8.staticflickr.com/6/5045/5371232871_a439d169ee_o.jpg,https://creativecommons.org/licenses/by/2.0/,Tim (Timothy) Pearce,florida jan 2011 371
tortoise,Tortoise,8481d4156ddf075b,https://c7.staticflickr.com/4/3670/12349749515_b3dfcca598_z.jpg,https://c4.staticflickr.com/4/3670/12349749515_925dc7c87c_o.jpg,https://creativecommons.org/licenses/by/2.0/,Shiny Things,Grumpy Turtle
tortoise,Tortoise,8591f0e3f149f473,https://c2.staticflickr.com/9/8426/7543611210_a99c9b2b5e_z.jpg,https://farm4.staticflickr.com/8426/7543611210_ac5841a89c_o.jpg,https://creativecommons.org/licenses/by/2.0/,Congaree National Park,Untitled
tortoise,Tortoise,87c262c4e974d7db,https://c2.staticflickr.com/7/6124/6015592462_99cafa6304_z.jpg,https://c4.staticflickr.com/7/6124/6015592462_184dd65df7_o.jpg,https://creativecommons.org/licenses/by/2.0/,Bob Peterson,Armored Vegan (Gopher Tortoise)
tortoise,Tortoise,949bc4fbb5c90ce1,https://c2.staticflickr.com/6/5007/5262542531_87691c7cab_z.jpg,https://farm2.staticflickr.com/5007/5262542531_720e6fa86c_o.jpg,https://creativecommons.org/licenses/by/2.0/,Abdulla Al Muhairi,Clay frog
tortoise,Tortoise,96a807e2fc85c1f0,https://c5.staticflickr.com/3/2674/3684870025_2bbcc3d272_z.jpg,https://farm1.staticflickr.com/2674/3684870025_f6ea2ebeed_o.jpg,https://creativecommons.org/licenses/by/2.0/,Ethan Ableman,Santa Cruz: Tortoise 9
tortoise,Tortoise,9e45e6617c4666ab,https://c8.staticflickr.com/4/3848/14423029803_987b005814_z.jpg,https://c4.staticflickr.com/4/3848/14423029803_4c153b2099_o.jpg,https://creativecommons.org/licenses/by/2.0/,radellaf,Big Turtle in the Driveway
tortoise,Tortoise,a435e2d049fb4fe6,https://c4.staticflickr.com/8/7217/7074166957_c3ca1e43b7_z.jpg,https://farm7.staticflickr.com/7217/7074166957_e0da3d22f1_o.jpg,https://creativecommons.org/licenses/by/2.0/,Dean Croshere,Green Turtle
tortoise,Tortoise,b000e09727a6f6ea,https://c5.staticflickr.com/4/3344/5796545223_8ae687a0c1_z.jpg,https://c3.staticflickr.com/4/3344/5796545223_6d07799c3c_o.jpg,https://creativecommons.org/licenses/by/2.0/,Wayne National Forest,Eastern Box Turtle
tortoise,Tortoise,bf05696961c6374a,https://c2.staticflickr.com/1/124/421609299_fb080f59d8_z.jpg,https://c3.staticflickr.com/1/124/421609299_d28beba004_o.jpg,https://creativecommons.org/licenses/by/2.0/,Josh Hallett,Slow Poke - Busch Gardens
tortoise,Tortoise,c1ddbcd72260ac97,https://c5.staticflickr.com/3/2764/13202890373_608c23c5c5_z.jpg,https://farm8.staticflickr.com/2764/13202890373_73dbc62a2d_o.jpg,https://creativecommons.org/licenses/by/2.0/,xinem,Mister komodo dragon
tortoise,Tortoise,c38f0657a2786496,https://c4.staticflickr.com/9/8422/7571748078_aa4fc3f522_z.jpg,https://farm7.staticflickr.com/8422/7571748078_30b313c080_o.jpg,https://creativecommons.org/licenses/by/2.0/,Hanumann,Dead Turtle
tortoise,Tortoise,cb42e4ec70ad8da9,https://c6.staticflickr.com/6/5030/5563607264_2750f05ebf_z.jpg,https://c1.staticflickr.com/6/5030/5563607264_d97e9bf80f_o.jpg,https://creativecommons.org/licenses/by/2.0/,DGriebeling,IMG_6099
tortoise,Tortoise,ce738202faad4f16,https://c1.staticflickr.com/6/5550/11037498494_b78d3a5677_z.jpg,https://farm7.staticflickr.com/5550/11037498494_03eb94e5e9_o.jpg,https://creativecommons.org/licenses/by/2.0/,trickofthelight,Sea Turtles
tortoise,Tortoise,d228a83a40891815,https://c6.staticflickr.com/3/2438/3555409442_80384b6d10_z.jpg,https://farm6.staticflickr.com/2438/3555409442_bc9e5c7dd1_o.jpg,https://creativecommons.org/licenses/by/2.0/,James,Untitled
tortoise,Tortoise,d3d5a9e58537ed76,https://c6.staticflickr.com/4/3059/2734763374_6e4c188086_z.jpg?zz=1,https://farm7.staticflickr.com/3059/2734763374_60ea97fd77_o.jpg,https://creativecommons.org/licenses/by/2.0/,Miguel Vieira,15 Green turtle resting on Po'ipū beach
tortoise,Tortoise,f26f86aa117f9693,https://c2.staticflickr.com/1/349/17925190243_5cce48d851_z.jpg,https://farm4.staticflickr.com/349/17925190243_6f77981711_o.jpg,https://creativecommons.org/licenses/by/2.0/,Laura Gilchrist,"University of Kansas day trip June 6, 2015!"
tortoise,Tortoise,f992ed4729c81724,https://c5.staticflickr.com/4/3347/3635931927_bb89d0602d_z.jpg,https://farm5.staticflickr.com/3347/3635931927_f459142edf_o.jpg,https://creativecommons.org/licenses/by/2.0/,Tilemahos Efthimiadis,Scared little fella
tortoise,Tortoise,fa9c1a8fa79456a4,https://c2.staticflickr.com/5/4048/4531943381_cacd271845_z.jpg,https://farm5.staticflickr.com/4048/4531943381_6aa5431131_o.jpg,https://creativecommons.org/licenses/by/2.0/,Michael Gil,Asian Brown Tortoise / Burmese Star Tortoise
tortoise,Tortoise,023b4802f26b54e6,https://c4.staticflickr.com/5/4140/4761087523_49e3a4ee80_z.jpg,https://farm7.staticflickr.com/4140/4761087523_e296992a50_o.jpg,https://creativecommons.org/licenses/by/2.0/,Jennifer Boyer,a turtle I passed on my way home from work
tortoise,Tortoise,05373b7f9363f1b5,https://c2.staticflickr.com/6/5084/5382781535_396003bfa7_z.jpg,https://farm6.staticflickr.com/5084/5382781535_e115a91283_o.jpg,https://creativecommons.org/licenses/by/2.0/,Michael Cordedda,tortoise getting out the bath
tortoise,Tortoise,061bad48d5f83750,https://c3.staticflickr.com/6/5349/17767145696_77726a53f1_z.jpg,https://farm1.staticflickr.com/5349/17767145696_ba2e71659f_o.jpg,https://creativecommons.org/licenses/by/2.0/,Michael Miller,Spirits in the Wild 2015 at Chattanooga Zoo
tortoise,Tortoise,07690af13c93ea1b,https://c7.staticflickr.com/5/4071/4425784924_5d5c4671ef_z.jpg,https://c4.staticflickr.com/5/4071/4425784924_de80be46cd_o.jpg,https://creativecommons.org/licenses/by/2.0/,Gary Owens,Hi
tortoise,Tortoise,0ca327615c66417a,https://c4.staticflickr.com/2/1350/1001160371_01dec03882_z.jpg,https://c3.staticflickr.com/2/1350/1001160371_3cb4039312_o.jpg,https://creativecommons.org/licenses/by/2.0/,chrisbb@prodigy.net,mountain snapper
tortoise,Tortoise,104c70e5a63eccb3,https://c3.staticflickr.com/5/4035/4704241135_3ed74b343b_z.jpg,https://farm4.staticflickr.com/4035/4704241135_949fb3f200_o.jpg,https://creativecommons.org/licenses/by/2.0/,AnnCam,Baby Turtles
tortoise,Tortoise,10e14ddf2ff2819a,https://c1.staticflickr.com/5/4026/4218221767_95c801fc97_z.jpg?zz=1,https://c3.staticflickr.com/5/4026/4218221767_1bda0deb1a_o.jpg,https://creativecommons.org/licenses/by/2.0/,Ralph Malan,010 Angulate tortoise (query)
tortoise,Tortoise,121d637baba5b79d,https://c7.staticflickr.com/3/2086/2218610082_78456afdfc_z.jpg,https://c6.staticflickr.com/3/2086/2218610082_856ef09c6d_o.jpg,https://creativecommons.org/licenses/by/2.0/,Brad Coy,DSC_0033
tortoise,Tortoise,13a597a295ca95a7,https://c2.staticflickr.com/2/1137/572578731_455cfbc0bc_z.jpg,https://farm8.staticflickr.com/1137/572578731_0713bf2aa7_o.jpg,https://creativecommons.org/licenses/by/2.0/,Trevor Owens,IMG_1877.JPG
tortoise,Tortoise,16716741e393facc,https://c4.staticflickr.com/4/3221/2616209898_6b610dfe3b_z.jpg,https://c5.staticflickr.com/4/3221/2616209898_8ef71baa41_o.jpg,https://creativecommons.org/licenses/by/2.0/,Paul Joseph,08-jun-26
tower,Tower,00e1d2263a7ec1e8,https://c3.staticflickr.com/1/11/13641776_a2b485458e_z.jpg?zz=1,https://c1.staticflickr.com/1/11/13641776_a2b485458e_o.jpg,https://creativecommons.org/licenses/by/2.0/,WalkingGeek,Magic Kingdom
tower,Tower,097d056ffa82fced,https://c4.staticflickr.com/4/3841/15205925462_be701317b3_z.jpg,https://c6.staticflickr.com/4/3841/15205925462_f129a4434e_o.jpg,https://creativecommons.org/licenses/by/2.0/,Cinty Ionescu,Vulcan church
tower,Tower,09f531fe4f6d95f3,https://c6.staticflickr.com/2/1254/532187561_a16e485379_z.jpg?zz=1,https://farm4.staticflickr.com/1254/532187561_64e9d078c6_o.jpg,https://creativecommons.org/licenses/by/2.0/,R/DV/RS,"Power station, north of Doncaster"
tower,Tower,0b4739147c335514,https://c4.staticflickr.com/6/5012/5399457971_93872e180a_z.jpg,https://farm5.staticflickr.com/5012/5399457971_040c0a51ea_o.jpg,https://creativecommons.org/licenses/by/2.0/,Tavis Jacobs,Space Needle from Volunteer Park
tower,Tower,0c7570aabf601816,https://c5.staticflickr.com/1/47/137179447_ee566fb941_z.jpg,https://farm7.staticflickr.com/47/137179447_ee566fb941_o.jpg,https://creativecommons.org/licenses/by/2.0/,ilkerender,CN Tower
tower,Tower,0dee2679cb186550,https://c2.staticflickr.com/2/1155/1348362110_404d7670c2_z.jpg,https://farm1.staticflickr.com/1155/1348362110_cb3f0d9d3b_o.jpg,https://creativecommons.org/licenses/by/2.0/,Jamison Young,jamtea.net
tower,Tower,0eddab2d732916b5,https://c4.staticflickr.com/4/3584/3319335495_2d97939d54_z.jpg,https://farm6.staticflickr.com/3584/3319335495_b87cca8ed4_o.jpg,https://creativecommons.org/licenses/by/2.0/,Lydia,Electricity pylon
tower,Tower,0f5268b184ffcf29,https://c5.staticflickr.com/8/7063/13972062383_084ac0ff95_z.jpg,https://c2.staticflickr.com/8/7063/13972062383_f1598bfde4_o.jpg,https://creativecommons.org/licenses/by/2.0/,-JvL-,Obelisk at Piazza Navona
tower,Tower,0f949da463269cc8,https://c3.staticflickr.com/8/7295/13978507500_7f4748498c_z.jpg,https://c1.staticflickr.com/8/7295/13978507500_da095d4904_o.jpg,https://creativecommons.org/licenses/by/2.0/,Carmen Shields,Smokestacks
tower,Tower,121a9fe7c861c595,https://c3.staticflickr.com/9/8572/15575463743_dcf48c4688_z.jpg,https://farm6.staticflickr.com/8572/15575463743_1bf7e47a89_o.jpg,https://creativecommons.org/licenses/by/2.0/,Iain A Wanless,Disney Magic Kingdom
tower,Tower,1235f92e8edb0e22,https://c2.staticflickr.com/1/676/20498046729_e3f40aac16_z.jpg,https://farm3.staticflickr.com/676/20498046729_da12f83785_o.jpg,https://creativecommons.org/licenses/by/2.0/,Diana Moon,The castle looks beautiful w/ diamonds #disneyland #disney60 #disneyland60
tower,Tower,12b9ed6226327941,https://c1.staticflickr.com/7/6044/6335271427_8a193c3550_z.jpg,https://farm2.staticflickr.com/6044/6335271427_be72402a61_o.jpg,https://creativecommons.org/licenses/by/2.0/,Gaëtan Zarforoushan,IMGP5182
tower,Tower,14b686565a5b427b,https://c8.staticflickr.com/9/8315/7902095870_171dc05ef4_z.jpg,https://c4.staticflickr.com/9/8315/7902095870_2a059d7e7a_o.jpg,https://creativecommons.org/licenses/by/2.0/,K H,Lovell_telescope_005
tower,Tower,1646deba626fa0d4,https://c5.staticflickr.com/8/7205/6957679939_eebaacd297_z.jpg,https://farm5.staticflickr.com/7205/6957679939_4d72f89f3f_o.jpg,https://creativecommons.org/licenses/by/2.0/,bagaball,La Torre Yokahu
tower,Tower,1940b44da8ea071b,https://c1.staticflickr.com/4/3210/2781920966_47651f7019_z.jpg,https://c4.staticflickr.com/4/3210/2781920966_a06d97a497_o.jpg,https://creativecommons.org/licenses/by/2.0/,Lauren Nelson,tillman with clouds
tower,Tower,1c63f023a27a8a05,https://c8.staticflickr.com/7/6133/5990968696_893a12ace4_z.jpg,https://farm6.staticflickr.com/6133/5990968696_463164c6f3_o.jpg,https://creativecommons.org/licenses/by/2.0/,yphnrh,Cabo da Roca
tower,Tower,1c8ac6450c4d68d0,https://c1.staticflickr.com/2/1370/1322965844_252c9a39e0_z.jpg,https://farm1.staticflickr.com/1370/1322965844_c972bcc392_o.jpg,https://creativecommons.org/licenses/by/2.0/,jimd2007,Power Station
tower,Tower,1dbe3e7b0f97454f,https://c5.staticflickr.com/3/2432/4011608480_c324959e4c_z.jpg,https://c8.staticflickr.com/3/2432/4011608480_f8391e8137_o.jpg,https://creativecommons.org/licenses/by/2.0/,David Pursehouse,DSC09081
tower,Tower,1f165c5eee262206,https://c6.staticflickr.com/3/2457/4035497744_4d3af8bbcc_z.jpg,https://farm7.staticflickr.com/2457/4035497744_8bc24103e8_o.jpg,https://creativecommons.org/licenses/by/2.0/,Nick Engelfried,Smokestack at Boardman Coal Plant
tower,Tower,1f3487e5d1fe0703,https://c8.staticflickr.com/4/3736/11035660514_c39cb1ea7c_z.jpg,https://farm4.staticflickr.com/3736/11035660514_4587ebab85_o.jpg,https://creativecommons.org/licenses/by/2.0/,Gillett&#x27;s Crossing,"Museum & Art Gallery (1885) Chamberlain Square, Birmingham 23.11.1994 Scans055"
tower,Tower,208b5dac144c51b6,https://c2.staticflickr.com/4/3235/3022886279_f29b7fcbbf_z.jpg,https://farm7.staticflickr.com/3235/3022886279_654aa78b79_o.jpg,https://creativecommons.org/licenses/by/2.0/,John Tregoning,Guy Fawkes Night
tower,Tower,211e5cc77da92206,https://c2.staticflickr.com/9/8794/17271661722_bbb273e6e6_z.jpg,https://farm7.staticflickr.com/8794/17271661722_768a6f73c4_o.jpg,https://creativecommons.org/licenses/by/2.0/,Durant Weston,Lighthouse (California)
tower,Tower,219811b23b6d2a99,https://c7.staticflickr.com/6/5017/5422374731_94b21b3d8a_z.jpg,https://c2.staticflickr.com/6/5017/5422374731_74f638a142_o.jpg,https://creativecommons.org/licenses/by/2.0/,Expert Infantry,69th Anniversary of the attacks on Pearl Harbor - Department of Defense Image Collection
tower,Tower,22d454d3b344c67a,https://c2.staticflickr.com/4/3875/14798363377_72826c40e3_z.jpg,https://c3.staticflickr.com/4/3875/14798363377_00f79b3717_o.jpg,https://creativecommons.org/licenses/by/2.0/,Lifescience Resources Hawaii,"Ala Moana Hotel, Hawaii State Respiratory Conference, Photo Gallery of Lifescience Resources Hawaii September 2013"
tower,Tower,23fb423a5f728a85,https://c4.staticflickr.com/8/7440/10814989234_b50d5ee3b6_z.jpg,https://farm6.staticflickr.com/7440/10814989234_2594a3a4a9_o.jpg,https://creativecommons.org/licenses/by/2.0/,Timothy Boscarino,Blaney Park
tower,Tower,2675dc8f22e56bc4,https://c3.staticflickr.com/5/4120/4938287523_eb4a5912f0_z.jpg,https://farm5.staticflickr.com/4120/4938287523_5d1ce3a563_o.jpg,https://creativecommons.org/licenses/by/2.0/,Spencer Wright,"Cleopatra's Needle, London"
tower,Tower,26965b6cbefc412d,https://c4.staticflickr.com/4/3281/2469353009_06469e7ecd_z.jpg,https://c6.staticflickr.com/4/3281/2469353009_52e78ae94f_o.jpg,https://creativecommons.org/licenses/by/2.0/,Jakob Montrasio,17:30:36 (70 mm)
tower,Tower,278c9ac3eb837976,https://c3.staticflickr.com/5/4069/5077084506_1aa5834372_z.jpg,https://farm7.staticflickr.com/4069/5077084506_dbda7b3f02_o.jpg,https://creativecommons.org/licenses/by/2.0/,abtmeelea,open sky : water tower
tower,Tower,27a2bfe7924afa55,https://c7.staticflickr.com/5/4070/4306136840_1233eab689_z.jpg,https://farm6.staticflickr.com/4070/4306136840_ab048725ca_o.jpg,https://creativecommons.org/licenses/by/2.0/,Dan Previte,IMG_0360
tower,Tower,2b65ea9e19e131c5,https://c7.staticflickr.com/6/5059/5451467005_bb772056be_z.jpg,https://farm6.staticflickr.com/5059/5451467005_29e7a4bbb1_o.jpg,https://creativecommons.org/licenses/by/2.0/,Inside Lancashire,"Mercer Memorial Clock, Gt Harwood (1903)"
tower,Tower,2c04b9817d3a1075,https://c2.staticflickr.com/6/5347/6923472014_28d0216940_z.jpg,https://farm6.staticflickr.com/5347/6923472014_80d34324bc_o.jpg,https://creativecommons.org/licenses/by/2.0/,alan miles,Santa Maria della Salute
tower,Tower,2d6a5ad44a5b0a4d,https://c3.staticflickr.com/8/7380/10259007065_81fdacb766_z.jpg,https://c6.staticflickr.com/8/7380/10259007065_ab113b196c_o.jpg,https://creativecommons.org/licenses/by/2.0/,David Stanley,Musee de l'Armee
tower,Tower,2dcf0b0f141a269a,https://c6.staticflickr.com/4/3094/2761593802_6d773ae380_z.jpg,https://c3.staticflickr.com/4/3094/2761593802_544f53422a_o.jpg,https://creativecommons.org/licenses/by/2.0/,Michael Righi,Independence Hall
tower,Tower,2dd49f22a8b2f488,https://c3.staticflickr.com/1/111/306706689_8976758062_z.jpg?zz=1,https://c1.staticflickr.com/1/111/306706689_8976758062_o.jpg,https://creativecommons.org/licenses/by/2.0/,makilica,Bangkok
tower,Tower,2ed133e8f665c7cc,https://c1.staticflickr.com/6/5476/10572678146_4b1ba6f7ee_z.jpg,https://c5.staticflickr.com/6/5476/10572678146_2506e5d3cf_o.jpg,https://creativecommons.org/licenses/by/2.0/,Dirk Vorderstraße,RWE-Kraftwerksneubau in Hamm-Uentrop vom Haarstrang aus gesehen
tower,Tower,3630d92f18d8a8b0,https://c2.staticflickr.com/7/6004/5888265249_042ef936e1_z.jpg,https://farm1.staticflickr.com/6004/5888265249_d57cfa2faf_o.jpg,https://creativecommons.org/licenses/by/2.0/,ellevalentine,Cassis
tower,Tower,36d87be0f35cd724,https://c4.staticflickr.com/6/5472/9215596655_721810ec07_z.jpg,https://farm5.staticflickr.com/5472/9215596655_75d54d5bc3_o.jpg,https://creativecommons.org/licenses/by/2.0/,Stephanie,Toobin for the first time in years...
tower,Tower,377448b495f7f032,https://c7.staticflickr.com/3/2281/2480064287_4b71a0111a_z.jpg,https://farm3.staticflickr.com/2281/2480064287_d03ae2043c_o.jpg,https://creativecommons.org/licenses/by/2.0/,xlibber,Wellington Monument
tower,Tower,3a97bf94431d306b,https://c4.staticflickr.com/6/5093/5481489680_66c36599a8_z.jpg,https://c4.staticflickr.com/6/5093/5481489680_13f5a7a13f_o.jpg,https://creativecommons.org/licenses/by/2.0/,Gregg Tavares,IMG_5863
tower,Tower,3dacab98eacd5e23,https://c7.staticflickr.com/8/7688/17102708077_557d458909_z.jpg,https://farm4.staticflickr.com/7688/17102708077_4a53af0e8d_o.jpg,https://creativecommons.org/licenses/by/2.0/,Sam valadi,Dubai - Burj Al Arab - Helicopter View
tower,Tower,3daee3942708ff86,https://c8.staticflickr.com/4/3143/2854537928_e548468778_z.jpg?zz=1,https://farm7.staticflickr.com/3143/2854537928_492bc2fbf3_o.jpg,https://creativecommons.org/licenses/by/2.0/,principe.astuto,sri lanka buddist temple HDR
tower,Tower,3e1089f0b7602cfb,https://c3.staticflickr.com/4/3731/9006235999_c09982c149_z.jpg,https://c4.staticflickr.com/4/3731/9006235999_959a00a08b_o.jpg,https://creativecommons.org/licenses/by/2.0/,Matt Brown,Truman chimney
tower,Tower,41496a152b3fca81,https://c8.staticflickr.com/6/5005/5243246433_afb2eeddd9_z.jpg,https://farm2.staticflickr.com/5005/5243246433_aec966e31c_o.jpg,https://creativecommons.org/licenses/by/2.0/,Newtown grafitti,"Stunning new hotel, North Parramatta"
tower,Tower,4456140a503dd7e1,https://c6.staticflickr.com/8/7050/6846035446_c0d17aef25_z.jpg,https://farm2.staticflickr.com/7050/6846035446_9d3f812eca_o.jpg,https://creativecommons.org/licenses/by/2.0/,Paul Sableman,R2D2
tower,Tower,4539121cebddd362,https://c6.staticflickr.com/2/1373/603500027_6a7804cdab_z.jpg,https://farm3.staticflickr.com/1373/603500027_762207664f_o.jpg,https://creativecommons.org/licenses/by/2.0/,Gidzy,"Restored quarry chimney, Grane"
tower,Tower,47986358243d1ef5,,https://farm6.staticflickr.com/2021/2261249134_eb043bc791_o.jpg,https://creativecommons.org/licenses/by/2.0/,Annemie B.,20070923_1424 (401 x 600)
tower,Tower,4a7c646e8a30a448,https://c5.staticflickr.com/3/2083/5771350599_aba4486878_z.jpg,https://c1.staticflickr.com/3/2083/5771350599_ac79cbd402_o.jpg,https://creativecommons.org/licenses/by/2.0/,Niklas Hellerstedt,"Twin Corn Cob Buildings, Chicago"
tower,Tower,4c24b6dbd820e52b,https://c5.staticflickr.com/1/69/199337842_a4e950563e_z.jpg,https://c4.staticflickr.com/1/69/199337842_a4e950563e_o.jpg,https://creativecommons.org/licenses/by/2.0/,Jason Eppink,Smokestack retrofitted as cell tower
tower,Tower,4d3f37c325489e39,https://c7.staticflickr.com/1/14/19491144_b296c8ee12_z.jpg,https://c2.staticflickr.com/1/14/19491144_b296c8ee12_o.jpg,https://creativecommons.org/licenses/by/2.0/,Phillip Capper,"Cold and miserable, Wellington 15 June 2005"
tower,Tower,4d4a1724b7da68bc,https://c3.staticflickr.com/6/5295/5474519866_66661f70a2_z.jpg,https://c5.staticflickr.com/6/5295/5474519866_dd3495dc38_o.jpg,https://creativecommons.org/licenses/by/2.0/,Göran Höglund (Kartläsarn),Peru
toy,Toy,004e21eb2e686f40,https://c8.staticflickr.com/1/162/421788693_76f724ae5a_z.jpg,https://farm1.staticflickr.com/162/421788693_bb34d5403a_o.jpg,https://creativecommons.org/licenses/by/2.0/,Ryosuke Hosoi,ひな祭りケーキ
toy,Toy,00cd12b9ee1905a7,https://c1.staticflickr.com/4/3357/3289957648_132b2daea2_z.jpg,https://farm8.staticflickr.com/3357/3289957648_426e241907_o.jpg,https://creativecommons.org/licenses/by/2.0/,Masatoshi Nishinaga,IMG_4856
toy,Toy,020b620f1958636a,https://c2.staticflickr.com/6/5459/8750412621_2a50fb3010_z.jpg,https://c3.staticflickr.com/6/5459/8750412621_f69d02dd41_o.jpg,https://creativecommons.org/licenses/by/2.0/,dignidadrebelde,This Hummer was made from repurposed styrofoam! At the SF Airport people park anywhere they want.
toy,Toy,054e6e41e59175bc,https://c6.staticflickr.com/6/5602/15565420621_7368acd5ba_z.jpg,https://c5.staticflickr.com/6/5602/15565420621_31d306b1f6_o.jpg,https://creativecommons.org/licenses/by/2.0/,Jason Kratz,Mixel Shop of Horrors
toy,Toy,0645a4aa8d1165d5,https://c4.staticflickr.com/9/8468/8436325238_2f04487487_z.jpg,https://farm6.staticflickr.com/8468/8436325238_a2f49b4043_o.jpg,https://creativecommons.org/licenses/by/2.0/,Joe Robb,"For those of you who don't have children, I'm here to tell you: Elmo's has incontinence issues. #truth"
toy,Toy,08f5c5a0622db3aa,https://c7.staticflickr.com/8/7022/6822719033_5630976b1a_z.jpg,https://c3.staticflickr.com/8/7022/6822719033_b65b52fa79_o.jpg,https://creativecommons.org/licenses/by/2.0/,keiichiro shikano,MRI
toy,Toy,0932995ad7c9a0d3,,https://farm4.staticflickr.com/99/310537834_86cb67d759_o.jpg,https://creativecommons.org/licenses/by/2.0/,John W. Schulze,"Tony Blair, Garden Gnome"
toy,Toy,0ab2b64f27f8baca,https://c5.staticflickr.com/3/2803/4128101497_7e6f8af6ae_z.jpg,https://c3.staticflickr.com/3/2803/4128101497_a18e8d9e29_o.jpg,https://creativecommons.org/licenses/by/2.0/,Alessio,Clone Centurus: Finito!
toy,Toy,0b5e89a49ffe9399,https://c2.staticflickr.com/3/2725/4471021894_1888b2608e_z.jpg,https://c2.staticflickr.com/3/2725/4471021894_4b66bfabc4_o.jpg,https://creativecommons.org/licenses/by/2.0/,Simon,Frog Clock
toy,Toy,0c7b07eba9d3a56b,https://c6.staticflickr.com/4/3682/11304101746_4651882157_z.jpg,https://c4.staticflickr.com/4/3682/11304101746_36e78fb38d_o.jpg,https://creativecommons.org/licenses/by/2.0/,Visit El Paso,Celebration of Lights 2013
toy,Toy,0c8694118b33dfcd,https://c8.staticflickr.com/1/172/435701829_e69612fa4e_z.jpg,https://c6.staticflickr.com/1/172/435701829_1be80c3dc0_o.jpg,https://creativecommons.org/licenses/by/2.0/,lmnop88a,TMNT and XBOX360 controller
toy,Toy,0d1a073b2c455b1d,https://c7.staticflickr.com/4/3482/3817292932_4db9fabfdb_z.jpg?zz=1,https://c6.staticflickr.com/4/3482/3817292932_4d5582e006_o.jpg,https://creativecommons.org/licenses/by/2.0/,11870.com,Koala de Luis
toy,Toy,0dd9ec72a87abc4a,,https://c3.staticflickr.com/4/3209/2601907455_fdd1afb9d1_o.jpg,https://creativecommons.org/licenses/by/2.0/,SOCIALisBETTER,Design Blog Sociale - 23 June 2008 - eweCUFF designed by Brandon Perhacs A
toy,Toy,0e9a67ec91a00318,https://c4.staticflickr.com/9/8570/16257188908_fc943116a7_z.jpg,https://c1.staticflickr.com/9/8570/16257188908_4ff3576831_o.jpg,https://creativecommons.org/licenses/by/2.0/,Shan  Jeniah Burton,Fresh Potential!
toy,Toy,0f8a30c4c4e946fd,https://c2.staticflickr.com/6/5066/5651372016_93a6b9354d_z.jpg,https://c6.staticflickr.com/6/5066/5651372016_6de0b1dc4f_o.jpg,https://creativecommons.org/licenses/by/2.0/,Eric Chan,DSC_7130
toy,Toy,12cfc3b2a7ce909b,https://c8.staticflickr.com/2/1003/526391498_a80bc37506_z.jpg,https://c4.staticflickr.com/2/1003/526391498_9fbcf9ca78_o.jpg,https://creativecommons.org/licenses/by/2.0/,uemura,R0010871.JPG
toy,Toy,12fd11d4671464b8,https://c7.staticflickr.com/4/3448/5737884297_b8ced79aac_z.jpg,https://c1.staticflickr.com/4/3448/5737884297_37d9422350_o.jpg,https://creativecommons.org/licenses/by/2.0/,Maurina Rara,Stuffed animal
toy,Toy,13076ce2581be456,https://c2.staticflickr.com/8/7197/6794077014_f27489e3d3_z.jpg,https://farm7.staticflickr.com/7197/6794077014_f334792c04_o.jpg,https://creativecommons.org/licenses/by/2.0/,SpaceUp Houston,IMG_0914
toy,Toy,134b435e35395fa1,https://c7.staticflickr.com/4/3351/3444658756_41ba4374a9_z.jpg,https://farm2.staticflickr.com/3351/3444658756_2183914643_o.jpg,https://creativecommons.org/licenses/by/2.0/,Vladislav Nikitin,Untitled-10
toy,Toy,13b5be8fa8d99e64,https://c3.staticflickr.com/6/5474/10668580565_5723a51dc8_z.jpg,https://farm5.staticflickr.com/5474/10668580565_388ee50f9c_o.jpg,https://creativecommons.org/licenses/by/2.0/,Medisave UK,Stethoscope Covers
toy,Toy,15c132328c0dd1b3,https://c4.staticflickr.com/3/2748/4100182943_cc69355be8_z.jpg,https://farm4.staticflickr.com/2748/4100182943_af69185824_o.jpg,https://creativecommons.org/licenses/by/2.0/,herval,Fire!
toy,Toy,1635d54a13b958e7,https://c3.staticflickr.com/5/4073/4764553123_88fc260a14_z.jpg,https://farm8.staticflickr.com/4073/4764553123_b66e359605_o.jpg,https://creativecommons.org/licenses/by/2.0/,MUNDO TECNOLOGICO BY CHILENSIS,Jeep Rescue Prototype 2005
toy,Toy,166b07b41546ecf6,https://c8.staticflickr.com/6/5505/9393615775_d329ff607c_z.jpg,https://farm7.staticflickr.com/5505/9393615775_c1a4682cf5_o.jpg,https://creativecommons.org/licenses/by/2.0/,Glauco Wanderley,Jack
toy,Toy,16afa69948a220ff,https://c4.staticflickr.com/4/3035/2589220122_371f5e2e0f_z.jpg?zz=1,https://c8.staticflickr.com/4/3035/2589220122_97fa0f9a1b_o.jpg,https://creativecommons.org/licenses/by/2.0/,su.bo,lucky cats
toy,Toy,16dbd9b970d01c30,https://c4.staticflickr.com/8/7013/6610342743_7e2bee0a2a_z.jpg,https://farm1.staticflickr.com/7013/6610342743_9a6cc3b4b6_o.jpg,https://creativecommons.org/licenses/by/2.0/,Rod Herrea,Out for a NYE bike ride with my amazing girlfriend @sciteach81! #fb
toy,Toy,1713ee115f571a3d,https://c1.staticflickr.com/8/7049/6999067298_4d3e6f5c0b_z.jpg,https://c6.staticflickr.com/8/7049/6999067298_0f140f28c9_o.jpg,https://creativecommons.org/licenses/by/2.0/,Andrew Girdwood,Model knights
toy,Toy,18377e98a9b3e0ec,https://c7.staticflickr.com/4/3025/2534757758_5a028ea770_z.jpg,https://c5.staticflickr.com/4/3025/2534757758_288fc2a6ff_o.jpg,https://creativecommons.org/licenses/by/2.0/,"Eden, Janine and Jim",Smiley I
toy,Toy,183d85ec900a608b,https://c6.staticflickr.com/2/1115/623800944_50ceaa5bcd_z.jpg,https://c4.staticflickr.com/2/1115/623800944_93d1bb1986_o.jpg,https://creativecommons.org/licenses/by/2.0/,Crystal,"one cat, two fish"
toy,Toy,192fa0805cf9156b,https://c4.staticflickr.com/3/2808/11971118763_5e4fe5022b_z.jpg,https://c4.staticflickr.com/3/2808/11971118763_f9161f63a5_o.jpg,https://creativecommons.org/licenses/by/2.0/,koka_sexton,Playing with my #LinkedIn rubix cube.
toy,Toy,1b7fae3b7e77482a,,https://c3.staticflickr.com/4/3039/3018306107_51f8da54b3_o.jpg,https://creativecommons.org/licenses/by/2.0/,SOCIALisBETTER,Design Blog Sociale - 10th November 2008 - SNACK & STACK by Winnif Pang
toy,Toy,1bbd4be5ea4893ba,https://c4.staticflickr.com/4/3909/14374438181_5d4035e057_z.jpg,https://c3.staticflickr.com/4/3909/14374438181_cc9a656586_o.jpg,https://creativecommons.org/licenses/by/2.0/,legoalbert,Out Rider
toy,Toy,1ddcde13ef6914c9,https://c8.staticflickr.com/6/5454/9506798922_5cecd6ab71_z.jpg,https://c2.staticflickr.com/6/5454/9506798922_8d5a8c0964_o.jpg,https://creativecommons.org/licenses/by/2.0/,davitydave,Guerilla Legos
toy,Toy,1e02200b94e0fb89,https://c2.staticflickr.com/4/3070/3112903460_b54887cf30_z.jpg,https://c2.staticflickr.com/4/3070/3112903460_689678214e_o.jpg,https://creativecommons.org/licenses/by/2.0/,Adrian Ruiz,My n' My Bitch
toy,Toy,1f1c6b669606f32b,https://c7.staticflickr.com/6/5553/14594567684_850f2bdf38_z.jpg,https://c4.staticflickr.com/6/5553/14594567684_b105cace33_o.jpg,https://creativecommons.org/licenses/by/2.0/,Lionel,Sugar Camp à La Villette
toy,Toy,1f2fa43cd79182ba,https://c2.staticflickr.com/9/8385/8652759231_d43c28edc1_z.jpg,https://c3.staticflickr.com/9/8385/8652759231_f73749fd08_o.jpg,https://creativecommons.org/licenses/by/2.0/,lovinkat,Whimsical Chic Nursery
toy,Toy,1ffc718338acc984,https://c6.staticflickr.com/8/7209/6927754697_cc111c7dd3_z.jpg,https://farm5.staticflickr.com/7209/6927754697_110e86f700_o.jpg,https://creativecommons.org/licenses/by/2.0/,z_fishies,IMG_2444
toy,Toy,20545f0f4296ef00,https://c4.staticflickr.com/5/4001/4553599952_bce0149b0a_z.jpg,https://farm1.staticflickr.com/4001/4553599952_e1196fdaea_o.jpg,https://creativecommons.org/licenses/by/2.0/,Toshihiro Gamo,NISSAN R90CK (NO.24)
toy,Toy,2129968bbda5fd05,https://c2.staticflickr.com/9/8603/15833948767_27ef089ef5_z.jpg,https://farm6.staticflickr.com/8603/15833948767_0e074a941d_o.jpg,https://creativecommons.org/licenses/by/2.0/,Urs Steiner,"Jingle bells, jingle bells..."
toy,Toy,2310a9d90806ca38,https://c5.staticflickr.com/4/3244/2754967756_c2eaace425_z.jpg,https://c1.staticflickr.com/4/3244/2754967756_fd66c46a12_o.jpg,https://creativecommons.org/licenses/by/2.0/,zhelen,EXPEDIT
toy,Toy,235cb15a2a113356,,https://farm7.staticflickr.com/1412/820097824_fd56a234d8_o.jpg,https://creativecommons.org/licenses/by/2.0/,Linus Bohman,09-construction
toy,Toy,2415ebdbe3a70870,https://c7.staticflickr.com/1/165/416535636_ef197e576e_z.jpg?zz=1,https://farm1.staticflickr.com/165/416535636_fbdec7a36a_o.jpg,https://creativecommons.org/licenses/by/2.0/,Manuel Martín,Alien
toy,Toy,24b14dbf64eeced1,https://c3.staticflickr.com/5/4048/4175133344_067015cfd3_z.jpg,https://farm2.staticflickr.com/4048/4175133344_904c77f663_o.jpg,https://creativecommons.org/licenses/by/2.0/,Varin,Hostage
toy,Toy,24c1fd7f6fdc6a9a,https://c8.staticflickr.com/6/5248/5369051419_a0600fb481_z.jpg,https://c3.staticflickr.com/6/5248/5369051419_3e170ba519_o.jpg,https://creativecommons.org/licenses/by/2.0/,Charlie,Nendoroid Hatsune Miku - custom hair
toy,Toy,2519f63ec4883bd2,https://c3.staticflickr.com/8/7191/6984937377_d9cfea7d4b_z.jpg,https://farm3.staticflickr.com/7191/6984937377_17dd1ed707_o.jpg,https://creativecommons.org/licenses/by/2.0/,Sónar,From the Ghetto.
toy,Toy,25653125338b43da,https://c7.staticflickr.com/1/161/401389418_23a4aa3260_z.jpg,https://c3.staticflickr.com/1/161/401389418_23a4aa3260_o.jpg,https://creativecommons.org/licenses/by/2.0/,Ted Chi,LEGO-8652 RACER
toy,Toy,25d2f50cc91acc29,https://c7.staticflickr.com/9/8532/8631917839_012ec6bcbf_z.jpg,https://c2.staticflickr.com/9/8532/8631917839_351dd96e01_o.jpg,https://creativecommons.org/licenses/by/2.0/,University of the Fraser Valley,UFV residence - closet
toy,Toy,28808fa809a40c6e,https://c1.staticflickr.com/9/8346/8212815044_95b0228d44_z.jpg,https://c7.staticflickr.com/9/8346/8212815044_94b4ce71a9_o.jpg,https://creativecommons.org/licenses/by/2.0/,izzyplante,I'm sitting!
toy,Toy,28c9331905cb8c5b,https://c1.staticflickr.com/3/2833/13350590094_80c749459b_z.jpg,https://c4.staticflickr.com/3/2833/13350590094_3587591d36_o.jpg,https://creativecommons.org/licenses/by/2.0/,Iain and Sarah,Eilidh's room
toy,Toy,29614732b9d68b94,https://c7.staticflickr.com/8/7009/13996907772_bb787bcc9e_z.jpg,https://farm5.staticflickr.com/7009/13996907772_e695833ca1_o.jpg,https://creativecommons.org/licenses/by/2.0/,Thomas Ricker,Imposter
toy,Toy,298b35ac4e08db26,https://c6.staticflickr.com/9/8228/8453007608_d4c8ce3f1e_z.jpg,https://farm7.staticflickr.com/8228/8453007608_907b2631bf_o.jpg,https://creativecommons.org/licenses/by/2.0/,dierk schaefer,Rottweiler Fasnetsfiguren
traffic_light,Traffic light,0660c06266751279,https://c5.staticflickr.com/4/3259/2636098407_1263145b45_z.jpg,https://c2.staticflickr.com/4/3259/2636098407_99e83ca1c9_o.jpg,https://creativecommons.org/licenses/by/2.0/,Bex Ross,Traffic Tree
traffic_light,Traffic light,1858c0edbff1ae49,https://c2.staticflickr.com/3/2579/5768622718_c81b56c2be_z.jpg,https://c2.staticflickr.com/3/2579/5768622718_948ab37610_o.jpg,https://creativecommons.org/licenses/by/2.0/,Mark Fickett,Untitled
traffic_light,Traffic light,1cd04797f44a04a1,https://c5.staticflickr.com/9/8146/7373812522_c03e9dfd50_z.jpg,https://farm2.staticflickr.com/8146/7373812522_c6d901277e_o.jpg,https://creativecommons.org/licenses/by/2.0/,candyschwartz,60 seconds!
traffic_light,Traffic light,2c0e54cb2dcad01d,https://c7.staticflickr.com/8/7618/16875241476_07deb28fec_z.jpg,https://c6.staticflickr.com/8/7618/16875241476_3b79e5d79b_o.jpg,https://creativecommons.org/licenses/by/2.0/,George Campbell,2013-04-14 14-14-06 IMG_1889
traffic_light,Traffic light,2e969144f13eb1dc,,https://c5.staticflickr.com/6/5147/5608333084_76ce8481d0_o.jpg,https://creativecommons.org/licenses/by/2.0/,Tyler-Adams,Laguna
traffic_light,Traffic light,37be73f83c029f49,https://c4.staticflickr.com/8/7122/7508445968_b35f311819_z.jpg,https://c2.staticflickr.com/8/7122/7508445968_5a9a34a6d1_o.jpg,https://creativecommons.org/licenses/by/2.0/,Floris Looijesteijn,Amsterdam stickers
traffic_light,Traffic light,4688e6220a92562a,https://c2.staticflickr.com/4/3439/3981744078_5483053184_z.jpg,https://c3.staticflickr.com/4/3439/3981744078_ac79ef9b77_o.jpg,https://creativecommons.org/licenses/by/2.0/,francescomucio,Altra cartolina
traffic_light,Traffic light,472433c727aa4d93,https://c8.staticflickr.com/4/3022/2460868146_40fa61e782_z.jpg,https://farm4.staticflickr.com/3022/2460868146_32b046c502_o.jpg,https://creativecommons.org/licenses/by/2.0/,w00kie,Shiki
traffic_light,Traffic light,5b54678ebd8b8af3,https://c6.staticflickr.com/4/3235/2736033682_ea7f97d547_z.jpg,https://farm4.staticflickr.com/3235/2736033682_12388d04c8_o.jpg,https://creativecommons.org/licenses/by/2.0/,walknboston,Stop
traffic_light,Traffic light,5e0a138b32ed3dbf,https://c6.staticflickr.com/5/4093/4825346691_1d7001e2d9_z.jpg,https://c8.staticflickr.com/5/4093/4825346691_5a3c7dcbb1_o.jpg,https://creativecommons.org/licenses/by/2.0/,Tony Alter,Some Folks Have No Sense
traffic_light,Traffic light,644395d01b541528,https://c8.staticflickr.com/5/4125/5026521433_6bcd404cb0_z.jpg,https://c1.staticflickr.com/5/4125/5026521433_84b3cb1f41_o.jpg,https://creativecommons.org/licenses/by/2.0/,pravin.premkumar,IMG_3301
traffic_light,Traffic light,71c3eb3687efa946,https://c8.staticflickr.com/5/4010/4341215320_10314a5133_z.jpg,https://farm7.staticflickr.com/4010/4341215320_ebeb8052eb_o.jpg,https://creativecommons.org/licenses/by/2.0/,JamesZ_Flickr,IMG_0548
traffic_light,Traffic light,79445a6e49ee53b9,https://c2.staticflickr.com/9/8121/8607314907_45bbf308fb_z.jpg,https://c2.staticflickr.com/9/8121/8607314907_a4568aec39_o.jpg,https://creativecommons.org/licenses/by/2.0/,Lenore Edman,Vintage Street car on the Embarcadero
traffic_light,Traffic light,7f41370fa8018909,https://c4.staticflickr.com/3/2759/5717942465_fb31821229_z.jpg,https://c2.staticflickr.com/3/2759/5717942465_e6bf57caa3_o.jpg,https://creativecommons.org/licenses/by/2.0/,sprklg,Untitled
traffic_light,Traffic light,8d1e53413cd9c13f,https://c6.staticflickr.com/7/6166/6173663323_23eaff0a44_z.jpg,https://c8.staticflickr.com/7/6166/6173663323_1de5790d75_o.jpg,https://creativecommons.org/licenses/by/2.0/,Taymaz Valley,2'S
traffic_light,Traffic light,9c7e9f0b7713352b,https://c4.staticflickr.com/4/3216/2840891484_d83693a64a_z.jpg,https://c4.staticflickr.com/4/3216/2840891484_fb92be1b79_o.jpg,https://creativecommons.org/licenses/by/2.0/,Michael Kumm,Misc Detroit
traffic_light,Traffic light,acceb61fd5fd7294,https://c4.staticflickr.com/4/3575/3420252408_4a68c396da_z.jpg?zz=1,https://farm5.staticflickr.com/3575/3420252408_cdf86406b0_o.jpg,https://creativecommons.org/licenses/by/2.0/,Dave Stone,Ybor1
traffic_light,Traffic light,ad9a8dc4642fc95f,https://c3.staticflickr.com/4/3205/2855918146_a9399a3f66_z.jpg,https://c8.staticflickr.com/4/3205/2855918146_edc42e493b_o.jpg,https://creativecommons.org/licenses/by/2.0/,Mihai Bojin,Obedient stop light
traffic_light,Traffic light,b8a3f2ea385e45b3,https://c4.staticflickr.com/4/3290/3142936004_baa2b1cf39_z.jpg,https://farm4.staticflickr.com/3290/3142936004_3a3c7017e7_o.jpg,https://creativecommons.org/licenses/by/2.0/,Vince Smith,New York Taxis
traffic_light,Traffic light,c7b1e6f7c38fa1a0,https://c3.staticflickr.com/5/4093/4813993233_7e4797d6dc_z.jpg,https://farm1.staticflickr.com/4093/4813993233_c89d56ee6c_o.jpg,https://creativecommons.org/licenses/by/2.0/,iwona_kellie,Mount Shast Blvd..
traffic_light,Traffic light,d7deef955e16cc20,https://c7.staticflickr.com/9/8432/7574751538_1d646dcf8d_z.jpg,https://farm1.staticflickr.com/8432/7574751538_934a3efdcb_o.jpg,https://creativecommons.org/licenses/by/2.0/,Roberto Verzo,Waiting at the crossroads with hair strands between her fingers
traffic_light,Traffic light,ee267b62fd17a9b1,https://c2.staticflickr.com/4/3416/4646111711_9736ede7fe_z.jpg,https://farm2.staticflickr.com/3416/4646111711_5d1938b583_o.jpg,https://creativecommons.org/licenses/by/2.0/,Brad Holt,"Baby Grant Experience, Day 2.  The hospital is on Grant ST.  Yeah, that's pretty awesome."
traffic_light,Traffic light,0135b7a0b1010c08,https://c5.staticflickr.com/2/1151/3172402038_961a5f1a05_z.jpg?zz=1,https://c1.staticflickr.com/2/1151/3172402038_8e7a50e088_o.jpg,https://creativecommons.org/licenses/by/2.0/,Sarah Stierch,Biggest road sign ever
traffic_light,Traffic light,02dd78f664219bde,https://c5.staticflickr.com/3/2574/3986418765_25dce74675_z.jpg,https://c7.staticflickr.com/3/2574/3986418765_ec6da99631_o.jpg,https://creativecommons.org/licenses/by/2.0/,Ryan McFarland,China - bike traffic signals
traffic_light,Traffic light,03d45f0207d68aa2,https://c1.staticflickr.com/4/3640/3576366805_58c7b58b30_z.jpg?zz=1,https://farm3.staticflickr.com/3640/3576366805_eea15333d5_o.jpg,https://creativecommons.org/licenses/by/2.0/,Istanbul Photo Guide,U  turn to Tophane
traffic_light,Traffic light,0b67618ee472538f,https://c2.staticflickr.com/3/2876/9539412995_3d0e049997_z.jpg,https://c8.staticflickr.com/3/2876/9539412995_84536face5_o.jpg,https://creativecommons.org/licenses/by/2.0/,Josbert Lonnee,LED sein
traffic_light,Traffic light,0e88c20dd40e6b87,https://c7.staticflickr.com/9/8642/16363820491_3cab37210e_z.jpg,https://farm8.staticflickr.com/8642/16363820491_2f9317da9f_o.jpg,https://creativecommons.org/licenses/by/2.0/,hakzelf,TRAKISZKI
traffic_light,Traffic light,0f8f5bc9b71be618,https://c3.staticflickr.com/6/5571/14699039780_49071bc614_z.jpg,https://c1.staticflickr.com/6/5571/14699039780_af221e6158_o.jpg,https://creativecommons.org/licenses/by/2.0/,Carter Brown,Paris and Spain 2014
traffic_light,Traffic light,15826e408ef990a4,https://c4.staticflickr.com/8/7478/15499046069_e1161374be_z.jpg,https://farm5.staticflickr.com/7478/15499046069_0e2937ed4b_o.jpg,https://creativecommons.org/licenses/by/2.0/,Rich Menga,Traffic Light Lean
traffic_light,Traffic light,16c912d7bfb98b66,https://c6.staticflickr.com/3/2111/2410802419_5f6842ce68_z.jpg,https://farm7.staticflickr.com/2111/2410802419_bff0e86944_o.jpg,https://creativecommons.org/licenses/by/2.0/,Jeff Hart,spring on 3rd street
traffic_light,Traffic light,1e77e36490ba8249,https://c3.staticflickr.com/4/3385/3492373572_aa86d93e47_z.jpg,https://c2.staticflickr.com/4/3385/3492373572_4b93bfdafe_o.jpg,https://creativecommons.org/licenses/by/2.0/,daveiam,IMG_1409
traffic_light,Traffic light,1facf3b79b412cf8,https://c4.staticflickr.com/3/2659/3838679592_9649970e99_z.jpg,https://c1.staticflickr.com/3/2659/3838679592_eab821a9fd_o.jpg,https://creativecommons.org/licenses/by/2.0/,Paul Kimo McGregor,Carrell St. Vancouver BC
traffic_light,Traffic light,243cb9f462917e8a,https://c4.staticflickr.com/8/7032/6808578393_bf301737d5_z.jpg,https://c3.staticflickr.com/8/7032/6808578393_fb652b2d42_o.jpg,https://creativecommons.org/licenses/by/2.0/,John W. Schulze,Kardinal Nagl Platz
traffic_light,Traffic light,2bc5e1bb91dbca92,https://c5.staticflickr.com/6/5513/10376513076_2afd7a49b4_z.jpg,https://farm3.staticflickr.com/5513/10376513076_9dfffaa5c7_o.jpg,https://creativecommons.org/licenses/by/2.0/,Robert Ashworth,"Washing the power lines, Goleta, CA."
traffic_light,Traffic light,308467964f386972,https://c4.staticflickr.com/9/8181/8062121905_84948f50ea_z.jpg,https://farm3.staticflickr.com/8181/8062121905_41156e9d28_o.jpg,https://creativecommons.org/licenses/by/2.0/,Peter Broster,Dunstan School House
traffic_light,Traffic light,35d8b6cab489e841,https://c8.staticflickr.com/1/30/59621007_ee62818a16_z.jpg,https://farm2.staticflickr.com/30/59621007_ee62818a16_o.jpg,https://creativecommons.org/licenses/by/2.0/,Ore Sama,難波高島屋本館
traffic_light,Traffic light,3b17ab5107bef9bb,https://c2.staticflickr.com/4/3737/11849374876_aea7c53a7a_z.jpg,https://c4.staticflickr.com/4/3737/11849374876_2ca092ccdb_o.jpg,https://creativecommons.org/licenses/by/2.0/,Donald Lee Pardue,High Tension
traffic_light,Traffic light,441821fc78530878,https://c8.staticflickr.com/4/3161/2746974761_690ee0aa00_z.jpg,https://c1.staticflickr.com/4/3161/2746974761_3075f7861d_o.jpg,https://creativecommons.org/licenses/by/2.0/,Shane Lewis,N2 Bad Weather 6
traffic_light,Traffic light,45f9b594fd32feb1,https://c8.staticflickr.com/4/3876/14781816175_0e26d738b4_z.jpg,https://farm2.staticflickr.com/3876/14781816175_80db4d0f6b_o.jpg,https://creativecommons.org/licenses/by/2.0/,mstk east,eshima oohashi 04
traffic_light,Traffic light,47bf14d20a0ea25f,https://c4.staticflickr.com/2/1041/584254723_fe6850ef49_z.jpg,https://c8.staticflickr.com/2/1041/584254723_215d3c1325_o.jpg,https://creativecommons.org/licenses/by/2.0/,Bruno Kussler Marques,DSCF0022
traffic_light,Traffic light,4b3189f87731c7d0,https://c6.staticflickr.com/5/4091/5037258102_6ee4cc1120_z.jpg,https://farm1.staticflickr.com/4091/5037258102_c4bc8cd5bf_o.jpg,https://creativecommons.org/licenses/by/2.0/,Ryan &amp; Sarah Meis,DSC_0182
traffic_light,Traffic light,5177da9960ab6e14,https://c6.staticflickr.com/4/3454/3758806418_59eabe5c4a_z.jpg,https://farm5.staticflickr.com/3454/3758806418_af34c4dca6_o.jpg,https://creativecommons.org/licenses/by/2.0/,Jay Woodworth,DSC_0127
traffic_light,Traffic light,548c1805b8e211bd,https://c6.staticflickr.com/1/407/19132418623_5b9ff62114_z.jpg,https://c6.staticflickr.com/1/407/19132418623_758dc107e0_o.jpg,https://creativecommons.org/licenses/by/2.0/,Toumi Fethi,DSCF2502
traffic_light,Traffic light,5572f67e8b749698,https://c5.staticflickr.com/6/5603/15473091302_022130bafd_z.jpg,https://c1.staticflickr.com/6/5603/15473091302_4a2308a8e0_o.jpg,https://creativecommons.org/licenses/by/2.0/,Jana-Sophie Lauer,New sun
traffic_light,Traffic light,5875bb24076e0403,https://c6.staticflickr.com/6/5553/14818418478_c6f4a4ff53_z.jpg,https://farm4.staticflickr.com/5553/14818418478_a08804a731_o.jpg,https://creativecommons.org/licenses/by/2.0/,Anja Redenbaugh,IMG_20140705_123203
traffic_light,Traffic light,5dc9465b0bad69fc,https://c7.staticflickr.com/2/1405/1374910338_af6e4d95b1_z.jpg,https://c5.staticflickr.com/2/1405/1374910338_720c5f4094_o.jpg,https://creativecommons.org/licenses/by/2.0/,Charlie Dave,Berlin August 2007
traffic_light,Traffic light,5efd8178715f0d89,https://c1.staticflickr.com/3/2816/9202775398_a31064d406_z.jpg,https://c2.staticflickr.com/3/2816/9202775398_3f2ec1df31_o.jpg,https://creativecommons.org/licenses/by/2.0/,Mathieu Plourde,20130701_120008
traffic_light,Traffic light,6100121f7039342a,https://c7.staticflickr.com/4/3368/3521965484_20d15df2ae_z.jpg,https://c3.staticflickr.com/4/3368/3521965484_2255389d24_o.jpg,https://creativecommons.org/licenses/by/2.0/,Angie Garrett,It's Coming
traffic_light,Traffic light,63cbeba5233632ad,https://c4.staticflickr.com/8/7047/6920334283_b7f1c710b1_z.jpg,https://c6.staticflickr.com/8/7047/6920334283_f5cbbfd485_o.jpg,https://creativecommons.org/licenses/by/2.0/,Laura,NYC
traffic_light,Traffic light,6538a7e058b50c78,https://c5.staticflickr.com/1/26/49802979_38c6519703_z.jpg,https://c1.staticflickr.com/1/26/49802979_38c6519703_o.jpg,https://creativecommons.org/licenses/by/2.0/,heatkernel,S3700044
traffic_sign,Traffic sign,01d3fdb0f6383edb,https://c4.staticflickr.com/1/335/19312058842_feb751de12_z.jpg,https://c4.staticflickr.com/1/335/19312058842_6fe292fb82_o.jpg,https://creativecommons.org/licenses/by/2.0/,SKR_RGR,Fuego
traffic_sign,Traffic sign,2e969144f13eb1dc,,https://c5.staticflickr.com/6/5147/5608333084_76ce8481d0_o.jpg,https://creativecommons.org/licenses/by/2.0/,Tyler-Adams,Laguna
traffic_sign,Traffic sign,2fbe14d7e980e019,https://c6.staticflickr.com/1/708/21668959751_46b1c44111_z.jpg,https://c2.staticflickr.com/1/708/21668959751_a6e2cca623_o.jpg,https://creativecommons.org/licenses/by/2.0/,Anka Albrecht,Verkehrsschild / road sign
traffic_sign,Traffic sign,55b7a4a581331b4b,https://c8.staticflickr.com/8/7114/7654748238_80d422f018_z.jpg,https://c4.staticflickr.com/8/7114/7654748238_88517c91e1_o.jpg,https://creativecommons.org/licenses/by/2.0/,Kristin Nador,Yield Sign
traffic_sign,Traffic sign,5e0a138b32ed3dbf,https://c6.staticflickr.com/5/4093/4825346691_1d7001e2d9_z.jpg,https://c8.staticflickr.com/5/4093/4825346691_5a3c7dcbb1_o.jpg,https://creativecommons.org/licenses/by/2.0/,Tony Alter,Some Folks Have No Sense
traffic_sign,Traffic sign,644395d01b541528,https://c8.staticflickr.com/5/4125/5026521433_6bcd404cb0_z.jpg,https://c1.staticflickr.com/5/4125/5026521433_84b3cb1f41_o.jpg,https://creativecommons.org/licenses/by/2.0/,pravin.premkumar,IMG_3301
traffic_sign,Traffic sign,71c3eb3687efa946,https://c8.staticflickr.com/5/4010/4341215320_10314a5133_z.jpg,https://farm7.staticflickr.com/4010/4341215320_ebeb8052eb_o.jpg,https://creativecommons.org/licenses/by/2.0/,JamesZ_Flickr,IMG_0548
traffic_sign,Traffic sign,85089b167f044962,https://c8.staticflickr.com/8/7147/13437801793_d506179c39_z.jpg,https://farm3.staticflickr.com/7147/13437801793_f30229aae9_o.jpg,https://creativecommons.org/licenses/by/2.0/,Nelo Hotsuma,"Welsh Motha F***a, do you read it!?"
traffic_sign,Traffic sign,8d1e53413cd9c13f,https://c6.staticflickr.com/7/6166/6173663323_23eaff0a44_z.jpg,https://c8.staticflickr.com/7/6166/6173663323_1de5790d75_o.jpg,https://creativecommons.org/licenses/by/2.0/,Taymaz Valley,2'S
traffic_sign,Traffic sign,94c99b3aea7ee041,https://c4.staticflickr.com/4/3481/3298977300_5a0f2f085d_z.jpg,https://farm2.staticflickr.com/3481/3298977300_e3f4d563a8_o.jpg,https://creativecommons.org/licenses/by/2.0/,Bruno Melnic Incáo,Sorocaba é do Senhor Jesus Cristo
traffic_sign,Traffic sign,97293a439963c5f2,https://c3.staticflickr.com/6/5147/5624935537_fdeab103c6_z.jpg,https://farm3.staticflickr.com/5147/5624935537_aa0cda8e4f_o.jpg,https://creativecommons.org/licenses/by/2.0/,Leopoldstadt,Gehsteigradweg Wehlistraße 16
traffic_sign,Traffic sign,9c7e9f0b7713352b,https://c4.staticflickr.com/4/3216/2840891484_d83693a64a_z.jpg,https://c4.staticflickr.com/4/3216/2840891484_fb92be1b79_o.jpg,https://creativecommons.org/licenses/by/2.0/,Michael Kumm,Misc Detroit
traffic_sign,Traffic sign,ac9dbbe1e4b0607c,https://c8.staticflickr.com/8/7681/16636023203_b0308073f4_z.jpg,https://c5.staticflickr.com/8/7681/16636023203_149f7f32af_o.jpg,https://creativecommons.org/licenses/by/2.0/,bazzadaramblerimages,"Westgate, Gloucester ... where to buy dog food."
traffic_sign,Traffic sign,ad9a8dc4642fc95f,https://c3.staticflickr.com/4/3205/2855918146_a9399a3f66_z.jpg,https://c8.staticflickr.com/4/3205/2855918146_edc42e493b_o.jpg,https://creativecommons.org/licenses/by/2.0/,Mihai Bojin,Obedient stop light
traffic_sign,Traffic sign,b26ed3fdc5e763a1,https://c7.staticflickr.com/5/4092/4962255992_1e6a411a30_z.jpg,https://farm2.staticflickr.com/4092/4962255992_944cfd6968_o.jpg,https://creativecommons.org/licenses/by/2.0/,worak,Roadtrip
traffic_sign,Traffic sign,be61e39e9ddd4f79,https://c3.staticflickr.com/4/3383/3620176885_cf46750f63_z.jpg,https://c2.staticflickr.com/4/3383/3620176885_1b68dc5b25_o.jpg,https://creativecommons.org/licenses/by/2.0/,Richard Eriksson,Caution
traffic_sign,Traffic sign,bea1f735697cd5f8,https://c4.staticflickr.com/3/2893/10125082233_3389535619_z.jpg,https://c1.staticflickr.com/3/2893/10125082233_e11b8a466d_o.jpg,https://creativecommons.org/licenses/by/2.0/,Jordan Hatcher,Untitled
traffic_sign,Traffic sign,c7b1e6f7c38fa1a0,https://c3.staticflickr.com/5/4093/4813993233_7e4797d6dc_z.jpg,https://farm1.staticflickr.com/4093/4813993233_c89d56ee6c_o.jpg,https://creativecommons.org/licenses/by/2.0/,iwona_kellie,Mount Shast Blvd..
traffic_sign,Traffic sign,cc0626b08c279b2e,https://c6.staticflickr.com/1/34/124691106_ae981742c5_z.jpg,https://c7.staticflickr.com/1/34/124691106_ae981742c5_o.jpg,https://creativecommons.org/licenses/by/2.0/,Jacob Bøtter,Pas på brio-toget
traffic_sign,Traffic sign,ccc6cc13dd83bfe7,,https://farm8.staticflickr.com/1120/1472774475_20101ad70f_o.jpg,https://creativecommons.org/licenses/by/2.0/,Carina Amaral,stop
traffic_sign,Traffic sign,ce8836de53d6b11e,https://c7.staticflickr.com/2/1248/1373013253_e7ecd06ce9_z.jpg,https://c7.staticflickr.com/2/1248/1373013253_4e9f691b7a_o.jpg,https://creativecommons.org/licenses/by/2.0/,Timothy Vollmer,no cars here
traffic_sign,Traffic sign,d149f8fd6f33910c,https://c3.staticflickr.com/4/3128/2855261914_9e7ca52c88_z.jpg,https://c5.staticflickr.com/4/3128/2855261914_3f261977d7_o.jpg,https://creativecommons.org/licenses/by/2.0/,karllehenbauer,Minor flooding near Cullen Park after Hurricane Ike
traffic_sign,Traffic sign,da5523ace6ba9635,https://c6.staticflickr.com/4/3556/3407502687_1726b86308_z.jpg,https://farm6.staticflickr.com/3556/3407502687_c2ca9ffa43_o.jpg,https://creativecommons.org/licenses/by/2.0/,Scott Akerman,Handicap Sign
traffic_sign,Traffic sign,dae81f70ddcef155,https://c5.staticflickr.com/8/7075/7168998354_4e70562341_z.jpg,https://farm6.staticflickr.com/7075/7168998354_b9bfd42a73_o.jpg,https://creativecommons.org/licenses/by/2.0/,Garrett,southbound I-215 — at 3900 South (exit 4)
traffic_sign,Traffic sign,f59f624620f099df,https://c7.staticflickr.com/4/3232/3097874220_eedf9f262c_z.jpg?zz=1,https://c8.staticflickr.com/4/3232/3097874220_27d3277d10_o.jpg,https://creativecommons.org/licenses/by/2.0/,Mike Licht,Sweatpants: Threat or Menace?
traffic_sign,Traffic sign,f8abba74ae677e3a,,https://c3.staticflickr.com/1/105/311128680_3ff5eef27f_o.jpg,https://creativecommons.org/licenses/by/2.0/,Stefano Brivio,Warning
traffic_sign,Traffic sign,ff34bd4af5e3f7c4,https://c1.staticflickr.com/4/3167/2379060420_d68f2cc07b_z.jpg?zz=1,https://farm5.staticflickr.com/3167/2379060420_97be6acea7_o.jpg,https://creativecommons.org/licenses/by/2.0/,thebittenword.com,Untitled
traffic_sign,Traffic sign,0135b7a0b1010c08,https://c5.staticflickr.com/2/1151/3172402038_961a5f1a05_z.jpg?zz=1,https://c1.staticflickr.com/2/1151/3172402038_8e7a50e088_o.jpg,https://creativecommons.org/licenses/by/2.0/,Sarah Stierch,Biggest road sign ever
traffic_sign,Traffic sign,01e835e68b6af93d,https://c7.staticflickr.com/4/3377/3274992844_2f157cefdd_z.jpg,https://c6.staticflickr.com/4/3377/3274992844_8ecf2b9f04_o.jpg,https://creativecommons.org/licenses/by/2.0/,Sean Loyless,No Outlet
traffic_sign,Traffic sign,03390446d74c6576,https://c6.staticflickr.com/6/5282/5272313176_51c98bf261_z.jpg,https://farm7.staticflickr.com/5282/5272313176_7fb310f6eb_o.jpg,https://creativecommons.org/licenses/by/2.0/,Robert Agthe,Tram Büschingstraße
traffic_sign,Traffic sign,03d45f0207d68aa2,https://c1.staticflickr.com/4/3640/3576366805_58c7b58b30_z.jpg?zz=1,https://farm3.staticflickr.com/3640/3576366805_eea15333d5_o.jpg,https://creativecommons.org/licenses/by/2.0/,Istanbul Photo Guide,U  turn to Tophane
traffic_sign,Traffic sign,07937fe4aeb1a4e4,https://c5.staticflickr.com/3/2427/3609708661_6e02bfc23a_z.jpg?zz=1,https://farm5.staticflickr.com/2427/3609708661_76c46ccbaa_o.jpg,https://creativecommons.org/licenses/by/2.0/,Shimelle Laine,a day for red
traffic_sign,Traffic sign,0886a4ed78b45997,https://c3.staticflickr.com/2/1425/906092208_5e711b474a_z.jpg?zz=1,https://farm8.staticflickr.com/1425/906092208_6b1d0424dd_o.jpg,https://creativecommons.org/licenses/by/2.0/,Peter Miller,"A strange, but possibly effective way to give cyclists priority"
traffic_sign,Traffic sign,08bf84bb9662086d,https://c6.staticflickr.com/3/2246/1581464496_4e6e75f7ec_z.jpg,https://c6.staticflickr.com/3/2246/1581464496_bfe7daf608_o.jpg,https://creativecommons.org/licenses/by/2.0/,John Athayde,Really? how far does a humped pelican hump?
traffic_sign,Traffic sign,0c127cd585c05f7e,https://c5.staticflickr.com/1/17/98488805_d99faed9dd_z.jpg?zz=1,https://c7.staticflickr.com/1/17/98488805_d99faed9dd_o.jpg,https://creativecommons.org/licenses/by/2.0/,Kat,watch out for children on see-saws
traffic_sign,Traffic sign,15826e408ef990a4,https://c4.staticflickr.com/8/7478/15499046069_e1161374be_z.jpg,https://farm5.staticflickr.com/7478/15499046069_0e2937ed4b_o.jpg,https://creativecommons.org/licenses/by/2.0/,Rich Menga,Traffic Light Lean
traffic_sign,Traffic sign,17204d61674438dc,https://c8.staticflickr.com/5/4083/4834881247_5b4d2bda65_z.jpg,https://c5.staticflickr.com/5/4083/4834881247_7479d7ece2_o.jpg,https://creativecommons.org/licenses/by/2.0/,Avijeet Sachdev,Newark Airport.
traffic_sign,Traffic sign,1aae1ebd06a23670,https://c1.staticflickr.com/8/7115/7731294616_44299c9cfb_z.jpg,https://farm1.staticflickr.com/7115/7731294616_620d6f3f77_o.jpg,https://creativecommons.org/licenses/by/2.0/,Grong Kommune,Namsen Laksfestival 2012 299 besk
traffic_sign,Traffic sign,1af769a9e200a9e3,https://c3.staticflickr.com/8/7606/16861109168_78683c248c_z.jpg,https://farm4.staticflickr.com/7606/16861109168_708e36eeae_o.jpg,https://creativecommons.org/licenses/by/2.0/,Tracy Hunter,Morocco Stop Sign
traffic_sign,Traffic sign,1e77cd8bee353623,https://c1.staticflickr.com/7/6097/6226091441_ea08f0fc8b_z.jpg,https://farm4.staticflickr.com/6097/6226091441_9f4d1a6561_o.jpg,https://creativecommons.org/licenses/by/2.0/,brianj.lowe,PA090142
traffic_sign,Traffic sign,1f2c589e49a3bcd0,https://c6.staticflickr.com/3/2833/9165086447_9e66b3350f_z.jpg,https://farm1.staticflickr.com/2833/9165086447_60468a989f_o.jpg,https://creativecommons.org/licenses/by/2.0/,Commodore Gandalf Cunningham,Stop Driving
traffic_sign,Traffic sign,1facf3b79b412cf8,https://c4.staticflickr.com/3/2659/3838679592_9649970e99_z.jpg,https://c1.staticflickr.com/3/2659/3838679592_eab821a9fd_o.jpg,https://creativecommons.org/licenses/by/2.0/,Paul Kimo McGregor,Carrell St. Vancouver BC
traffic_sign,Traffic sign,20dca9baee45bf08,https://c5.staticflickr.com/6/5029/5832010335_bb933a3a02_z.jpg,https://c1.staticflickr.com/6/5029/5832010335_f217ddd618_o.jpg,https://creativecommons.org/licenses/by/2.0/,Murray Steele,Lovely bit of street furniture re-use
traffic_sign,Traffic sign,224b3ee5ac6b9eef,,https://c8.staticflickr.com/1/24/46022068_5ed8d31b76_o.jpg,https://creativecommons.org/licenses/by/2.0/,The Wu&#x27;s Photo Land,"no shirt, no shoes..."
traffic_sign,Traffic sign,243cb9f462917e8a,https://c4.staticflickr.com/8/7032/6808578393_bf301737d5_z.jpg,https://c3.staticflickr.com/8/7032/6808578393_fb652b2d42_o.jpg,https://creativecommons.org/licenses/by/2.0/,John W. Schulze,Kardinal Nagl Platz
traffic_sign,Traffic sign,25301a30e7c9b7d8,https://c3.staticflickr.com/1/82/229858394_e2ce43140b_z.jpg?zz=1,https://c1.staticflickr.com/1/82/229858394_e2ce43140b_o.jpg,https://creativecommons.org/licenses/by/2.0/,Jay Cross,Yield
traffic_sign,Traffic sign,257d9a91fefd665a,https://c8.staticflickr.com/1/4/7368793_8635c4267e_z.jpg,https://c3.staticflickr.com/1/4/7368793_8635c4267e_o.jpg,https://creativecommons.org/licenses/by/2.0/,Steve Drolet,No Headless
traffic_sign,Traffic sign,28c4285201398287,https://c5.staticflickr.com/7/6032/6253784191_eea4f0261d_z.jpg,https://farm8.staticflickr.com/6032/6253784191_d5b3a2211b_o.jpg,https://creativecommons.org/licenses/by/2.0/,Jorge Mejía peralta,IMG_5697
traffic_sign,Traffic sign,294aff231c7c290a,https://c6.staticflickr.com/6/5558/14388226720_af630d7751_z.jpg,https://c3.staticflickr.com/6/5558/14388226720_c54b67588a_o.jpg,https://creativecommons.org/licenses/by/2.0/,GPS,Rue de la Commune in the Rain
traffic_sign,Traffic sign,2b3e4a4919cd47b4,https://c2.staticflickr.com/6/5068/5623721480_6f14753da8_z.jpg,https://farm5.staticflickr.com/5068/5623721480_74109492bd_o.jpg,https://creativecommons.org/licenses/by/2.0/,Mickey Miranda | Photography,left
train,Train,02dc31437b2ec48f,https://c1.staticflickr.com/6/5174/5554598390_dc30bd89ef_z.jpg,https://c8.staticflickr.com/6/5174/5554598390_97c82f1322_o.jpg,https://creativecommons.org/licenses/by/2.0/,frankieleon,watching a train wreck
train,Train,063842dba3fcd6e1,https://c8.staticflickr.com/8/7098/7170503292_f8dfb67a02_z.jpg,https://farm2.staticflickr.com/7098/7170503292_4ab766dac3_o.jpg,https://creativecommons.org/licenses/by/2.0/,nimame,シリーズ赤牛のある風景：路面電車１
train,Train,0d318eeb57e0d683,https://c6.staticflickr.com/2/1104/4720133677_91e123dfd9_z.jpg,https://farm4.staticflickr.com/1104/4720133677_b42a091dc1_o.jpg,https://creativecommons.org/licenses/by/2.0/,Dennis Carr,IRM TRACK BURLINGTON ENGINE
train,Train,19b9ecd641b46fb1,https://c6.staticflickr.com/8/7248/7588003052_1ed24045ef_z.jpg,https://farm2.staticflickr.com/7248/7588003052_7ca190b08b_o.jpg,https://creativecommons.org/licenses/by/2.0/,kelp,IMG_0948 - 2012-07-05 at 00-27-48
train,Train,1a6cdb14397d40af,https://c3.staticflickr.com/9/8672/16417240918_d776e16c8a_z.jpg,https://c8.staticflickr.com/9/8672/16417240918_dc134288ed_o.jpg,https://creativecommons.org/licenses/by/2.0/,Paul Tomlin,Slam Doors
train,Train,1b2eca4d58f035b4,https://c5.staticflickr.com/5/4098/4902147555_112167ef72_z.jpg,https://farm5.staticflickr.com/4098/4902147555_7b8e053c2b_o.jpg,https://creativecommons.org/licenses/by/2.0/,per egevad,Library visit by tram
train,Train,2388648e11e3f724,https://c6.staticflickr.com/1/456/20402228121_beac3fe1be_z.jpg,https://farm5.staticflickr.com/456/20402228121_c6bd9d757c_o.jpg,https://creativecommons.org/licenses/by/2.0/,Daniel,Munich 2011 - Day Three (8)
train,Train,25014a69ec7349fc,https://c1.staticflickr.com/1/227/450576757_af279214bb_z.jpg,https://c5.staticflickr.com/1/227/450576757_99a4a8faa3_o.jpg,https://creativecommons.org/licenses/by/2.0/,Swaminathan,Goods train and Engines
train,Train,254f52cb621f1094,https://c2.staticflickr.com/4/3324/4587680520_3a3f5d2cbe_z.jpg,https://farm5.staticflickr.com/3324/4587680520_331e7e38cc_o.jpg,https://creativecommons.org/licenses/by/2.0/,Sonja Lovas,Train coming into Mt. Kisco
train,Train,28d1fb27a6e42ee7,https://c2.staticflickr.com/9/8330/8084323941_369442bfdd_z.jpg,https://farm8.staticflickr.com/8330/8084323941_e24cfa1723_o.jpg,https://creativecommons.org/licenses/by/2.0/,Sebastián Betancourt,El puerto
train,Train,2add2f43a580c9fd,https://c3.staticflickr.com/1/5/10804395_687f662a5f_z.jpg,https://c6.staticflickr.com/1/5/10804395_67a9ee470e_o.jpg,https://creativecommons.org/licenses/by/2.0/,Rick,The Return Trip
train,Train,2b844596f13b4c98,https://c4.staticflickr.com/4/3469/3782223411_bd68f5ef3a_z.jpg?zz=1,https://c1.staticflickr.com/4/3469/3782223411_560e3f3f8d_o.jpg,https://creativecommons.org/licenses/by/2.0/,Bruce Fingerhood,montreal
train,Train,2c14a31c745afb64,https://c8.staticflickr.com/9/8147/7481807084_e5fcf9fcaf_z.jpg,https://farm5.staticflickr.com/8147/7481807084_0d3ac59edf_o.jpg,https://creativecommons.org/licenses/by/2.0/,Jerry Huddleston,UP Employee Special
train,Train,2f3269b85abf9486,https://c8.staticflickr.com/3/2651/3769493157_617c86f16f_z.jpg?zz=1,https://farm7.staticflickr.com/2651/3769493157_696b6b8c54_o.jpg,https://creativecommons.org/licenses/by/2.0/,Alex Liivet,Glasgow Subway
train,Train,322d9c0956597cc6,https://c8.staticflickr.com/6/5291/5483627326_c4efd17f12_z.jpg,https://farm7.staticflickr.com/5291/5483627326_7a88ab680e_o.jpg,https://creativecommons.org/licenses/by/2.0/,Jenn Durfey,Train Graffiti
train,Train,35ef0e05052d6c63,https://c5.staticflickr.com/9/8260/8706867707_c385b5d10d_z.jpg,https://farm4.staticflickr.com/8260/8706867707_bed2c94778_o.jpg,https://creativecommons.org/licenses/by/2.0/,sergejf,Tramways of Prague
train,Train,361ee97c002974fb,https://c3.staticflickr.com/1/122/304098375_7b7308ea7b_z.jpg?zz=1,https://c4.staticflickr.com/1/122/304098375_7b7308ea7b_o.jpg,https://creativecommons.org/licenses/by/2.0/,Joe Gatling,Melbourne Tram
train,Train,364a5583d79ef608,https://c6.staticflickr.com/9/8546/8767423640_5e0c1516e6_z.jpg,https://c1.staticflickr.com/9/8546/8767423640_af27bcffdb_o.jpg,https://creativecommons.org/licenses/by/2.0/,Steve Collis,Fast Train
train,Train,3796b0940178239f,https://c8.staticflickr.com/1/61/153954478_f306165ecd_z.jpg?zz=1,https://c8.staticflickr.com/1/61/153954478_f306165ecd_o.jpg,https://creativecommons.org/licenses/by/2.0/,Jeff Pearce,IMG_0626
train,Train,38d60954765f7b4f,https://c5.staticflickr.com/4/3291/3998199795_ce2b6fec6d_z.jpg,https://c8.staticflickr.com/4/3291/3998199795_ea017e63ba_o.jpg,https://creativecommons.org/licenses/by/2.0/,Rene Schwietzke,Chicago 'L'
train,Train,3a3d26d33f8f7a1f,https://c8.staticflickr.com/1/616/21731604799_54d0f6329f_z.jpg,https://c8.staticflickr.com/1/616/21731604799_4523e78e66_o.jpg,https://creativecommons.org/licenses/by/2.0/,Marc Smith,Prague 2015
train,Train,3dd15fb33a3fb7c7,https://c8.staticflickr.com/4/3296/3046694840_40f20122d4_z.jpg,https://farm8.staticflickr.com/3296/3046694840_e3ffe7ae48_o.jpg,https://creativecommons.org/licenses/by/2.0/,Phil Sangwell,85007 Carlisle
train,Train,3e852735df3b8d7e,https://c2.staticflickr.com/4/3122/2636860213_d54175c4b2_z.jpg,https://c7.staticflickr.com/4/3122/2636860213_5ed06db805_o.jpg,https://creativecommons.org/licenses/by/2.0/,Curt Smith,"JR Train, Nishi-Akashi"
train,Train,3f7d5b7ffa990565,https://c6.staticflickr.com/6/5199/5864785829_d518631c20_z.jpg,https://farm6.staticflickr.com/5199/5864785829_784bcda2a5_o.jpg,https://creativecommons.org/licenses/by/2.0/,torbakhopper,bring it on : west hollywood (2010)
train,Train,3fb6fea9eaec1e89,https://c4.staticflickr.com/3/2399/2355102343_4d2797dbe8_z.jpg,https://c2.staticflickr.com/3/2399/2355102343_b0d4442b11_o.jpg,https://creativecommons.org/licenses/by/2.0/,Anthony Easton,Obligatory Tourist Shot
train,Train,431b0c1b68adb093,https://c6.staticflickr.com/7/6131/6021702211_30cd7da3fd_z.jpg,https://farm4.staticflickr.com/6131/6021702211_fbc3ffbc0c_o.jpg,https://creativecommons.org/licenses/by/2.0/,MadAdminSkillz,Zing!
train,Train,458d789d78550884,https://c2.staticflickr.com/3/2918/14466326205_57a74e1211_z.jpg,https://farm5.staticflickr.com/2918/14466326205_31142da3c1_o.jpg,https://creativecommons.org/licenses/by/2.0/,Phil Parker,Loco started
train,Train,4c112c9ca7b4f543,https://c5.staticflickr.com/1/67/172986297_d727fc349f_z.jpg,https://farm4.staticflickr.com/67/172986297_d727fc349f_o.jpg,https://creativecommons.org/licenses/by/2.0/,James,Snow plow car
train,Train,4c77c9ef015b4788,https://c8.staticflickr.com/4/3512/4054384533_19bd40942e_z.jpg?zz=1,https://c1.staticflickr.com/4/3512/4054384533_fd2408432e_o.jpg,https://creativecommons.org/licenses/by/2.0/,Conny Sandland,wohin auswandern malaysia verkehr KL monorail
train,Train,522544b6c55be2eb,https://c6.staticflickr.com/4/3053/2793494185_09d0b93397_z.jpg,https://c4.staticflickr.com/4/3053/2793494185_012c2349ae_o.jpg,https://creativecommons.org/licenses/by/2.0/,Masahiro Ihara,NEX at 渋谷
train,Train,52bf6b555e578a34,https://c2.staticflickr.com/4/3949/15341985307_e2b833a1e9_z.jpg,https://farm5.staticflickr.com/3949/15341985307_48624bc9f0_o.jpg,https://creativecommons.org/licenses/by/2.0/,Rajiv Vaidyanathan,DSC_0138
train,Train,59a9abf74e5b31a3,https://c4.staticflickr.com/8/7544/15908799112_f7044e63ef_z.jpg,https://farm4.staticflickr.com/7544/15908799112_69b3eb7191_o.jpg,https://creativecommons.org/licenses/by/2.0/,Ron Bailey,Saw this really neat railcar on the @hvscenicrailway line.   #daily_crossing #train_nerds #followme #like4like #TagFire #TFers #liker #likes #l4l #likes4likes #photooftheday #love #likeforlike #likesforlikes @TagfireApp #liketeam #likeback #likebackteam #
train,Train,6a5009a8acdd37a0,https://c4.staticflickr.com/8/7447/15778986634_c9e2e1d6bf_z.jpg,https://farm1.staticflickr.com/7447/15778986634_588fff8e3a_o.jpg,https://creativecommons.org/licenses/by/2.0/,Manish Prabhune,Tokyo Kotsu Kaikan’s Garden Terrace
train,Train,6b574ff695800e0a,https://c8.staticflickr.com/3/2827/10396819915_917ea81e9b_z.jpg,https://c3.staticflickr.com/3/2827/10396819915_9f4d4845dd_o.jpg,https://creativecommons.org/licenses/by/2.0/,Noé Alfaro,Mass Rapid Transit - Singapore
train,Train,6ba6e6afe9964a18,https://c1.staticflickr.com/6/5569/14912044806_674fb86d71_z.jpg,https://c1.staticflickr.com/6/5569/14912044806_7048e420ac_o.jpg,https://creativecommons.org/licenses/by/2.0/,Helge Thomas,waiting for passengers
train,Train,7105f5486ecb5e61,https://c5.staticflickr.com/4/3939/15420501589_0d35d9d7c7_z.jpg,https://farm2.staticflickr.com/3939/15420501589_f0b2bef761_o.jpg,https://creativecommons.org/licenses/by/2.0/,Saulgrain marcelin Photographie,Reportage BAC 2
train,Train,79e8a80d03e5185f,https://c8.staticflickr.com/1/428/19331727490_10e81eff2b_z.jpg,https://c8.staticflickr.com/1/428/19331727490_cf13878126_o.jpg,https://creativecommons.org/licenses/by/2.0/,Mike Steele,Nuremberg:  Nuernberg
train,Train,808bf68b81c1b6ba,https://c2.staticflickr.com/1/51/131966067_393d05c84f_z.jpg?zz=1,https://c3.staticflickr.com/1/51/131966067_393d05c84f_o.jpg,https://creativecommons.org/licenses/by/2.0/,Alan Bruce,Skytrain heading west to Commercial
train,Train,81d1498ae87b8423,https://c7.staticflickr.com/8/7414/15736328234_70be8002aa_z.jpg,https://farm4.staticflickr.com/7414/15736328234_0c74b88cae_o.jpg,https://creativecommons.org/licenses/by/2.0/,Roy Luck,Houston Metro light rail
train,Train,83899a3afd34e883,https://c5.staticflickr.com/4/3461/3377583697_db727d1dcd_z.jpg,https://farm4.staticflickr.com/3461/3377583697_1acc545926_o.jpg,https://creativecommons.org/licenses/by/2.0/,Catherine,My Train
train,Train,8501282229b53b86,https://c6.staticflickr.com/8/7141/6471157635_371d0228e1_z.jpg,https://farm7.staticflickr.com/7141/6471157635_a50c3f43b7_o.jpg,https://creativecommons.org/licenses/by/2.0/,Sjors Provoost,Bullet Train
train,Train,87fb3a0ec096290f,https://c4.staticflickr.com/4/3890/14495082130_f17e77835f_z.jpg,https://c8.staticflickr.com/4/3890/14495082130_562a3169eb_o.jpg,https://creativecommons.org/licenses/by/2.0/,PRECIOSA ORNELA,PRECIOSA ORNELA - Fall/Winter 2014/2015
train,Train,8d16e93094dacfd4,https://c4.staticflickr.com/4/3054/2871378566_aa439a5636_z.jpg?zz=1,https://farm5.staticflickr.com/3054/2871378566_017ec23f61_o.jpg,https://creativecommons.org/licenses/by/2.0/,Anders Sandberg,Didcot heatwatercolor
train,Train,8f4b7ac8f6546ecf,https://c5.staticflickr.com/8/7367/12169895286_0ed56ddf8b_z.jpg,https://c8.staticflickr.com/8/7367/12169895286_f419470891_o.jpg,https://creativecommons.org/licenses/by/2.0/,Pedro,By @vinotintocfc &quot;#CableTren #Petare #Miranda #Venezuela&quot; via @PhotoRepost_app
train,Train,90422ba26e20d54a,https://c5.staticflickr.com/1/416/18680381791_9f42d502bb_z.jpg,https://c3.staticflickr.com/1/416/18680381791_ab0d2b0c6c_o.jpg,https://creativecommons.org/licenses/by/2.0/,Thomas Nicklin,DRS 37611+37688
train,Train,907589d60b88325d,https://c4.staticflickr.com/4/3150/2848349166_49442f066f_z.jpg,https://c6.staticflickr.com/4/3150/2848349166_7127241e90_o.jpg,https://creativecommons.org/licenses/by/2.0/,korbé,Vieux tram bleu de genève 01
train,Train,948830ffee9f0dea,https://c7.staticflickr.com/1/81/224616791_13214f9aa7_z.jpg,https://c3.staticflickr.com/1/81/224616791_13214f9aa7_o.jpg,https://creativecommons.org/licenses/by/2.0/,michael warren,img-011
train,Train,9781d697a67a7a83,,https://farm4.staticflickr.com/3132/2887956627_43dcdcfcb3_o.jpg,https://creativecommons.org/licenses/by/2.0/,waku kubo,九州新幹線
train,Train,98b010497e8bc0c5,https://c1.staticflickr.com/5/4052/4345322646_3638ca2e5f_z.jpg,https://farm6.staticflickr.com/4052/4345322646_57997a5bc9_o.jpg,https://creativecommons.org/licenses/by/2.0/,Ryan McFarland,Maglev
train,Train,9c6eb3ecb32f50b6,https://c2.staticflickr.com/4/3859/14572049589_8591a4f2ba_z.jpg,https://farm7.staticflickr.com/3859/14572049589_b8722e92aa_o.jpg,https://creativecommons.org/licenses/by/2.0/,GörlitzPhotography,29
tripod,Tripod,01284dd8eaad0569,https://c2.staticflickr.com/9/8370/8553071111_a0e7f3718f_z.jpg,https://c2.staticflickr.com/9/8370/8553071111_86a58e516d_o.jpg,https://creativecommons.org/licenses/by/2.0/,naosuke ii,IMG_6529
tripod,Tripod,15bd5eb3bcf98dea,https://c8.staticflickr.com/8/7156/13925798134_98a36a8188_z.jpg,https://c3.staticflickr.com/8/7156/13925798134_d891882ae0_o.jpg,https://creativecommons.org/licenses/by/2.0/,Arend,Birding with V1 + 300/4 AF-S on Berlebach
tripod,Tripod,1ac8bfb3f75c7e3b,https://c5.staticflickr.com/9/8700/16653130027_eb9474a3ae_z.jpg,https://c4.staticflickr.com/9/8700/16653130027_5beccbe9d2_o.jpg,https://creativecommons.org/licenses/by/2.0/,Australian Human Rights Commission,IMG_5022
tripod,Tripod,1d4ec7ade73013ca,https://c1.staticflickr.com/8/7541/15522594299_7b236a2dbe_z.jpg,https://c3.staticflickr.com/8/7541/15522594299_c58330d421_o.jpg,https://creativecommons.org/licenses/by/2.0/,Ian Hughes,130 EQ
tripod,Tripod,2ca77482bdacd63c,https://c7.staticflickr.com/8/7687/17156099937_b270361c1d_z.jpg,https://c5.staticflickr.com/8/7687/17156099937_c1fa86ef72_o.jpg,https://creativecommons.org/licenses/by/2.0/,Eric Gropp,Fewer birds as the day gets hot
tripod,Tripod,305fd6c6b4c58085,https://c4.staticflickr.com/9/8197/8230008213_5e2c784e22_z.jpg,https://farm6.staticflickr.com/8197/8230008213_a38fec330e_o.jpg,https://creativecommons.org/licenses/by/2.0/,Naval History &amp; Heritage Command,"66-201-A Rifle, Cal 30, US, Colt, R75A"
tripod,Tripod,332f9f2554de1abb,https://c2.staticflickr.com/5/4081/4753606499_33eec97daa_z.jpg,https://c4.staticflickr.com/5/4081/4753606499_a03e43ee87_o.jpg,https://creativecommons.org/licenses/by/2.0/,Moto &quot;Club4AG&quot; Miwa,Finally bought a decent tripod...
tripod,Tripod,3a87f9cb8d6cd23a,https://c8.staticflickr.com/3/2032/2280628345_0cc91a8907_z.jpg,https://c3.staticflickr.com/3/2032/2280628345_a4014229e2_o.jpg,https://creativecommons.org/licenses/by/2.0/,rocketace,The apron is in case things get messy
tripod,Tripod,3f67ddce3448e74c,https://c7.staticflickr.com/9/8033/7986418627_bd925d6ebb_z.jpg,https://c5.staticflickr.com/9/8033/7986418627_b219f73809_o.jpg,https://creativecommons.org/licenses/by/2.0/,Official USS Theodore Roosevelt (CVN 71) Page,{120914-N-ER745-082}
tripod,Tripod,4fb14531445ee0e6,https://c6.staticflickr.com/4/3360/5761905310_faaa8e1637_z.jpg,https://farm7.staticflickr.com/3360/5761905310_53b4b86ed9_o.jpg,https://creativecommons.org/licenses/by/2.0/,USASOC News Service,TLH_9701
tripod,Tripod,537fcd028b47bc5f,https://c8.staticflickr.com/3/2414/2185215183_1604fcd006_z.jpg,https://c8.staticflickr.com/3/2414/2185215183_9a09691d66_o.jpg,https://creativecommons.org/licenses/by/2.0/,Adrian Clark,bafroom
tripod,Tripod,628f092bb0985e60,https://c8.staticflickr.com/3/2485/4199804063_8b945a9435_z.jpg?zz=1,https://farm1.staticflickr.com/2485/4199804063_09f484a663_o.jpg,https://creativecommons.org/licenses/by/2.0/,Jhong Dizon,my baby
tripod,Tripod,6ed3e3ebe9a5fde5,https://c8.staticflickr.com/4/3299/3302254234_76a261fe09_z.jpg,https://farm6.staticflickr.com/3299/3302254234_6b33ba1c5a_o.jpg,https://creativecommons.org/licenses/by/2.0/,Geoff Stearns,The Producer
tripod,Tripod,75b0b8cd08840f4e,https://c5.staticflickr.com/4/3182/2687840813_57067d278f_z.jpg,https://c7.staticflickr.com/4/3182/2687840813_618485462c_o.jpg,https://creativecommons.org/licenses/by/2.0/,Andrea Pokrzywinski,Nils in Gear
tripod,Tripod,7716a0fa54a57081,https://c7.staticflickr.com/8/7519/15671116731_6342b5d549_z.jpg,https://farm2.staticflickr.com/7519/15671116731_1779f5cef7_o.jpg,https://creativecommons.org/licenses/by/2.0/,Charles Hutchins,ScTweet
tripod,Tripod,7bc31279dbb3dfe2,https://c6.staticflickr.com/6/5011/5480206347_56a5482540_z.jpg,https://farm3.staticflickr.com/5011/5480206347_58eec65918_o.jpg,https://creativecommons.org/licenses/by/2.0/,Natalie Greco,Untitled
tripod,Tripod,7d56396b01017191,https://c7.staticflickr.com/9/8106/8529822558_b91a5926c6_z.jpg,https://farm2.staticflickr.com/8106/8529822558_b6d31cea2b_o.jpg,https://creativecommons.org/licenses/by/2.0/,Grant Wickes,2012Mar01_Gadgets_and_Gizmos_008
tripod,Tripod,80795c6dff21b99d,https://c7.staticflickr.com/3/2899/14204009006_69f50a280f_z.jpg,https://c6.staticflickr.com/3/2899/14204009006_09495c4d25_o.jpg,https://creativecommons.org/licenses/by/2.0/,Lane Pearman,Vortex 2
tripod,Tripod,80bae33cb49d2388,https://c5.staticflickr.com/6/5223/5585206123_dbee6739f8_z.jpg,https://c1.staticflickr.com/6/5223/5585206123_8b73d636a4_o.jpg,https://creativecommons.org/licenses/by/2.0/,yoppy,Logitech C910
tripod,Tripod,8e6e9660a9761c37,https://c6.staticflickr.com/7/6169/6203030542_b04f4864b1_z.jpg,https://farm8.staticflickr.com/6169/6203030542_3d4cf623fc_o.jpg,https://creativecommons.org/licenses/by/2.0/,Steve Nagata,IMG_1210.JPG
tripod,Tripod,9ba8af4d3eabf601,https://c3.staticflickr.com/6/5185/5680693821_68c9241e93_z.jpg,https://farm2.staticflickr.com/5185/5680693821_128d96f5f0_o.jpg,https://creativecommons.org/licenses/by/2.0/,Curt Pair - azPTP,AMW F3 Rig
tripod,Tripod,a1792883a6ba5d4c,https://c5.staticflickr.com/6/5570/14965070521_6fc0f4e9bb_z.jpg,https://c5.staticflickr.com/6/5570/14965070521_c9d89ac240_o.jpg,https://creativecommons.org/licenses/by/2.0/,Jenud,:-)
tripod,Tripod,a761d308fa280cfa,https://c1.staticflickr.com/6/5442/8881660661_94d77a2b8b_z.jpg,https://c3.staticflickr.com/6/5442/8881660661_b97b38ea8b_o.jpg,https://creativecommons.org/licenses/by/2.0/,Daniel Rothamel,This is a #regram from @therkitect. His caption: &quot;Storm Shadow?&quot; I guess being a Cobra Agent just doesn't pay the bills anymore. The struggle is real. Hahahaha!
tripod,Tripod,ac3f4e50732de3f9,https://c7.staticflickr.com/3/2441/3970502525_1f114c0538_z.jpg,https://c2.staticflickr.com/3/2441/3970502525_af0f614196_o.jpg,https://creativecommons.org/licenses/by/2.0/,Daniel McAnulty,laptops for tvs
tripod,Tripod,ac5cb1e70666bd27,https://c2.staticflickr.com/8/7208/6940438961_587aaa125d_z.jpg,https://farm8.staticflickr.com/7208/6940438961_686814ec26_o.jpg,https://creativecommons.org/licenses/by/2.0/,Moto &quot;Club4AG&quot; Miwa,Remington 700 243 Caliber
tripod,Tripod,af97d848a0c85289,https://c3.staticflickr.com/6/5825/21571668755_83063ea40f_z.jpg,https://c2.staticflickr.com/6/5825/21571668755_4afc30a407_o.jpg,https://creativecommons.org/licenses/by/2.0/,dw_ross,20150920_3584
tripod,Tripod,cf64888fccda915a,https://c1.staticflickr.com/3/2131/2220386909_5c08597148_z.jpg,https://c3.staticflickr.com/3/2131/2220386909_1552c949e9_o.jpg,https://creativecommons.org/licenses/by/2.0/,Karl Baron,sony ericsson IPK-100 on a video tripod
tripod,Tripod,e1c0d6e6c72399b6,https://c6.staticflickr.com/1/128/370605961_5a557043e4_z.jpg,https://farm7.staticflickr.com/128/370605961_5a557043e4_o.jpg,https://creativecommons.org/licenses/by/2.0/,Thai Handicrafts,IMG_4573
tripod,Tripod,ebadb3ca35608f86,https://c7.staticflickr.com/7/6039/6241463916_ac7d17630c_z.jpg,https://farm7.staticflickr.com/6039/6241463916_ec5be50a80_o.jpg,https://creativecommons.org/licenses/by/2.0/,Official GDC,GDC Online 2011_Thursday_Show Environment
tripod,Tripod,f611f9b29d856a6a,https://c4.staticflickr.com/6/5517/12371968163_d566459e78_z.jpg,https://c3.staticflickr.com/6/5517/12371968163_384dbe54e8_o.jpg,https://creativecommons.org/licenses/by/2.0/,NOAA&#x27;s National Ocean Service,Tide Station Leveling
tripod,Tripod,f70e6c27e5cf24c4,https://c1.staticflickr.com/6/5491/10732116493_3e4f00677d_z.jpg,https://farm5.staticflickr.com/5491/10732116493_26708a4d29_o.jpg,https://creativecommons.org/licenses/by/2.0/,Breville USA,Mind of a Chef Season 2 with Sean Brock - Episode 3
tripod,Tripod,fc7c6d305cdba9c3,https://c3.staticflickr.com/5/4147/5117451666_165aaa5b83_z.jpg,https://farm4.staticflickr.com/4147/5117451666_74c0443d03_o.jpg,https://creativecommons.org/licenses/by/2.0/,Paulo Marcos,Reinaldino em Serrolândia
tripod,Tripod,fcffebc948df0753,https://c6.staticflickr.com/8/7320/16504706702_87d557ce17_z.jpg,https://farm4.staticflickr.com/7320/16504706702_8bef2e98ed_o.jpg,https://creativecommons.org/licenses/by/2.0/,Mesa Tactical,Xcaliber rifle chassis prototype
tripod,Tripod,06418e33c65f9600,https://c7.staticflickr.com/3/2695/4106590938_d41c0f24ee_z.jpg,https://farm1.staticflickr.com/2695/4106590938_2c55bd057a_o.jpg,https://creativecommons.org/licenses/by/2.0/,dierk schaefer,Untitled
tripod,Tripod,06e61ebc07e5eebc,https://c4.staticflickr.com/4/3805/14116916659_112601d986_z.jpg,https://c5.staticflickr.com/4/3805/14116916659_cee1696cbe_o.jpg,https://creativecommons.org/licenses/by/2.0/,Kars Alfrink,Setting up for Standing event at Mediamatic
tripod,Tripod,072075cc0668cc68,https://c7.staticflickr.com/5/4080/4773216912_7a2a5b855a_z.jpg,https://c1.staticflickr.com/5/4080/4773216912_9f798aa754_o.jpg,https://creativecommons.org/licenses/by/2.0/,David DeHetre,telescope: full
tripod,Tripod,081e4cfeda09b93c,https://c2.staticflickr.com/6/5067/5614033198_2d35d84bea_z.jpg,https://c5.staticflickr.com/6/5067/5614033198_3d3a6f3079_o.jpg,https://creativecommons.org/licenses/by/2.0/,Mohammed Al Marri,&quot;and... action&quot;.
tripod,Tripod,0b61e948202d748f,https://c4.staticflickr.com/8/7360/10704237046_d6bc33a591_z.jpg,https://c8.staticflickr.com/8/7360/10704237046_4a50959cbe_o.jpg,https://creativecommons.org/licenses/by/2.0/,U.S. Army Europe Images,Multinational CBRN training
tripod,Tripod,0fa7a90f325fdec4,https://c2.staticflickr.com/3/2619/4141660528_a3426d9561_z.jpg,https://farm5.staticflickr.com/2619/4141660528_afee8dc44f_o.jpg,https://creativecommons.org/licenses/by/2.0/,Michele Federico,Backstage Calendario - 097
tripod,Tripod,137c76ceb4301c72,https://c4.staticflickr.com/9/8461/8053973009_4dd62d679f_z.jpg,https://farm3.staticflickr.com/8461/8053973009_a24abf64a1_o.jpg,https://creativecommons.org/licenses/by/2.0/,Arturo Hurtado,Yumm!
tripod,Tripod,164d447eab4b08b5,https://c2.staticflickr.com/4/3115/2644185313_7f9e7cf213_z.jpg,https://farm6.staticflickr.com/3115/2644185313_7d26debec4_o.jpg,https://creativecommons.org/licenses/by/2.0/,Moresheth,"Looking Back at You, Looking Back at Me"
tripod,Tripod,16ff653d319a891d,https://c4.staticflickr.com/6/5086/5260916334_8628500ebd_z.jpg,https://c6.staticflickr.com/6/5086/5260916334_979081f555_o.jpg,https://creativecommons.org/licenses/by/2.0/,Christian Pierret,Travaux
tripod,Tripod,175a7dfaffccfceb,https://c7.staticflickr.com/5/4080/4797990907_59b31f3c06_z.jpg,https://c4.staticflickr.com/5/4080/4797990907_325e07d908_o.jpg,https://creativecommons.org/licenses/by/2.0/,Bruno Sanchez-Andrade Nuño,Solar observations. ALWAYS with filters
tripod,Tripod,176bbafad806c782,https://c8.staticflickr.com/1/226/491317820_1d113695e4_z.jpg,https://farm3.staticflickr.com/226/491317820_d600e4a9b8_o.jpg,https://creativecommons.org/licenses/by/2.0/,edwin.11,Exhibit in Festung Hohensalzburg
tripod,Tripod,1bc239114c34cf38,https://c3.staticflickr.com/6/5057/5450593618_ae8c3a3b0e_z.jpg,https://c1.staticflickr.com/6/5057/5450593618_081f1ef9f4_o.jpg,https://creativecommons.org/licenses/by/2.0/,AV Hire London,Ronford Short Legs Tripod for Hire
tripod,Tripod,1ce7a62656a599be,https://c2.staticflickr.com/5/4090/5165809607_5392a63be3_z.jpg,https://c7.staticflickr.com/5/4090/5165809607_4f8eac5280_o.jpg,https://creativecommons.org/licenses/by/2.0/,Ballee,sterrenkijker
tripod,Tripod,1fc4c32ce17b6563,https://c4.staticflickr.com/4/3132/2621593441_26fe172b0f_z.jpg?zz=1,https://farm4.staticflickr.com/3132/2621593441_56181864e8_o.jpg,https://creativecommons.org/licenses/by/2.0/,Madison Scott-Clary,Bad idea
tripod,Tripod,1fcf88c9565ae898,https://c1.staticflickr.com/9/8489/8197309206_5732eb6e7e_z.jpg,https://c1.staticflickr.com/9/8489/8197309206_f1fe33e359_o.jpg,https://creativecommons.org/licenses/by/2.0/,Inria Actus,Inria-0158-012
tripod,Tripod,206ef74330b37d18,https://c7.staticflickr.com/4/3760/12303999114_04d2bd55c6_z.jpg,https://c1.staticflickr.com/4/3760/12303999114_041a8663af_o.jpg,https://creativecommons.org/licenses/by/2.0/,Bernard Goldbach,Webcam on Tripod
tripod,Tripod,211642da4015aca6,https://c1.staticflickr.com/4/3823/9622613419_54e1724ca9_z.jpg,https://farm7.staticflickr.com/3823/9622613419_e28a693216_o.jpg,https://creativecommons.org/licenses/by/2.0/,Desert Rivers Audubon,100_5296
trombone,Trombone,07080581c9f69bf9,https://c6.staticflickr.com/8/7247/7018521703_9c19098dd5_z.jpg,https://c2.staticflickr.com/8/7247/7018521703_3532f328c2_o.jpg,https://creativecommons.org/licenses/by/2.0/,University of Michigan Library,BoSchem Book Event.10.01[24]
trombone,Trombone,0d03c760fe72ad6e,https://c3.staticflickr.com/7/6065/6042387819_6bc5b469d4_z.jpg,https://c7.staticflickr.com/7/6065/6042387819_2f15078114_o.jpg,https://creativecommons.org/licenses/by/2.0/,Paulo Philippidis,Trombone Shorty in Black and White
trombone,Trombone,153583478203b1f5,https://c4.staticflickr.com/5/4063/4431448253_51d55ae3cc_z.jpg,https://farm6.staticflickr.com/4063/4431448253_b89a285b62_o.jpg,https://creativecommons.org/licenses/by/2.0/,Parker Knight,Killsonic at Art Cycle: Two - 034
trombone,Trombone,1e9c75745b953123,https://c2.staticflickr.com/4/3136/2900924158_4ceeb8b793_z.jpg,https://farm4.staticflickr.com/3136/2900924158_996b21b913_o.jpg,https://creativecommons.org/licenses/by/2.0/,Jeff Pearce,IMG_1328
trombone,Trombone,3cf84110ea52ff43,https://c3.staticflickr.com/5/4122/4934969389_5e43810b78_z.jpg,https://farm4.staticflickr.com/4122/4934969389_1bb9f8a069_o.jpg,https://creativecommons.org/licenses/by/2.0/,Pete Birkinshaw,Big Long Slidey Thing
trombone,Trombone,3ecc39c24fe3d233,https://c3.staticflickr.com/5/4125/4981817291_628a2f38c6_z.jpg,https://farm4.staticflickr.com/4125/4981817291_354a69d57d_o.jpg,https://creativecommons.org/licenses/by/2.0/,Swedish Pavilion at Shanghai Expo 2010,Moments of the week: September 6-12
trombone,Trombone,408209a5977369e8,https://c8.staticflickr.com/4/3250/2688624153_c81229c9af_z.jpg,https://c1.staticflickr.com/4/3250/2688624153_c37691fbe3_o.jpg,https://creativecommons.org/licenses/by/2.0/,David Schwartz,Bennie Cowan
trombone,Trombone,76311a46f66afe0b,https://c3.staticflickr.com/6/5067/5744341697_c1185fae45_z.jpg,https://c4.staticflickr.com/6/5067/5744341697_d79004b1a3_o.jpg,https://creativecommons.org/licenses/by/2.0/,"Eden, Janine and Jim",Medgar Evers College Prep Marching Band
trombone,Trombone,89a7c15bcd91ffb0,https://c4.staticflickr.com/4/3238/2488290447_76217e318a_z.jpg,https://farm1.staticflickr.com/3238/2488290447_b8cbe45c36_o.jpg,https://creativecommons.org/licenses/by/2.0/,Thibaut Nazare,dimanche_soir-13
trombone,Trombone,8dd1ea08c74ef09f,https://c6.staticflickr.com/9/8732/16346908843_e833d05596_z.jpg,https://c8.staticflickr.com/9/8732/16346908843_2a88925558_o.jpg,https://creativecommons.org/licenses/by/2.0/,parishstonystratfordcalverton,MK Music Co-op 1st Anniversary
trombone,Trombone,b7904a8837396983,https://c3.staticflickr.com/5/4143/4888729464_e6bcea7731_z.jpg,https://farm4.staticflickr.com/4143/4888729464_7c3990b288_o.jpg,https://creativecommons.org/licenses/by/2.0/,U.S. Army Corps of Engineers,District of Columbia National Guard 257th Army Band
trombone,Trombone,bbeabc21ed4956b4,https://c7.staticflickr.com/6/5223/5759831528_edb2142fbf_z.jpg,https://farm5.staticflickr.com/5223/5759831528_9eea831823_o.jpg,https://creativecommons.org/licenses/by/2.0/,Oliviero Di Lauro,"Georg Weisbrodt (Trombone, Sixtyfive Cadillac)"
trombone,Trombone,c4e9f06572626229,https://c7.staticflickr.com/9/8730/16477037463_731d0b5b6a_z.jpg,https://c2.staticflickr.com/9/8730/16477037463_8e5811f7f3_o.jpg,https://creativecommons.org/licenses/by/2.0/,Krists Luhaers,LR2
trombone,Trombone,c954e893651c90ba,https://c2.staticflickr.com/2/1190/860319256_8ac9136c80_z.jpg,https://c3.staticflickr.com/2/1190/860319256_7a3b1452e0_o.jpg,https://creativecommons.org/licenses/by/2.0/,Kris Duda,"Czorny kot, bioły kot"
trombone,Trombone,d199144d2c868f25,https://c8.staticflickr.com/6/5251/5530772288_fbf4dd1b9c_z.jpg,https://farm6.staticflickr.com/5251/5530772288_f732853172_o.jpg,https://creativecommons.org/licenses/by/2.0/,Andy Newcombe,HMS President
trombone,Trombone,d4ae3e29c754751c,https://c2.staticflickr.com/3/2560/3800718914_c3088453f4_z.jpg,https://c5.staticflickr.com/3/2560/3800718914_2e2ba6551d_o.jpg,https://creativecommons.org/licenses/by/2.0/,Timothy Tolle,killsonic subway tour (29 of 54)
trombone,Trombone,da046aa4e3a9b0c9,https://c6.staticflickr.com/8/7002/6685062803_045f8c2ff6_z.jpg,https://c2.staticflickr.com/8/7002/6685062803_5b340f4ce5_o.jpg,https://creativecommons.org/licenses/by/2.0/,tom.beetz,Giovanni Falzone
trombone,Trombone,e2a1f26b82dcb59d,https://c6.staticflickr.com/2/1312/942003145_ebdb722dc8_z.jpg,https://c6.staticflickr.com/2/1312/942003145_f39cf4337d_o.jpg,https://creativecommons.org/licenses/by/2.0/,Mundimages,Craig Harris
trombone,Trombone,ea540fa430f4b598,https://c5.staticflickr.com/9/8287/7733660712_957db0176d_z.jpg,https://c1.staticflickr.com/9/8287/7733660712_c320139b3b_o.jpg,https://creativecommons.org/licenses/by/2.0/,Martin Moscosa,#jazzfestival #edinburgh last month
trombone,Trombone,fc7d75c5b3cf21f5,https://c3.staticflickr.com/5/4153/5099755716_493cf43119_z.jpg,https://farm6.staticflickr.com/4153/5099755716_a71d77ce7b_o.jpg,https://creativecommons.org/licenses/by/2.0/,zernpres2,StantonDavis1
trombone,Trombone,00f2cc44022bad7d,https://c7.staticflickr.com/8/7356/10288390003_def1c6bfd4_z.jpg,https://c6.staticflickr.com/8/7356/10288390003_f810ce4125_o.jpg,https://creativecommons.org/licenses/by/2.0/,alainalele,NJP nancy jazz pulsations
trombone,Trombone,01fd1c44417618cf,https://c2.staticflickr.com/8/7599/16813218930_a653625683_z.jpg,https://c8.staticflickr.com/8/7599/16813218930_36f979848c_o.jpg,https://creativecommons.org/licenses/by/2.0/,The United States Army Band,_CMB4059
trombone,Trombone,057b80d86d6abbd7,https://c1.staticflickr.com/9/8529/8683258230_3b17c18563_z.jpg,https://farm8.staticflickr.com/8529/8683258230_59d6c36238_o.jpg,https://creativecommons.org/licenses/by/2.0/,ACE Foundation,Trombone 066
trombone,Trombone,1151a91b9660623b,https://c5.staticflickr.com/9/8464/8116905455_b3543b5671_z.jpg,https://c4.staticflickr.com/9/8464/8116905455_a8ec4f7c1e_o.jpg,https://creativecommons.org/licenses/by/2.0/,Thomas Depenbusch,"Prague, Czech Republic"
trombone,Trombone,159340ffac744194,https://c2.staticflickr.com/6/5163/5264795662_05071fdc72_z.jpg,https://farm5.staticflickr.com/5163/5264795662_1852cbd04b_o.jpg,https://creativecommons.org/licenses/by/2.0/,Fotos GOVBA,"Fabrício Dalla Vecchia,trombonista"
trombone,Trombone,1d37475594bfe9c5,https://c3.staticflickr.com/1/204/479071806_7305d0306e_z.jpg?zz=1,https://farm6.staticflickr.com/204/479071806_8d6386e649_o.jpg,https://creativecommons.org/licenses/by/2.0/,jhderojas,Orquesta de Pulso y Púa - JCO Valladolid - Auditorio de Valladolid
trombone,Trombone,1d672a23c2d0b69c,https://c8.staticflickr.com/5/4091/5111686959_392c8cc9b2_z.jpg,https://c5.staticflickr.com/5/4091/5111686959_f733e2612a_o.jpg,https://creativecommons.org/licenses/by/2.0/,Ana,Brooklinfest 2010
trombone,Trombone,23d340f693e52ca2,https://c8.staticflickr.com/5/4105/4988469522_032b0d8cee_z.jpg,https://farm3.staticflickr.com/4105/4988469522_b3e318f146_o.jpg,https://creativecommons.org/licenses/by/2.0/,Adam Bowie,Thames Festival 2010-16
trombone,Trombone,266da5c9859d2cfc,https://c4.staticflickr.com/5/4099/4903332397_c60f6c3463_z.jpg,https://c5.staticflickr.com/5/4099/4903332397_5e74da6692_o.jpg,https://creativecommons.org/licenses/by/2.0/,Lindsay Eyink,YES
trombone,Trombone,324e3160e3acae6e,https://c4.staticflickr.com/8/7292/16536578076_e07fa98018_z.jpg,https://c7.staticflickr.com/8/7292/16536578076_61105ea61d_o.jpg,https://creativecommons.org/licenses/by/2.0/,Prefeitura de Olinda,Encontro de Bonecos Gigantes de Silvio Botelho
trombone,Trombone,350532813c66d7dd,https://c6.staticflickr.com/8/7314/8729046783_abfbda70b0_z.jpg,https://c6.staticflickr.com/8/7314/8729046783_8257ab206f_o.jpg,https://creativecommons.org/licenses/by/2.0/,Európa Pont,Eu nap 57
trombone,Trombone,426270a02cd0acd4,https://c2.staticflickr.com/9/8310/7989208898_d5758b204d_z.jpg,https://farm5.staticflickr.com/8310/7989208898_833e78c3d7_o.jpg,https://creativecommons.org/licenses/by/2.0/,Supermac1961,Band
trombone,Trombone,433c0c23c3b6a045,https://c6.staticflickr.com/1/252/451646113_acbf6354bc_z.jpg,https://farm6.staticflickr.com/252/451646113_aedca792e3_o.jpg,https://creativecommons.org/licenses/by/2.0/,Luz Adriana Villa,UNPLUGGED
trombone,Trombone,436ef6d985c7585c,https://c2.staticflickr.com/6/5441/16896911064_1bc69c5036_z.jpg,https://c5.staticflickr.com/6/5441/16896911064_fd676215be_o.jpg,https://creativecommons.org/licenses/by/2.0/,Mike Steele,"Louis Armstrong, Jazz trumpeter and vocalist, 1959"
trombone,Trombone,4776e56e4b65a269,https://c2.staticflickr.com/2/1242/871883367_cc511d1b75_z.jpg,https://c2.staticflickr.com/2/1242/871883367_ca3a0ab7d2_o.jpg,https://creativecommons.org/licenses/by/2.0/,Martin Thomas,Carnival musicians
trombone,Trombone,47fc65ca97e156db,https://c4.staticflickr.com/3/2561/3719715348_55dd345e32_z.jpg,https://c4.staticflickr.com/3/2561/3719715348_d9a362a297_o.jpg,https://creativecommons.org/licenses/by/2.0/,belgianchocolate,banda romanaise
trombone,Trombone,48c807ba739aeb38,https://c7.staticflickr.com/8/7203/14021347944_c9881077ea_z.jpg,https://c1.staticflickr.com/8/7203/14021347944_41b1a20bc1_o.jpg,https://creativecommons.org/licenses/by/2.0/,kowarski,The Brass-A-Holics
trombone,Trombone,50e829459a9e639f,https://c2.staticflickr.com/4/3544/3797348803_273ffe05fe_z.jpg,https://c8.staticflickr.com/4/3544/3797348803_956fff42ce_o.jpg,https://creativecommons.org/licenses/by/2.0/,Kuba Bożanowski,Kattorna (feat. Cezary Konrad) @ Jazzownia Liberalna
trombone,Trombone,5488ccc540e222bc,https://c2.staticflickr.com/3/2621/3784674572_8d5bae63cb_z.jpg,https://c5.staticflickr.com/3/2621/3784674572_dda7e0d34f_o.jpg,https://creativecommons.org/licenses/by/2.0/,Eusebius@Commons,Trompette - corps
trombone,Trombone,54a6f4906ceb62bc,https://c7.staticflickr.com/6/5465/17826884019_565f0fb4dc_z.jpg,https://c5.staticflickr.com/6/5465/17826884019_f66e673f53_o.jpg,https://creativecommons.org/licenses/by/2.0/,Blasius Kawalkowski,Tuba love
trombone,Trombone,566c3ee7a0a1d856,https://c4.staticflickr.com/8/7449/8970227111_7d1f70dcdd_z.jpg,https://farm7.staticflickr.com/7449/8970227111_de7979a975_o.jpg,https://creativecommons.org/licenses/by/2.0/,US Embassy Canada,Brass band Credit www.kentuckytourism.com
trombone,Trombone,56a671ac45231217,https://c6.staticflickr.com/1/140/395250315_98641c93a8_z.jpg,https://farm8.staticflickr.com/140/395250315_98641c93a8_o.jpg,https://creativecommons.org/licenses/by/2.0/,Elvert Barnes,51.Hot8.Storm.SFLF.WDC.7jul06
trombone,Trombone,5b9067ad09bfcff6,https://c5.staticflickr.com/8/7393/16419388021_2fc86ebcbd_z.jpg,https://farm7.staticflickr.com/7393/16419388021_71223c3472_o.jpg,https://creativecommons.org/licenses/by/2.0/,bilderheld,hottscheck 2015 - umzug grötzingen
trombone,Trombone,5bb5c07954c50aa9,https://c1.staticflickr.com/3/2002/2218232306_78a06c7bdb_z.jpg?zz=1,https://c2.staticflickr.com/3/2002/2218232306_1eb99d6cbe_o.jpg,https://creativecommons.org/licenses/by/2.0/,christina rutz,Kurt Silver
trombone,Trombone,5e472a96fc329845,https://c2.staticflickr.com/6/5016/5469354413_594e778c37_z.jpg,https://farm6.staticflickr.com/5016/5469354413_55e919494d_o.jpg,https://creativecommons.org/licenses/by/2.0/,Brisbane City Council,Fete de la Musique
trombone,Trombone,6085e04d7beed09a,https://c7.staticflickr.com/4/3283/2306135820_e8c400b799_z.jpg,https://c3.staticflickr.com/4/3283/2306135820_304d1e4cf5_o.jpg,https://creativecommons.org/licenses/by/2.0/,Michael Chen,Bedford Grove Live at SOMA 2.29.08
trombone,Trombone,693add4216f185b5,https://c8.staticflickr.com/4/3723/13529585815_dd2d5fd21b_z.jpg,https://farm6.staticflickr.com/3723/13529585815_ea0121db6a_o.jpg,https://creativecommons.org/licenses/by/2.0/,Shilad Sen,IMG_8401.jpg
trombone,Trombone,6ae7c2fe6b147471,https://c7.staticflickr.com/3/2688/4445710159_8ee4376359_z.jpg,https://farm2.staticflickr.com/2688/4445710159_4804e24eae_o.jpg,https://creativecommons.org/licenses/by/2.0/,Jeremy Whiting,The Reelers
trombone,Trombone,6bf47a5d62845984,https://c3.staticflickr.com/8/7035/6441789315_1a62e424b1_z.jpg,https://farm5.staticflickr.com/7035/6441789315_682f7dc02f_o.jpg,https://creativecommons.org/licenses/by/2.0/,Southern Arkansas University,IMG_8451
trombone,Trombone,6eaf4c0a08ee5f23,https://c1.staticflickr.com/3/2087/2139827002_25d7f494df_z.jpg?zz=1,https://farm4.staticflickr.com/2087/2139827002_915a3017c7_o.jpg,https://creativecommons.org/licenses/by/2.0/,Frank de Kleine,Kurt Weiss on trumpet
trousers,Trousers,0007cebe1b2ba653,https://c5.staticflickr.com/2/1244/677743874_168dcb5ed1_z.jpg,https://farm4.staticflickr.com/1244/677743874_90faf2d8db_o.jpg,https://creativecommons.org/licenses/by/2.0/,raphaelstrada,Untitled
trousers,Trousers,00141571d986d241,https://c2.staticflickr.com/3/2603/3692981083_155492a0ea_z.jpg,https://farm2.staticflickr.com/2603/3692981083_34b1710067_o.jpg,https://creativecommons.org/licenses/by/2.0/,Darij &amp; Ana,Aikido Premantura
trousers,Trousers,014d85b26445629d,https://c6.staticflickr.com/8/7396/10181730734_df0501dd1f_z.jpg,https://c6.staticflickr.com/8/7396/10181730734_54c24a2920_o.jpg,https://creativecommons.org/licenses/by/2.0/,David Amsler,DLA_3998
trousers,Trousers,01877d79c356fad3,https://c1.staticflickr.com/8/7311/12151679383_9ae57698a3_z.jpg,https://farm4.staticflickr.com/7311/12151679383_983a465865_o.jpg,https://creativecommons.org/licenses/by/2.0/,"Lehigh Valley, PA",Some snow tubing fun in Lower Macungie Twp by Joe Tittermary #lehighvalley #iglehighvalley #macungie #pasnowdays #snow #tubing #snowtube #pennsylvania
trousers,Trousers,0305a25d76378afd,https://c4.staticflickr.com/3/2818/10762047184_25ac88b0b3_z.jpg,https://c6.staticflickr.com/3/2818/10762047184_2be9644842_o.jpg,https://creativecommons.org/licenses/by/2.0/,Jamiecat *,Untitled
trousers,Trousers,03b9130b70a5adcf,https://c2.staticflickr.com/2/1158/5165535988_23f986530f_z.jpg,https://c8.staticflickr.com/2/1158/5165535988_68a557994f_o.jpg,https://creativecommons.org/licenses/by/2.0/,alan schoolar,shell
trousers,Trousers,04ccb05e32dc45de,https://c3.staticflickr.com/4/3588/3378003468_7a77319042_z.jpg,https://c7.staticflickr.com/4/3588/3378003468_5ba0e3cbd8_o.jpg,https://creativecommons.org/licenses/by/2.0/,TheMadapple,DSC_6797
trousers,Trousers,08124dbd424269c0,https://c6.staticflickr.com/8/7432/13104268064_705ef0fa54_z.jpg,https://farm1.staticflickr.com/7432/13104268064_f7837480c2_o.jpg,https://creativecommons.org/licenses/by/2.0/,Brian Eager,IMG-20140312-00177 (Kopiraj)
trousers,Trousers,095e241dd6f54e85,https://c6.staticflickr.com/6/5247/5348146753_3b50a5a5c1_z.jpg,https://farm6.staticflickr.com/5247/5348146753_969fec807b_o.jpg,https://creativecommons.org/licenses/by/2.0/,IICD,109_0923
trousers,Trousers,095f5811dda803de,https://c4.staticflickr.com/3/2858/8769220075_4a0ab1db31_z.jpg,https://c7.staticflickr.com/3/2858/8769220075_506a6b97c0_o.jpg,https://creativecommons.org/licenses/by/2.0/,Best Buddies Delaware,i00292
trousers,Trousers,0cc10060985b5867,https://c4.staticflickr.com/9/8469/8114271825_526024db72_z.jpg,https://farm8.staticflickr.com/8469/8114271825_909f740140_o.jpg,https://creativecommons.org/licenses/by/2.0/,marc falardeau,THIS DID NOT END WELL
trousers,Trousers,0dc76550ff7054b3,https://c8.staticflickr.com/5/4011/4455156226_18ea4224ef_z.jpg?zz=1,https://farm4.staticflickr.com/4011/4455156226_459a8dfaf6_o.jpg,https://creativecommons.org/licenses/by/2.0/,Bonnie,Snoot_Boo
trousers,Trousers,106c8de22ed8d1d4,https://c7.staticflickr.com/5/4088/5180240737_362ddf84ff_z.jpg,https://farm5.staticflickr.com/4088/5180240737_5ba329c4b4_o.jpg,https://creativecommons.org/licenses/by/2.0/,docmonstereyes,IMG_7681
trousers,Trousers,122259cbb3d91b12,https://c2.staticflickr.com/1/489/19088921758_f879f971ce_z.jpg,https://farm3.staticflickr.com/489/19088921758_5399c72aa5_o.jpg,https://creativecommons.org/licenses/by/2.0/,photawgrapher,SF Pride 2015
trousers,Trousers,13dcbd465645c47f,https://c1.staticflickr.com/1/117/301105832_486ce5bad3_z.jpg,https://c8.staticflickr.com/1/117/301105832_486ce5bad3_o.jpg,https://creativecommons.org/licenses/by/2.0/,cschaebe,fall 06 076
trousers,Trousers,151ac0754da1da6d,https://c3.staticflickr.com/3/2503/3846734256_3e82751e09_z.jpg,https://c6.staticflickr.com/3/2503/3846734256_12c439ec93_o.jpg,https://creativecommons.org/licenses/by/2.0/,Matt Dinnery,3volution-1243
trousers,Trousers,15a16396c6dd9b84,,https://farm5.staticflickr.com/3689/9509842228_9f060bde0f_o.jpg,https://creativecommons.org/licenses/by/2.0/,阿彬,銀河灰老標
trousers,Trousers,175a0d92de107b8d,https://c2.staticflickr.com/3/2536/4187670572_4db5037bff_z.jpg,https://c6.staticflickr.com/3/2536/4187670572_a8f8d6f952_o.jpg,https://creativecommons.org/licenses/by/2.0/,Tecnalia,Benchmarking Integral sobre Vehículos Híbridos
trousers,Trousers,17bdce788b466989,https://c1.staticflickr.com/4/3114/3166896584_f1248be612_z.jpg,https://c2.staticflickr.com/4/3114/3166896584_9edebd2854_o.jpg,https://creativecommons.org/licenses/by/2.0/,Coralie Ferreira,Christmas holidays-Réveillon 2009-Groningen-
trousers,Trousers,19fc27e700fa10fa,https://c7.staticflickr.com/4/3862/14206284510_4919d8b357_z.jpg,https://c3.staticflickr.com/4/3862/14206284510_c990b2ef5c_o.jpg,https://creativecommons.org/licenses/by/2.0/,Danny Harrison,AlexPettyfer
trousers,Trousers,1addca5b6e7146c2,https://c8.staticflickr.com/8/7192/6991203463_469526d82f_z.jpg,https://farm3.staticflickr.com/7192/6991203463_717ee3b883_o.jpg,https://creativecommons.org/licenses/by/2.0/,Jo,IMG_8440
trousers,Trousers,1c1d02468f634ad1,https://c1.staticflickr.com/6/5239/14166515951_a6180d6d80_z.jpg,https://farm2.staticflickr.com/5239/14166515951_27589285eb_o.jpg,https://creativecommons.org/licenses/by/2.0/,Koprivnica.net,xcm-bicikl-maraton-11-05-2014-_07
trousers,Trousers,1cb6db3c07a7f905,https://c3.staticflickr.com/1/34/133641435_4fc57a3cdf_z.jpg?zz=1,https://farm6.staticflickr.com/34/133641435_4fc57a3cdf_o.jpg,https://creativecommons.org/licenses/by/2.0/,lands,8800
trousers,Trousers,1d6b2c864296ad08,https://c4.staticflickr.com/2/1148/1043881558_df38c81727_z.jpg,https://c1.staticflickr.com/2/1148/1043881558_fc3d5c61a5_o.jpg,https://creativecommons.org/licenses/by/2.0/,Sandra Cohen-Rose and   Colin Rose,Ninja
trousers,Trousers,1d8e4b82ae2b7cf6,https://c4.staticflickr.com/5/4045/4672687844_95cb1e422e_z.jpg,https://farm7.staticflickr.com/4045/4672687844_0f555c53f7_o.jpg,https://creativecommons.org/licenses/by/2.0/,bhaven,"Doggy Dash 2010, Sacramento"
trousers,Trousers,1df42bba81229d7d,https://c3.staticflickr.com/8/7079/7162162987_67e3134fcc_z.jpg,https://c6.staticflickr.com/8/7079/7162162987_1c23e1777f_o.jpg,https://creativecommons.org/licenses/by/2.0/,Jorge Mejía peralta,IMG_1216
trousers,Trousers,1f7588d27ea9a464,https://c3.staticflickr.com/4/3956/15371413528_932bfc87cb_z.jpg,https://farm5.staticflickr.com/3956/15371413528_5571090b42_o.jpg,https://creativecommons.org/licenses/by/2.0/,Angie Stalker,10_17_andy babyface_8
trousers,Trousers,2087eb03c03deffd,https://c6.staticflickr.com/5/4132/4837977599_79964980ae_z.jpg,https://c6.staticflickr.com/5/4132/4837977599_42b80eac64_o.jpg,https://creativecommons.org/licenses/by/2.0/,Rosmarie Voegtli,headstand for dailyshoot
trousers,Trousers,211c8b4916e8de1a,https://c7.staticflickr.com/3/2366/2393576898_0de69e025e_z.jpg?zz=1,https://c3.staticflickr.com/3/2366/2393576898_0531284a89_o.jpg,https://creativecommons.org/licenses/by/2.0/,Tim Pierce,Mosaic common house
trousers,Trousers,21d49b0df09b3757,https://c4.staticflickr.com/5/4120/4831124494_a544971c95_z.jpg,https://farm8.staticflickr.com/4120/4831124494_607bf57a68_o.jpg,https://creativecommons.org/licenses/by/2.0/,jeffowenphotos,002 Ben & Christina
trousers,Trousers,23a41085bee808f6,https://c2.staticflickr.com/8/7249/7571494232_8032ed399c_z.jpg,https://farm7.staticflickr.com/7249/7571494232_c83da8a814_o.jpg,https://creativecommons.org/licenses/by/2.0/,TightsFetishPhotographer,19
trousers,Trousers,263784cf4057af29,https://c5.staticflickr.com/8/7642/16681146558_a64b0255e6_z.jpg,https://c2.staticflickr.com/8/7642/16681146558_dece5cd975_o.jpg,https://creativecommons.org/licenses/by/2.0/,iClassical Com,Franz And Karl Doppler Con Bravura Walter Auer Tudor
trousers,Trousers,265381766864e489,https://c1.staticflickr.com/8/7464/15495710159_c2b19745e1_z.jpg,https://c2.staticflickr.com/8/7464/15495710159_82731a39da_o.jpg,https://creativecommons.org/licenses/by/2.0/,fourway333,h run 6
trousers,Trousers,2bb371dc7d9c1509,https://c8.staticflickr.com/1/22/34171498_1cd844c5e6_z.jpg?zz=1,https://c2.staticflickr.com/1/22/34171498_1cd844c5e6_o.jpg,https://creativecommons.org/licenses/by/2.0/,jbraine,pheonix park
trousers,Trousers,2c359fcd7c83a987,https://c8.staticflickr.com/9/8610/15396068094_cd19779fe0_z.jpg,https://farm8.staticflickr.com/8610/15396068094_e70bf717f4_o.jpg,https://creativecommons.org/licenses/by/2.0/,John Benson,Construction zone
trousers,Trousers,2c8cb404d5678be2,https://c3.staticflickr.com/1/228/474039787_a71e891883_z.jpg,https://farm3.staticflickr.com/228/474039787_6fff52d24a_o.jpg,https://creativecommons.org/licenses/by/2.0/,Ryan,Woofstock-0058
trousers,Trousers,2c96565a49ec903c,https://c1.staticflickr.com/1/476/19720477736_7398e5b005_z.jpg,https://c5.staticflickr.com/1/476/19720477736_74c8fb2dd2_o.jpg,https://creativecommons.org/licenses/by/2.0/,Hiltibold,Thorsberg-Hose und Wadenwickel -- Thorsberg Trousers and Leg Wrap
trousers,Trousers,2dd05a7ffa09c95d,https://c4.staticflickr.com/6/5259/5424896625_c4d45eb32f_z.jpg,https://c6.staticflickr.com/6/5259/5424896625_9b6e9c1e79_o.jpg,https://creativecommons.org/licenses/by/2.0/,Icemoon,Kym Ng
trousers,Trousers,306a0d0ece3a7f96,https://c5.staticflickr.com/6/5219/5469447001_0086d968bf_z.jpg,https://farm7.staticflickr.com/5219/5469447001_615d510070_o.jpg,https://creativecommons.org/licenses/by/2.0/,Simon Yeo,20110222_MBuble_101
trousers,Trousers,309132ed1ba67786,https://c5.staticflickr.com/2/1224/1278889947_f035a2266e_z.jpg,https://farm7.staticflickr.com/1224/1278889947_940386a473_o.jpg,https://creativecommons.org/licenses/by/2.0/,John Johnston,strrreeeeetch
trousers,Trousers,30ace30967aca271,https://c4.staticflickr.com/8/7410/16448728051_c6efa09d94_z.jpg,https://farm2.staticflickr.com/7410/16448728051_8b19378b2f_o.jpg,https://creativecommons.org/licenses/by/2.0/,Wes Schaeffer,Wes UAE Weather Photo
trousers,Trousers,31acdd5035bc2b0f,https://c5.staticflickr.com/5/4069/5128675957_e58a3610bb_z.jpg,https://c8.staticflickr.com/5/4069/5128675957_d3713d9161_o.jpg,https://creativecommons.org/licenses/by/2.0/,Michael Beat,Looping in Galauniform
trousers,Trousers,31b2fbf65d04dc2a,https://c2.staticflickr.com/6/5241/5225849825_d381a8156e_z.jpg,https://c3.staticflickr.com/6/5241/5225849825_6cdf9871b5_o.jpg,https://creativecommons.org/licenses/by/2.0/,RIGHT TO HEALTH,Tanzania
trousers,Trousers,3239ff0116dadc1d,https://c8.staticflickr.com/1/140/369781792_f29470a827_z.jpg,https://c6.staticflickr.com/1/140/369781792_f29470a827_o.jpg,https://creativecommons.org/licenses/by/2.0/,Marcy Schrum,DSC_0055
trousers,Trousers,32a2f5fa5e068668,https://c8.staticflickr.com/6/5259/13999452224_6878dc8626_z.jpg,https://c1.staticflickr.com/6/5259/13999452224_b285c2fd91_o.jpg,https://creativecommons.org/licenses/by/2.0/,Kyle Taylor,20140423_An Audience with Nick Clegg_6703
trousers,Trousers,337a60c292ee663d,https://c1.staticflickr.com/3/2618/3810901164_ea0fc5640a_z.jpg,https://c6.staticflickr.com/3/2618/3810901164_e33e4ba2ab_o.jpg,https://creativecommons.org/licenses/by/2.0/,Zoe,Dark Meat
trousers,Trousers,3494ea11e9f03461,https://c2.staticflickr.com/4/3015/2346061109_5aed488dbb_z.jpg,https://farm2.staticflickr.com/3015/2346061109_986a3fb65d_o.jpg,https://creativecommons.org/licenses/by/2.0/,Tesla Aldrich,Feetses
trousers,Trousers,36fff9dc1c7787a0,https://c5.staticflickr.com/3/2444/4058522166_ff77746f54_z.jpg,https://farm1.staticflickr.com/2444/4058522166_50d1ba598a_o.jpg,https://creativecommons.org/licenses/by/2.0/,Reztart mellanmål och kostkomplement,Löparhjältinna
trousers,Trousers,370b58c2b57270f8,https://c4.staticflickr.com/3/2916/14439007577_4083fb297f_z.jpg,https://c1.staticflickr.com/3/2916/14439007577_d716b77d3a_o.jpg,https://creativecommons.org/licenses/by/2.0/,Andrew Toskin,alpenflage pants - front
trousers,Trousers,39cb91ecdf72552c,https://c1.staticflickr.com/6/5121/5304898652_c2f10a1a36_z.jpg,https://c5.staticflickr.com/6/5121/5304898652_ab9fcfef67_o.jpg,https://creativecommons.org/licenses/by/2.0/,Lindsay,loading up our catch
trumpet,Trumpet,07080581c9f69bf9,https://c6.staticflickr.com/8/7247/7018521703_9c19098dd5_z.jpg,https://c2.staticflickr.com/8/7247/7018521703_3532f328c2_o.jpg,https://creativecommons.org/licenses/by/2.0/,University of Michigan Library,BoSchem Book Event.10.01[24]
trumpet,Trumpet,0737fd0c1d110dd7,https://c8.staticflickr.com/8/7009/6552493327_2eaba04b12_z.jpg,https://farm8.staticflickr.com/7009/6552493327_41775f4d4e_o.jpg,https://creativecommons.org/licenses/by/2.0/,Steven Polunsky,Oompah
trumpet,Trumpet,0d03c760fe72ad6e,https://c3.staticflickr.com/7/6065/6042387819_6bc5b469d4_z.jpg,https://c7.staticflickr.com/7/6065/6042387819_2f15078114_o.jpg,https://creativecommons.org/licenses/by/2.0/,Paulo Philippidis,Trombone Shorty in Black and White
trumpet,Trumpet,0da0a5ef8f9d2864,https://c7.staticflickr.com/4/3848/14794469701_e60ca5b052_z.jpg,https://farm5.staticflickr.com/3848/14794469701_0c9eb60877_o.jpg,https://creativecommons.org/licenses/by/2.0/,Lost in Paradise,31 July 2014 - Brass
trumpet,Trumpet,0ee147db8a6b3908,https://c2.staticflickr.com/4/3346/4577037336_1aa493d80c_z.jpg,https://c1.staticflickr.com/4/3346/4577037336_4783f189d8_o.jpg,https://creativecommons.org/licenses/by/2.0/,Alan Turkus,Horn Player
trumpet,Trumpet,153583478203b1f5,https://c4.staticflickr.com/5/4063/4431448253_51d55ae3cc_z.jpg,https://farm6.staticflickr.com/4063/4431448253_b89a285b62_o.jpg,https://creativecommons.org/licenses/by/2.0/,Parker Knight,Killsonic at Art Cycle: Two - 034
trumpet,Trumpet,1580caef8efed517,https://c1.staticflickr.com/4/3720/9202606673_93b32f9eca_z.jpg,https://farm8.staticflickr.com/3720/9202606673_8d9525bf2c_o.jpg,https://creativecommons.org/licenses/by/2.0/,Zaneology,Zane Aveton shared an Instagram video with you
trumpet,Trumpet,1a0266562c141372,https://c8.staticflickr.com/8/7114/7419754088_902beb762b_z.jpg,https://farm3.staticflickr.com/7114/7419754088_4a94b50e8d_o.jpg,https://creativecommons.org/licenses/by/2.0/,Guy Evans,10 MFY National Festival
trumpet,Trumpet,1e9c75745b953123,https://c2.staticflickr.com/4/3136/2900924158_4ceeb8b793_z.jpg,https://farm4.staticflickr.com/3136/2900924158_996b21b913_o.jpg,https://creativecommons.org/licenses/by/2.0/,Jeff Pearce,IMG_1328
trumpet,Trumpet,265e15615b4b4609,https://c4.staticflickr.com/4/3600/3456523863_8584770ef4_z.jpg?zz=1,https://c2.staticflickr.com/4/3600/3456523863_8037cf6326_o.jpg,https://creativecommons.org/licenses/by/2.0/,Riza Nugraha,The Sax
trumpet,Trumpet,39e4acb40468e7e9,https://c8.staticflickr.com/5/4092/5069653943_115e8f276c_z.jpg,https://c2.staticflickr.com/5/4092/5069653943_e176fba2a2_o.jpg,https://creativecommons.org/licenses/by/2.0/,John Martinez Pavliga,IMG_5182
trumpet,Trumpet,3cf84110ea52ff43,https://c3.staticflickr.com/5/4122/4934969389_5e43810b78_z.jpg,https://farm4.staticflickr.com/4122/4934969389_1bb9f8a069_o.jpg,https://creativecommons.org/licenses/by/2.0/,Pete Birkinshaw,Big Long Slidey Thing
trumpet,Trumpet,3d42dd0fca5505cf,https://c6.staticflickr.com/4/3102/3456264761_8842ca464f_z.jpg,https://c8.staticflickr.com/4/3102/3456264761_afb2c4001e_o.jpg,https://creativecommons.org/licenses/by/2.0/,Carl Lender,BLUES therapy & JAZZ
trumpet,Trumpet,3ecc39c24fe3d233,https://c3.staticflickr.com/5/4125/4981817291_628a2f38c6_z.jpg,https://farm4.staticflickr.com/4125/4981817291_354a69d57d_o.jpg,https://creativecommons.org/licenses/by/2.0/,Swedish Pavilion at Shanghai Expo 2010,Moments of the week: September 6-12
trumpet,Trumpet,408209a5977369e8,https://c8.staticflickr.com/4/3250/2688624153_c81229c9af_z.jpg,https://c1.staticflickr.com/4/3250/2688624153_c37691fbe3_o.jpg,https://creativecommons.org/licenses/by/2.0/,David Schwartz,Bennie Cowan
trumpet,Trumpet,66eddf2f8a13cd4f,https://c2.staticflickr.com/7/6230/6319694816_eb25a566c9_z.jpg,https://c8.staticflickr.com/7/6230/6319694816_27298c1f68_o.jpg,https://creativecommons.org/licenses/by/2.0/,"Jim, the Photographer","Bruce Broughton (b. 1945): Tuba Concerto Number 3, Opus 26 - Tyler Schwirian, Tuba"
trumpet,Trumpet,7479c8ce01d03461,https://c7.staticflickr.com/8/7556/15775127838_02eea77ef2_z.jpg,https://farm2.staticflickr.com/7556/15775127838_ce3637251c_o.jpg,https://creativecommons.org/licenses/by/2.0/,Steve  Bowbrick,Borehamwood Brass
trumpet,Trumpet,76311a46f66afe0b,https://c3.staticflickr.com/6/5067/5744341697_c1185fae45_z.jpg,https://c4.staticflickr.com/6/5067/5744341697_d79004b1a3_o.jpg,https://creativecommons.org/licenses/by/2.0/,"Eden, Janine and Jim",Medgar Evers College Prep Marching Band
trumpet,Trumpet,8990927c8bbdf344,https://c6.staticflickr.com/6/5216/5481555014_8c7609446b_z.jpg,https://farm5.staticflickr.com/5216/5481555014_aa486bc1b2_o.jpg,https://creativecommons.org/licenses/by/2.0/,Calzaverini,DSC_9583
trumpet,Trumpet,899d7a4efa15f5e0,https://c4.staticflickr.com/8/7143/6715953991_d901d80533_z.jpg,https://farm1.staticflickr.com/7143/6715953991_68e0e33c34_o.jpg,https://creativecommons.org/licenses/by/2.0/,justkids,music
trumpet,Trumpet,89a7c15bcd91ffb0,https://c4.staticflickr.com/4/3238/2488290447_76217e318a_z.jpg,https://farm1.staticflickr.com/3238/2488290447_b8cbe45c36_o.jpg,https://creativecommons.org/licenses/by/2.0/,Thibaut Nazare,dimanche_soir-13
trumpet,Trumpet,8dd1ea08c74ef09f,https://c6.staticflickr.com/9/8732/16346908843_e833d05596_z.jpg,https://c8.staticflickr.com/9/8732/16346908843_2a88925558_o.jpg,https://creativecommons.org/licenses/by/2.0/,parishstonystratfordcalverton,MK Music Co-op 1st Anniversary
trumpet,Trumpet,90a423ce751789aa,https://c4.staticflickr.com/4/3571/3524213535_7cae0d2cf0_z.jpg,https://c3.staticflickr.com/4/3571/3524213535_7a52303e14_o.jpg,https://creativecommons.org/licenses/by/2.0/,Bob Doran,tuba greggmoore bobdoran
trumpet,Trumpet,90aad58646d55547,https://c1.staticflickr.com/9/8355/8344025235_7a44bd52d6_z.jpg,https://farm8.staticflickr.com/8355/8344025235_815612f0a4_o.jpg,https://creativecommons.org/licenses/by/2.0/,Serge Saint,1301_Daypic_031
trumpet,Trumpet,9786df18af0b4136,https://c1.staticflickr.com/6/5076/7214830384_158d3718ca_z.jpg,https://farm7.staticflickr.com/5076/7214830384_85a475d2b6_o.jpg,https://creativecommons.org/licenses/by/2.0/,"Cooperation Afloat Readiness and Training (CARAT) Commander, Logistics Group Western Pacific",120517-N-NJ145-062
trumpet,Trumpet,b0ec23cba3d14bf1,https://c3.staticflickr.com/1/67/197123631_bc7afc89bb_z.jpg,https://farm2.staticflickr.com/67/197123631_bc7afc89bb_o.jpg,https://creativecommons.org/licenses/by/2.0/,Jordan Fischer,the claim has been resolved
trumpet,Trumpet,bbeabc21ed4956b4,https://c7.staticflickr.com/6/5223/5759831528_edb2142fbf_z.jpg,https://farm5.staticflickr.com/5223/5759831528_9eea831823_o.jpg,https://creativecommons.org/licenses/by/2.0/,Oliviero Di Lauro,"Georg Weisbrodt (Trombone, Sixtyfive Cadillac)"
trumpet,Trumpet,c954e893651c90ba,https://c2.staticflickr.com/2/1190/860319256_8ac9136c80_z.jpg,https://c3.staticflickr.com/2/1190/860319256_7a3b1452e0_o.jpg,https://creativecommons.org/licenses/by/2.0/,Kris Duda,"Czorny kot, bioły kot"
trumpet,Trumpet,cfe604ed92fd4229,https://c3.staticflickr.com/4/3075/2300906830_2bb6b5b44d_z.jpg,https://c2.staticflickr.com/4/3075/2300906830_713f448305_o.jpg,https://creativecommons.org/licenses/by/2.0/,René Speur,037 orkest Basie: Sonny Cohn
trumpet,Trumpet,d199144d2c868f25,https://c8.staticflickr.com/6/5251/5530772288_fbf4dd1b9c_z.jpg,https://farm6.staticflickr.com/5251/5530772288_f732853172_o.jpg,https://creativecommons.org/licenses/by/2.0/,Andy Newcombe,HMS President
trumpet,Trumpet,d4ae3e29c754751c,https://c2.staticflickr.com/3/2560/3800718914_c3088453f4_z.jpg,https://c5.staticflickr.com/3/2560/3800718914_2e2ba6551d_o.jpg,https://creativecommons.org/licenses/by/2.0/,Timothy Tolle,killsonic subway tour (29 of 54)
trumpet,Trumpet,da046aa4e3a9b0c9,https://c6.staticflickr.com/8/7002/6685062803_045f8c2ff6_z.jpg,https://c2.staticflickr.com/8/7002/6685062803_5b340f4ce5_o.jpg,https://creativecommons.org/licenses/by/2.0/,tom.beetz,Giovanni Falzone
trumpet,Trumpet,e2a1f26b82dcb59d,https://c6.staticflickr.com/2/1312/942003145_ebdb722dc8_z.jpg,https://c6.staticflickr.com/2/1312/942003145_f39cf4337d_o.jpg,https://creativecommons.org/licenses/by/2.0/,Mundimages,Craig Harris
trumpet,Trumpet,ed073ecae60a50e8,https://c6.staticflickr.com/8/7111/7564442504_09b944cfca_z.jpg,https://c1.staticflickr.com/8/7111/7564442504_37e37963fd_o.jpg,https://creativecommons.org/licenses/by/2.0/,Salvation Army USA West,Southern California Division - Jr. Music Camp 2012
trumpet,Trumpet,f0dc64b299b34506,https://c8.staticflickr.com/8/7099/7299236050_9021e8334a_z.jpg,https://farm7.staticflickr.com/7099/7299236050_3629d43f97_o.jpg,https://creativecommons.org/licenses/by/2.0/,Kentucky National Guard Public Affairs Office,202nd Army Band No Finer Calling 201205-17
trumpet,Trumpet,fb71b085f783c008,https://c8.staticflickr.com/1/168/406359842_5e8c588538_z.jpg,https://c1.staticflickr.com/1/168/406359842_90d6e6e377_o.jpg,https://creativecommons.org/licenses/by/2.0/,Kathy,French Horn
trumpet,Trumpet,fc7d75c5b3cf21f5,https://c3.staticflickr.com/5/4153/5099755716_493cf43119_z.jpg,https://farm6.staticflickr.com/4153/5099755716_a71d77ce7b_o.jpg,https://creativecommons.org/licenses/by/2.0/,zernpres2,StantonDavis1
trumpet,Trumpet,ffb2640fb0b5a865,https://c8.staticflickr.com/3/2147/2620756490_a230fa46ab_z.jpg,https://farm6.staticflickr.com/2147/2620756490_2ae6a0045f_o.jpg,https://creativecommons.org/licenses/by/2.0/,dierk schaefer,posaunentag in ulm
trumpet,Trumpet,00f2cc44022bad7d,https://c7.staticflickr.com/8/7356/10288390003_def1c6bfd4_z.jpg,https://c6.staticflickr.com/8/7356/10288390003_f810ce4125_o.jpg,https://creativecommons.org/licenses/by/2.0/,alainalele,NJP nancy jazz pulsations
trumpet,Trumpet,017b53ce8a08dc77,https://c3.staticflickr.com/4/3575/3432121797_03593e00ac_z.jpg,https://farm8.staticflickr.com/3575/3432121797_b5bc5d3c4e_o.jpg,https://creativecommons.org/licenses/by/2.0/,Justin Brockie,090411 Trumpets (3)
trumpet,Trumpet,01fd1c44417618cf,https://c2.staticflickr.com/8/7599/16813218930_a653625683_z.jpg,https://c8.staticflickr.com/8/7599/16813218930_36f979848c_o.jpg,https://creativecommons.org/licenses/by/2.0/,The United States Army Band,_CMB4059
trumpet,Trumpet,027b59daf7d1f4a1,https://c8.staticflickr.com/8/7418/16208746738_5b0d66ba55_z.jpg,https://farm2.staticflickr.com/7418/16208746738_0664857f3d_o.jpg,https://creativecommons.org/licenses/by/2.0/,The United States Army Band,_CMB2876
trumpet,Trumpet,06c2bd3083b46f1e,https://c5.staticflickr.com/1/267/19127519389_8688c65f3f_z.jpg,https://c7.staticflickr.com/1/267/19127519389_b1b9aa4687_o.jpg,https://creativecommons.org/licenses/by/2.0/,Hammerin Man,I don't wanna toot my own horn... but &quot;toot toot&quot;
trumpet,Trumpet,078c4e9914ad77e2,https://c8.staticflickr.com/1/105/253189386_3ca2e45be0_z.jpg,https://farm3.staticflickr.com/105/253189386_3ca2e45be0_o.jpg,https://creativecommons.org/licenses/by/2.0/,Geert Schneider,Pierre Viana
trumpet,Trumpet,07db602c2689c563,https://c8.staticflickr.com/1/67/217720798_dbc39feda4_z.jpg,https://farm4.staticflickr.com/67/217720798_dbc39feda4_o.jpg,https://creativecommons.org/licenses/by/2.0/,Paul Kehrer,IMG_0647.JPG
trumpet,Trumpet,12c4537e10e0f1f3,https://c2.staticflickr.com/7/6224/6292898868_b63bdb81c2_z.jpg,https://farm4.staticflickr.com/6224/6292898868_31e7bdae7d_o.jpg,https://creativecommons.org/licenses/by/2.0/,**AB**,Arthur Flink @ Bimhuis
trumpet,Trumpet,159340ffac744194,https://c2.staticflickr.com/6/5163/5264795662_05071fdc72_z.jpg,https://farm5.staticflickr.com/5163/5264795662_1852cbd04b_o.jpg,https://creativecommons.org/licenses/by/2.0/,Fotos GOVBA,"Fabrício Dalla Vecchia,trombonista"
trumpet,Trumpet,1caa4c7e76d166b3,https://c6.staticflickr.com/3/2838/9052443658_ca5de3ce39_z.jpg,https://farm4.staticflickr.com/2838/9052443658_8c9829ceef_o.jpg,https://creativecommons.org/licenses/by/2.0/,Marco Lima,SAM_2661_
trumpet,Trumpet,1d672a23c2d0b69c,https://c8.staticflickr.com/5/4091/5111686959_392c8cc9b2_z.jpg,https://c5.staticflickr.com/5/4091/5111686959_f733e2612a_o.jpg,https://creativecommons.org/licenses/by/2.0/,Ana,Brooklinfest 2010
trumpet,Trumpet,23d340f693e52ca2,https://c8.staticflickr.com/5/4105/4988469522_032b0d8cee_z.jpg,https://farm3.staticflickr.com/4105/4988469522_b3e318f146_o.jpg,https://creativecommons.org/licenses/by/2.0/,Adam Bowie,Thames Festival 2010-16
turkey,Turkey,147ec0c28828bd0a,https://c3.staticflickr.com/6/5605/15582293605_0cd590bbfb_z.jpg,https://c3.staticflickr.com/6/5605/15582293605_f2a8b0baa0_o.jpg,https://creativecommons.org/licenses/by/2.0/,Dale Goodwin,IMG_0424-001
turkey,Turkey,241e3d699f832f71,https://c1.staticflickr.com/7/6201/6023287706_97f8619878_z.jpg,https://farm2.staticflickr.com/6201/6023287706_9cda27062c_o.jpg,https://creativecommons.org/licenses/by/2.0/,Nacim Bouchtia,BuxtonFarms-8
turkey,Turkey,3b902f562829a11b,https://c8.staticflickr.com/8/7021/6556781057_7fbc933f72_z.jpg,https://c4.staticflickr.com/8/7021/6556781057_aa82e48afc_o.jpg,https://creativecommons.org/licenses/by/2.0/,Mercy For Animals MFA,Butterball Abuse 12
turkey,Turkey,3cb44b8e27352d05,https://c5.staticflickr.com/1/2/2449674_f645d56458_z.jpg,https://farm6.staticflickr.com/2/2449674_f645d56458_o.jpg,https://creativecommons.org/licenses/by/2.0/,Hey Paul,Turkey Head Shot
turkey,Turkey,462763091a23ce49,https://c2.staticflickr.com/7/6103/6239313239_435f664e24_z.jpg,https://c2.staticflickr.com/7/6103/6239313239_c9d6fb8c12_o.jpg,https://creativecommons.org/licenses/by/2.0/,Dan Forg,IMG_0270
turkey,Turkey,48ab804c19536702,https://c8.staticflickr.com/2/1121/817246936_ddba8fb0ba_z.jpg,https://farm3.staticflickr.com/1121/817246936_9d11629ce5_o.jpg,https://creativecommons.org/licenses/by/2.0/,Pixel Addict,Untitled
turkey,Turkey,497a4e32b5aeb41d,https://c7.staticflickr.com/9/8492/8339042934_c21014962c_z.jpg,https://c6.staticflickr.com/9/8492/8339042934_d0c572b063_o.jpg,https://creativecommons.org/licenses/by/2.0/,Gabriel González,Untitled
turkey,Turkey,55d5356a542a841d,https://c4.staticflickr.com/3/2426/3626596814_9ba6622e27_z.jpg,https://c6.staticflickr.com/3/2426/3626596814_3e334364df_o.jpg,https://creativecommons.org/licenses/by/2.0/,Aske Holst,Turkey Portrait
turkey,Turkey,5caf44b69c9472d9,https://c6.staticflickr.com/9/8325/8095581902_36078b387f_z.jpg,https://c2.staticflickr.com/9/8325/8095581902_dfa4f2a142_o.jpg,https://creativecommons.org/licenses/by/2.0/,Lorena Cupcake,image.jpeg
turkey,Turkey,84569a32d71dc720,https://c5.staticflickr.com/4/3893/14869485010_f62e16d58a_z.jpg,https://farm1.staticflickr.com/3893/14869485010_e064f4667c_o.jpg,https://creativecommons.org/licenses/by/2.0/,Fran Villena,Breitenfelde 2014-164.jpg
turkey,Turkey,a49fa34a20c6ea6c,https://c2.staticflickr.com/9/8833/17109834113_a17598a17d_z.jpg,https://c5.staticflickr.com/9/8833/17109834113_c6b6630cdc_o.jpg,https://creativecommons.org/licenses/by/2.0/,Tom Hannigan,Turkey Time
turkey,Turkey,bb62179c0bb537b6,https://c1.staticflickr.com/8/7288/8741132009_33c82781b2_z.jpg,https://farm7.staticflickr.com/7288/8741132009_1aacfe96c5_o.jpg,https://creativecommons.org/licenses/by/2.0/,johnrosner,TurkeyGob_5950
turkey,Turkey,c58a2a97b59c9d54,https://c7.staticflickr.com/4/3112/3250508333_83f6f3325c_z.jpg,https://farm5.staticflickr.com/3112/3250508333_a98cab13fc_o.jpg,https://creativecommons.org/licenses/by/2.0/,Dawn Huczek,doing the turkey trot
turkey,Turkey,c79e422551c56a8e,https://c8.staticflickr.com/6/5004/5207094759_4b8501ce36_z.jpg,https://c7.staticflickr.com/6/5004/5207094759_df6ccd6529_o.jpg,https://creativecommons.org/licenses/by/2.0/,Cynthia Closkey,Dinner is resting
turkey,Turkey,d3bb3abcc802d041,https://c3.staticflickr.com/6/5165/5209379932_3471f23b21_z.jpg,https://farm2.staticflickr.com/5165/5209379932_2a480ed2e6_o.jpg,https://creativecommons.org/licenses/by/2.0/,Steve,DSCF1007
turkey,Turkey,d5e6795afde9b260,https://c4.staticflickr.com/1/129/334658618_982b99a15f_z.jpg,https://farm1.staticflickr.com/129/334658618_982b99a15f_o.jpg,https://creativecommons.org/licenses/by/2.0/,Jeremy Keith,Roast chicken
turkey,Turkey,e3ef758d52343111,https://c6.staticflickr.com/8/7257/7657677604_fa1696a9d1_z.jpg,https://farm2.staticflickr.com/7257/7657677604_1b99e2e7c3_o.jpg,https://creativecommons.org/licenses/by/2.0/,Rennett Stowe,Wild Turkey
turkey,Turkey,e69b297ea2407406,https://c4.staticflickr.com/9/8690/16797089138_3e260b6844_z.jpg,https://farm7.staticflickr.com/8690/16797089138_9774dd5d4c_o.jpg,https://creativecommons.org/licenses/by/2.0/,Paul VanDerWerf,Shake A Tail Feather
turkey,Turkey,fc2b0d25e48249ce,https://c2.staticflickr.com/1/1/101651_a13ce133b7_z.jpg?zz=1,https://c7.staticflickr.com/1/1/101651_a13ce133b7_o.jpg,https://creativecommons.org/licenses/by/2.0/,Isaac Wedin,Beer can chicken
turkey,Turkey,03610c1b5000066d,https://c5.staticflickr.com/3/2815/10735268706_dff6a98820_z.jpg,https://c6.staticflickr.com/3/2815/10735268706_810520da0d_o.jpg,https://creativecommons.org/licenses/by/2.0/,David Lochlin,Australian Brush-turkey - Alectura lathami
turkey,Turkey,0650a130d7f707b5,https://c3.staticflickr.com/4/3262/3134445978_eb977b29ff_z.jpg,https://farm6.staticflickr.com/3262/3134445978_338ffb2178_o.jpg,https://creativecommons.org/licenses/by/2.0/,Thomas Kriese,IMG_1675.JPG
turkey,Turkey,0a3cf18c620e6a88,https://c6.staticflickr.com/9/8735/16704496167_aeaee9c735_z.jpg,https://c1.staticflickr.com/9/8735/16704496167_7526d2718f_o.jpg,https://creativecommons.org/licenses/by/2.0/,Travis Wise,Turkey
turkey,Turkey,2358d283a2a6eed1,https://c1.staticflickr.com/4/3925/14651551254_433ab9f865_z.jpg,https://farm2.staticflickr.com/3925/14651551254_2f7e02bcdd_o.jpg,https://creativecommons.org/licenses/by/2.0/,kristin klein,Gobble gobble . . .
turkey,Turkey,24f40361fb4211ea,https://c8.staticflickr.com/9/8247/8662612538_3bcd2f3b0a_z.jpg,https://c3.staticflickr.com/9/8247/8662612538_2a046ca671_o.jpg,https://creativecommons.org/licenses/by/2.0/,CheepShot,Wild Turkey
turkey,Turkey,25e713eff4c108fd,https://c8.staticflickr.com/4/3360/3601494254_78c1e8aab0_z.jpg?zz=1,https://c6.staticflickr.com/4/3360/3601494254_d8bcc135a9_o.jpg,https://creativecommons.org/licenses/by/2.0/,Dhruvaraj S,Grey Francolin  Grey Partridge - Francolinus pondicerianus
turkey,Turkey,2a5b5269d5ea86f6,https://c4.staticflickr.com/7/6238/6275243384_b6eb645ca9_z.jpg,https://farm7.staticflickr.com/6238/6275243384_87f258f8c1_o.jpg,https://creativecommons.org/licenses/by/2.0/,Kathy &amp; sam,Wild Turkey
turkey,Turkey,2eb806ea6284ca7a,https://c1.staticflickr.com/8/7145/6599551311_7457dfaff0_z.jpg,https://c3.staticflickr.com/8/7145/6599551311_4afa756cf7_o.jpg,https://creativecommons.org/licenses/by/2.0/,Michael Button,Xmas 2011
turkey,Turkey,2f9d7db0b288fb7b,https://c4.staticflickr.com/9/8815/17344237212_8a359b9a3e_z.jpg,https://c4.staticflickr.com/9/8815/17344237212_53e0d25da6_o.jpg,https://creativecommons.org/licenses/by/2.0/,Tim Schofield,Turkey
turkey,Turkey,30b7d6db8a771840,https://c1.staticflickr.com/8/7186/13609866043_0afd1c2f90_z.jpg,https://farm1.staticflickr.com/7186/13609866043_81467e9b52_o.jpg,https://creativecommons.org/licenses/by/2.0/,Tomi Knuutila,Untitled
turkey,Turkey,314ec2e38b8c725f,https://c3.staticflickr.com/7/6005/5966486885_f6f3a32630_z.jpg,https://c8.staticflickr.com/7/6005/5966486885_1aaf2b0e25_o.jpg,https://creativecommons.org/licenses/by/2.0/,Hasitha Tudugalle,Turkey
turkey,Turkey,332140594154811c,https://c4.staticflickr.com/1/21/25900863_28d149f592_z.jpg?zz=1,https://c5.staticflickr.com/1/21/25900863_28d149f592_o.jpg,https://creativecommons.org/licenses/by/2.0/,bettyx1138,Guinea Foul
turkey,Turkey,38c330887d291831,https://c7.staticflickr.com/7/6216/6395351667_b9045106ca_z.jpg,https://farm2.staticflickr.com/6216/6395351667_de30f44cf7_o.jpg,https://creativecommons.org/licenses/by/2.0/,Samantha Cristoforetti,Thanksgiving Turkey in Star City
turkey,Turkey,3bb3e224dbbcf1e1,https://c1.staticflickr.com/6/5304/5805588331_bbe5c2fc94_z.jpg,https://farm2.staticflickr.com/5304/5805588331_25b9065894_o.jpg,https://creativecommons.org/licenses/by/2.0/,Ken McMillan,Tom the Turkey 5
turkey,Turkey,3d9a01738500589d,https://c1.staticflickr.com/9/8203/8210351914_8444b0136e_z.jpg,https://c6.staticflickr.com/9/8203/8210351914_5e804ea556_o.jpg,https://creativecommons.org/licenses/by/2.0/,Kim Knoch,Roasted pastured turkey
turkey,Turkey,424630a25dc4373f,https://c2.staticflickr.com/9/8183/8103003768_846209f287_z.jpg,https://c8.staticflickr.com/9/8183/8103003768_053c798da2_o.jpg,https://creativecommons.org/licenses/by/2.0/,Ben Sutherland,DSC08638
turkey,Turkey,4631bc67b2c4d160,https://c6.staticflickr.com/5/4091/5032364098_23c21ac4db_z.jpg,https://farm1.staticflickr.com/4091/5032364098_489b092eb5_o.jpg,https://creativecommons.org/licenses/by/2.0/,NatureFramingham,Turkey Coast Guard Beach
turkey,Turkey,49d4ac5fd77932f5,https://c1.staticflickr.com/1/28/46002269_8b5b747dea_z.jpg,https://farm6.staticflickr.com/28/46002269_8b5b747dea_o.jpg,https://creativecommons.org/licenses/by/2.0/,jeniphur99,Tom Turkey RS
turkey,Turkey,4b4efc3d97d6d878,https://c5.staticflickr.com/4/3578/3648133384_7200575f0f_z.jpg,https://c1.staticflickr.com/4/3578/3648133384_48895030ea_o.jpg,https://creativecommons.org/licenses/by/2.0/,Erik Fitzpatrick,chickens above
turkey,Turkey,50e6c341e755c0ca,https://c2.staticflickr.com/4/3014/2512009759_5f3cafc36b_z.jpg,https://c3.staticflickr.com/4/3014/2512009759_0f0a18e0ec_o.jpg,https://creativecommons.org/licenses/by/2.0/,frankieleon,Kentucky's Favorite: Wild Turkey
turkey,Turkey,513e252434fffa27,https://c2.staticflickr.com/4/3718/9285516350_8f6b95dd10_z.jpg,https://farm8.staticflickr.com/3718/9285516350_dcfb4b5c95_o.jpg,https://creativecommons.org/licenses/by/2.0/,lin padgham,P1010601
turkey,Turkey,54281d353cad6bb5,https://c3.staticflickr.com/5/4009/4658511032_1aaa8bd6b0_z.jpg,https://farm6.staticflickr.com/4009/4658511032_a24868907d_o.jpg,https://creativecommons.org/licenses/by/2.0/,Arielle Calderon,Gobble Gobble
turkey,Turkey,57b41218d68bfd63,https://c5.staticflickr.com/4/3693/11109611513_150b69a7bc_z.jpg,https://farm4.staticflickr.com/3693/11109611513_8edb649954_o.jpg,https://creativecommons.org/licenses/by/2.0/,JP Ferreira,Happy Thanksgivukkah everyone! :)
turkey,Turkey,58af9dcd4c81a958,https://c4.staticflickr.com/6/5046/5202282320_bc3fa5e0cf_z.jpg,https://c1.staticflickr.com/6/5046/5202282320_e1f3e9bb06_o.jpg,https://creativecommons.org/licenses/by/2.0/,sneakerdog,Untitled
turkey,Turkey,5f0c6997a60b1bc5,https://c4.staticflickr.com/8/7283/16791744031_f78900fd3c_z.jpg,https://farm6.staticflickr.com/7283/16791744031_e59eb31dc7_o.jpg,https://creativecommons.org/licenses/by/2.0/,Frontier Culture Museum,20150311_140333_1600
turkey,Turkey,645a91b212a73d42,https://c4.staticflickr.com/8/7527/16028487270_7662719a42_z.jpg,https://farm3.staticflickr.com/7527/16028487270_beef44e560_o.jpg,https://creativecommons.org/licenses/by/2.0/,Marcelo de Troi,Peru
turkey,Turkey,646ced68ebe371a1,https://c4.staticflickr.com/8/7664/17127941038_f8dcb18d26_z.jpg,https://farm2.staticflickr.com/7664/17127941038_c0b0397118_o.jpg,https://creativecommons.org/licenses/by/2.0/,Ozzy Delaney,Turkey
turkey,Turkey,692c59416dcff744,https://c8.staticflickr.com/6/5137/5482409339_bcd4333377_z.jpg,https://farm5.staticflickr.com/5137/5482409339_4e5f6015ff_o.jpg,https://creativecommons.org/licenses/by/2.0/,Larry Lamsa,Turkey by H
turkey,Turkey,6f30adffac250639,https://c3.staticflickr.com/5/4083/5044522538_c07bd0feec_z.jpg,https://c2.staticflickr.com/5/4083/5044522538_e7e009ee85_o.jpg,https://creativecommons.org/licenses/by/2.0/,ricketyus,Turkey
turkey,Turkey,706883068face44e,https://c8.staticflickr.com/6/5124/5332269844_220d8acdef_z.jpg,https://c7.staticflickr.com/6/5124/5332269844_7eea7c2484_o.jpg,https://creativecommons.org/licenses/by/2.0/,Cameron McCormick,A Parade of Turkeys
turkey,Turkey,7c010715fbe7e9d5,https://c8.staticflickr.com/4/3143/3035290214_30a36e044d_z.jpg?zz=1,https://farm6.staticflickr.com/3143/3035290214_8ac0d1a59a_o.jpg,https://creativecommons.org/licenses/by/2.0/,alainlm,sadness at the zoo
van,Van,00ec74f564bd4425,https://c6.staticflickr.com/4/3860/14754343227_2a37be362e_z.jpg,https://farm6.staticflickr.com/3860/14754343227_2f6f1dcbb9_o.jpg,https://creativecommons.org/licenses/by/2.0/,Greg Gjerdingen,1968 Cadillac Miller-Meteor Classic 48 Ambulance
van,Van,015d7d3a6db03a94,https://c8.staticflickr.com/3/2488/4156338171_d1211a7909_z.jpg,https://farm5.staticflickr.com/2488/4156338171_54a1df1fde_o.jpg,https://creativecommons.org/licenses/by/2.0/,frankieleon,Que:  A-Team Music
van,Van,015f5cd905204962,https://c6.staticflickr.com/8/7105/7143187415_9108838dda_z.jpg,https://farm3.staticflickr.com/7105/7143187415_d73938ce15_o.jpg,https://creativecommons.org/licenses/by/2.0/,Nathan Swartz,IMG_0088
van,Van,068338a53dfabda8,https://c7.staticflickr.com/6/5274/13937564507_e6d7706064_z.jpg,https://c1.staticflickr.com/6/5274/13937564507_d646c5aa65_o.jpg,https://creativecommons.org/licenses/by/2.0/,Jukka Mykkänen,Classic_Motorshow_2014_174
van,Van,09d45c49c4adbae4,https://c1.staticflickr.com/6/5601/15629500841_038e07085f_z.jpg,https://farm5.staticflickr.com/5601/15629500841_01d001eb50_o.jpg,https://creativecommons.org/licenses/by/2.0/,Moto &quot;Club4AG&quot; Miwa,TMS Oktoberbeast 2014
van,Van,0b2167c3a726f68a,https://c1.staticflickr.com/7/6154/6175078396_df964ae89c_z.jpg,https://c3.staticflickr.com/7/6154/6175078396_80e27c12e5_o.jpg,https://creativecommons.org/licenses/by/2.0/,Brian Eager,fico van combi
van,Van,0c8816dfb22a1a42,https://c7.staticflickr.com/3/2605/3824753148_e99d36d852_z.jpg,https://farm3.staticflickr.com/2605/3824753148_6d936b31fb_o.jpg,https://creativecommons.org/licenses/by/2.0/,Smabs Sputzer,Battery Car
van,Van,0cb33f584faea5e7,https://c7.staticflickr.com/5/4151/4982268348_01ab298eca_z.jpg,https://farm8.staticflickr.com/4151/4982268348_243a10dff0_o.jpg,https://creativecommons.org/licenses/by/2.0/,sunshinecity,Untitled
van,Van,0cda1863ee21cd0e,https://c7.staticflickr.com/2/1438/4598607529_6d7b23534c_z.jpg,https://c7.staticflickr.com/2/1438/4598607529_665860b91d_o.jpg,https://creativecommons.org/licenses/by/2.0/,Prefeitura de Sete Lagoas,Cidade de Deus ganha ambulância
van,Van,0db3f7fb0dcdf88c,https://c4.staticflickr.com/1/41/119598029_612f7cc153_z.jpg,https://c5.staticflickr.com/1/41/119598029_612f7cc153_o.jpg,https://creativecommons.org/licenses/by/2.0/,Andre Charland,100_4359
van,Van,0f29f7f902bd5a60,https://c8.staticflickr.com/1/627/21097424663_149c0d42b5_z.jpg,https://farm1.staticflickr.com/627/21097424663_b8f51566f7_o.jpg,https://creativecommons.org/licenses/by/2.0/,zombieite,Subaru
van,Van,0f42859fa850dc42,https://c2.staticflickr.com/8/7093/7291910830_86a8ebb15d_z.jpg,https://farm3.staticflickr.com/7093/7291910830_5ab90ebfeb_o.jpg,https://creativecommons.org/licenses/by/2.0/,Paul Sableman,xB
van,Van,104057d722f87434,https://c8.staticflickr.com/8/7320/9691329720_4187a71d4d_z.jpg,https://farm5.staticflickr.com/7320/9691329720_311329614b_o.jpg,https://creativecommons.org/licenses/by/2.0/,calamity_sal,domo van for sale
van,Van,124eac87b8841849,https://c7.staticflickr.com/9/8164/7580641188_e5b555026f_z.jpg,https://c2.staticflickr.com/9/8164/7580641188_bd7b23c3ff_o.jpg,https://creativecommons.org/licenses/by/2.0/,Jeremy Buckingham,Frack finding van in Dish Texas
van,Van,1541b219611f78b7,https://c3.staticflickr.com/3/2473/4001473478_c602302440_z.jpg,https://farm8.staticflickr.com/2473/4001473478_08c0e3f889_o.jpg,https://creativecommons.org/licenses/by/2.0/,Chris Robertshaw,Mercedes-Benz camper
van,Van,15568c8edd091425,,https://farm6.staticflickr.com/3352/3662801633_917320d06e_o.jpg,https://creativecommons.org/licenses/by/2.0/,Mike Licht,Absolut DOA
van,Van,15932ce01f712852,https://c6.staticflickr.com/1/272/17953326014_ec2c566fb8_z.jpg,https://farm3.staticflickr.com/272/17953326014_f8443edd1c_o.jpg,https://creativecommons.org/licenses/by/2.0/,Blake Patterson,This never would have happened if Steve Jobs were still alive
van,Van,181241d4bb553afa,https://c6.staticflickr.com/7/6011/5983495678_7e04958203_z.jpg,https://c3.staticflickr.com/7/6011/5983495678_502f9beedd_o.jpg,https://creativecommons.org/licenses/by/2.0/,Sodexo USA,DSC05533
van,Van,186d668b88451394,https://c4.staticflickr.com/7/6096/6227579931_2ae35bf008_z.jpg,https://farm5.staticflickr.com/6096/6227579931_f57dc8651d_o.jpg,https://creativecommons.org/licenses/by/2.0/,Rusty Clark - On the Air M-F 8am-noon,Hampton Ponds - Westfield MA
van,Van,1945f91b6f5311ed,https://c1.staticflickr.com/8/7085/7169952478_56055efb8a_z.jpg,https://c6.staticflickr.com/8/7085/7169952478_a57c4ccf8e_o.jpg,https://creativecommons.org/licenses/by/2.0/,Stefano Costantini,Via Margutta (Stefano driving)
van,Van,1c92fdf4ef1959ef,https://c5.staticflickr.com/3/2140/1923603412_15650ada69_z.jpg,https://c8.staticflickr.com/3/2140/1923603412_1e5f2d5e43_o.jpg,https://creativecommons.org/licenses/by/2.0/,Richard Eriksson,Jesus Van
van,Van,1cce79aa26653f1c,https://c8.staticflickr.com/6/5599/15273865800_843442c47f_z.jpg,https://c5.staticflickr.com/6/5599/15273865800_08141a3c5e_o.jpg,https://creativecommons.org/licenses/by/2.0/,Marco 56,48 FV 73
van,Van,1d37f8589ed0c6da,https://c1.staticflickr.com/3/2631/3720057564_ddf0800cbb_z.jpg,https://c3.staticflickr.com/3/2631/3720057564_a7bbbc2a96_o.jpg,https://creativecommons.org/licenses/by/2.0/,Xavier Vergés,Caravana
van,Van,1d4756dd43ae63d8,https://c2.staticflickr.com/9/8648/15123731314_e74cd754cb_z.jpg,https://c1.staticflickr.com/9/8648/15123731314_12ea612359_o.jpg,https://creativecommons.org/licenses/by/2.0/,clifford Smith,Bona3
van,Van,2101b3f4d9d0b27d,https://c3.staticflickr.com/3/2935/14039430256_fbefa71556_z.jpg,https://c6.staticflickr.com/3/2935/14039430256_0fd121c834_o.jpg,https://creativecommons.org/licenses/by/2.0/,James Whiting,Hilux.
van,Van,213be9690d212bb5,https://c2.staticflickr.com/6/5632/21564478354_6be06159cc_z.jpg,https://farm6.staticflickr.com/5632/21564478354_201338f493_o.jpg,https://creativecommons.org/licenses/by/2.0/,Andreas Trojak,Polizei-Großkontrolle (9)
van,Van,22ed2f99582e1391,https://c4.staticflickr.com/3/2095/2231936219_c622606570_z.jpg?zz=1,https://farm2.staticflickr.com/2095/2231936219_74f6d87333_o.jpg,https://creativecommons.org/licenses/by/2.0/,Tounsi ben Tounsi,kamyouna Citroën type H
van,Van,240b8c0f585fbbc8,https://c7.staticflickr.com/4/3789/9590901784_d37e87a373_z.jpg,https://c1.staticflickr.com/4/3789/9590901784_1d01c13c66_o.jpg,https://creativecommons.org/licenses/by/2.0/,Iain Patterson,Some nice VDubs on the sea front
van,Van,24f64bd107cbb326,https://c7.staticflickr.com/9/8525/8600440530_e8dc6b9ef8_z.jpg,https://farm7.staticflickr.com/8525/8600440530_b0149882f5_o.jpg,https://creativecommons.org/licenses/by/2.0/,Nacho,Merceds-Benz
van,Van,262810054d64ccac,https://c6.staticflickr.com/5/4074/4737381822_a060034cc2_z.jpg,https://c5.staticflickr.com/5/4074/4737381822_5362b89aa0_o.jpg,https://creativecommons.org/licenses/by/2.0/,andrewarchy,G20 Toronto - RCMP Truck (June 26)
van,Van,2949f8643beefb8a,https://c8.staticflickr.com/4/3749/9680000510_0604489192_z.jpg,https://c3.staticflickr.com/4/3749/9680000510_9b9473e00f_o.jpg,https://creativecommons.org/licenses/by/2.0/,Kelvyn Skee,1982 VW T25 'Doris'
van,Van,29f7991e696e6e3f,https://c7.staticflickr.com/1/247/515343024_85fda44315_z.jpg?zz=1,https://c8.staticflickr.com/1/247/515343024_6190aa51ee_o.jpg,https://creativecommons.org/licenses/by/2.0/,Geoff Stearns,We &lt;3 Flyn
van,Van,2a97cdbc328f153f,https://c7.staticflickr.com/6/5524/12212851565_1ae9a3f588_z.jpg,https://c8.staticflickr.com/6/5524/12212851565_e48ac4356a_o.jpg,https://creativecommons.org/licenses/by/2.0/,Christopher Michel,"Knock loudly, I'm home."
van,Van,2b01260094251529,https://c2.staticflickr.com/8/7724/17357083635_87bedf1742_z.jpg,https://c2.staticflickr.com/8/7724/17357083635_fca108cd74_o.jpg,https://creativecommons.org/licenses/by/2.0/,Americo Ferraiuolo,volkswagen furgoneta hippie
van,Van,2e07fd330d2aa923,https://c2.staticflickr.com/1/48/132091096_b109db6a16_z.jpg,https://farm4.staticflickr.com/48/132091096_b109db6a16_o.jpg,https://creativecommons.org/licenses/by/2.0/,Pedro Ribeiro Simões,French icon
van,Van,2e4c4ad30c37a081,https://c1.staticflickr.com/1/21/27851413_f8ad6b4df4_z.jpg?zz=1,https://farm2.staticflickr.com/21/27851413_f8ad6b4df4_o.jpg,https://creativecommons.org/licenses/by/2.0/,Pablo BM,The Vehicle
van,Van,2fc1c491b94667c7,https://c7.staticflickr.com/7/6046/6401299367_6c531f456f_z.jpg,https://farm8.staticflickr.com/6046/6401299367_a9729e59a9_o.jpg,https://creativecommons.org/licenses/by/2.0/,Birdie Num Num!,Lancia Superjolly
van,Van,30ac1866da2de326,https://c2.staticflickr.com/3/2825/9067434711_43a2833125_z.jpg,https://farm7.staticflickr.com/2825/9067434711_01ff6c5f93_o.jpg,https://creativecommons.org/licenses/by/2.0/,Vanguard Conversions,VW T5 Day Van
van,Van,30afbea18ec67bc4,https://c1.staticflickr.com/9/8748/16962194981_3ab6d7476b_z.jpg,https://farm5.staticflickr.com/8748/16962194981_29c2237ddb_o.jpg,https://creativecommons.org/licenses/by/2.0/,Du Truong,photo from Unsplash (481)
van,Van,321bad4b67f4eb89,https://c3.staticflickr.com/8/7180/7127698219_ec44774f26_z.jpg,https://c2.staticflickr.com/8/7180/7127698219_8afe530759_o.jpg,https://creativecommons.org/licenses/by/2.0/,Ben Sutherland,The Moss Rose car park
van,Van,32225d010cb217d6,https://c5.staticflickr.com/8/7398/16194421427_0abbdc51c7_z.jpg,https://farm7.staticflickr.com/7398/16194421427_901fced190_o.jpg,https://creativecommons.org/licenses/by/2.0/,Christian Schirrmacher,Dog with women
van,Van,32bbdc464dd794e2,https://c8.staticflickr.com/6/5104/5557034084_2bcb4895b7_z.jpg,https://farm3.staticflickr.com/5104/5557034084_ce56e26e75_o.jpg,https://creativecommons.org/licenses/by/2.0/,Graham Richardson,Spoton YG03NXS
van,Van,339b6ffa373c3368,https://c3.staticflickr.com/4/3704/9535959837_7bae0b4607_z.jpg,https://c1.staticflickr.com/4/3704/9535959837_bd9261531c_o.jpg,https://creativecommons.org/licenses/by/2.0/,Martyn Wright,2013 and Dorset
van,Van,341d697a9bcf375f,https://c1.staticflickr.com/6/5548/9603945698_e362a5531a_z.jpg,https://c8.staticflickr.com/6/5548/9603945698_9b2a1645fd_o.jpg,https://creativecommons.org/licenses/by/2.0/,Andreas Duess,Maiden voyage
van,Van,344aeb8d4dd74ca2,https://c8.staticflickr.com/3/2500/3915878143_41dcba1e29_z.jpg?zz=1,https://farm3.staticflickr.com/2500/3915878143_77c0156344_o.jpg,https://creativecommons.org/licenses/by/2.0/,Phil Parker,Bronze Syncro
van,Van,34ff10aa56e103ba,https://c3.staticflickr.com/3/2814/9177483413_5d864e3390_z.jpg,https://c3.staticflickr.com/3/2814/9177483413_8a0e48a17d_o.jpg,https://creativecommons.org/licenses/by/2.0/,Dave Conner,Steve Colley - Arena Entertainment at Tain Gala at Tain Scotland
van,Van,362ec8b7c557317d,https://c6.staticflickr.com/5/4048/4605700483_6da334cf86_z.jpg,https://c6.staticflickr.com/5/4048/4605700483_e0965a9e65_o.jpg,https://creativecommons.org/licenses/by/2.0/,thierry ehrmann,Les Juvaquatre Européennes envahissent la DDC _DDC7772
van,Van,381952def132ff79,https://c2.staticflickr.com/4/3364/3339350356_a68c159e47_z.jpg,https://c2.staticflickr.com/4/3364/3339350356_2d468f8f90_o.jpg,https://creativecommons.org/licenses/by/2.0/,frankieleon,hippie van
van,Van,3834ab435eef7ff4,https://c5.staticflickr.com/6/5515/10275527013_5e5fc0bf0a_z.jpg,https://farm5.staticflickr.com/5515/10275527013_b8ee328cb2_o.jpg,https://creativecommons.org/licenses/by/2.0/,SmartSign,Safety is my goal
van,Van,385c665505276be2,https://c7.staticflickr.com/9/8356/8305666866_21b4313e86_z.jpg,https://farm3.staticflickr.com/8356/8305666866_48d844037f_o.jpg,https://creativecommons.org/licenses/by/2.0/,Rick Turoczy,Oh Portland
vase,Vase,05a6196f3a7edae2,https://c2.staticflickr.com/4/3296/2975037705_76a14624ec_z.jpg,https://farm3.staticflickr.com/3296/2975037705_9a59307f9c_o.jpg,https://creativecommons.org/licenses/by/2.0/,LinaMon,Untitled
vase,Vase,0c9b2fa4f623f229,https://c6.staticflickr.com/9/8287/7732640476_36eeebff23_z.jpg,https://c2.staticflickr.com/9/8287/7732640476_d903661c88_o.jpg,https://creativecommons.org/licenses/by/2.0/,Carol,Old Sturbridge Village
vase,Vase,0d06df53671a61c4,https://c3.staticflickr.com/1/116/303686919_1a1f4df6da_z.jpg?zz=1,https://farm5.staticflickr.com/116/303686919_1a1f4df6da_o.jpg,https://creativecommons.org/licenses/by/2.0/,Grupo Galatea,"Crátera de cáliz  figuras rojas V adC y IV adC Altes Museum, Berlín"
vase,Vase,10dc868dcca25738,https://c2.staticflickr.com/3/2110/3530985327_2e172e344f_z.jpg,https://c1.staticflickr.com/3/2110/3530985327_1e7b7f6141_o.jpg,https://creativecommons.org/licenses/by/2.0/,Antti T. Nissinen,IMG_2542
vase,Vase,13dcbd465645c47f,https://c1.staticflickr.com/1/117/301105832_486ce5bad3_z.jpg,https://c8.staticflickr.com/1/117/301105832_486ce5bad3_o.jpg,https://creativecommons.org/licenses/by/2.0/,cschaebe,fall 06 076
vase,Vase,1780fbb555087b69,https://c5.staticflickr.com/8/7605/16711386788_e1cdc34f26_z.jpg,https://c2.staticflickr.com/8/7605/16711386788_836c25dbe7_o.jpg,https://creativecommons.org/licenses/by/2.0/,kaythaney,Willing spring to be here.
vase,Vase,1beff2cde64b62ab,https://c8.staticflickr.com/6/5008/5246617962_616a55ce09_z.jpg,https://c4.staticflickr.com/6/5008/5246617962_a7116666ee_o.jpg,https://creativecommons.org/licenses/by/2.0/,PRCC88,CIMG6089
vase,Vase,1cadca0d3ff6e185,https://c6.staticflickr.com/8/7278/6970362184_272fb0d5f5_z.jpg,https://farm6.staticflickr.com/7278/6970362184_bf55f3a0cb_o.jpg,https://creativecommons.org/licenses/by/2.0/,Paul Pehrson,Funeral flower arrangement
vase,Vase,1d8766876ad7362a,https://c3.staticflickr.com/1/128/415038768_bb46b4f7dd_z.jpg?zz=1,https://c3.staticflickr.com/1/128/415038768_87e22098fe_o.jpg,https://creativecommons.org/licenses/by/2.0/,N B,Image001
vase,Vase,1fc8f41dad194e06,https://c3.staticflickr.com/5/4087/4955122623_db78472b48_z.jpg,https://farm7.staticflickr.com/4087/4955122623_a66ca25aef_o.jpg,https://creativecommons.org/licenses/by/2.0/,PhotoAtelier,Baskets
vase,Vase,29a533ddc9a19a46,https://c4.staticflickr.com/1/664/21574331225_7c8e3bbfbd_z.jpg,https://farm7.staticflickr.com/664/21574331225_8bb03428e9_o.jpg,https://creativecommons.org/licenses/by/2.0/,Jean-Pierre Dalbéra,Vase art nouveau (Musée de l'île-de-France)
vase,Vase,2a934341e5fce116,https://c5.staticflickr.com/3/2576/3784622995_1418b26c5b_z.jpg?zz=1,https://farm7.staticflickr.com/2576/3784622995_a6e39bb5c8_o.jpg,https://creativecommons.org/licenses/by/2.0/,Melissa Clark,Love beautiful flowers from my boyfriend :)
vase,Vase,2b64b976ad4eb667,https://c2.staticflickr.com/8/7228/7284667796_55fd52c8c7_z.jpg,https://farm8.staticflickr.com/7228/7284667796_f3a7d88e33_o.jpg,https://creativecommons.org/licenses/by/2.0/,Justin Kern,Combination Vase
vase,Vase,3899c607aca2a85c,https://c8.staticflickr.com/7/6172/6218445983_bec668497b_z.jpg,https://c5.staticflickr.com/7/6172/6218445983_41e08e9e4a_o.jpg,https://creativecommons.org/licenses/by/2.0/,Newtown grafitti,"The Etruscans, an Exhibition"
vase,Vase,3f26f78e96430d20,https://c6.staticflickr.com/3/2596/4045851079_9db4ba023c_z.jpg?zz=1,https://farm1.staticflickr.com/2596/4045851079_d9e38fac67_o.jpg,https://creativecommons.org/licenses/by/2.0/,bellergy2,黑骨芒
vase,Vase,4241736b450f70aa,https://c8.staticflickr.com/8/7691/17116856038_1dc35c5772_z.jpg,https://c3.staticflickr.com/8/7691/17116856038_fe8fa6bec3_o.jpg,https://creativecommons.org/licenses/by/2.0/,Magenta Rose,Pink and white roses
vase,Vase,4ae2277dc53355d6,https://c4.staticflickr.com/6/5029/5600082581_e6cd8ca4cf_z.jpg,https://farm7.staticflickr.com/5029/5600082581_a5a08802b8_o.jpg,https://creativecommons.org/licenses/by/2.0/,Michael Reuter,Spring in da Agency
vase,Vase,4b9ed4dcbe4c4faf,https://c1.staticflickr.com/5/4014/4534806435_9ec2bc8364_z.jpg,https://c8.staticflickr.com/5/4014/4534806435_95def1b773_o.jpg,https://creativecommons.org/licenses/by/2.0/,HEKTA2010,HERRÄNG lysholder for kubbelys NYHET
vase,Vase,50cae92f70c64ddb,https://c7.staticflickr.com/8/7349/16377511966_1a9037a15b_z.jpg,https://c4.staticflickr.com/8/7349/16377511966_0482fe4301_o.jpg,https://creativecommons.org/licenses/by/2.0/,Naotake Murayama,Avocado-banana-spinach smoothie アボカドとバナナ、ほうれん草のスムージー
vase,Vase,512dfbb8c1f6bbad,https://c1.staticflickr.com/4/3610/3340264843_a3205ba69b_z.jpg,https://c6.staticflickr.com/4/3610/3340264843_03d49836c7_o.jpg,https://creativecommons.org/licenses/by/2.0/,hiro kobashi,CD05_000009
vase,Vase,560d6a16554f6a06,https://c7.staticflickr.com/7/6035/6307151365_59028848d4_z.jpg,https://farm7.staticflickr.com/6035/6307151365_1721b993eb_o.jpg,https://creativecommons.org/licenses/by/2.0/,Steve Johnson,White Milk Jug
vase,Vase,582e1384a0f40173,https://c7.staticflickr.com/1/84/207928100_900e21d929_z.jpg,https://farm4.staticflickr.com/84/207928100_900e21d929_o.jpg,https://creativecommons.org/licenses/by/2.0/,Scott Chacon,Kazuri Pots
vase,Vase,61250918d5d7c7e5,https://c6.staticflickr.com/1/131/322171937_5e9875e6f2_z.jpg,https://farm6.staticflickr.com/131/322171937_5e9875e6f2_o.jpg,https://creativecommons.org/licenses/by/2.0/,Scott Moore,Large Drug Jar
vase,Vase,6bc17e16228c12fb,https://c2.staticflickr.com/8/7157/6541786335_2dc6d0aae7_z.jpg,https://c4.staticflickr.com/8/7157/6541786335_b22447ccfa_o.jpg,https://creativecommons.org/licenses/by/2.0/,Emma,Birthday flowers from Moonflower Florist in Greytown
vase,Vase,6c2e8fe4349f9928,https://c3.staticflickr.com/3/2646/3966244023_745e86c844_z.jpg,https://c1.staticflickr.com/3/2646/3966244023_dcf183de8a_o.jpg,https://creativecommons.org/licenses/by/2.0/,Tilemahos Efthimiadis,Trefoil-mouthed plastic vases in the shape of a boy's head. 3rd cent. A.C.
vase,Vase,6ddab06c07ed9e80,https://c5.staticflickr.com/1/120/293874552_de46485280_z.jpg?zz=1,https://farm1.staticflickr.com/120/293874552_de46485280_o.jpg,https://creativecommons.org/licenses/by/2.0/,Anna,Lampara antiga/Old lamp
vase,Vase,6efe986d0a3a4026,https://c8.staticflickr.com/4/3214/3052112644_ecf407e4d5_z.jpg,https://farm7.staticflickr.com/3214/3052112644_dc02cd1921_o.jpg,https://creativecommons.org/licenses/by/2.0/,Rennett Stowe,Royal Porcelain Company
vase,Vase,7315d2828ee3b420,,https://farm1.staticflickr.com/6061/6133989710_431bbf0c38_o.jpg,https://creativecommons.org/licenses/by/2.0/,Blooms A Million,Wedding Table
vase,Vase,76bb7a292e6cda6a,https://c4.staticflickr.com/1/201/496732227_4a7ffa8863_z.jpg,https://c3.staticflickr.com/1/201/496732227_eeccdc735d_o.jpg,https://creativecommons.org/licenses/by/2.0/,Jesus Solana,Lilium
vase,Vase,77417de4dd2f42b0,https://c2.staticflickr.com/4/3337/4636481549_ab5f16d1ba_z.jpg,https://farm1.staticflickr.com/3337/4636481549_036fa724fc_o.jpg,https://creativecommons.org/licenses/by/2.0/,Bonnie James,DSCN1227
vase,Vase,7cd3726cefd5dcc3,https://c2.staticflickr.com/4/3007/2963119800_97b4334420_z.jpg,https://farm4.staticflickr.com/3007/2963119800_97c08305ec_o.jpg,https://creativecommons.org/licenses/by/2.0/,SantaRosa OLD SKOOL,DSCF3261a
vase,Vase,8134ecd11b86ef75,,https://farm6.staticflickr.com/1381/972850410_2b2677662f_o.jpg,https://creativecommons.org/licenses/by/2.0/,Portable Antiquities Scheme,Monmouthshire Leopard cup
vase,Vase,81cc3a779b90e177,https://c3.staticflickr.com/8/7460/9049204690_521482b150_z.jpg,https://farm8.staticflickr.com/7460/9049204690_8a192d3e98_o.jpg,https://creativecommons.org/licenses/by/2.0/,shes_so_high,275|365. Deko.
vase,Vase,825bb1e7a2f9c598,https://c1.staticflickr.com/2/1325/863955111_a0fb581447_z.jpg,https://c1.staticflickr.com/2/1325/863955111_d405f9eb24_o.jpg,https://creativecommons.org/licenses/by/2.0/,Shawn Rossi,strawberry pitcher
vase,Vase,826d845c3482090f,https://c7.staticflickr.com/6/5464/9104163033_e03483be77_z.jpg,https://c8.staticflickr.com/6/5464/9104163033_bdffe1e949_o.jpg,https://creativecommons.org/licenses/by/2.0/,Nancy Hann,2013.06.21 Diane & Chuck Kyte Wedding 007
vase,Vase,8367e327bfc3a3f7,https://c8.staticflickr.com/8/7448/16276869707_de56625dbc_z.jpg,https://farm8.staticflickr.com/7448/16276869707_f83a3c724e_o.jpg,https://creativecommons.org/licenses/by/2.0/,Pamela Kelly,Red Tulips
vase,Vase,852609e054a409d8,https://c8.staticflickr.com/5/4139/4798152256_ab9f7c9bdd_z.jpg,https://c1.staticflickr.com/5/4139/4798152256_467fed6c20_o.jpg,https://creativecommons.org/licenses/by/2.0/,Grosir Seprei Online,casablanca cokelat
vase,Vase,8535beba7fa530b1,https://c6.staticflickr.com/4/3779/9040237050_3a2a7224fc_z.jpg,https://farm2.staticflickr.com/3779/9040237050_b0af7bbf73_o.jpg,https://creativecommons.org/licenses/by/2.0/,JoJo TheModern,18th-Century Porcelain Bottles
vase,Vase,86426acf5270f5d4,https://c4.staticflickr.com/6/5519/12334438263_80d633f7fa_z.jpg,https://farm5.staticflickr.com/5519/12334438263_53faf13f01_o.jpg,https://creativecommons.org/licenses/by/2.0/,Tom Byrne,Lobby
vase,Vase,88f9b29c0b113b5e,https://c2.staticflickr.com/9/8238/8418971727_f6e8c88339_z.jpg,https://c7.staticflickr.com/9/8238/8418971727_97e4b6b8b8_o.jpg,https://creativecommons.org/licenses/by/2.0/,Jirka Matousek,"Karlovy Vary, Czech Republic"
vase,Vase,8cc56aa945d2aaab,https://c8.staticflickr.com/1/73/203652323_4b4e72e82a_z.jpg?zz=1,https://c4.staticflickr.com/1/73/203652323_4b4e72e82a_o.jpg,https://creativecommons.org/licenses/by/2.0/,Kyknoord,Still life
vase,Vase,8dc48310cd96cac3,https://c6.staticflickr.com/8/7569/15995205695_47e7d232dc_z.jpg,https://farm4.staticflickr.com/7569/15995205695_a6c67e061d_o.jpg,https://creativecommons.org/licenses/by/2.0/,克年 三沢,2014-04-13 13.32.19
vase,Vase,92d91661525b0fd3,https://c4.staticflickr.com/1/493/18441450840_3ee51de3b1_z.jpg,https://farm4.staticflickr.com/493/18441450840_aa8a0a8f94_o.jpg,https://creativecommons.org/licenses/by/2.0/,Иконописная мастерская Елеон,Свт.Лука Крымский
vase,Vase,99deb1955879caac,https://c3.staticflickr.com/6/5272/5886889361_164fb3b692_z.jpg,https://c5.staticflickr.com/6/5272/5886889361_0ac5529435_o.jpg,https://creativecommons.org/licenses/by/2.0/,Marco Raaphorst,Stephen Fry @ BorderKitchen
vase,Vase,ab5717316a8ca40e,https://c7.staticflickr.com/3/2892/11181361163_91cc3d2b7c_z.jpg,https://c7.staticflickr.com/3/2892/11181361163_1d10a7937f_o.jpg,https://creativecommons.org/licenses/by/2.0/,Ewen Roberts,Roses from the garden
vase,Vase,ac2f1ed4f3dfd70f,https://c2.staticflickr.com/6/5090/5364218152_3b42eedc2e_z.jpg,https://c8.staticflickr.com/6/5090/5364218152_5f3738b45b_o.jpg,https://creativecommons.org/licenses/by/2.0/,Futurilla,"1777, 'riddle vases'/'puzzle vases'"
vase,Vase,ad77120b0fc73864,https://c3.staticflickr.com/4/3106/5782530274_0113e9ee99_z.jpg,https://farm5.staticflickr.com/3106/5782530274_c8dff360d9_o.jpg,https://creativecommons.org/licenses/by/2.0/,spazzgirl555,Lawn Fawn- Get Well Soon
vase,Vase,ad8872dc3eebf99b,https://c6.staticflickr.com/3/2297/2446760974_e6849ecd6f_z.jpg,https://c4.staticflickr.com/3/2297/2446760974_708d95cec4_o.jpg,https://creativecommons.org/licenses/by/2.0/,MattCooper,DSC_0994
vase,Vase,add64f57c356a343,https://c5.staticflickr.com/5/4097/4893312583_6fd897ab46_z.jpg,https://farm4.staticflickr.com/4097/4893312583_bdd697c37f_o.jpg,https://creativecommons.org/licenses/by/2.0/,William Booz,213/365 - 8/14/10 Lynchburg Dinning Room #2
vase,Vase,af8494836e6adc45,https://c3.staticflickr.com/3/2154/2429564150_4952f82a71_z.jpg?zz=1,https://farm6.staticflickr.com/2154/2429564150_1b0448809a_o.jpg,https://creativecommons.org/licenses/by/2.0/,Alan Cleaver,Flower power
vegetable,Vegetable,00361cb81ebf27c3,https://c7.staticflickr.com/6/5024/5599921694_b7e5fab6ab_z.jpg,https://farm4.staticflickr.com/5024/5599921694_038f27d1c1_o.jpg,https://creativecommons.org/licenses/by/2.0/,Cabin 12 Restaurant,Cabin 12 Birkenstock Sandwich
vegetable,Vegetable,00385794700c832e,https://c7.staticflickr.com/7/6044/6233842848_778f1ee851_z.jpg,https://c7.staticflickr.com/7/6044/6233842848_76f650fae6_o.jpg,https://creativecommons.org/licenses/by/2.0/,Duncan Hull,ο μαιντανο : parsley
vegetable,Vegetable,00b4064b073e51f3,https://c8.staticflickr.com/1/344/19263579718_6b33cf5063_z.jpg,https://farm4.staticflickr.com/344/19263579718_895a512055_o.jpg,https://creativecommons.org/licenses/by/2.0/,Ken Ratcliff,SAM_2664 (1) astoria market
vegetable,Vegetable,00ccda615ec9731d,https://c7.staticflickr.com/9/8056/8138646168_288820b065_z.jpg,https://c6.staticflickr.com/9/8056/8138646168_ba1c701410_o.jpg,https://creativecommons.org/licenses/by/2.0/,GanMed64,"Carrots - St Lawrence Market, Toronto"
vegetable,Vegetable,00e0a53e14bf2447,https://c8.staticflickr.com/8/7635/16810904778_01776f8b65_z.jpg,https://farm8.staticflickr.com/7635/16810904778_d40921c745_o.jpg,https://creativecommons.org/licenses/by/2.0/,Nori Norisa,今日のランチ
vegetable,Vegetable,00fcc4c5d0dd04c4,,https://farm5.staticflickr.com/8237/8514052353_cb4e7f1eb6_o.jpg,https://creativecommons.org/licenses/by/2.0/,Rownak  Jahan,am bhorta
vegetable,Vegetable,01a249386ca6971c,https://c7.staticflickr.com/2/1251/4725799574_93a2da6764_z.jpg,https://c5.staticflickr.com/2/1251/4725799574_4fb480d7ce_o.jpg,https://creativecommons.org/licenses/by/2.0/,get directly down,IMG_1818
vegetable,Vegetable,021db964cc5ab932,https://c4.staticflickr.com/4/3743/9197426507_6682d47e3b_z.jpg,https://farm3.staticflickr.com/3743/9197426507_26bcbd96c2_o.jpg,https://creativecommons.org/licenses/by/2.0/,Iqbal Osman,Bittergall
vegetable,Vegetable,0270db05fb2107ad,https://c2.staticflickr.com/5/4044/4616650747_bd430897de_z.jpg,https://c6.staticflickr.com/5/4044/4616650747_f8000481c3_o.jpg,https://creativecommons.org/licenses/by/2.0/,Jessica Spengler,365.125: Bird's eye chilies
vegetable,Vegetable,02ce70f1b6ff6b00,https://c1.staticflickr.com/5/4095/4885505968_00ff548a10_z.jpg,https://farm1.staticflickr.com/4095/4885505968_599de4192b_o.jpg,https://creativecommons.org/licenses/by/2.0/,Akaporn Bhothisuwan,Angled Gourds (บวบ)
vegetable,Vegetable,05707a3b4f9a42a0,https://c1.staticflickr.com/8/7077/7163983339_6ea6de2640_z.jpg,https://farm1.staticflickr.com/7077/7163983339_0ba82b9068_o.jpg,https://creativecommons.org/licenses/by/2.0/,NatalieMaynor,Okra
vegetable,Vegetable,05efa5912c4b0d53,https://c2.staticflickr.com/5/4132/5021838266_98b7864cc1_z.jpg,https://farm4.staticflickr.com/4132/5021838266_4e5da8da65_o.jpg,https://creativecommons.org/licenses/by/2.0/,jeffreyw,Mmm... pickled peppers and relishes
vegetable,Vegetable,06475bc420ee8c97,https://c4.staticflickr.com/6/5205/5206170925_5e6da33bd1_z.jpg,https://farm8.staticflickr.com/5205/5206170925_dcecf158b9_o.jpg,https://creativecommons.org/licenses/by/2.0/,Yuya Saito,Hamburg at Tsubame Kitchen
vegetable,Vegetable,0731fcf20f5aceea,https://c2.staticflickr.com/5/4079/4744110990_1c9b0031bc_z.jpg,https://c3.staticflickr.com/5/4079/4744110990_d626b2f96d_o.jpg,https://creativecommons.org/licenses/by/2.0/,Matthew Hutchinson,"Fruit Market, Plaza de San Miguel"
vegetable,Vegetable,073656ee0dc47e82,https://c6.staticflickr.com/8/7050/6834639914_3d9dd82fe7_z.jpg,https://farm3.staticflickr.com/7050/6834639914_82e0741941_o.jpg,https://creativecommons.org/licenses/by/2.0/,Dani Nofal,Trattoria Olivetti preview
vegetable,Vegetable,07b09088d8991d11,https://c3.staticflickr.com/8/7291/9396638907_4b184ba654_z.jpg,https://farm2.staticflickr.com/7291/9396638907_79227c583e_o.jpg,https://creativecommons.org/licenses/by/2.0/,j bizzie,#perfect pre-vegas #foodporn kale & squash salad by @biketobrew #YUM g97d3m rare greenz ^^
vegetable,Vegetable,08039d31e2fc9775,https://c8.staticflickr.com/4/3696/11051828935_3f24535762_z.jpg,https://farm6.staticflickr.com/3696/11051828935_96754091e1_o.jpg,https://creativecommons.org/licenses/by/2.0/,Helen Alfvegren,Tofu istället för färskost.
vegetable,Vegetable,0829b3d7520e3712,https://c5.staticflickr.com/7/6161/6180290615_c042239006_z.jpg,https://farm3.staticflickr.com/6161/6180290615_d99ab2286d_o.jpg,https://creativecommons.org/licenses/by/2.0/,azartaz,Apéritif croustillant
vegetable,Vegetable,086705ab0bcebaef,https://c7.staticflickr.com/7/6005/5907305168_fd332d987b_z.jpg,https://c8.staticflickr.com/7/6005/5907305168_751b8c5f60_o.jpg,https://creativecommons.org/licenses/by/2.0/,AnneCN,BBq - my yummy chicken skewer
vegetable,Vegetable,08a4a18d9bc598d2,https://c4.staticflickr.com/9/8429/7804900854_ebaeddaeab_z.jpg,https://farm3.staticflickr.com/8429/7804900854_81a7fa844f_o.jpg,https://creativecommons.org/licenses/by/2.0/,Richard North,Garden peas
vegetable,Vegetable,092b5a7e3f514242,https://c1.staticflickr.com/4/3329/3268360212_3c87e19d9c_z.jpg,https://farm3.staticflickr.com/3329/3268360212_bd66d9c613_o.jpg,https://creativecommons.org/licenses/by/2.0/,El Gran Dee,¡Hoy Es Noche De Elote Dee!
vegetable,Vegetable,09691b103ab4a0b7,https://c1.staticflickr.com/6/5730/20427311959_e4666a9a50_z.jpg,https://farm8.staticflickr.com/5730/20427311959_eb127039eb_o.jpg,https://creativecommons.org/licenses/by/2.0/,Mike Licht,Green Zebra Tomatoes
vegetable,Vegetable,0a03326036647703,https://c5.staticflickr.com/7/6126/5919585378_e991c70f1a_z.jpg,https://farm4.staticflickr.com/6126/5919585378_dcaac6b44b_o.jpg,https://creativecommons.org/licenses/by/2.0/,punctuated,Untitled
vegetable,Vegetable,0a3ad61d7db7f17f,https://c4.staticflickr.com/4/3725/12786706164_18c87ba08f_z.jpg,https://c8.staticflickr.com/4/3725/12786706164_056de78e93_o.jpg,https://creativecommons.org/licenses/by/2.0/,atramos,Title=''. (E-M1 OLYMPUS M.12-40mm F2.8 1-80 sec at f - 2.8 Rating=2) File = 2014-02-08 14.58.12 Lena 2nd Birthday 156 AAAA0158.jpg
vegetable,Vegetable,0a917bbca24cf75d,https://c4.staticflickr.com/1/305/19760435713_2ae37ac933_z.jpg,https://c6.staticflickr.com/1/305/19760435713_b5f6ddae10_o.jpg,https://creativecommons.org/licenses/by/2.0/,photosbybonbon671,"#lunch from @kiaweislandbistro - today's special: #ahi #katsu with mango chili dipping sauce, #rice & sautéed French green beans. 🍴#food #foodie #foodforfoodies #foodgasm #foodpics #eater #eatfamous #instafood #instagood #myfab5 #vancouverw"
vegetable,Vegetable,0b312a9e9c21c247,https://c7.staticflickr.com/2/1288/1105387190_5d1d5caf28_z.jpg,https://farm8.staticflickr.com/1288/1105387190_3f105d4e3a_o.jpg,https://creativecommons.org/licenses/by/2.0/,Ian Ransley,Peppers!
vegetable,Vegetable,0b45a3bdbaa44c7e,https://c1.staticflickr.com/8/7727/17124951818_e19cf73452_z.jpg,https://c7.staticflickr.com/8/7727/17124951818_bd20bfda95_o.jpg,https://creativecommons.org/licenses/by/2.0/,Abdulla Al Muhairi,Untitled
vegetable,Vegetable,0b68ea2bb11a105e,https://c6.staticflickr.com/5/4090/4961787214_1bfa774316_z.jpg,https://c7.staticflickr.com/5/4090/4961787214_8c9cfb3c46_o.jpg,https://creativecommons.org/licenses/by/2.0/,Rool Paap,Noodles with clamps and prawns
vegetable,Vegetable,0c7c670d8ee7677e,https://c1.staticflickr.com/6/5527/9545607295_31f4574330_z.jpg,https://c7.staticflickr.com/6/5527/9545607295_429bb6a414_o.jpg,https://creativecommons.org/licenses/by/2.0/,Bill  Damon,Russos - Long hot peppers
vegetable,Vegetable,0d2b227cab080cc2,https://c8.staticflickr.com/8/7024/6651009585_2a01a4a874_z.jpg,https://farm3.staticflickr.com/7024/6651009585_fe5ef7217f_o.jpg,https://creativecommons.org/licenses/by/2.0/,Timothy Vollmer,"risotto with steamed romanesco, thyme, foggy morning chèvre"
vegetable,Vegetable,0e871e0321c6191f,https://c5.staticflickr.com/3/2744/4306924805_6bc92dc2f2_z.jpg,https://c8.staticflickr.com/3/2744/4306924805_959a2e2eea_o.jpg,https://creativecommons.org/licenses/by/2.0/,Roland Tanglao,Korean Pork Tofu Stew - 0126201017710
vegetable,Vegetable,0e907721ff6ddd90,https://c1.staticflickr.com/4/3784/12780501384_e09c5c8e9e_z.jpg,https://farm1.staticflickr.com/3784/12780501384_57ac4ffaf1_o.jpg,https://creativecommons.org/licenses/by/2.0/,Damian Gadal,Noodles
vegetable,Vegetable,0ecf50bc85d05117,https://c4.staticflickr.com/9/8537/8631889064_1b7806c972_z.jpg,https://farm8.staticflickr.com/8537/8631889064_03e818d9e6_o.jpg,https://creativecommons.org/licenses/by/2.0/,Tom Head,Georgia's Spanish Easter Party
vegetable,Vegetable,0f12ba5d2b3d36d3,https://c6.staticflickr.com/8/7478/15977359185_6813c8f7ae_z.jpg,https://farm4.staticflickr.com/7478/15977359185_dcb2b5b821_o.jpg,https://creativecommons.org/licenses/by/2.0/,Scot Nelson,Corn earworm (Helicoverpa zea)
vegetable,Vegetable,0f2b2cf703a11a6f,https://c3.staticflickr.com/4/3848/14880510979_50ce6b4238_z.jpg,https://c8.staticflickr.com/4/3848/14880510979_37ba044fba_o.jpg,https://creativecommons.org/licenses/by/2.0/,RichardBH,Corn. Sweet!
vegetable,Vegetable,0f55bd0ec2cae4df,https://c1.staticflickr.com/1/179/422203835_8ddfa469fb_z.jpg,https://c8.staticflickr.com/1/179/422203835_47f0a8c103_o.jpg,https://creativecommons.org/licenses/by/2.0/,Crystal,10 things: cast iron grill pan
vegetable,Vegetable,0f8f9ae291b5ab10,,https://farm1.staticflickr.com/1106/1246611918_cf0fe85769_o.jpg,https://creativecommons.org/licenses/by/2.0/,ukcider ukcider,couscous recipe
vegetable,Vegetable,0fe45524021d92dd,https://c6.staticflickr.com/8/7009/6578705717_c23ced31f5_z.jpg,https://c6.staticflickr.com/8/7009/6578705717_20b25f6715_o.jpg,https://creativecommons.org/licenses/by/2.0/,Shane Becker,Hawaii 2011 - Day 6 - Big Island - Making Guacamole
vegetable,Vegetable,1076753c4c6ddb22,https://c6.staticflickr.com/3/2945/15387627951_ea0f181f30_z.jpg,https://farm3.staticflickr.com/2945/15387627951_f73a75f040_o.jpg,https://creativecommons.org/licenses/by/2.0/,Fresco Tours,"Sep 15, 2014  Camino de Santiago Tour #frescotours"
vegetable,Vegetable,108757f199d803ad,https://c7.staticflickr.com/1/516/18818192684_21ac58a69e_z.jpg,https://c6.staticflickr.com/1/516/18818192684_251cca3e1c_o.jpg,https://creativecommons.org/licenses/by/2.0/,Rebecca Chesney,From la nonna's garden
vegetable,Vegetable,124e0acbf36ca084,https://c3.staticflickr.com/4/3076/2879166259_6e69c88a07_z.jpg,https://farm5.staticflickr.com/3076/2879166259_d6a275fb51_o.jpg,https://creativecommons.org/licenses/by/2.0/,Nattu,Maldivian Made. So vivid..
vegetable,Vegetable,13e1d3789059f9d1,,https://farm2.staticflickr.com/3014/2760564944_a13fecabfc_o.jpg,https://creativecommons.org/licenses/by/2.0/,Kathy Maister,Shrimp Scampi
vegetable,Vegetable,13fed2038bccb3ce,https://c2.staticflickr.com/9/8382/8511871980_e49079147c_z.jpg,https://c7.staticflickr.com/9/8382/8511871980_80e3ea891f_o.jpg,https://creativecommons.org/licenses/by/2.0/,hindyg,IMG_2525
vegetable,Vegetable,1426006e492c8e4d,https://c3.staticflickr.com/6/5029/5671109032_e53cc19953_z.jpg,https://c6.staticflickr.com/6/5029/5671109032_de78988db5_o.jpg,https://creativecommons.org/licenses/by/2.0/,Urban Sprouts,Lettuce=Lechuga
vegetable,Vegetable,147707a51bf8041e,https://c1.staticflickr.com/3/2944/15146505627_6f9d7af638_z.jpg,https://c7.staticflickr.com/3/2944/15146505627_f8b04ee401_o.jpg,https://creativecommons.org/licenses/by/2.0/,monoprixgourmet,外でダッチオーブンを初めて使った！モロッコ風の味付け
vegetable,Vegetable,156723dec644c341,https://c8.staticflickr.com/5/4022/5163233578_68512b41a3_z.jpg,https://farm2.staticflickr.com/4022/5163233578_2b283e79e6_o.jpg,https://creativecommons.org/licenses/by/2.0/,Jeremy Bronson,Swiss Chard Cheddar Hand Pies
vegetable,Vegetable,15ee840959c0a258,https://c6.staticflickr.com/7/6150/5919155698_e0090c7896_z.jpg,https://c1.staticflickr.com/7/6150/5919155698_67c159c2b6_o.jpg,https://creativecommons.org/licenses/by/2.0/,Whitney,Creamy Roasted Jalapeño Salsa
vegetable,Vegetable,164800c3e0049465,https://c2.staticflickr.com/9/8365/8527837080_d4bced4151_z.jpg,https://farm6.staticflickr.com/8365/8527837080_9b1653a9a5_o.jpg,https://creativecommons.org/licenses/by/2.0/,Yvette  Tan,Cagayan - Longganisa Tuguegarao
vegetable,Vegetable,165b841ae1ecd48a,https://c6.staticflickr.com/9/8075/8292163757_99f76f64c8_z.jpg,https://c3.staticflickr.com/9/8075/8292163757_98f1bb8a13_o.jpg,https://creativecommons.org/licenses/by/2.0/,Jake Spurlock,12 year old me is really disappointed in present day me in how much I like roasted brussel sprouts.
vegetable,Vegetable,167e4af2583275b4,https://c4.staticflickr.com/3/2947/15176865379_3825a199d1_z.jpg,https://farm5.staticflickr.com/2947/15176865379_c95eb08384_o.jpg,https://creativecommons.org/licenses/by/2.0/,John Hoey,Eggplants
vehicle,Vehicle,003a5aaf6d17c917,https://c2.staticflickr.com/6/5013/5466970559_0f7b06bcd6_z.jpg,https://farm8.staticflickr.com/5013/5466970559_02db368cea_o.jpg,https://creativecommons.org/licenses/by/2.0/,Kalvin Chan,IMG_1586
vehicle,Vehicle,005b598d8fecb139,https://c7.staticflickr.com/2/1147/750912399_32f415ecb1_z.jpg,https://c2.staticflickr.com/2/1147/750912399_b11629ce55_o.jpg,https://creativecommons.org/licenses/by/2.0/,Jukka Peura,Ford 1934 Hot Rod
vehicle,Vehicle,0089b8f6212315ec,https://c6.staticflickr.com/4/3215/3118621171_3c65d32af5_z.jpg,https://c5.staticflickr.com/4/3215/3118621171_e18bd60a7d_o.jpg,https://creativecommons.org/licenses/by/2.0/,jxandreani,naufrage à Sagone
vehicle,Vehicle,00a1f2a6e7f78ac5,https://c4.staticflickr.com/6/5292/5516505342_43268015f4_z.jpg,https://farm6.staticflickr.com/5292/5516505342_93cd714afc_o.jpg,https://creativecommons.org/licenses/by/2.0/,nakhon100,Audi A1
vehicle,Vehicle,00acf53b127218c2,https://c4.staticflickr.com/8/7100/13314143603_95d63b5748_z.jpg,https://farm3.staticflickr.com/7100/13314143603_a6cbf59cfc_o.jpg,https://creativecommons.org/licenses/by/2.0/,nakhon100,Jeep Gran Cherokee 3.0 CRD
vehicle,Vehicle,00b0cb1fcb463c04,https://c6.staticflickr.com/3/2308/2166320847_63a04a9303_z.jpg,https://farm5.staticflickr.com/2308/2166320847_29246236e2_o.jpg,https://creativecommons.org/licenses/by/2.0/,Michael Wilt,IMG_0773
vehicle,Vehicle,00dc0530e6779ca6,https://c7.staticflickr.com/4/3057/2338716422_d4935c35a4_z.jpg,https://farm7.staticflickr.com/3057/2338716422_48da1e1f39_o.jpg,https://creativecommons.org/licenses/by/2.0/,Abulic Monkey,ages of man... wait a minute!  where's the baby?!
vehicle,Vehicle,012ea1afd40e85ac,https://c6.staticflickr.com/1/141/334682527_f2f4eb4ba8_z.jpg,https://c5.staticflickr.com/1/141/334682527_f2f4eb4ba8_o.jpg,https://creativecommons.org/licenses/by/2.0/,H Dragon,Spouting Horn Part 1
vehicle,Vehicle,01439856e567bc4e,https://c6.staticflickr.com/6/5144/5693560579_741b7dbefb_z.jpg,https://c7.staticflickr.com/6/5144/5693560579_859036582d_o.jpg,https://creativecommons.org/licenses/by/2.0/,Niklas Hellerstedt,Arena di Verona
vehicle,Vehicle,014ad124c16040a4,https://c6.staticflickr.com/5/4088/5015123851_cd3f316faf_z.jpg,https://farm5.staticflickr.com/4088/5015123851_1b95877fd0_o.jpg,https://creativecommons.org/licenses/by/2.0/,Raquel Baranow,Monsoon Flood
vehicle,Vehicle,015f5cd905204962,https://c6.staticflickr.com/8/7105/7143187415_9108838dda_z.jpg,https://farm3.staticflickr.com/7105/7143187415_d73938ce15_o.jpg,https://creativecommons.org/licenses/by/2.0/,Nathan Swartz,IMG_0088
vehicle,Vehicle,01877d79c356fad3,https://c1.staticflickr.com/8/7311/12151679383_9ae57698a3_z.jpg,https://farm4.staticflickr.com/7311/12151679383_983a465865_o.jpg,https://creativecommons.org/licenses/by/2.0/,"Lehigh Valley, PA",Some snow tubing fun in Lower Macungie Twp by Joe Tittermary #lehighvalley #iglehighvalley #macungie #pasnowdays #snow #tubing #snowtube #pennsylvania
vehicle,Vehicle,01b405e0cab3add3,https://c1.staticflickr.com/5/4080/5003280553_b0cba038b5_z.jpg,https://farm4.staticflickr.com/4080/5003280553_14a964f5e2_o.jpg,https://creativecommons.org/licenses/by/2.0/,Martin Pettitt,Classic & Sports Cars By The Lake 12-9-2010
vehicle,Vehicle,01bf00da5f94e942,https://c1.staticflickr.com/9/8191/8366333214_131e850bb1_z.jpg,https://farm3.staticflickr.com/8191/8366333214_2cf1148652_o.jpg,https://creativecommons.org/licenses/by/2.0/,jeffrey montes,belen crew visit-9
vehicle,Vehicle,01dda8e0ceb32219,https://c8.staticflickr.com/1/47/137645334_f0b83e18a0_z.jpg,https://c2.staticflickr.com/1/47/137645334_f0b83e18a0_o.jpg,https://creativecommons.org/licenses/by/2.0/,Jon Rawlinson,ferrari
vehicle,Vehicle,0210e5bd37398d59,https://c6.staticflickr.com/4/3435/3957427257_b7035fcf8a_z.jpg,https://c2.staticflickr.com/4/3435/3957427257_743f7c7009_o.jpg,https://creativecommons.org/licenses/by/2.0/,_mafiozo,ice boat
vehicle,Vehicle,0210f9c01e31f873,https://c8.staticflickr.com/4/3765/9014218921_91f3eb98ac_z.jpg,https://farm4.staticflickr.com/3765/9014218921_a2038a03c5_o.jpg,https://creativecommons.org/licenses/by/2.0/,Niels de Wit,1995 Aston Martin DB7
vehicle,Vehicle,0217ef254d8bf5cd,https://c1.staticflickr.com/9/8341/8168430511_63a5c524c4_z.jpg,https://c6.staticflickr.com/9/8341/8168430511_08ed22df52_o.jpg,https://creativecommons.org/licenses/by/2.0/,Daniel Lewis,IMG_3819
vehicle,Vehicle,023a8d0a05ec58ad,https://c6.staticflickr.com/6/5215/5496481172_2520e133c9_z.jpg,https://c6.staticflickr.com/6/5215/5496481172_a881ccf542_o.jpg,https://creativecommons.org/licenses/by/2.0/,Ryu Hayano,Good old Corvette and Camaro
vehicle,Vehicle,027cffb13d932cf2,https://c3.staticflickr.com/6/5627/21735158694_2114dbf886_z.jpg,https://farm3.staticflickr.com/5627/21735158694_6f15231e46_o.jpg,https://creativecommons.org/licenses/by/2.0/,Sterling College,All College Work Day_Oct 2015_7040
vehicle,Vehicle,02a6ef3d9bd68e91,https://c5.staticflickr.com/4/3088/2516320228_68f36f5910_z.jpg,https://farm2.staticflickr.com/3088/2516320228_c8c300b978_o.jpg,https://creativecommons.org/licenses/by/2.0/,Piutus,Alfa Romeo
vehicle,Vehicle,02b7e70979560df7,,https://farm8.staticflickr.com/1287/1345881472_cfcd4fefa7_o.jpg,https://creativecommons.org/licenses/by/2.0/,Jayanth Vincent,DSCN3897 (Medium)
vehicle,Vehicle,02da35e6e72d6816,https://c5.staticflickr.com/3/2187/2277350779_f78ee15c60_z.jpg,https://farm7.staticflickr.com/2187/2277350779_95bbedfdb1_o.jpg,https://creativecommons.org/licenses/by/2.0/,Alan Taylor,OT17
vehicle,Vehicle,02fcf5654c103ede,https://c7.staticflickr.com/6/5160/14224613082_fed20f3d7e_z.jpg,https://c7.staticflickr.com/6/5160/14224613082_518626fe45_o.jpg,https://creativecommons.org/licenses/by/2.0/,dave_7,Volkswagen Golf
vehicle,Vehicle,031336c27b5d1168,https://c2.staticflickr.com/9/8531/8477080013_1764d62a47_z.jpg,https://c1.staticflickr.com/9/8531/8477080013_80ff7f674a_o.jpg,https://creativecommons.org/licenses/by/2.0/,gkrew,Untitled
vehicle,Vehicle,037774ce28834ba2,https://c7.staticflickr.com/4/3490/4058087239_a552ae3832_z.jpg,https://farm3.staticflickr.com/3490/4058087239_9c7b2483aa_o.jpg,https://creativecommons.org/licenses/by/2.0/,David Berkowitz,Movenpick Radamis II Cruise Ship on the Nile River
vehicle,Vehicle,03793a9d2a2eab25,https://c2.staticflickr.com/2/1175/1370766935_ae6b45b969_z.jpg?zz=1,https://farm6.staticflickr.com/1175/1370766935_8f3dbc714a_o.jpg,https://creativecommons.org/licenses/by/2.0/,irina slutsky,velle is from estonia!
vehicle,Vehicle,0394201b977eb6c5,https://c5.staticflickr.com/9/8492/8428213945_75882c4c94_z.jpg,https://farm6.staticflickr.com/8492/8428213945_91aa0ee7e4_o.jpg,https://creativecommons.org/licenses/by/2.0/,German Medeot,1987 FERRARI TESTAROSSA
vehicle,Vehicle,0404b2b471b90c34,https://c4.staticflickr.com/9/8768/17276830985_290b4364f3_z.jpg,https://farm5.staticflickr.com/8768/17276830985_cdf613894c_o.jpg,https://creativecommons.org/licenses/by/2.0/,mancbranch,"BEIGE, 1980 FORD ESCORT RS CUSTOM KDB 787V"
vehicle,Vehicle,0438c2d3613680bf,https://c2.staticflickr.com/8/7299/9835776624_dc57c43e32_z.jpg,https://c8.staticflickr.com/8/7299/9835776624_0b93536251_o.jpg,https://creativecommons.org/licenses/by/2.0/,FNV Bondgenoten,Schiet hem erin
vehicle,Vehicle,0464eb56ce511db6,https://c1.staticflickr.com/5/4048/4471690976_faca290485_z.jpg,https://farm7.staticflickr.com/4048/4471690976_875bbebd03_o.jpg,https://creativecommons.org/licenses/by/2.0/,Matt,2001 Ford Taurus For Sale
vehicle,Vehicle,04737aad68f78bb7,https://c3.staticflickr.com/8/7368/13082957645_1fa6b54d50_z.jpg,https://farm8.staticflickr.com/7368/13082957645_df692bf721_o.jpg,https://creativecommons.org/licenses/by/2.0/,rpavich,Shawn's Ride...
vehicle,Vehicle,04833bdaa8c68594,https://c2.staticflickr.com/6/5070/5654740063_1e87dbb794_z.jpg,https://farm5.staticflickr.com/5070/5654740063_3d29a44ba2_o.jpg,https://creativecommons.org/licenses/by/2.0/,al3xadk1n5,London Taxis
vehicle,Vehicle,0490dbf686cc0da2,https://c2.staticflickr.com/3/2281/2211874800_1fc922f447_z.jpg,https://farm3.staticflickr.com/2281/2211874800_d082df1faf_o.jpg,https://creativecommons.org/licenses/by/2.0/,poolie,Getting ready
vehicle,Vehicle,049b2fae5ca8aa8b,https://c5.staticflickr.com/1/41/82903264_5dd277c32d_z.jpg,https://c4.staticflickr.com/1/41/82903264_5dd277c32d_o.jpg,https://creativecommons.org/licenses/by/2.0/,Christopher,He's got red boxes
vehicle,Vehicle,04efbfa009755571,https://c3.staticflickr.com/6/5541/11128891134_de3147a851_z.jpg,https://farm2.staticflickr.com/5541/11128891134_4643bb5d61_o.jpg,https://creativecommons.org/licenses/by/2.0/,Craig Howell,49mile-ride-2013-151
vehicle,Vehicle,050e8ca25cd35ba5,https://c6.staticflickr.com/3/2199/2930723055_425e2f92c0_z.jpg,https://farm6.staticflickr.com/2199/2930723055_436f012894_o.jpg,https://creativecommons.org/licenses/by/2.0/,Vladimir Morozov,horse racing
vehicle,Vehicle,0537786795f34ef4,https://c5.staticflickr.com/6/5464/8929665757_3102c62e92_z.jpg,https://farm5.staticflickr.com/5464/8929665757_985e3a3900_o.jpg,https://creativecommons.org/licenses/by/2.0/,Ed Johnson,SF Peace Protest
vehicle,Vehicle,0552ac7ed0de822f,https://c3.staticflickr.com/4/3465/5826123620_42514e9608_z.jpg,https://c8.staticflickr.com/4/3465/5826123620_81fdd1eb4b_o.jpg,https://creativecommons.org/licenses/by/2.0/,Sunny,Toyota_D3S_5249
vehicle,Vehicle,05ca659dea8dbdbd,https://c4.staticflickr.com/9/8466/8084625112_193ef02a23_z.jpg,https://c6.staticflickr.com/9/8466/8084625112_ef240b4cc2_o.jpg,https://creativecommons.org/licenses/by/2.0/,Sunny,jeep
vehicle,Vehicle,05db4dc07c4012f6,https://c1.staticflickr.com/8/7289/9789367304_bfe2898ed6_z.jpg,https://farm7.staticflickr.com/7289/9789367304_2b4b3e13a8_o.jpg,https://creativecommons.org/licenses/by/2.0/,John Mosbaugh,IMG_1299
vehicle,Vehicle,060c7fa6287df581,https://c8.staticflickr.com/7/6192/6042998704_6a68855484_z.jpg,https://farm2.staticflickr.com/6192/6042998704_6dff0d676c_o.jpg,https://creativecommons.org/licenses/by/2.0/,GregBowie,P1020142
vehicle,Vehicle,078638a985c0e5a9,https://c2.staticflickr.com/4/3764/19044723854_75394febb5_z.jpg,https://c2.staticflickr.com/4/3764/19044723854_5ef7bdf262_o.jpg,https://creativecommons.org/licenses/by/2.0/,Carl-Henrik Skårstedt,Mina and Götheborg
vehicle,Vehicle,0787b0fa95f545a5,https://c4.staticflickr.com/7/6039/6398947959_1c42bc83aa_z.jpg,https://farm6.staticflickr.com/6039/6398947959_202310ab68_o.jpg,https://creativecommons.org/licenses/by/2.0/,FotoSleuth,Alfa Romeo 166 3.0 V6 24v
vehicle,Vehicle,079050186a1b03a8,https://c5.staticflickr.com/8/7296/9378752252_6165324241_z.jpg,https://c1.staticflickr.com/8/7296/9378752252_c51d8d6d43_o.jpg,https://creativecommons.org/licenses/by/2.0/,Peter Trimming,M60A3 Tank
vehicle,Vehicle,07d49ad2075e876b,https://c6.staticflickr.com/1/57/161964965_0bfefaa094_z.jpg,https://c4.staticflickr.com/1/57/161964965_0bfefaa094_o.jpg,https://creativecommons.org/licenses/by/2.0/,Richard King,Old Ferrari
vehicle,Vehicle,07e304a0ba61ce5c,https://c1.staticflickr.com/4/3490/3203456797_f6856f2011_z.jpg,https://c5.staticflickr.com/4/3490/3203456797_5f5216b939_o.jpg,https://creativecommons.org/licenses/by/2.0/,Noli Fernan &quot;Dudut&quot; Perez,Untitled
vehicle,Vehicle,07f8d21f3b657dea,https://c6.staticflickr.com/7/6122/6196691408_1a2ee73c67_z.jpg,https://c3.staticflickr.com/7/6122/6196691408_31d28d75a2_o.jpg,https://creativecommons.org/licenses/by/2.0/,nakhon100,Saab 92X
vehicle,Vehicle,08207a0ccb14a6e5,https://c3.staticflickr.com/4/3309/3297966229_bacc8dab16_z.jpg,https://farm6.staticflickr.com/3309/3297966229_23539f8184_o.jpg,https://creativecommons.org/licenses/by/2.0/,Chad Kainz,Mercedes SLR
vehicle,Vehicle,082c5f68acec45fc,https://c8.staticflickr.com/9/8122/8659810763_b856560058_z.jpg,https://c5.staticflickr.com/9/8122/8659810763_c214d9c3ca_o.jpg,https://creativecommons.org/licenses/by/2.0/,A Name Like Shields Can Make You Defensive,west4
vehicle_registration_plate,Vehicle registration plate,003a5aaf6d17c917,https://c2.staticflickr.com/6/5013/5466970559_0f7b06bcd6_z.jpg,https://farm8.staticflickr.com/5013/5466970559_02db368cea_o.jpg,https://creativecommons.org/licenses/by/2.0/,Kalvin Chan,IMG_1586
vehicle_registration_plate,Vehicle registration plate,00723dac8201a83e,https://c2.staticflickr.com/1/150/432591931_4789d0f0f1_z.jpg,https://c7.staticflickr.com/1/150/432591931_9f9e85a542_o.jpg,https://creativecommons.org/licenses/by/2.0/,Cirofono,Día 023: ¿De 91 o 95?
vehicle_registration_plate,Vehicle registration plate,008637722500f239,https://c7.staticflickr.com/6/5289/5340010485_edeaa88c83_z.jpg,https://c2.staticflickr.com/6/5289/5340010485_e04a074103_o.jpg,https://creativecommons.org/licenses/by/2.0/,Michael Gil,Datsun 280Z 5 Speed
vehicle_registration_plate,Vehicle registration plate,00acf53b127218c2,https://c4.staticflickr.com/8/7100/13314143603_95d63b5748_z.jpg,https://farm3.staticflickr.com/7100/13314143603_a6cbf59cfc_o.jpg,https://creativecommons.org/licenses/by/2.0/,nakhon100,Jeep Gran Cherokee 3.0 CRD
vehicle_registration_plate,Vehicle registration plate,0170ea8e1a33375a,https://c7.staticflickr.com/4/3627/3333969844_b8414c62bf_z.jpg,https://c3.staticflickr.com/4/3627/3333969844_7d4dbb971b_o.jpg,https://creativecommons.org/licenses/by/2.0/,a selfish disregard for others,"gray 2008/2009 Volkswagen Jetta, WA 729-XRV"
vehicle_registration_plate,Vehicle registration plate,017527da8bfeb97d,https://c4.staticflickr.com/4/3532/3811341674_82efa5b08f_z.jpg,https://c6.staticflickr.com/4/3532/3811341674_a47fcb3de5_o.jpg,https://creativecommons.org/licenses/by/2.0/,Fire_Eyes,IMG_5528
vehicle_registration_plate,Vehicle registration plate,017b690dbb7552db,https://c4.staticflickr.com/4/3766/11075036896_f311140263_z.jpg,https://c4.staticflickr.com/4/3766/11075036896_a55c35c0c1_o.jpg,https://creativecommons.org/licenses/by/2.0/,Envato,8:45am - &quot;The parking is cheap and the indecent graffiti aplenty&quot; | A Day in the Life of the CEO
vehicle_registration_plate,Vehicle registration plate,0210f9c01e31f873,https://c8.staticflickr.com/4/3765/9014218921_91f3eb98ac_z.jpg,https://farm4.staticflickr.com/3765/9014218921_a2038a03c5_o.jpg,https://creativecommons.org/licenses/by/2.0/,Niels de Wit,1995 Aston Martin DB7
vehicle_registration_plate,Vehicle registration plate,02a6ef3d9bd68e91,https://c5.staticflickr.com/4/3088/2516320228_68f36f5910_z.jpg,https://farm2.staticflickr.com/3088/2516320228_c8c300b978_o.jpg,https://creativecommons.org/licenses/by/2.0/,Piutus,Alfa Romeo
vehicle_registration_plate,Vehicle registration plate,030c35e683f00ad8,https://c7.staticflickr.com/4/3948/15144151794_1119db8a69_z.jpg,https://c1.staticflickr.com/4/3948/15144151794_384b0955e8_o.jpg,https://creativecommons.org/licenses/by/2.0/,Nacho,Peugeot 205 SR
vehicle_registration_plate,Vehicle registration plate,03b7b71e1ffcb7a8,https://c8.staticflickr.com/4/3773/13192010993_baf13116d1_z.jpg,https://c1.staticflickr.com/4/3773/13192010993_dab411b2b2_o.jpg,https://creativecommons.org/licenses/by/2.0/,David Brown,Period correct e30
vehicle_registration_plate,Vehicle registration plate,040dd20f15657190,https://c6.staticflickr.com/4/3144/3106126584_fdbf241cde_z.jpg,https://farm1.staticflickr.com/3144/3106126584_cc0d0ec3a5_o.jpg,https://creativecommons.org/licenses/by/2.0/,Mario Carvajal,Barcelona Mont Juic
vehicle_registration_plate,Vehicle registration plate,0443efb101717113,https://c1.staticflickr.com/8/7386/8760470650_17d5382f6f_z.jpg,https://farm4.staticflickr.com/7386/8760470650_ef27e16e3d_o.jpg,https://creativecommons.org/licenses/by/2.0/,Craig Dennis,Nissan GTR Black Edition
vehicle_registration_plate,Vehicle registration plate,044417ca6134604f,https://c6.staticflickr.com/4/3848/15031891718_d5c64a4079_z.jpg,https://c8.staticflickr.com/4/3848/15031891718_9d4fa552de_o.jpg,https://creativecommons.org/licenses/by/2.0/,Charlie,1994 Granada Scorpio I A
vehicle_registration_plate,Vehicle registration plate,0450c83178d36a42,https://c6.staticflickr.com/5/4031/4285500166_86869b544f_z.jpg,https://farm3.staticflickr.com/4031/4285500166_08206c1e1b_o.jpg,https://creativecommons.org/licenses/by/2.0/,M.Peinado,001456 - Hyundai Sonata
vehicle_registration_plate,Vehicle registration plate,049cbdf58c353959,https://c4.staticflickr.com/9/8877/17142462878_1cc27f5feb_z.jpg,https://c2.staticflickr.com/9/8877/17142462878_100911759a_o.jpg,https://creativecommons.org/licenses/by/2.0/,George Shahda,#dubai #dxb #AbuDhabi #uae #motorcycle #indian #indianmotorcycle #victory #victorymotorcycle #photoshoot #hasselblad #broncolor #scoro #movie #mobil #studio #models #georgeshahda #camaro #chevrolet #cars #speed #luxury
vehicle_registration_plate,Vehicle registration plate,052ad2ea2d01ae65,https://c4.staticflickr.com/1/178/435697246_a65020aa04_z.jpg?zz=1,https://farm6.staticflickr.com/178/435697246_acf8aab623_o.jpg,https://creativecommons.org/licenses/by/2.0/,Cristiano Betta,Porshe
vehicle_registration_plate,Vehicle registration plate,057569768fd6303e,https://c3.staticflickr.com/3/2279/2350503333_d1e8d264df_z.jpg,https://c7.staticflickr.com/3/2279/2350503333_6d247d2a9c_o.jpg,https://creativecommons.org/licenses/by/2.0/,Jason,BMW 325 custom
vehicle_registration_plate,Vehicle registration plate,064a8def3049d040,https://c2.staticflickr.com/8/7298/9303088136_e01611bc6a_z.jpg,https://farm1.staticflickr.com/7298/9303088136_4094f0b849_o.jpg,https://creativecommons.org/licenses/by/2.0/,Nacho,Mini Cooper
vehicle_registration_plate,Vehicle registration plate,0673b967f8c68eec,https://c2.staticflickr.com/1/33/100784627_485946ea31_z.jpg?zz=1,https://c5.staticflickr.com/1/33/100784627_485946ea31_o.jpg,https://creativecommons.org/licenses/by/2.0/,Gareth Simpson,5imple Object Access Protocol
vehicle_registration_plate,Vehicle registration plate,06b024413ad385a7,https://c5.staticflickr.com/4/3821/10097313815_9610a945ba_z.jpg,https://farm8.staticflickr.com/3821/10097313815_03347861f8_o.jpg,https://creativecommons.org/licenses/by/2.0/,Mr Thinktank,DSCI6019
vehicle_registration_plate,Vehicle registration plate,0727983dd5f9e4e6,https://c5.staticflickr.com/1/74/187577628_80638c77f8_z.jpg,https://farm7.staticflickr.com/74/187577628_80638c77f8_o.jpg,https://creativecommons.org/licenses/by/2.0/,Gareth Simpson,Mr Sci Fi
vehicle_registration_plate,Vehicle registration plate,0787b0fa95f545a5,https://c4.staticflickr.com/7/6039/6398947959_1c42bc83aa_z.jpg,https://farm6.staticflickr.com/6039/6398947959_202310ab68_o.jpg,https://creativecommons.org/licenses/by/2.0/,FotoSleuth,Alfa Romeo 166 3.0 V6 24v
vehicle_registration_plate,Vehicle registration plate,0801961485534636,https://c2.staticflickr.com/4/3009/2588853883_a12acd14ea_z.jpg,https://farm7.staticflickr.com/3009/2588853883_488d41416e_o.jpg,https://creativecommons.org/licenses/by/2.0/,Jon Lee Clark,Volkswagen GTI V-6
vehicle_registration_plate,Vehicle registration plate,081f5a6bc61b9c48,https://c2.staticflickr.com/3/2587/3952061812_8f3eab12c3_z.jpg,https://c1.staticflickr.com/3/2587/3952061812_49dc4c9dc3_o.jpg,https://creativecommons.org/licenses/by/2.0/,Andy Rusch,Mercedes AMG C63
vehicle_registration_plate,Vehicle registration plate,0822a13549844948,https://c3.staticflickr.com/1/516/19552632563_b4f624c7ee_z.jpg,https://c1.staticflickr.com/1/516/19552632563_691ddeb82a_o.jpg,https://creativecommons.org/licenses/by/2.0/,grassrootsgroundswell,BMW
vehicle_registration_plate,Vehicle registration plate,08481c03daf6f35d,https://c2.staticflickr.com/4/3033/2805345953_f1706eff88_z.jpg?zz=1,https://c6.staticflickr.com/4/3033/2805345953_2f0c816641_o.jpg,https://creativecommons.org/licenses/by/2.0/,Umbrela Verde,Fotografie trimisa de Marian Cubic
vehicle_registration_plate,Vehicle registration plate,091c033b2a7df15b,https://c6.staticflickr.com/7/6197/6087324064_423cd73f52_z.jpg,https://c4.staticflickr.com/7/6197/6087324064_7c19c536f1_o.jpg,https://creativecommons.org/licenses/by/2.0/,Sam Beebe,1979 Mercedes 240 GD
vehicle_registration_plate,Vehicle registration plate,09453a7c716a9ef3,https://c7.staticflickr.com/1/114/284610248_4fd3e645d9_z.jpg,https://farm4.staticflickr.com/114/284610248_4fd3e645d9_o.jpg,https://creativecommons.org/licenses/by/2.0/,Jacob Bøtter,Rainy day
vehicle_registration_plate,Vehicle registration plate,0a37aa0734ac8016,https://c7.staticflickr.com/4/3925/14661620218_9191ba7382_z.jpg,https://farm7.staticflickr.com/3925/14661620218_c0cc63c55c_o.jpg,https://creativecommons.org/licenses/by/2.0/,Greg Gjerdingen,Mazda RX-8
vehicle_registration_plate,Vehicle registration plate,0a7f13330a5d0023,https://c6.staticflickr.com/9/8118/8687652806_7699f62d63_z.jpg,https://farm4.staticflickr.com/8118/8687652806_0f75e37dd5_o.jpg,https://creativecommons.org/licenses/by/2.0/,Pez Pengelly,New freaking Impreza!
vehicle_registration_plate,Vehicle registration plate,0b0328075ddf03fc,https://c7.staticflickr.com/8/7309/12993198965_b0fca429b9_z.jpg,https://c5.staticflickr.com/8/7309/12993198965_33bd0ebc21_o.jpg,https://creativecommons.org/licenses/by/2.0/,mancbranch,"SILVER, 1988 LAMBORGHINI COUNTACH F571 PYP"
vehicle_registration_plate,Vehicle registration plate,0b2167c3a726f68a,https://c1.staticflickr.com/7/6154/6175078396_df964ae89c_z.jpg,https://c3.staticflickr.com/7/6154/6175078396_80e27c12e5_o.jpg,https://creativecommons.org/licenses/by/2.0/,Brian Eager,fico van combi
vehicle_registration_plate,Vehicle registration plate,0b36a67f496e3001,https://c1.staticflickr.com/5/4120/4886330156_7f6cf10ca8_z.jpg,https://farm2.staticflickr.com/4120/4886330156_2c16671dbd_o.jpg,https://creativecommons.org/licenses/by/2.0/,Miciudadreal.es Diario Digital y Ciudadano de la provincia de Ciudad Real,Multacar 01
vehicle_registration_plate,Vehicle registration plate,0bc24867cc06ebb6,https://c7.staticflickr.com/8/7426/10825356926_255fd30b91_z.jpg,https://farm7.staticflickr.com/7426/10825356926_82a749391b_o.jpg,https://creativecommons.org/licenses/by/2.0/,Sutton Coldfield Local,Sutton Coldfield Community First Responders
vehicle_registration_plate,Vehicle registration plate,0bc614727f291c44,https://c6.staticflickr.com/4/3877/14875440299_a3f6060bd9_z.jpg,https://farm5.staticflickr.com/3877/14875440299_98288ab0b9_o.jpg,https://creativecommons.org/licenses/by/2.0/,Syed Ikhwan,Ore kato koya? Haku peduli hape! Next mission..
vehicle_registration_plate,Vehicle registration plate,0c5d3feefa49ac30,https://c5.staticflickr.com/2/1175/529070394_faa51fa7c5_z.jpg,https://farm1.staticflickr.com/1175/529070394_6f70bc36f2_o.jpg,https://creativecommons.org/licenses/by/2.0/,Tommy Wong,White MR2 - Back
vehicle_registration_plate,Vehicle registration plate,0c756c9366a8cb10,https://c5.staticflickr.com/6/5208/5261159714_ba6c37738d_z.jpg,https://farm1.staticflickr.com/5208/5261159714_b23ee37ac0_o.jpg,https://creativecommons.org/licenses/by/2.0/,caoscarioca,Estacionamento Irregular Gero Ipanema (3)
vehicle_registration_plate,Vehicle registration plate,0cacb08195a3e2d7,https://c4.staticflickr.com/6/5344/17579010976_860026da9b_z.jpg,https://farm8.staticflickr.com/5344/17579010976_ebebee3b35_o.jpg,https://creativecommons.org/licenses/by/2.0/,Hammad Khan,Mazda Rx-8
vehicle_registration_plate,Vehicle registration plate,0d530b6b0079b5ec,https://c8.staticflickr.com/8/7185/6858899798_02c2bdb606_z.jpg,https://c5.staticflickr.com/8/7185/6858899798_6f31c501d8_o.jpg,https://creativecommons.org/licenses/by/2.0/,Highway Patrol Images,Public Order and Riot Squad Nissan Patrol
vehicle_registration_plate,Vehicle registration plate,0d6ca8553971fefd,https://c6.staticflickr.com/4/3081/2481042101_eeb897da01_z.jpg,https://c6.staticflickr.com/4/3081/2481042101_df7d0b698d_o.jpg,https://creativecommons.org/licenses/by/2.0/,AgentAkit,Parking Hog Alert: CA 4MTV873 Safeway &quot;La Playa&quot; San Francisco Parking Lot
vehicle_registration_plate,Vehicle registration plate,0dff5becb0f6c70d,https://c3.staticflickr.com/9/8207/8179298511_0192a3ac0c_z.jpg,https://c6.staticflickr.com/9/8207/8179298511_51cef0fe55_o.jpg,https://creativecommons.org/licenses/by/2.0/,Nacho,Volkswagen Golf GTI
vehicle_registration_plate,Vehicle registration plate,0e360a4689ac06e8,https://c1.staticflickr.com/7/6113/6268920099_0d302f4159_z.jpg,https://c1.staticflickr.com/7/6113/6268920099_35406eb5ff_o.jpg,https://creativecommons.org/licenses/by/2.0/,Jon Lee Clark,My Maserati Does 185
vehicle_registration_plate,Vehicle registration plate,0e50ea14c4fc1353,https://c4.staticflickr.com/8/7432/14089914365_a6058f0096_z.jpg,https://farm4.staticflickr.com/7432/14089914365_ff6411df21_o.jpg,https://creativecommons.org/licenses/by/2.0/,Mathew Bedworth,Alex Butwell's Memorial Meet
vehicle_registration_plate,Vehicle registration plate,0ee131f55fb5b7f2,https://c5.staticflickr.com/4/3385/4641732033_a2069610b5_z.jpg,https://farm3.staticflickr.com/3385/4641732033_3a5b289cbb_o.jpg,https://creativecommons.org/licenses/by/2.0/,Spanish Coches,1983 Talbot Solara SX
vehicle_registration_plate,Vehicle registration plate,0ee91c4938b6e7ee,https://c7.staticflickr.com/6/5167/5247939212_69fe83ce3f_z.jpg,https://c7.staticflickr.com/6/5167/5247939212_ca5c8a4379_o.jpg,https://creativecommons.org/licenses/by/2.0/,GroovyAndDreamy,rear ended... FUCK!
vehicle_registration_plate,Vehicle registration plate,0f0596b1c511e071,https://c3.staticflickr.com/9/8809/17888599302_5e39c2da88_z.jpg,https://farm2.staticflickr.com/8809/17888599302_5ebb8ec15a_o.jpg,https://creativecommons.org/licenses/by/2.0/,FotoSleuth,Mercedes-Benz A45 AMG
vehicle_registration_plate,Vehicle registration plate,0f29f7f902bd5a60,https://c8.staticflickr.com/1/627/21097424663_149c0d42b5_z.jpg,https://farm1.staticflickr.com/627/21097424663_b8f51566f7_o.jpg,https://creativecommons.org/licenses/by/2.0/,zombieite,Subaru
vehicle_registration_plate,Vehicle registration plate,0f4bfc46402a9f52,https://c2.staticflickr.com/1/265/19052425691_d9ffde211b_z.jpg,https://farm3.staticflickr.com/265/19052425691_869909c46e_o.jpg,https://creativecommons.org/licenses/by/2.0/,Courtney Boyd Myers,New wheels 😆
vehicle_registration_plate,Vehicle registration plate,0f7ffb243dbc9d92,https://c6.staticflickr.com/8/7289/8739455751_d73307353d_z.jpg,https://farm3.staticflickr.com/7289/8739455751_bfccab863b_o.jpg,https://creativecommons.org/licenses/by/2.0/,TuRbO_J,1986 Holden Gemini SL/E
violin,Violin,0049a724f5dc20e4,https://c1.staticflickr.com/1/633/20716526735_da0954a3a4_z.jpg,https://farm5.staticflickr.com/633/20716526735_d2ae94f95e_o.jpg,https://creativecommons.org/licenses/by/2.0/,Randen Pederson,For Sale
violin,Violin,05f4df7a207d1901,https://c8.staticflickr.com/9/8494/8292890160_f82a97c5a1_z.jpg,https://farm2.staticflickr.com/8494/8292890160_f4e73cd754_o.jpg,https://creativecommons.org/licenses/by/2.0/,JULIE,&quot;VIOLIN&quot;
violin,Violin,067e21aeda713b53,https://c1.staticflickr.com/6/5184/5630896004_f711eae35f_z.jpg,https://farm4.staticflickr.com/5184/5630896004_bebf37885c_o.jpg,https://creativecommons.org/licenses/by/2.0/,Aaron &quot;tango&quot; Tang,P1130494
violin,Violin,0fa1f463189c8e42,https://c8.staticflickr.com/5/4082/4767052683_54b1e7a1e9_z.jpg,https://farm3.staticflickr.com/4082/4767052683_1495ee327f_o.jpg,https://creativecommons.org/licenses/by/2.0/,Tim Regan,"CCO concert in the walled garden of the Manor House, High Street, Soham"
violin,Violin,12f351c0d464d69a,https://c8.staticflickr.com/8/7525/15303284953_1c5fc98aa2_z.jpg,https://c3.staticflickr.com/8/7525/15303284953_d311c4aa5e_o.jpg,https://creativecommons.org/licenses/by/2.0/,Daniel Timm,Geige
violin,Violin,1be0a6a7ac54abe7,https://c2.staticflickr.com/3/2675/3977394832_181600c3cd_z.jpg,https://farm8.staticflickr.com/2675/3977394832_f2c057451d_o.jpg,https://creativecommons.org/licenses/by/2.0/,Amit Chattopadhyay,Portland Cello Project
violin,Violin,226e69267d97c413,https://c1.staticflickr.com/1/55/192941316_c63ee76c83_z.jpg?zz=1,https://farm4.staticflickr.com/55/192941316_c63ee76c83_o.jpg,https://creativecommons.org/licenses/by/2.0/,paurian,The Fiddler
violin,Violin,3680bce5527b2efe,https://c4.staticflickr.com/5/4018/4332864946_141a1ced8b_z.jpg,https://c7.staticflickr.com/5/4018/4332864946_b3e40215d5_o.jpg,https://creativecommons.org/licenses/by/2.0/,Fund for the Arts,020210_FFTAKickOff_207_FS
violin,Violin,3b67f952f62a6389,https://c1.staticflickr.com/9/8090/8544925973_e238265c03_z.jpg,https://c2.staticflickr.com/9/8090/8544925973_9ab3c5e13f_o.jpg,https://creativecommons.org/licenses/by/2.0/,David Berry,Laurie Lewis
violin,Violin,3ddfa56be884cfb9,https://c2.staticflickr.com/1/91/232905677_e9b1927095_z.jpg?zz=1,https://c2.staticflickr.com/1/91/232905677_e9b1927095_o.jpg,https://creativecommons.org/licenses/by/2.0/,Gerardo Gonzalez,100B4243
violin,Violin,5b067552763637ea,https://c4.staticflickr.com/8/7174/6753041995_5f1d9c14ba_z.jpg,https://c3.staticflickr.com/8/7174/6753041995_52b459c10e_o.jpg,https://creativecommons.org/licenses/by/2.0/,__U___,P1012058
violin,Violin,5e9558f80df4afb1,https://c8.staticflickr.com/3/2625/3903334255_5c1e57bacc_z.jpg?zz=1,https://farm2.staticflickr.com/2625/3903334255_4f456e64b7_o.jpg,https://creativecommons.org/licenses/by/2.0/,@novisad,fusns1010
violin,Violin,5fc502adfd50360c,https://c7.staticflickr.com/6/5302/5592679062_881e067c4d_z.jpg,https://c5.staticflickr.com/6/5302/5592679062_dbbb9121fb_o.jpg,https://creativecommons.org/licenses/by/2.0/,Paul Cannon,Untitled
violin,Violin,7cdde6b0d7e2d11f,https://c6.staticflickr.com/3/2741/4252395282_d0c00e303f_z.jpg,https://c8.staticflickr.com/3/2741/4252395282_6cbc35f695_o.jpg,https://creativecommons.org/licenses/by/2.0/,Jeffrey Bary,New Year's Day
violin,Violin,80fc17a6b8901997,https://c5.staticflickr.com/9/8165/7646607592_ee1073feb5_z.jpg,https://farm8.staticflickr.com/8165/7646607592_b0730e267f_o.jpg,https://creativecommons.org/licenses/by/2.0/,Smoobs,P7242024
violin,Violin,82ad5fb60f721b64,https://c1.staticflickr.com/9/8506/8511804434_35843e54af_z.jpg,https://farm5.staticflickr.com/8506/8511804434_4e0af63dec_o.jpg,https://creativecommons.org/licenses/by/2.0/,Roberta,Jason Carl 02
violin,Violin,988888b4794b2981,https://c2.staticflickr.com/1/8/11144297_d685391bd4_z.jpg,https://farm2.staticflickr.com/8/11144297_d685391bd4_o.jpg,https://creativecommons.org/licenses/by/2.0/,Jordan Klein,Annie Staninec
violin,Violin,99fc31df576a0af7,https://c6.staticflickr.com/6/5567/15027544371_8b1877c6a0_z.jpg,https://farm8.staticflickr.com/5567/15027544371_74035cd0a1_o.jpg,https://creativecommons.org/licenses/by/2.0/,Scott Edmunds,Stradivarius
violin,Violin,9ab27a227737b1f3,https://c6.staticflickr.com/4/3041/2972297731_493b1da2fb_z.jpg,https://farm4.staticflickr.com/3041/2972297731_a380dbf3c9_o.jpg,https://creativecommons.org/licenses/by/2.0/,Pop!Tech,Pop!Tech 2008 - Live Performance by Rufus Cappadocia & Haitian Drummers
violin,Violin,9e59acc0d12f7103,https://c6.staticflickr.com/4/3744/12827872513_f006081f5c_z.jpg,https://farm4.staticflickr.com/3744/12827872513_200638ec34_o.jpg,https://creativecommons.org/licenses/by/2.0/,Brian Ruppert,Middleton Community Orchestra
violin,Violin,a65def4ef8c48960,https://c5.staticflickr.com/1/48/148616224_a0b7d2f528_z.jpg,https://farm1.staticflickr.com/48/148616224_a0b7d2f528_o.jpg,https://creativecommons.org/licenses/by/2.0/,Rolands Lakis,Strains of the violin
violin,Violin,a9af34c14be1a956,,https://farm7.staticflickr.com/3766/11174519874_6da2b1c279_o.jpg,https://creativecommons.org/licenses/by/2.0/,"Jefferson National Expansion Memorial, NPS",Clayton Strings
violin,Violin,ab5671e8a5e8979d,https://c5.staticflickr.com/8/7559/15700093739_5a95395930_z.jpg,https://c6.staticflickr.com/8/7559/15700093739_da7d2143b5_o.jpg,https://creativecommons.org/licenses/by/2.0/,SecondGlass,BN_257
violin,Violin,c9b7498703db16c1,https://c7.staticflickr.com/5/4114/4952714128_28b90a0bc9_z.jpg,https://farm2.staticflickr.com/4114/4952714128_a9fd71440b_o.jpg,https://creativecommons.org/licenses/by/2.0/,paudia,Violine
violin,Violin,d648cd7f5dc980eb,https://c4.staticflickr.com/4/3758/13283138543_4bd8b69ff4_z.jpg,https://c4.staticflickr.com/4/3758/13283138543_3c571ed972_o.jpg,https://creativecommons.org/licenses/by/2.0/,Official GDC,IGF/GDCA Awards
violin,Violin,e7d343a509dcbba7,https://c8.staticflickr.com/6/5328/7188658868_e9936453f9_z.jpg,https://farm8.staticflickr.com/5328/7188658868_5783fc869f_o.jpg,https://creativecommons.org/licenses/by/2.0/,Kyrre Gjerstad,Jazzclub
violin,Violin,e8900b7ce86475c5,https://c2.staticflickr.com/6/5002/5362784229_f7842ae4e8_z.jpg,https://farm6.staticflickr.com/5002/5362784229_ec9d2bf54c_o.jpg,https://creativecommons.org/licenses/by/2.0/,Bad  Kleinkirchheim,Wenn die Musi spielt - Winter Open Air 2011
violin,Violin,f30494eb86170b9b,https://c3.staticflickr.com/9/8022/7457278834_d7e0b59f5a_z.jpg,https://c4.staticflickr.com/9/8022/7457278834_9db84e9655_o.jpg,https://creativecommons.org/licenses/by/2.0/,Steve  Bowbrick,At St Paul's
violin,Violin,f9f131b83fec0d4e,,https://c7.staticflickr.com/3/2207/2311475995_8b84d72cc7_o.jpg,https://creativecommons.org/licenses/by/2.0/,Philemon Bob Sankofa Msangi,Sounds of Wisdom Festival 2 021
violin,Violin,0041c772f8b9aef6,https://c1.staticflickr.com/3/2340/2251302126_ca8384d75b_z.jpg?zz=1,https://farm7.staticflickr.com/2340/2251302126_71a013e9b7_o.jpg,https://creativecommons.org/licenses/by/2.0/,Lee Fenner,fausta.suzuki.violin.mamos.portraits.23.edit
violin,Violin,0372136b8091b748,https://c7.staticflickr.com/5/4126/5210291488_fe9939bdf1_z.jpg,https://c1.staticflickr.com/5/4126/5210291488_85cf29bf71_o.jpg,https://creativecommons.org/licenses/by/2.0/,Walter Lim,Wolffies in Concert - 26 Nov 2010
violin,Violin,074c55437a641899,https://c1.staticflickr.com/3/2927/14543755004_7d47cf2ab4_z.jpg,https://c2.staticflickr.com/3/2927/14543755004_48b36b3637_o.jpg,https://creativecommons.org/licenses/by/2.0/,Ted and Jen,"Part of cello trio with dogs, Musicircus (6/14 jp29)"
violin,Violin,094777ba90eef690,https://c1.staticflickr.com/5/4020/4601476271_d1f39d5836_z.jpg,https://farm1.staticflickr.com/4020/4601476271_5d7d79d050_o.jpg,https://creativecommons.org/licenses/by/2.0/,Phil,"Harp, violin, hat."
violin,Violin,0b9133833978c9ad,https://c1.staticflickr.com/7/6053/6239828439_dee0d30bd0_z.jpg,https://c6.staticflickr.com/7/6053/6239828439_14ec2d0892_o.jpg,https://creativecommons.org/licenses/by/2.0/,Helsingborgs Konserthus,Elsebeth Tofte-Hansen
violin,Violin,0b93e142e8a2742c,https://c6.staticflickr.com/4/3774/13821396193_062ee56936_z.jpg,https://c5.staticflickr.com/4/3774/13821396193_33be1f17bb_o.jpg,https://creativecommons.org/licenses/by/2.0/,VOCAL-NY (Voices Of Community Activists &amp; Leaders),IMG_8595
violin,Violin,115ab620a30a259c,https://c3.staticflickr.com/8/7417/16387216022_a1d27edfe5_z.jpg,https://c5.staticflickr.com/8/7417/16387216022_72c4004699_o.jpg,https://creativecommons.org/licenses/by/2.0/,BUF Simrishamn,Simrishamns kulturskola
violin,Violin,150aa7a0506b003b,https://c4.staticflickr.com/9/8073/8268436479_baa4fc79c8_z.jpg,https://c4.staticflickr.com/9/8073/8268436479_e3a45057c2_o.jpg,https://creativecommons.org/licenses/by/2.0/,Nori Norisa,Djangoのウッドベース
violin,Violin,15b33a9b68d8ad5c,https://c1.staticflickr.com/5/4089/5083554796_2a46348506_z.jpg,https://c5.staticflickr.com/5/4089/5083554796_27874c2412_o.jpg,https://creativecommons.org/licenses/by/2.0/,nhosko,2010-10-13_19-32-27_OD
violin,Violin,164ed5375f6ad610,https://c4.staticflickr.com/6/5136/5426037510_c81747508f_z.jpg,https://farm1.staticflickr.com/5136/5426037510_d59c79a6a7_o.jpg,https://creativecommons.org/licenses/by/2.0/,Mari Smith,David Garrett: World-class rock violinist performs live in San Diego
violin,Violin,1b19b23b9e8cd7c8,https://c8.staticflickr.com/4/3844/14225954598_508ac22aaf_z.jpg,https://c1.staticflickr.com/4/3844/14225954598_512df4d218_o.jpg,https://creativecommons.org/licenses/by/2.0/,Ben Pugh,To Seek a Dream recording session
violin,Violin,1f01fa36d7fe27a6,https://c5.staticflickr.com/8/7362/13152043314_d5c2efb0fe_z.jpg,https://farm7.staticflickr.com/7362/13152043314_222e7055b1_o.jpg,https://creativecommons.org/licenses/by/2.0/,Butz.2013,Geige
violin,Violin,20558bf613c5546c,https://c4.staticflickr.com/5/4110/5086276136_6c9d2d7475_z.jpg,https://c5.staticflickr.com/5/4110/5086276136_003ed41cf6_o.jpg,https://creativecommons.org/licenses/by/2.0/,Talhof Festival,Ost-CH in Concert I / 12. Oktober 2010
violin,Violin,22cc9505f2c49f6a,https://c3.staticflickr.com/4/3891/14238429320_66eb105764_z.jpg,https://c3.staticflickr.com/4/3891/14238429320_7db8ccaaf8_o.jpg,https://creativecommons.org/licenses/by/2.0/,Gary Millar,Gilbertson fiddle-1.jpg
violin,Violin,22e30d8637f53665,https://c2.staticflickr.com/4/3810/9606056029_43deb8bee5_z.jpg,https://farm6.staticflickr.com/3810/9606056029_7f796ec4f2_o.jpg,https://creativecommons.org/licenses/by/2.0/,US Department of Education,09-189 VSA Arts opening at DoED 77
violin,Violin,264f45695c9f50b9,https://c3.staticflickr.com/9/8081/8270313820_3ffc419b76_z.jpg,https://c2.staticflickr.com/9/8081/8270313820_dd8936a2ec_o.jpg,https://creativecommons.org/licenses/by/2.0/,torbakhopper,"an afterthought : violin tuxedo, san francisco (2012)"
violin,Violin,2beb012ddd2bc35d,https://c4.staticflickr.com/4/3739/13571152823_fc69d691cb_z.jpg,https://c6.staticflickr.com/4/3739/13571152823_4e6c323afe_o.jpg,https://creativecommons.org/licenses/by/2.0/,Linda Champanier,Untitled
violin,Violin,2c582a54a63cb447,https://c4.staticflickr.com/9/8302/7852723570_7086428209_z.jpg,https://farm8.staticflickr.com/8302/7852723570_d5808a8b37_o.jpg,https://creativecommons.org/licenses/by/2.0/,LiteWriting aka Loreen72,Musicality - 8
violin,Violin,2cc94d71584aefdf,https://c7.staticflickr.com/1/220/501589455_e91e4880bf_z.jpg,https://c8.staticflickr.com/1/220/501589455_c6923733cc_o.jpg,https://creativecommons.org/licenses/by/2.0/,born1945,Violin
violin,Violin,3405397885b0fc1a,https://c3.staticflickr.com/9/8028/7494678858_d5a303ff67_z.jpg,https://c3.staticflickr.com/9/8028/7494678858_e4898f4165_o.jpg,https://creativecommons.org/licenses/by/2.0/,Martin Cox,street music_5427
violin,Violin,358c26a6c5fbea77,https://c7.staticflickr.com/1/208/485750534_37fc3101e6_z.jpg,https://farm8.staticflickr.com/208/485750534_ed09661a5f_o.jpg,https://creativecommons.org/licenses/by/2.0/,Melissa Wiese,Player
volleyball_ball,Volleyball (Ball),148102552ec87de9,https://c1.staticflickr.com/8/7410/9628110614_c2cd7bf42a_z.jpg,https://c2.staticflickr.com/8/7410/9628110614_291831bbf3_o.jpg,https://creativecommons.org/licenses/by/2.0/,DNS D,Beachvolleyball Scheveningen-8762
volleyball_ball,Volleyball (Ball),1b33ecfef06460c5,https://c3.staticflickr.com/8/7048/6945899619_570c593db0_z.jpg,https://farm6.staticflickr.com/7048/6945899619_0d80033786_o.jpg,https://creativecommons.org/licenses/by/2.0/,Bill Taroli,033_20120226_bt_ballsoffurry_practice
volleyball_ball,Volleyball (Ball),1c1a752a8b9553f7,https://c7.staticflickr.com/4/3313/5847278208_0f81e7f519_z.jpg,https://farm8.staticflickr.com/3313/5847278208_7af9865485_o.jpg,https://creativecommons.org/licenses/by/2.0/,Rusty Clark - On the Air M-F 8am-noon,Hampton Beach NH
volleyball_ball,Volleyball (Ball),1ec09605382cdc53,https://c6.staticflickr.com/4/3193/2797202515_57c906fd20_z.jpg,https://farm4.staticflickr.com/3193/2797202515_de78e005ae_o.jpg,https://creativecommons.org/licenses/by/2.0/,Craig Maccubbin,Coming down
volleyball_ball,Volleyball (Ball),22efde6e6f42729b,https://c5.staticflickr.com/6/5541/9321991176_10e97f9ebc_z.jpg,https://c4.staticflickr.com/6/5541/9321991176_f8a9133be3_o.jpg,https://creativecommons.org/licenses/by/2.0/,Martin Cox,IMG_8500 (0.00.00.00)
volleyball_ball,Volleyball (Ball),26557008b4fcf408,https://c5.staticflickr.com/6/5570/14709685750_686ee3aa90_z.jpg,https://c1.staticflickr.com/6/5570/14709685750_b2307657b5_o.jpg,https://creativecommons.org/licenses/by/2.0/,Phuket@photographer.net,Long legged beach volleyball girl     THX_8891s-new
volleyball_ball,Volleyball (Ball),34a47f60bc6f288b,https://c5.staticflickr.com/6/5514/9325578845_9a1ef13bf2_z.jpg,https://c4.staticflickr.com/6/5514/9325578845_392e552b4d_o.jpg,https://creativecommons.org/licenses/by/2.0/,Matt Rasmussen,New York Red Bulls Ball
volleyball_ball,Volleyball (Ball),52c1e69c9a5c800b,https://c6.staticflickr.com/2/1360/1322676732_42ea485961_z.jpg,https://c4.staticflickr.com/2/1360/1322676732_e75b280c08_o.jpg,https://creativecommons.org/licenses/by/2.0/,Morten Skogly,The end is near: When you have to state that a product is &quot;Child free labour&quot;
volleyball_ball,Volleyball (Ball),5e5cddc86093e1b0,https://c1.staticflickr.com/7/6062/6125291726_3c9f3804cd_z.jpg,https://farm1.staticflickr.com/6062/6125291726_0e74811559_o.jpg,https://creativecommons.org/licenses/by/2.0/,SteFou!,Bonze Medal Men's Match
volleyball_ball,Volleyball (Ball),687e6caf64fd6839,https://c6.staticflickr.com/7/6165/6227325550_538e926d33_z.jpg,https://c2.staticflickr.com/7/6165/6227325550_6e54d722f3_o.jpg,https://creativecommons.org/licenses/by/2.0/,SoniaT 360.,CHINA. Dalian_Blind Soccer Team - Special Ball
volleyball_ball,Volleyball (Ball),8038ac8d1357dcfb,https://c6.staticflickr.com/7/6205/6124747296_861e0d2c0b_z.jpg,https://c4.staticflickr.com/7/6205/6124747296_ba17dac68c_o.jpg,https://creativecommons.org/licenses/by/2.0/,SteFou!,Bonze Medal Women's Match
volleyball_ball,Volleyball (Ball),a5255a39b87c5cf4,https://c7.staticflickr.com/4/3830/11353571083_4ecf44b0d1_z.jpg,https://farm5.staticflickr.com/3830/11353571083_d011f01bdb_o.jpg,https://creativecommons.org/licenses/by/2.0/,Foxcroft Academy,4brittany dyer
volleyball_ball,Volleyball (Ball),b31c7d3a91c084a2,https://c6.staticflickr.com/8/7680/17181178576_5a199bfd97_z.jpg,https://farm3.staticflickr.com/7680/17181178576_bfb8a03d2c_o.jpg,https://creativecommons.org/licenses/by/2.0/,Noodles and Beef,DSC09870
volleyball_ball,Volleyball (Ball),b95e542a5ac525bc,https://c3.staticflickr.com/6/5538/9240028652_3dce42e315_z.jpg,https://c5.staticflickr.com/6/5538/9240028652_f9ce869818_o.jpg,https://creativecommons.org/licenses/by/2.0/,U.S. Naval Forces Central Command/U.S. Fifth Fleet,COMCAM_130703-N-DY265-267
volleyball_ball,Volleyball (Ball),c7e5f40a0f905e5b,https://c1.staticflickr.com/3/2670/4131903000_291bd50e7c_z.jpg,https://c4.staticflickr.com/3/2670/4131903000_edeb32c6f8_o.jpg,https://creativecommons.org/licenses/by/2.0/,Eric Guo,101009 spt volleyball 02
volleyball_ball,Volleyball (Ball),d1ef645e3687eb31,https://c6.staticflickr.com/9/8477/8210749615_dc825d33e9_z.jpg,https://farm2.staticflickr.com/8477/8210749615_ff5a8276d1_o.jpg,https://creativecommons.org/licenses/by/2.0/,Víctor Santa María,Waterpolo Suterh Campeón Metropolitano - Víctor Santa María
volleyball_ball,Volleyball (Ball),e4e41dce40d8337a,https://c8.staticflickr.com/5/4146/5021973028_1bcfedc244_z.jpg,https://c3.staticflickr.com/5/4146/5021973028_92d4bb42b5_o.jpg,https://creativecommons.org/licenses/by/2.0/,Kevin Gong,IMG_0035
volleyball_ball,Volleyball (Ball),fe46e0831bc27444,https://c6.staticflickr.com/6/5020/5491752416_46f6a7ed2f_z.jpg,https://farm5.staticflickr.com/5020/5491752416_ae7a877cb6_o.jpg,https://creativecommons.org/licenses/by/2.0/,Edward Allen Lim,Untitled
volleyball_ball,Volleyball (Ball),00a011632563dae2,https://c8.staticflickr.com/6/5029/5643509176_ab43bb3913_z.jpg,https://farm3.staticflickr.com/5029/5643509176_1c804d358f_o.jpg,https://creativecommons.org/licenses/by/2.0/,Piotr Drabik,Serbska siatkarka
volleyball_ball,Volleyball (Ball),00cd932265611688,https://c4.staticflickr.com/9/8490/8211838216_e173c52f03_z.jpg,https://c1.staticflickr.com/9/8490/8211838216_39ace10196_o.jpg,https://creativecommons.org/licenses/by/2.0/,Víctor Santa María,Waterpolo Suterh Campeón Metropolitano - Víctor Santa María
volleyball_ball,Volleyball (Ball),017960d44010694e,https://c5.staticflickr.com/6/5606/15633633590_9e066d15d7_z.jpg,https://c7.staticflickr.com/6/5606/15633633590_b78fa46d80_o.jpg,https://creativecommons.org/licenses/by/2.0/,Phuket@photographer.net,XOKA5712bs
volleyball_ball,Volleyball (Ball),01b908c385d1cd61,https://c8.staticflickr.com/9/8295/7896690804_d18771cdc7_z.jpg,https://farm2.staticflickr.com/8295/7896690804_a9a44993c3_o.jpg,https://creativecommons.org/licenses/by/2.0/,Play Among Friends Paf,Paf Open 2012
volleyball_ball,Volleyball (Ball),044a150b3427b632,https://c6.staticflickr.com/6/5573/15021759456_b3593bb510_z.jpg,https://farm3.staticflickr.com/5573/15021759456_f862dd5cb8_o.jpg,https://creativecommons.org/licenses/by/2.0/,Eugenie Vasilyeff,Night Tel Aviv beach sport
volleyball_ball,Volleyball (Ball),07d8788ca0b038b5,https://c4.staticflickr.com/1/53/142931131_575dcea9f5_z.jpg,https://farm6.staticflickr.com/53/142931131_575dcea9f5_o.jpg,https://creativecommons.org/licenses/by/2.0/,Jörg Mollowitz,focus
volleyball_ball,Volleyball (Ball),08f8d8b95e0e3b52,https://c1.staticflickr.com/5/4148/5038352124_27d13240dc_z.jpg,https://farm3.staticflickr.com/4148/5038352124_80687b0f4f_o.jpg,https://creativecommons.org/licenses/by/2.0/,Photo&#x27;s By: Tiffany Silva,Deer Valley Water Polo
volleyball_ball,Volleyball (Ball),09436f1b6377c9d5,https://c1.staticflickr.com/6/5718/20527124351_76e22c586a_z.jpg,https://farm6.staticflickr.com/5718/20527124351_d9222b44db_o.jpg,https://creativecommons.org/licenses/by/2.0/,Alessandro,My Volley - ValPala 14-02-15-111
volleyball_ball,Volleyball (Ball),09a49cb92c6cdbb0,https://c2.staticflickr.com/1/76/186093917_bfc3133d67_z.jpg,https://farm1.staticflickr.com/76/186093917_bfc3133d67_o.jpg,https://creativecommons.org/licenses/by/2.0/,Tani DeBoucher,2006 football world cup
volleyball_ball,Volleyball (Ball),0ca74c6eeddc0f1a,https://c7.staticflickr.com/8/7344/8716548119_d1c6fd5af6_z.jpg,https://c3.staticflickr.com/8/7344/8716548119_936fa59952_o.jpg,https://creativecommons.org/licenses/by/2.0/,Joint Hometown News Service,130404-D-DB155-057
volleyball_ball,Volleyball (Ball),10802a3111e8ddd6,https://c4.staticflickr.com/4/3019/3020316152_a641b72e44_z.jpg?zz=1,https://farm7.staticflickr.com/3019/3020316152_920fff69ea_o.jpg,https://creativecommons.org/licenses/by/2.0/,Shane Pope,DS - IM Volleyball - Fall 2008
volleyball_ball,Volleyball (Ball),10995a5edcea92a8,https://c6.staticflickr.com/2/1235/756829079_76e54e7503_z.jpg?zz=1,https://c1.staticflickr.com/2/1235/756829079_bf13b5aa58_o.jpg,https://creativecommons.org/licenses/by/2.0/,Sang Trinh,Wrong Position
volleyball_ball,Volleyball (Ball),19ad73a14d324952,https://c1.staticflickr.com/6/5334/17229342022_54a7e6013e_z.jpg,https://farm3.staticflickr.com/5334/17229342022_fab1d44381_o.jpg,https://creativecommons.org/licenses/by/2.0/,John Loo,Balls Everywhere
volleyball_ball,Volleyball (Ball),1cc53c8e090ba2f1,https://c8.staticflickr.com/2/1202/5130998301_2cfab7b8af_z.jpg,https://farm2.staticflickr.com/1202/5130998301_1ed437bc70_o.jpg,https://creativecommons.org/licenses/by/2.0/,alainalele,volleyeuses france
volleyball_ball,Volleyball (Ball),1e60aa45c07c9b91,https://c7.staticflickr.com/1/178/410277827_c1e3325c89_z.jpg?zz=1,https://farm2.staticflickr.com/178/410277827_d62d0b1a63_o.jpg,https://creativecommons.org/licenses/by/2.0/,Consumerist Dot Com,bump set spike
volleyball_ball,Volleyball (Ball),1f5f5a2e5bbc00f0,https://c5.staticflickr.com/8/7192/6868331563_a25602b974_z.jpg,https://farm1.staticflickr.com/7192/6868331563_db9ffab3a2_o.jpg,https://creativecommons.org/licenses/by/2.0/,Don DeBold,Beach Volleyball at Santa Cruz Harbor
volleyball_ball,Volleyball (Ball),1f77c4827cd8469f,https://c5.staticflickr.com/5/4024/4535431232_b0585a7901_z.jpg,https://c8.staticflickr.com/5/4024/4535431232_7ef0187930_o.jpg,https://creativecommons.org/licenses/by/2.0/,alainalele,ballon de volley
volleyball_ball,Volleyball (Ball),22094f9711b389e8,https://c8.staticflickr.com/4/3451/3946998362_ef8fcdbba6_z.jpg,https://c1.staticflickr.com/4/3451/3946998362_b223fd09e5_o.jpg,https://creativecommons.org/licenses/by/2.0/,marshillonline,amber brown
volleyball_ball,Volleyball (Ball),2291c493fc0e8026,https://c2.staticflickr.com/2/1188/4733585230_0c340445f4_z.jpg,https://farm7.staticflickr.com/1188/4733585230_1b23165e45_o.jpg,https://creativecommons.org/licenses/by/2.0/,Demon Brigade,TRO_9178
volleyball_ball,Volleyball (Ball),24ffe4d864ff900f,https://c7.staticflickr.com/7/6081/6124278173_c757bbf7bb_z.jpg,https://c8.staticflickr.com/7/6081/6124278173_91a3925b3f_o.jpg,https://creativecommons.org/licenses/by/2.0/,SteFou!,Bonze Medal Women's Match
volleyball_ball,Volleyball (Ball),26ed450961730c81,https://c4.staticflickr.com/3/2577/3796881155_0e9a1a7991_z.jpg,https://farm2.staticflickr.com/2577/3796881155_ddc413170e_o.jpg,https://creativecommons.org/licenses/by/2.0/,Channone Arif,IMG_1580
volleyball_ball,Volleyball (Ball),2d247c6c85e9db4f,https://c7.staticflickr.com/3/2743/4448866947_20eb6469a4_z.jpg,https://c8.staticflickr.com/3/2743/4448866947_ddac444aff_o.jpg,https://creativecommons.org/licenses/by/2.0/,John Martinez Pavliga,IMG_2652
volleyball_ball,Volleyball (Ball),33f09655d9aeecd4,https://c7.staticflickr.com/8/7430/11093730583_c1410b1255_z.jpg,https://farm5.staticflickr.com/7430/11093730583_e1d97f26b0_o.jpg,https://creativecommons.org/licenses/by/2.0/,BohemianFC,Bohemian FC v Cork City Fc (4 of 44)
volleyball_ball,Volleyball (Ball),364ed9f04fb1c3f0,https://c5.staticflickr.com/4/3855/14578202844_0f454cc8e3_z.jpg,https://farm1.staticflickr.com/3855/14578202844_01c914731e_o.jpg,https://creativecommons.org/licenses/by/2.0/,PhotoGraphus,"Hoy, chuchecas, papas, flores, limones, monstruos y leones se unen con el calorcito de la Pampa para jugar con garra y corazón! Vamos muchachos! #sisepuede #becausefutbol #worldcup #costarica"
volleyball_ball,Volleyball (Ball),37b8d81b66a9892a,https://c1.staticflickr.com/9/8340/8246360921_3b2a4c996b_z.jpg,https://c3.staticflickr.com/9/8340/8246360921_bc56dfffdd_o.jpg,https://creativecommons.org/licenses/by/2.0/,TownePost Network,Soph carly skjodt on return10-8-12_16
volleyball_ball,Volleyball (Ball),3ba3b750a7a86522,https://c7.staticflickr.com/8/7061/6912249337_bf391f934a_z.jpg,https://farm3.staticflickr.com/7061/6912249337_38ab3217c6_o.jpg,https://creativecommons.org/licenses/by/2.0/,Municipalidad de Miraflores,Exhibición en playa Redondo  (8)
volleyball_ball,Volleyball (Ball),3d89980b2165140d,https://c4.staticflickr.com/4/3699/11332823063_d148f1635f_z.jpg,https://c6.staticflickr.com/4/3699/11332823063_77c1c48b24_o.jpg,https://creativecommons.org/licenses/by/2.0/,mrwynd,Nuggets  basketball
volleyball_ball,Volleyball (Ball),3e39a225c07591e9,https://c7.staticflickr.com/9/8285/7814085380_a850bbe5d9_z.jpg,https://c2.staticflickr.com/9/8285/7814085380_ec1a084f87_o.jpg,https://creativecommons.org/licenses/by/2.0/,Marco Verch,Block von Reckermann bei Beachvolleyball-Finale
volleyball_ball,Volleyball (Ball),3f99b162e7bdf531,https://c4.staticflickr.com/8/7389/8726674602_0123310c8b_z.jpg,https://farm2.staticflickr.com/7389/8726674602_368d1beafc_o.jpg,https://creativecommons.org/licenses/by/2.0/,Fort Carson,Volley
volleyball_ball,Volleyball (Ball),447b4376a2efada3,https://c8.staticflickr.com/8/7124/7720725330_488f89d088_z.jpg,https://farm4.staticflickr.com/7124/7720725330_2d70567691_o.jpg,https://creativecommons.org/licenses/by/2.0/,Bill,london 2012 6
volleyball_ball,Volleyball (Ball),46a242756bb7e1a6,https://c5.staticflickr.com/6/5701/20593526492_4eb0f63e38_z.jpg,https://farm7.staticflickr.com/5701/20593526492_8d6f25d527_o.jpg,https://creativecommons.org/licenses/by/2.0/,Agência Brasília,Circuito de vôlei de praia termina neste domingo
volleyball_ball,Volleyball (Ball),4a9eb09ba6b1ce83,https://c6.staticflickr.com/4/3949/15334220900_b5c849c1a1_z.jpg,https://farm4.staticflickr.com/3949/15334220900_2dd25397ba_o.jpg,https://creativecommons.org/licenses/by/2.0/,Tony Alter,Frozen Action
waffle,Waffle,10e8e603651838b7,https://c8.staticflickr.com/6/5494/14026997900_5fa3f986f4_z.jpg,https://farm8.staticflickr.com/5494/14026997900_53a6e63e74_o.jpg,https://creativecommons.org/licenses/by/2.0/,Maja Dumat,Honigwaffeln mit Zimtzucker
waffle,Waffle,27d24fdf2436491e,https://c2.staticflickr.com/1/394/19985115658_b7b3abecf9_z.jpg,https://c7.staticflickr.com/1/394/19985115658_b8b816a40d_o.jpg,https://creativecommons.org/licenses/by/2.0/,UpSticksNGo Crew,An ice cream at the seaside :) #upsticksandgo #lowesoft #unitedkingdom #summerintheUK #icecream #michfrost #instatourist #instatravel #instagood #travel #tourist #exploring
waffle,Waffle,4cda6537fc7d165b,https://c3.staticflickr.com/8/7310/11717582696_8abe816593_z.jpg,https://c4.staticflickr.com/8/7310/11717582696_ca4a597305_o.jpg,https://creativecommons.org/licenses/by/2.0/,Jamie,Waffle Sticks
waffle,Waffle,578cb03cb6c23799,https://c8.staticflickr.com/5/4019/4414824150_26440ba116_z.jpg,https://c2.staticflickr.com/5/4019/4414824150_6f1049c6da_o.jpg,https://creativecommons.org/licenses/by/2.0/,Kentaro Ohno,ムーミン谷のなかまッフル
waffle,Waffle,5c07c6eafa313603,https://c5.staticflickr.com/4/3716/19683514872_578744d56e_z.jpg,https://farm4.staticflickr.com/3716/19683514872_a08a1b273b_o.jpg,https://creativecommons.org/licenses/by/2.0/,AngryJulieMonday,Complimentary motel breakfast. Fresh strawberries...#summer2015 #zion #wearehikingalottoday #motelbreakfast #laquintaspringdale
waffle,Waffle,607d5e540a3f1e49,https://c8.staticflickr.com/6/5481/11120141064_f64c2327a8_z.jpg,https://c2.staticflickr.com/6/5481/11120141064_3878d9ebe8_o.jpg,https://creativecommons.org/licenses/by/2.0/,Axel Pettersson,I kväll får du ha din #taco för dig själv #SvenneBanan. #Våfflor äger!  #mat
waffle,Waffle,632315fc9293ca83,https://c5.staticflickr.com/3/2609/5821398397_ce55de9728_z.jpg,https://farm4.staticflickr.com/2609/5821398397_00fc593899_o.jpg,https://creativecommons.org/licenses/by/2.0/,Sonia Guilana,sweet
waffle,Waffle,652c63e84757ada4,https://c4.staticflickr.com/4/3951/15544306646_e225015d16_z.jpg,https://farm5.staticflickr.com/3951/15544306646_a1a789efd0_o.jpg,https://creativecommons.org/licenses/by/2.0/,Joy,Making elote-style cornbread waffles
waffle,Waffle,786a272b7477a812,https://c6.staticflickr.com/1/75/161697974_f61d55ff10_z.jpg?zz=1,https://farm3.staticflickr.com/75/161697974_f61d55ff10_o.jpg,https://creativecommons.org/licenses/by/2.0/,satanoid,DSC04081
waffle,Waffle,834ace2aa6584800,https://c4.staticflickr.com/5/4007/4236106551_c9aef44411_z.jpg,https://farm1.staticflickr.com/4007/4236106551_2035de1200_o.jpg,https://creativecommons.org/licenses/by/2.0/,Pelle Sten,Nyårsdagsbrunchen: Provsmakning av våfflorna
waffle,Waffle,a541e633096c6cc4,https://c7.staticflickr.com/9/8184/8377388488_bf1e29b5a5_z.jpg,https://farm5.staticflickr.com/8184/8377388488_8a215c1efc_o.jpg,https://creativecommons.org/licenses/by/2.0/,alamosbasement,Sunday mornings = fresh waffles (and enough to freeze for the rest of the week). love my foreman grill with waffle iron plates. :-)
waffle,Waffle,c6ef0ad01cc056a6,https://c4.staticflickr.com/8/7363/13947412317_9f0bab79d1_z.jpg,https://farm7.staticflickr.com/7363/13947412317_68fe604550_o.jpg,https://creativecommons.org/licenses/by/2.0/,m01229,Yet another pic of a Marriott waffle with blueberries and powdered sugar
waffle,Waffle,dc7bc240fc846086,https://c6.staticflickr.com/6/5488/9693816402_b8169ec810_z.jpg,https://farm7.staticflickr.com/5488/9693816402_2e85a2b7aa_o.jpg,https://creativecommons.org/licenses/by/2.0/,Angela Quitoriano,Rainbow Waffle from Cafe Maru
waffle,Waffle,f133b272d519979c,https://c6.staticflickr.com/5/4014/4288085912_15a5ccafa7_z.jpg,https://c5.staticflickr.com/5/4014/4288085912_8e402e2359_o.jpg,https://creativecommons.org/licenses/by/2.0/,snowpea&amp;bokchoi,Christina's Homemade Ice Cream
waffle,Waffle,f9956e450cd74f09,https://c8.staticflickr.com/6/5281/5305526790_41631658d0_z.jpg,https://c2.staticflickr.com/6/5281/5305526790_46d55800d7_o.jpg,https://creativecommons.org/licenses/by/2.0/,jeffrey montes,Key Lime Pie/ Cuban Coffee
waffle,Waffle,0870c6b38dc47e9f,https://c7.staticflickr.com/6/5291/5510192906_549d21ddde_z.jpg,https://c8.staticflickr.com/6/5291/5510192906_3643375856_o.jpg,https://creativecommons.org/licenses/by/2.0/,payhere,I mercati di Anversa
waffle,Waffle,0c768dadb9c9eb88,https://c2.staticflickr.com/8/7172/6802341255_0382e8905f_z.jpg,https://c1.staticflickr.com/8/7172/6802341255_e3fe256eed_o.jpg,https://creativecommons.org/licenses/by/2.0/,AForestFrolic,Baby girls 'breakfast' of Champions
waffle,Waffle,11babf1bbdd39e51,https://c5.staticflickr.com/9/8245/8664928657_496ee33e2c_z.jpg,https://farm2.staticflickr.com/8245/8664928657_4c3c006e5a_o.jpg,https://creativecommons.org/licenses/by/2.0/,JFXie,Breakfast at Keys
waffle,Waffle,170ab46c23960b0b,https://c1.staticflickr.com/4/3750/13147269605_17c33f5c2d_z.jpg,https://c4.staticflickr.com/4/3750/13147269605_640451585a_o.jpg,https://creativecommons.org/licenses/by/2.0/,basattak,Waffle Friday? ... #LeslieKnopeWouldLoveThis #StillHadBagelAsWell #IACHQ
waffle,Waffle,171262219d941f83,https://c6.staticflickr.com/3/2905/14586053943_a14397f04b_z.jpg,https://farm4.staticflickr.com/2905/14586053943_d512c3632b_o.jpg,https://creativecommons.org/licenses/by/2.0/,Palmetto Cheese,Biscuit Waffle Sandwich stuffed with Palmetto Cheese. #yum visit spreadingsoul.com for recipe
waffle,Waffle,1ba16d4a67d045e7,https://c4.staticflickr.com/8/7491/15914828992_66057359c9_z.jpg,https://farm8.staticflickr.com/7491/15914828992_c0dec1502e_o.jpg,https://creativecommons.org/licenses/by/2.0/,Didriks,Spencer Peterman spalted maple board
waffle,Waffle,1e7d217c46289d44,https://c5.staticflickr.com/4/3940/15531385579_e54be4b3c3_z.jpg,https://farm5.staticflickr.com/3940/15531385579_b4908bbd6c_o.jpg,https://creativecommons.org/licenses/by/2.0/,Vesa Linja-aho,#nomnom #latergram #waffle
waffle,Waffle,1f9275e03cc9df56,https://c8.staticflickr.com/3/2009/2431581266_f86f5e01d6_z.jpg,https://farm7.staticflickr.com/2009/2431581266_28e81b4f19_o.jpg,https://creativecommons.org/licenses/by/2.0/,欠我兩千塊,草莓奶油鬆餅
waffle,Waffle,21143eb336b3b99c,,https://c5.staticflickr.com/1/30/63365216_b0320a54cd_o.jpg,https://creativecommons.org/licenses/by/2.0/,elif ayse,sarı odacıklar
waffle,Waffle,252a79acd7c5ca67,https://c1.staticflickr.com/8/7117/6995490557_2fe3929a1a_z.jpg,https://farm8.staticflickr.com/7117/6995490557_690963d7ff_o.jpg,https://creativecommons.org/licenses/by/2.0/,Sam Howzit,Waffle Sandwich
waffle,Waffle,2d85ade8cfcae59b,https://c6.staticflickr.com/9/8231/8464718732_fea2edb97d_z.jpg,https://c4.staticflickr.com/9/8231/8464718732_e652bfb98f_o.jpg,https://creativecommons.org/licenses/by/2.0/,J_ami,Vohvelikakku
waffle,Waffle,2f00cae0a87c40d1,https://c3.staticflickr.com/3/2437/3805631916_703c7f6f55_z.jpg?zz=1,https://farm2.staticflickr.com/2437/3805631916_b7cd538618_o.jpg,https://creativecommons.org/licenses/by/2.0/,yaybiscuits123,Heart Shaped Waffles
waffle,Waffle,3677acd9f47564d6,https://c1.staticflickr.com/7/6210/6135317495_7798ce55af_z.jpg,https://farm7.staticflickr.com/6210/6135317495_9b4be9a097_o.jpg,https://creativecommons.org/licenses/by/2.0/,Seika,Cinnamon Waffles @ Waffely Good!
waffle,Waffle,36f8cf968f7031b2,https://c3.staticflickr.com/8/7027/6769255347_a7e3a61826_z.jpg,https://farm3.staticflickr.com/7027/6769255347_83e1e0f627_o.jpg,https://creativecommons.org/licenses/by/2.0/,Artondra Hall,Texas Waffles - #26
waffle,Waffle,3b9ebd577f86ed7c,https://c5.staticflickr.com/8/7508/15670007863_447b6f8790_z.jpg,https://c5.staticflickr.com/8/7508/15670007863_7b68c8518e_o.jpg,https://creativecommons.org/licenses/by/2.0/,L.A. Foodie,Rice and Shine #LWphotography 857
waffle,Waffle,3faa037d9d6abad1,https://c7.staticflickr.com/9/8668/16093661886_ceb73782c6_z.jpg,https://farm2.staticflickr.com/8668/16093661886_06859e77a1_o.jpg,https://creativecommons.org/licenses/by/2.0/,Debbie Tingzon,•Waffle with Caramel Sauce•
waffle,Waffle,5115bc44cfcf4ae8,https://c3.staticflickr.com/9/8700/17045593615_f39347eefd_z.jpg,https://c1.staticflickr.com/9/8700/17045593615_9b0442af61_o.jpg,https://creativecommons.org/licenses/by/2.0/,David J,Celebrating easter
waffle,Waffle,51884dc6cb42b10e,https://c5.staticflickr.com/4/3580/3560306734_f76827bc11_z.jpg,https://c7.staticflickr.com/4/3580/3560306734_675d68f25a_o.jpg,https://creativecommons.org/licenses/by/2.0/,sushi♥ina,Light Waffeln
waffle,Waffle,5a4952dc674de573,https://c7.staticflickr.com/1/141/332494857_97e8ca24fb_z.jpg,https://farm4.staticflickr.com/141/332494857_97e8ca24fb_o.jpg,https://creativecommons.org/licenses/by/2.0/,Todd Baker,"Hot, fresh and sweet"
waffle,Waffle,6121009f564c95a4,https://c8.staticflickr.com/1/6/76332915_155e203197_z.jpg?zz=1,https://farm5.staticflickr.com/6/76332915_155e203197_o.jpg,https://creativecommons.org/licenses/by/2.0/,Anna,Stacks of Waffles
waffle,Waffle,6b1cecc253d90646,https://c6.staticflickr.com/5/4062/4430958355_6ed3e67afa_z.jpg?zz=1,https://farm7.staticflickr.com/4062/4430958355_67278c21cc_o.jpg,https://creativecommons.org/licenses/by/2.0/,nhayashida,Waffle cafe ORANG @ Shimokitazawa
waffle,Waffle,6f00f3d79cd59269,https://c2.staticflickr.com/5/4038/4535205657_a9bb2f66e2_z.jpg,https://c2.staticflickr.com/5/4038/4535205657_b5497b95ac_o.jpg,https://creativecommons.org/licenses/by/2.0/,sushi♥ina,firstice1
waffle,Waffle,83a2ac64aae44602,https://c3.staticflickr.com/9/8045/8135792872_b5e4f05488_z.jpg,https://farm3.staticflickr.com/8045/8135792872_5d937f4864_o.jpg,https://creativecommons.org/licenses/by/2.0/,Taiwai Yun,Liège Waffle
waffle,Waffle,8b0118b5d00b6e22,https://c4.staticflickr.com/3/2267/2222021793_e4f84c6a30_z.jpg?zz=1,https://farm3.staticflickr.com/2267/2222021793_f3cfc06589_o.jpg,https://creativecommons.org/licenses/by/2.0/,www.bluewaikiki.com,"Waffles, Bacon and Scrambled Eggs"
waffle,Waffle,8baaf18b11593c95,https://c2.staticflickr.com/6/5705/21704407046_0ae296e639_z.jpg,https://farm6.staticflickr.com/5705/21704407046_7724e394ab_o.jpg,https://creativecommons.org/licenses/by/2.0/,bizmac,Taken on iPhone 6s
waffle,Waffle,a9a695a438ed8e66,https://c3.staticflickr.com/8/7154/6805179671_0e51728f64_z.jpg,https://farm7.staticflickr.com/7154/6805179671_897da98299_o.jpg,https://creativecommons.org/licenses/by/2.0/,cheeseslave,Whole Wheat Sourdough Waffles
waffle,Waffle,ab6055635a4bd53c,https://c5.staticflickr.com/3/2348/2190077938_fd4b9694ce_z.jpg,https://c5.staticflickr.com/3/2348/2190077938_bc8a2169ee_o.jpg,https://creativecommons.org/licenses/by/2.0/,Punxsutawneyphil,GENT - SCHOKOWAFFEL
waffle,Waffle,bba3baa1eb1e4526,https://c5.staticflickr.com/4/3534/3249144288_aff74835ca_z.jpg,https://farm7.staticflickr.com/3534/3249144288_ac0784259f_o.jpg,https://creativecommons.org/licenses/by/2.0/,charclam,Belgian waffles with strawberries
waffle,Waffle,c097b5782d7b352f,https://c7.staticflickr.com/4/3788/10726172606_6ef55ffda5_z.jpg,https://c8.staticflickr.com/4/3788/10726172606_4479823568_o.jpg,https://creativecommons.org/licenses/by/2.0/,Ed Dale,Ice Cream in Bangkok
waffle,Waffle,c710198bae3354a0,https://c4.staticflickr.com/8/7420/9028012629_0652953187_z.jpg,https://farm1.staticflickr.com/7420/9028012629_d028f47887_o.jpg,https://creativecommons.org/licenses/by/2.0/,▽ib▲,Untitled
waffle,Waffle,c765de3dcb1579ce,https://c3.staticflickr.com/5/4114/4813199164_4384f837d2_z.jpg,https://c7.staticflickr.com/5/4114/4813199164_6a66d3da69_o.jpg,https://creativecommons.org/licenses/by/2.0/,Yoko Nekonomania,"Kyoto, Arashi-yama, &quot;Japanese Tea Ice&quot;"
waffle,Waffle,ce45a5863c0d709f,https://c8.staticflickr.com/5/4147/5042599471_c3dd53aa0b_z.jpg,https://c8.staticflickr.com/5/4147/5042599471_bf00985982_o.jpg,https://creativecommons.org/licenses/by/2.0/,edkohler,Buffalo Chicken Waffle Sandwich at Loose Moose Toronto
waffle,Waffle,cfd721a82a707ba4,https://c8.staticflickr.com/4/3132/2871569589_46a8ee47b0_z.jpg,https://farm5.staticflickr.com/3132/2871569589_6e27b64c63_o.jpg,https://creativecommons.org/licenses/by/2.0/,MIKI Yoshihito,Tea time.
waffle,Waffle,d2158adf9773ea95,https://c6.staticflickr.com/9/8629/16530634172_1b30dd4538_z.jpg,https://farm6.staticflickr.com/8629/16530634172_98e2a9b7a6_o.jpg,https://creativecommons.org/licenses/by/2.0/,Eric E Castro,Breakfast on campus
waffle,Waffle,d2b3c39e42900a14,,https://farm5.staticflickr.com/1162/1363929346_6e2b814f98_o.jpg,https://creativecommons.org/licenses/by/2.0/,Rizka Budiati Szkutnik,Ice Cream and Waffle
wall_clock,Wall clock,0201c52dd49833a7,https://c1.staticflickr.com/8/7535/15756222681_a0f7e22c3d_z.jpg,https://farm8.staticflickr.com/7535/15756222681_4f9f1976c8_o.jpg,https://creativecommons.org/licenses/by/2.0/,Forsaken Fotos,Old Lucketts Store
wall_clock,Wall clock,0cf1810cce054319,https://c3.staticflickr.com/6/5133/5443993280_b53d13b5c8_z.jpg,https://c2.staticflickr.com/6/5133/5443993280_de31099580_o.jpg,https://creativecommons.org/licenses/by/2.0/,Jaume Escofet,"Cinc segons, un instant"
wall_clock,Wall clock,17822ef8bada01c6,https://c4.staticflickr.com/2/1334/1464829212_c3043c6493_z.jpg,https://farm7.staticflickr.com/1334/1464829212_73e5aa513f_o.jpg,https://creativecommons.org/licenses/by/2.0/,Edward Webb,13:11:14
wall_clock,Wall clock,1b64e9b0d9679064,https://c8.staticflickr.com/1/163/407497009_599277f92a_z.jpg?zz=1,https://farm5.staticflickr.com/163/407497009_b55620cb32_o.jpg,https://creativecommons.org/licenses/by/2.0/,mari,time card stamper
wall_clock,Wall clock,1cc968372ac03d88,https://c4.staticflickr.com/5/4141/4868939429_ebe21d8b6e_z.jpg,https://c1.staticflickr.com/5/4141/4868939429_75570f3476_o.jpg,https://creativecommons.org/licenses/by/2.0/,Relampague,Tiempo pasado (color)
wall_clock,Wall clock,3785dffe69cc9a37,https://c6.staticflickr.com/9/8138/8707718846_53b96fc897_z.jpg,https://farm8.staticflickr.com/8138/8707718846_fb4d3ea39e_o.jpg,https://creativecommons.org/licenses/by/2.0/,Enrique Dans,El famoso reloj por el que Apple tuvo que pagar derechos de autor :-)
wall_clock,Wall clock,46b1fba6cdacb44d,https://c2.staticflickr.com/1/63/217911545_64782bd91d_z.jpg?zz=1,https://c6.staticflickr.com/1/63/217911545_64782bd91d_o.jpg,https://creativecommons.org/licenses/by/2.0/,Erika Smith,24-artifacts-Batavia Depot Museum-08162006
wall_clock,Wall clock,47986358243d1ef5,,https://farm6.staticflickr.com/2021/2261249134_eb043bc791_o.jpg,https://creativecommons.org/licenses/by/2.0/,Annemie B.,20070923_1424 (401 x 600)
wall_clock,Wall clock,7a25be3bbed5f4ff,https://c7.staticflickr.com/8/7169/6485443609_3968a38f54_z.jpg,https://c8.staticflickr.com/8/7169/6485443609_3e1f04dc87_o.jpg,https://creativecommons.org/licenses/by/2.0/,Walter Lim,Chek Jawa @ Pulau Ubin
wall_clock,Wall clock,80212b60e9cdd846,https://c8.staticflickr.com/9/8228/8395215316_4db5ca0ded_z.jpg,https://farm7.staticflickr.com/8228/8395215316_af15e17de9_o.jpg,https://creativecommons.org/licenses/by/2.0/,Eurritimia,Horas iguais versão analógica
wall_clock,Wall clock,8f9ef18ad5bb14bc,https://c6.staticflickr.com/3/2351/2504126712_7f4a3a579a_z.jpg,https://c5.staticflickr.com/3/2351/2504126712_0b4d6e403a_o.jpg,https://creativecommons.org/licenses/by/2.0/,Ben Sutherland,DSCF9541
wall_clock,Wall clock,91eedf6ae85eeeba,https://c1.staticflickr.com/4/3023/2759730957_e45d071ee1_z.jpg,https://c3.staticflickr.com/4/3023/2759730957_948fe719b5_o.jpg,https://creativecommons.org/licenses/by/2.0/,Annie Mole,Orient Express gifts
wall_clock,Wall clock,97e230c056f95b45,https://c3.staticflickr.com/6/5092/5413387613_80727cf8eb_z.jpg,https://farm6.staticflickr.com/5092/5413387613_f725207d30_o.jpg,https://creativecommons.org/licenses/by/2.0/,Sarah Buckley,33/365
wall_clock,Wall clock,9f5120f3993bba7a,https://c1.staticflickr.com/1/192/493835293_80ba112152_z.jpg?zz=1,https://c3.staticflickr.com/1/192/493835293_7da2d342f3_o.jpg,https://creativecommons.org/licenses/by/2.0/,Public.Resource.Org,Tall Case Clock
wall_clock,Wall clock,a27a9243e6b353dc,https://c5.staticflickr.com/8/7181/6976341703_744d7498d3_z.jpg,https://c5.staticflickr.com/8/7181/6976341703_89085fa92d_o.jpg,https://creativecommons.org/licenses/by/2.0/,Infinity Instruments,Kaleidoscope - 14024
wall_clock,Wall clock,b819103d6933da36,https://c7.staticflickr.com/1/199/442072730_e63152701f_z.jpg,https://farm7.staticflickr.com/199/442072730_6370c991f9_o.jpg,https://creativecommons.org/licenses/by/2.0/,Ma1974,Bornholmerur
wall_clock,Wall clock,ccfce92186a26e4a,https://c3.staticflickr.com/6/5090/5294883757_51c81ec7e9_z.jpg,https://c3.staticflickr.com/6/5090/5294883757_f962ea0fa7_o.jpg,https://creativecommons.org/licenses/by/2.0/,Mark Morgan,Agostini Clock
wall_clock,Wall clock,ce4f7e47b61a9e19,https://c5.staticflickr.com/3/2776/4319602259_3e9569357b_z.jpg,https://c2.staticflickr.com/3/2776/4319602259_a644bc9b18_o.jpg,https://creativecommons.org/licenses/by/2.0/,far closer,Golden compass
wall_clock,Wall clock,f0192ec821921d7e,https://c5.staticflickr.com/1/17/20834571_282bc452fe_z.jpg,https://c7.staticflickr.com/1/17/20834571_282bc452fe_o.jpg,https://creativecommons.org/licenses/by/2.0/,Stuart Caie,John Gartly grandfather clock
wall_clock,Wall clock,fef54ede1354f96b,https://c2.staticflickr.com/6/5488/12186780835_6efb312ec0_z.jpg,https://c4.staticflickr.com/6/5488/12186780835_ce8fb9d071_o.jpg,https://creativecommons.org/licenses/by/2.0/,Jean L.,Vintage French Grandfather Clock
wall_clock,Wall clock,08fa06409a69c3da,https://c7.staticflickr.com/6/5015/5468448319_6e529e43ff_z.jpg,https://c3.staticflickr.com/6/5015/5468448319_3a07035896_o.jpg,https://creativecommons.org/licenses/by/2.0/,David Shane,Long Drop Clock
wall_clock,Wall clock,092f882a697b7d6e,,https://c7.staticflickr.com/9/8688/16993843211_ef804afa00_o.jpg,https://creativecommons.org/licenses/by/2.0/,www.homejobsbymom.com,2589450_1
wall_clock,Wall clock,0a98dc8fda6ff951,https://c7.staticflickr.com/4/3154/3008122186_d814ee270a_z.jpg,https://farm2.staticflickr.com/3154/3008122186_80487504ab_o.jpg,https://creativecommons.org/licenses/by/2.0/,David Martyn Hunt,Barometer
wall_clock,Wall clock,0c7ddd5e10ccff0f,https://c2.staticflickr.com/8/7468/16320115642_fc41087664_z.jpg,https://c8.staticflickr.com/8/7468/16320115642_212b310f84_o.jpg,https://creativecommons.org/licenses/by/2.0/,Herry Lawford,Museum of London
wall_clock,Wall clock,0e12118cf00df22d,https://c5.staticflickr.com/2/1288/1008195315_49723e0305_z.jpg?zz=1,https://c6.staticflickr.com/2/1288/1008195315_d0f239cadc_o.jpg,https://creativecommons.org/licenses/by/2.0/,The Shaun Woods,DSCF0610.JPG
wall_clock,Wall clock,16526db8d035698f,https://c2.staticflickr.com/8/7196/6870192327_f12ef923b4_z.jpg,https://c8.staticflickr.com/8/7196/6870192327_7d089c2a56_o.jpg,https://creativecommons.org/licenses/by/2.0/,usehung,Untitled
wall_clock,Wall clock,18505006a959131f,https://c2.staticflickr.com/1/226/490646264_12dfbed736_z.jpg,https://c8.staticflickr.com/1/226/490646264_b273ff5458_o.jpg,https://creativecommons.org/licenses/by/2.0/,vagawi ,Hickory Dickory 1
wall_clock,Wall clock,1da93e9f53b1f632,https://c2.staticflickr.com/6/5201/5323362995_49ee0c3163_z.jpg,https://farm3.staticflickr.com/5201/5323362995_395b23fc68_o.jpg,https://creativecommons.org/licenses/by/2.0/,Chris Dlugosz,unpolarized clock
wall_clock,Wall clock,217b943937e6ac5e,https://c6.staticflickr.com/1/46/138059884_b010819608_z.jpg?zz=1,https://c7.staticflickr.com/1/46/138059884_b010819608_o.jpg,https://creativecommons.org/licenses/by/2.0/,Soham Banerjee,French Clock in Mecca masjid
wall_clock,Wall clock,2adcd73fdcd56435,https://c8.staticflickr.com/3/2845/12366749595_a2404276fb_z.jpg,https://farm6.staticflickr.com/2845/12366749595_68a03766b9_o.jpg,https://creativecommons.org/licenses/by/2.0/,Musée de l&#x27;horlogerie,Pendule murale Bayard - 1961/1962
wall_clock,Wall clock,2b77c004ee2846a3,https://c3.staticflickr.com/4/3092/3166372331_91cd71a5b2_z.jpg,https://farm4.staticflickr.com/3092/3166372331_9d24c52f2d_o.jpg,https://creativecommons.org/licenses/by/2.0/,Ian Dick,Dent clock at St. Pancras Station
wall_clock,Wall clock,33fec07745969ab2,https://c4.staticflickr.com/1/83/242158277_ec898bd75d_z.jpg?zz=1,https://farm3.staticflickr.com/83/242158277_ec898bd75d_o.jpg,https://creativecommons.org/licenses/by/2.0/,Esparta Palma,DSC00904
wall_clock,Wall clock,392496f577017a1d,https://c5.staticflickr.com/4/3672/10514937206_61875a9111_z.jpg,https://c6.staticflickr.com/4/3672/10514937206_85013e73c9_o.jpg,https://creativecommons.org/licenses/by/2.0/,Phil Parker,Smith Electric Clock
wall_clock,Wall clock,3ab74389d3bcb310,https://c5.staticflickr.com/3/2093/4514127329_55840158a1_z.jpg,https://farm1.staticflickr.com/2093/4514127329_5e99ef1e9d_o.jpg,https://creativecommons.org/licenses/by/2.0/,Martin Pettitt,"Blickling Hall, Gardens and Park"
wall_clock,Wall clock,3f9fe9eab60d654d,https://c5.staticflickr.com/8/7208/6976338187_7540015244_z.jpg,https://c6.staticflickr.com/8/7208/6976338187_39101e6066_o.jpg,https://creativecommons.org/licenses/by/2.0/,Infinity Instruments,Benchmark Black - 11072/1218
wall_clock,Wall clock,3faf9d05e4614a5d,,https://c6.staticflickr.com/3/2427/4055601018_9947cdf84f_o.jpg,https://creativecommons.org/licenses/by/2.0/,brett jordan,Handy
wall_clock,Wall clock,42364153a5344cb6,,https://farm7.staticflickr.com/8395/8684735343_f0c9ca41cd_o.jpg,https://creativecommons.org/licenses/by/2.0/,Wicker Paradise,Side-Mounted Station Clock | Pottery Barn outdoor wicker is a favorite of ours! So is this find by pattimccullough.
wall_clock,Wall clock,50f3b43a18335b11,https://c5.staticflickr.com/1/65/196236587_85995c2bbe_z.jpg,https://farm2.staticflickr.com/65/196236587_85995c2bbe_o.jpg,https://creativecommons.org/licenses/by/2.0/,Joel Kramer,time for disco!
wall_clock,Wall clock,5a9a9f8ec8fa737d,https://c7.staticflickr.com/3/2523/3682306155_6eeaf1c9c4_z.jpg,https://c6.staticflickr.com/3/2523/3682306155_32d7c00ebd_o.jpg,https://creativecommons.org/licenses/by/2.0/,Jane Quigley,Original Phone
wall_clock,Wall clock,5f68f7a6b58e3e2b,https://c5.staticflickr.com/9/8079/8331175834_ec862fa467_z.jpg,https://c4.staticflickr.com/9/8079/8331175834_49d9bbdc67_o.jpg,https://creativecommons.org/licenses/by/2.0/,Juan_Alvaro,Museo de Santa Teresa - Potosí
wall_clock,Wall clock,654ebe7bae90f0a1,https://c3.staticflickr.com/4/3677/10792891903_dbbae8ebb4_z.jpg,https://farm2.staticflickr.com/3677/10792891903_39380d3ffc_o.jpg,https://creativecommons.org/licenses/by/2.0/,Mechatronics Guy,IMG_6895
wall_clock,Wall clock,680450fa362b75d9,https://c4.staticflickr.com/9/8055/8126843140_a8dc3db612_z.jpg,https://c2.staticflickr.com/9/8055/8126843140_598a00004b_o.jpg,https://creativecommons.org/licenses/by/2.0/,Kenny Louie,A more decorative time
wall_clock,Wall clock,687aaf8c3676cbdd,https://c6.staticflickr.com/5/4106/5142323949_9c115b2f8f_z.jpg,https://c6.staticflickr.com/5/4106/5142323949_265292b9e8_o.jpg,https://creativecommons.org/licenses/by/2.0/,Francisco Gonzalez,Dead time
wall_clock,Wall clock,68c8349cec479831,https://c6.staticflickr.com/5/4004/4524513685_f75ef1e821_z.jpg,https://farm2.staticflickr.com/4004/4524513685_b19b83367a_o.jpg,https://creativecommons.org/licenses/by/2.0/,ashul,clock on building
wall_clock,Wall clock,70fef0676f053467,https://c6.staticflickr.com/9/8360/8316729037_27f4601422_z.jpg,https://farm8.staticflickr.com/8360/8316729037_90288a07c8_o.jpg,https://creativecommons.org/licenses/by/2.0/,Michael Voelker,Granny's clock
wall_clock,Wall clock,8253cd1db5a452d3,https://c1.staticflickr.com/8/7492/16147788851_be52de39cc_z.jpg,https://farm4.staticflickr.com/7492/16147788851_96cac49a08_o.jpg,https://creativecommons.org/licenses/by/2.0/,Hussein Alazaat,At the Iranian products exhibtion in #Amman beautiful stuff! #iran
wall_clock,Wall clock,883ba51b45d73299,https://c1.staticflickr.com/1/90/264591309_92c282203c_z.jpg,https://c2.staticflickr.com/1/90/264591309_92c282203c_o.jpg,https://creativecommons.org/licenses/by/2.0/,Mark A. Vargas,Instrument
wall_clock,Wall clock,8cb6a481e3890155,https://c2.staticflickr.com/4/3636/3326851612_d114768bfe_z.jpg?zz=1,https://farm6.staticflickr.com/3636/3326851612_d6edd7c854_o.jpg,https://creativecommons.org/licenses/by/2.0/,Alexander Bolotnov,Old Clock
wall_clock,Wall clock,90bbfbe433c3371b,https://c1.staticflickr.com/2/1363/531033491_efc3dd84de_z.jpg,https://c4.staticflickr.com/2/1363/531033491_8d548af6ee_o.jpg,https://creativecommons.org/licenses/by/2.0/,A.Davey,Chronometer
wall_clock,Wall clock,95889a6d1c06221c,https://c4.staticflickr.com/8/7033/6427038981_5132107aec_z.jpg,https://c5.staticflickr.com/8/7033/6427038981_aa30fd2052_o.jpg,https://creativecommons.org/licenses/by/2.0/,Indi Samarajiva,Size Of India's Internet Infographic
wardrobe,Wardrobe,25d2f50cc91acc29,https://c7.staticflickr.com/9/8532/8631917839_012ec6bcbf_z.jpg,https://c2.staticflickr.com/9/8532/8631917839_351dd96e01_o.jpg,https://creativecommons.org/licenses/by/2.0/,University of the Fraser Valley,UFV residence - closet
wardrobe,Wardrobe,3512c1248ef0e67a,https://c6.staticflickr.com/9/8291/7719720368_415fd09d49_z.jpg,https://c3.staticflickr.com/9/8291/7719720368_11375237dd_o.jpg,https://creativecommons.org/licenses/by/2.0/,Espen Klem,En vegg med skapstammer ferdig montert
wardrobe,Wardrobe,42b5fd7897853139,https://c5.staticflickr.com/5/4026/4603806338_246597c620_z.jpg,https://c2.staticflickr.com/5/4026/4603806338_067bee6e42_o.jpg,https://creativecommons.org/licenses/by/2.0/,pixxiestails,IMG_5185.JPG
wardrobe,Wardrobe,8da3d7c3edb36065,https://c8.staticflickr.com/4/3750/9308532259_041775dcf4_z.jpg,https://farm6.staticflickr.com/3750/9308532259_07fcbb0f8d_o.jpg,https://creativecommons.org/licenses/by/2.0/,Peter Alfred Hess,Grid and Grain // #millwork #cabinet #kitchen
wardrobe,Wardrobe,98761e550dc987f8,https://c6.staticflickr.com/9/8323/8419914350_073864cf85_z.jpg,https://c1.staticflickr.com/9/8323/8419914350_9802a2b69e_o.jpg,https://creativecommons.org/licenses/by/2.0/,John Lord,Jannis Kounnellis
wardrobe,Wardrobe,9afab31afacbba12,https://c8.staticflickr.com/5/4149/4951453299_ac513f3927_z.jpg,https://farm3.staticflickr.com/4149/4951453299_51b9212b1e_o.jpg,https://creativecommons.org/licenses/by/2.0/,Sean MacEntee,wardrobe revamp
wardrobe,Wardrobe,a4c3c20e34452abf,https://c2.staticflickr.com/9/8521/8623649199_c64580f31d_z.jpg,https://c8.staticflickr.com/9/8521/8623649199_99c5a1460f_o.jpg,https://creativecommons.org/licenses/by/2.0/,SITS Girls,BMS5700- WS- DoorClosed-RGB
wardrobe,Wardrobe,ad6262759600009f,,https://c8.staticflickr.com/5/4097/4917546054_0617488541_o.jpg,https://creativecommons.org/licenses/by/2.0/,charles roderick,"useful things, usually made of wood"
wardrobe,Wardrobe,023b447cac3b3557,https://c8.staticflickr.com/4/3177/2497751020_5e44d2aca8_z.jpg,https://farm8.staticflickr.com/3177/2497751020_11d950777c_o.jpg,https://creativecommons.org/licenses/by/2.0/,Timothy Vollmer,bedroom
wardrobe,Wardrobe,029123ba6d20f9b1,https://c4.staticflickr.com/3/2710/4456651786_99d319a5a3_z.jpg,https://farm2.staticflickr.com/2710/4456651786_cf673df054_o.jpg,https://creativecommons.org/licenses/by/2.0/,tanjila ahmed,closet
wardrobe,Wardrobe,04d2b124f5bff6ce,https://c2.staticflickr.com/8/7183/7122248997_7222bb2e3e_z.jpg,https://c7.staticflickr.com/8/7183/7122248997_f2763d11be_o.jpg,https://creativecommons.org/licenses/by/2.0/,h2theE,Toilet
wardrobe,Wardrobe,169d890f952c3446,https://c5.staticflickr.com/8/7197/6789973600_a650f6ce55_z.jpg,https://farm7.staticflickr.com/7197/6789973600_286f4ba631_o.jpg,https://creativecommons.org/licenses/by/2.0/,Eurritimia,armário
wardrobe,Wardrobe,180e41660f6d6b59,https://c6.staticflickr.com/8/7157/6653286773_4a0e18db26_z.jpg,https://c2.staticflickr.com/8/7157/6653286773_81d28c94ed_o.jpg,https://creativecommons.org/licenses/by/2.0/,FaceMePLS,Stedelijk Museum Den Bosch
wardrobe,Wardrobe,195c37710249a08b,,https://c4.staticflickr.com/9/8306/7867185568_b355659458_o.jpg,https://creativecommons.org/licenses/by/2.0/,Nandalina,Em reformas!
wardrobe,Wardrobe,262dd05d50281235,https://c8.staticflickr.com/8/7244/7249371328_66461b193d_z.jpg,https://farm6.staticflickr.com/7244/7249371328_e9038ac23a_o.jpg,https://creativecommons.org/licenses/by/2.0/,Patty Ho,forye
wardrobe,Wardrobe,2924756d0c31e5b1,https://c8.staticflickr.com/5/4005/4629977701_938f6a56f0_z.jpg,https://farm2.staticflickr.com/4005/4629977701_24fef4ff73_o.jpg,https://creativecommons.org/licenses/by/2.0/,David Quigley,Wardrobe in B&B
wardrobe,Wardrobe,2b87340ff50deb6f,https://c8.staticflickr.com/4/3016/2627237092_20a4469428_z.jpg?zz=1,https://c8.staticflickr.com/4/3016/2627237092_1c7ef54c32_o.jpg,https://creativecommons.org/licenses/by/2.0/,Lenore Edman,LInen closet!
wardrobe,Wardrobe,2bafc4fa7cbced12,https://c8.staticflickr.com/8/7323/16213060760_53f434841a_z.jpg,https://farm3.staticflickr.com/7323/16213060760_4d7818ed05_o.jpg,https://creativecommons.org/licenses/by/2.0/,Ashley Van Haeften,"Cabinet and Hat Chest (Dingxiang Ligui) with Dragons, Insects, Birds, and Flowers LACMA AC1998.29.1.1-.2"
wardrobe,Wardrobe,31780c088d1708b4,https://c7.staticflickr.com/4/3224/3007707947_43bf959f7a_z.jpg,https://farm5.staticflickr.com/3224/3007707947_891b2cf8e3_o.jpg,https://creativecommons.org/licenses/by/2.0/,Midtown Crossing at Turner Park,closet example
wardrobe,Wardrobe,35168644edae9d03,https://c8.staticflickr.com/6/5562/14925965575_d655374907_z.jpg,https://farm4.staticflickr.com/5562/14925965575_6c3e9dc5bc_o.jpg,https://creativecommons.org/licenses/by/2.0/,Rikki&#x27;s  Refuge,Rikki's Refuge Re-Tail
wardrobe,Wardrobe,363ca9571e4863dc,https://c1.staticflickr.com/6/5577/14957486008_90df96692a_z.jpg,https://c5.staticflickr.com/6/5577/14957486008_a8fc27783f_o.jpg,https://creativecommons.org/licenses/by/2.0/,satellite98,craig house 1-0193
wardrobe,Wardrobe,38a7fa0a0fb6ffe6,https://c3.staticflickr.com/3/2736/4244477958_a53e6c2b50_z.jpg,https://farm7.staticflickr.com/2736/4244477958_cef597030c_o.jpg,https://creativecommons.org/licenses/by/2.0/,soltenviva,Built-in cupboards in main bedroom
wardrobe,Wardrobe,3d37bb6b541a1479,https://c3.staticflickr.com/5/4003/4407738833_6f014e43b2_z.jpg?zz=1,https://c2.staticflickr.com/5/4003/4407738833_35911988a6_o.jpg,https://creativecommons.org/licenses/by/2.0/,Jonathan Sulo,hus 017
wardrobe,Wardrobe,3e7b262c786a139f,https://c7.staticflickr.com/3/2768/4361464257_41f7691c2d_z.jpg,https://c8.staticflickr.com/3/2768/4361464257_542369d472_o.jpg,https://creativecommons.org/licenses/by/2.0/,Lindsey Nicholson,Vintage!
wardrobe,Wardrobe,401d7aae63c3b63c,https://c8.staticflickr.com/9/8588/16034180814_626fdbc55f_z.jpg,https://c5.staticflickr.com/9/8588/16034180814_872dc69a65_o.jpg,https://creativecommons.org/licenses/by/2.0/,Shelley Noble,Handsome Man's Closet makeover
wardrobe,Wardrobe,554982b1d8234ceb,https://c8.staticflickr.com/4/3062/4555239666_1c43d3f503_z.jpg,https://c4.staticflickr.com/4/3062/4555239666_257d5c6b31_o.jpg,https://creativecommons.org/licenses/by/2.0/,annemarieangelo,My bedroom
wardrobe,Wardrobe,625cad7128855737,https://c3.staticflickr.com/5/4004/4609893214_133c8bf1d2_z.jpg,https://farm8.staticflickr.com/4004/4609893214_423a58d7b2_o.jpg,https://creativecommons.org/licenses/by/2.0/,Roger H. Goun,Cabinets
wardrobe,Wardrobe,62e1e71664935fac,https://c4.staticflickr.com/3/2949/15200053787_75ac4ec52c_z.jpg,https://c5.staticflickr.com/3/2949/15200053787_0c5e51a4e7_o.jpg,https://creativecommons.org/licenses/by/2.0/,Carolyn Coles,"Never quite seen my dressing room in such a state before and I'm okay with it. Prioritized friends over folding. Vancouver, Seattle, Orlando here I come!"
wardrobe,Wardrobe,7102abdbcecd48ee,,https://c7.staticflickr.com/5/4095/4861258754_c3cfdbba26_o.jpg,https://creativecommons.org/licenses/by/2.0/,Ali from Riyadh : ),جولة على الأقدام
wardrobe,Wardrobe,724d70b539a0f30f,https://c1.staticflickr.com/4/3649/3625046492_f8c6fb800c_z.jpg,https://c8.staticflickr.com/4/3649/3625046492_905284df46_o.jpg,https://creativecommons.org/licenses/by/2.0/,Val Kerry,'Fabric of Society' installation - MMU Exhibition
wardrobe,Wardrobe,7784d6ecb97ecf84,https://c2.staticflickr.com/8/7031/6744692617_3a9a3c8fc3_z.jpg,https://farm5.staticflickr.com/7031/6744692617_b5c09afd56_o.jpg,https://creativecommons.org/licenses/by/2.0/,Stephen,Wardrobe with Mirror
wardrobe,Wardrobe,7ce3da7b5c28e8aa,https://c4.staticflickr.com/6/5538/10546941855_403369607c_z.jpg,https://c3.staticflickr.com/6/5538/10546941855_ee047b4425_o.jpg,https://creativecommons.org/licenses/by/2.0/,Ken Mayer,Armoire Shelves
wardrobe,Wardrobe,850977bc144ea11e,https://c5.staticflickr.com/2/1081/1409246425_39be8a1a79_z.jpg,https://c7.staticflickr.com/2/1081/1409246425_1f8ec105b2_o.jpg,https://creativecommons.org/licenses/by/2.0/,Andreas Kontokanis,USSA
wardrobe,Wardrobe,8519009bf6c10fec,https://c7.staticflickr.com/8/7206/6987083379_bb0f5687b7_z.jpg,https://c5.staticflickr.com/8/7206/6987083379_c531564c04_o.jpg,https://creativecommons.org/licenses/by/2.0/,franlhughes,compactus
wardrobe,Wardrobe,8b31b9fd2a48a90f,https://c4.staticflickr.com/1/75/224297588_809613be58_z.jpg?zz=1,https://c8.staticflickr.com/1/75/224297588_809613be58_o.jpg,https://creativecommons.org/licenses/by/2.0/,mk 4dz,3Ds editable poly
wardrobe,Wardrobe,907f05d19c32cbd5,https://c4.staticflickr.com/3/2369/4511891113_1a14b4e64e_z.jpg,https://farm6.staticflickr.com/2369/4511891113_3196c6da4c_o.jpg,https://creativecommons.org/licenses/by/2.0/,Shoshanah,American Girl Collection
wardrobe,Wardrobe,933834772364f09f,https://c3.staticflickr.com/1/25/46641655_de23ef8752_z.jpg?zz=1,https://c8.staticflickr.com/1/25/46641655_de23ef8752_o.jpg,https://creativecommons.org/licenses/by/2.0/,Melissa,My closet
wardrobe,Wardrobe,93d8a329cc04bad4,https://c2.staticflickr.com/6/5217/5384862156_97960a583d_z.jpg,https://farm5.staticflickr.com/5217/5384862156_3f61b976cf_o.jpg,https://creativecommons.org/licenses/by/2.0/,Maia Valenzuela,Best Of Closet Visit
wardrobe,Wardrobe,9fd939aac32f63e3,https://c8.staticflickr.com/9/8427/7742698808_17bfb223b3_z.jpg,https://farm4.staticflickr.com/8427/7742698808_18317e5c9f_o.jpg,https://creativecommons.org/licenses/by/2.0/,Cole Camplese,Crown Molding
wardrobe,Wardrobe,a4de19b855aea878,https://c2.staticflickr.com/3/2736/4142307636_63951007b8_z.jpg?zz=1,https://c1.staticflickr.com/3/2736/4142307636_b88e01891d_o.jpg,https://creativecommons.org/licenses/by/2.0/,Heather McCall,two closets in the kitchen
wardrobe,Wardrobe,a8042cce7f1cb422,https://c8.staticflickr.com/1/167/458779875_a94b435fae_z.jpg,https://farm3.staticflickr.com/167/458779875_ef7f0f6864_o.jpg,https://creativecommons.org/licenses/by/2.0/,Seamus Walsh,Bigger Bedroom
wardrobe,Wardrobe,aa0fc9d6f82cee66,https://c5.staticflickr.com/7/6097/6344550099_9b268808a1_z.jpg,https://farm7.staticflickr.com/6097/6344550099_81cddb1f36_o.jpg,https://creativecommons.org/licenses/by/2.0/,acn1485,Untitled
wardrobe,Wardrobe,acaebc6ee1264976,https://c4.staticflickr.com/4/3133/3140540707_3cd44c83a0_z.jpg?zz=1,https://farm7.staticflickr.com/3133/3140540707_15eafc9c53_o.jpg,https://creativecommons.org/licenses/by/2.0/,Dan Taylor-Watt,Wardrobe
wardrobe,Wardrobe,ad71c03f761e1072,https://c5.staticflickr.com/4/3479/5818757665_fa402a8eeb_z.jpg,https://farm3.staticflickr.com/3479/5818757665_8f13579e30_o.jpg,https://creativecommons.org/licenses/by/2.0/,Kate Haskell,Master Bedroom Closet
wardrobe,Wardrobe,b76e1fe157064cc1,https://c7.staticflickr.com/4/3401/3276156907_1b4c41ac91_z.jpg,https://farm2.staticflickr.com/3401/3276156907_dee07c4bb4_o.jpg,https://creativecommons.org/licenses/by/2.0/,Justin Ruckman,Ikea uptown showroom
wardrobe,Wardrobe,ba33845dd206c054,https://c8.staticflickr.com/3/2939/14754323186_51597963b4_z.jpg,https://farm5.staticflickr.com/2939/14754323186_422eb812de_o.jpg,https://creativecommons.org/licenses/by/2.0/,Tom Byrne,Master Bedroom
wardrobe,Wardrobe,be366a9cfe77520a,https://c4.staticflickr.com/4/3793/10184615036_0876e4b2af_z.jpg,https://c3.staticflickr.com/4/3793/10184615036_53bdba77d4_o.jpg,https://creativecommons.org/licenses/by/2.0/,Prat PR,Vitrinskåp LYNDEN - 449 SEK
wardrobe,Wardrobe,c33830c874d4a8bf,https://c8.staticflickr.com/1/82/249404863_664b7f054b_z.jpg?zz=1,https://c8.staticflickr.com/1/82/249404863_664b7f054b_o.jpg,https://creativecommons.org/licenses/by/2.0/,Jeff Sandquist,Finally we have doors covering the electronics
wardrobe,Wardrobe,c53fe42427abd793,https://c6.staticflickr.com/6/5285/5339472728_6347386b15_z.jpg,https://farm4.staticflickr.com/5285/5339472728_8ddc873ce3_o.jpg,https://creativecommons.org/licenses/by/2.0/,Graham Hills,Dachau - Prisoner uniforms
wardrobe,Wardrobe,c691b5ce2c260489,https://c4.staticflickr.com/2/1269/5184066214_824a790e5d_z.jpg,https://c2.staticflickr.com/2/1269/5184066214_290000929b_o.jpg,https://creativecommons.org/licenses/by/2.0/,Deidre Woollard,bijan's yellow closet
washing_machine,Washing machine,03d459ae21e00e9a,https://c7.staticflickr.com/7/6231/6340359139_7319a6373e_z.jpg,https://c3.staticflickr.com/7/6231/6340359139_e67baf5f9d_o.jpg,https://creativecommons.org/licenses/by/2.0/,J E Theriot,washer
washing_machine,Washing machine,3243876480654953,https://c4.staticflickr.com/9/8444/8006013362_c21065f569_z.jpg,https://farm4.staticflickr.com/8444/8006013362_81b4ea08a9_o.jpg,https://creativecommons.org/licenses/by/2.0/,lynch_m_j,DSC_0066
washing_machine,Washing machine,32ad9a324aeedcef,https://c6.staticflickr.com/3/2235/1559345847_f7af3cc870_z.jpg?zz=1,https://c8.staticflickr.com/3/2235/1559345847_33b4b65a49_o.jpg,https://creativecommons.org/licenses/by/2.0/,andreas_fischler,Waschmaschine mit Lochkarten-Steuerung
washing_machine,Washing machine,3d332e34175d8fb4,https://c7.staticflickr.com/8/7200/6893011553_0fc6e3746f_z.jpg,https://farm5.staticflickr.com/7200/6893011553_cf68415b43_o.jpg,https://creativecommons.org/licenses/by/2.0/,Ohio Redevelopment Projects - ODSA,Cleveland-Allerton Hotel (OHPTC)
washing_machine,Washing machine,3da0da4fe8e8b981,https://c1.staticflickr.com/6/5615/15639516735_4a3ec5d69d_z.jpg,https://farm2.staticflickr.com/5615/15639516735_dc7228bd8d_o.jpg,https://creativecommons.org/licenses/by/2.0/,macbosse,Photo
washing_machine,Washing machine,44f6da86951211ce,https://c4.staticflickr.com/4/3212/2755976797_4db2fc9de1_z.jpg,https://c7.staticflickr.com/4/3212/2755976797_581162fd88_o.jpg,https://creativecommons.org/licenses/by/2.0/,Phelyan Sanjoin,In Tumble Dryer
washing_machine,Washing machine,4d6551838dab6f2b,https://c5.staticflickr.com/4/3243/2448376399_26cfbd8219_z.jpg,https://c4.staticflickr.com/4/3243/2448376399_a90189932c_o.jpg,https://creativecommons.org/licenses/by/2.0/,Karl Baron,Swedish washing machines!
washing_machine,Washing machine,542aa386198e04f9,https://c4.staticflickr.com/9/8754/16363780084_67f7a21191_z.jpg,https://c2.staticflickr.com/9/8754/16363780084_b5ab1b1986_o.jpg,https://creativecommons.org/licenses/by/2.0/,Dean M Gray,Laundry
washing_machine,Washing machine,56ba66c8050abfc3,https://c4.staticflickr.com/5/4126/5093615278_69f8740f22_z.jpg,https://farm4.staticflickr.com/4126/5093615278_5da3d9100a_o.jpg,https://creativecommons.org/licenses/by/2.0/,Rubbermaid Products,Rubbermaid HomeFree series closet system
washing_machine,Washing machine,5ba65f801a71d6b7,https://c5.staticflickr.com/4/3331/3527884812_91c917c888_z.jpg?zz=1,https://farm8.staticflickr.com/3331/3527884812_279012c050_o.jpg,https://creativecommons.org/licenses/by/2.0/,Glenn Dettwiler,P5120098
washing_machine,Washing machine,791d14fc54af3cc3,https://c2.staticflickr.com/6/5137/5469385466_32979167d9_z.jpg,https://farm4.staticflickr.com/5137/5469385466_192f010806_o.jpg,https://creativecommons.org/licenses/by/2.0/,John Eisenschenk,SMIMG_0086
washing_machine,Washing machine,7a5b91070a0d7929,https://c6.staticflickr.com/8/7219/7318168486_5cf946c894_z.jpg,https://c2.staticflickr.com/8/7219/7318168486_5630ca331f_o.jpg,https://creativecommons.org/licenses/by/2.0/,BuzzFarmers,Laundromat.
washing_machine,Washing machine,80a17b76041f644e,https://c4.staticflickr.com/4/3155/2547917821_f97ff6dee5_z.jpg?zz=1,https://c7.staticflickr.com/4/3155/2547917821_3b7a5f3735_o.jpg,https://creativecommons.org/licenses/by/2.0/,jwalsh,Vešeraj  express laundry  EUNEXT Beograd
washing_machine,Washing machine,929a0417f47872e7,https://c5.staticflickr.com/7/6225/6404695613_f2ed75f6d3_z.jpg,https://farm8.staticflickr.com/6225/6404695613_f64095f3eb_o.jpg,https://creativecommons.org/licenses/by/2.0/,DenisDenis,Laundry Day
washing_machine,Washing machine,963ec50903210aad,,https://c6.staticflickr.com/1/16/23250160_8e2cc05100_o.jpg,https://creativecommons.org/licenses/by/2.0/,Martha Schwer,tess_001_1
washing_machine,Washing machine,ace2ac95d203f172,https://c3.staticflickr.com/4/3007/5751935285_dbfd380052_z.jpg,https://farm3.staticflickr.com/3007/5751935285_cee4e25b94_o.jpg,https://creativecommons.org/licenses/by/2.0/,sylvar,IMG_2403.JPG
washing_machine,Washing machine,b5951c656fd0b2ac,https://c3.staticflickr.com/3/2602/3957846632_534d430e71_z.jpg,https://c5.staticflickr.com/3/2602/3957846632_f2c1c2f2bf_o.jpg,https://creativecommons.org/licenses/by/2.0/,brownpau,Washer/Dryer
washing_machine,Washing machine,be6a86c753495f3a,,https://c3.staticflickr.com/4/3524/13069184785_3011fe05ee_o.jpg,https://creativecommons.org/licenses/by/2.0/,Goedeker&#x27;s,GE WCVH4800KWW 2.2 Cu. Ft. White Stackable Front Load Washer - Energy Star
washing_machine,Washing machine,c48bab4796ca5e02,https://c6.staticflickr.com/3/2554/3835303026_fa9f2a7c50_z.jpg,https://farm3.staticflickr.com/2554/3835303026_a5065dbd04_o.jpg,https://creativecommons.org/licenses/by/2.0/,Larry &amp; Teddy Page,Clean clothes
washing_machine,Washing machine,c6d29ba9e0714789,,https://c2.staticflickr.com/4/3045/3063805566_77c25768a1_o.jpg,https://creativecommons.org/licenses/by/2.0/,Manish Bansal,A Quick Bath
washing_machine,Washing machine,cabbf79c0a4e40e6,,https://farm7.staticflickr.com/1385/5164137805_a2499e3ca9_o.jpg,https://creativecommons.org/licenses/by/2.0/,US Fish and Wildlife Service - Recovery Act Team,Rappahannock River Valley National Wildlife Refuge
washing_machine,Washing machine,cbce53f598d15cb9,https://c2.staticflickr.com/4/3469/3950171218_b97e4577f0_z.jpg?zz=1,https://c2.staticflickr.com/4/3469/3950171218_7594f0be27_o.jpg,https://creativecommons.org/licenses/by/2.0/,midorisyu,coin-operated laundry 02
washing_machine,Washing machine,daded832e3ae26b5,https://c1.staticflickr.com/9/8094/8431126135_df0d247f8a_z.jpg,https://farm6.staticflickr.com/8094/8431126135_cd1cf303e7_o.jpg,https://creativecommons.org/licenses/by/2.0/,Mark Doliner,Washer and dryer
washing_machine,Washing machine,dd524cdb2e8652cf,https://c4.staticflickr.com/9/8345/8206193405_9850cf68b0_z.jpg,https://c8.staticflickr.com/9/8345/8206193405_5a54c9722d_o.jpg,https://creativecommons.org/licenses/by/2.0/,kate hiscock,November 21st
washing_machine,Washing machine,e3a41aa21875053e,https://c7.staticflickr.com/7/6047/6238099635_37c6577cc4_z.jpg,https://c7.staticflickr.com/7/6047/6238099635_f4fcfd0292_o.jpg,https://creativecommons.org/licenses/by/2.0/,Simon Doggett,FINALLY #plumbed #mechamielazilla
washing_machine,Washing machine,e69488fc94d53f21,https://c6.staticflickr.com/3/2134/2275041027_ed535f7564_z.jpg,https://farm2.staticflickr.com/2134/2275041027_46281db92f_o.jpg,https://creativecommons.org/licenses/by/2.0/,Aslak Raanes,1€ les 10 minutes
washing_machine,Washing machine,eaa9828fea069047,https://c3.staticflickr.com/4/3580/3674470393_886d6fe703_z.jpg,https://farm8.staticflickr.com/3580/3674470393_c4ca9413d9_o.jpg,https://creativecommons.org/licenses/by/2.0/,whatleydude,Whoops...
washing_machine,Washing machine,08350a5aa87efe45,https://c4.staticflickr.com/9/8603/16574801100_326b801341_z.jpg,https://farm6.staticflickr.com/8603/16574801100_200ed6d801_o.jpg,https://creativecommons.org/licenses/by/2.0/,Scott Lewis,home depot samsung
washing_machine,Washing machine,11dd32ad9208d57c,https://c3.staticflickr.com/8/7423/14168209632_1198dd998a_z.jpg,https://c5.staticflickr.com/8/7423/14168209632_cfd52e9c98_o.jpg,https://creativecommons.org/licenses/by/2.0/,Cambodia4kids.org Beth Kanter,Untitled
washing_machine,Washing machine,13a3122ba7a85f3c,https://c4.staticflickr.com/3/2674/4159484182_abc7e18d22_z.jpg,https://c5.staticflickr.com/3/2674/4159484182_cd16648304_o.jpg,https://creativecommons.org/licenses/by/2.0/,Casey Fleser,In With the New (338 / 365)
washing_machine,Washing machine,142bd7299cf91edc,https://c7.staticflickr.com/9/8521/8587790423_00efc7e2e9_z.jpg,https://c5.staticflickr.com/9/8521/8587790423_46e26153c4_o.jpg,https://creativecommons.org/licenses/by/2.0/,Anders Carlsson,Först fyller man maskinen. Sedan hämtar man stolen så  man når startknappen. Väntar till dagen han fixar att stryka mina skjortor...
washing_machine,Washing machine,1c11f389a2f2673a,https://c6.staticflickr.com/6/5243/5249894575_245a9fc26c_z.jpg,https://c3.staticflickr.com/6/5243/5249894575_ce6b96d700_o.jpg,https://creativecommons.org/licenses/by/2.0/,mongo gushi,My new cooker.
washing_machine,Washing machine,1cf3197242e16924,https://c6.staticflickr.com/8/7669/17138010997_81f8db2c84_z.jpg,https://farm5.staticflickr.com/7669/17138010997_66b9019d3d_o.jpg,https://creativecommons.org/licenses/by/2.0/,Sue,Paris April 2015
washing_machine,Washing machine,27427c0fd0383c4a,https://c1.staticflickr.com/1/45/163587886_7388805112_z.jpg,https://c3.staticflickr.com/1/45/163587886_7388805112_o.jpg,https://creativecommons.org/licenses/by/2.0/,Jesse Hull,Image07.jpg
washing_machine,Washing machine,2b811f2f8073003b,https://c3.staticflickr.com/6/5580/15178375731_d487ab971c_z.jpg,https://c4.staticflickr.com/6/5580/15178375731_e913b3ee58_o.jpg,https://creativecommons.org/licenses/by/2.0/,vicki moore,"303 Encina, Redwood City, CA"
washing_machine,Washing machine,2c383b81cbe8fad8,https://c2.staticflickr.com/4/3348/3341086799_40f928bd7c_z.jpg,https://c1.staticflickr.com/4/3348/3341086799_41de7c80fc_o.jpg,https://creativecommons.org/licenses/by/2.0/,Kurt Thomas Hunt,Day 9 - Hot Water + Bleach + Spinning = Laundry
washing_machine,Washing machine,2c53440035ef928a,https://c7.staticflickr.com/6/5132/5477588714_c799851152_z.jpg,https://c3.staticflickr.com/6/5132/5477588714_b9904bc2ee_o.jpg,https://creativecommons.org/licenses/by/2.0/,David Goehring,Mother Speed
washing_machine,Washing machine,2d280b735153949e,,https://c7.staticflickr.com/6/5180/5592010217_3e2f344f7a_o.jpg,https://creativecommons.org/licenses/by/2.0/,John VanderHaagen,upbath
washing_machine,Washing machine,2dd63a5811653e8d,https://c5.staticflickr.com/9/8530/8556368336_d3f26b26cf_z.jpg,https://c6.staticflickr.com/9/8530/8556368336_b8fa2a8438_o.jpg,https://creativecommons.org/licenses/by/2.0/,Carnivore Locavore,_DSC0445
washing_machine,Washing machine,3150b45dbe882b1e,https://c4.staticflickr.com/4/3851/14707436407_2e2ab1c2c2_z.jpg,https://c7.staticflickr.com/4/3851/14707436407_9b27f4edbc_o.jpg,https://creativecommons.org/licenses/by/2.0/,Mark Doliner,Finished
washing_machine,Washing machine,33daf42b4b572d04,https://c1.staticflickr.com/8/7053/6908894168_c64e26390a_z.jpg,https://farm5.staticflickr.com/7053/6908894168_cfc94fa1fb_o.jpg,https://creativecommons.org/licenses/by/2.0/,Lizard10979,Laundry - 365/87
washing_machine,Washing machine,34cfb4f7a321c946,https://c8.staticflickr.com/4/3766/11940217314_a8af915b95_z.jpg,https://farm7.staticflickr.com/3766/11940217314_6d682191f2_o.jpg,https://creativecommons.org/licenses/by/2.0/,RubyGoes,.
washing_machine,Washing machine,36393ac65365a5c6,https://c6.staticflickr.com/4/3685/10035002833_d9eb295680_z.jpg,https://farm7.staticflickr.com/3685/10035002833_8daa686900_o.jpg,https://creativecommons.org/licenses/by/2.0/,July Pastorello,Project50 // Day 2
washing_machine,Washing machine,3c9b5332b452c51a,https://c7.staticflickr.com/9/8488/8209422651_f34e9a977b_z.jpg,https://c3.staticflickr.com/9/8488/8209422651_57a84ed4ae_o.jpg,https://creativecommons.org/licenses/by/2.0/,Jeremy Thompson,Epcot
washing_machine,Washing machine,3d2c267704c3dfbf,https://c6.staticflickr.com/5/4017/5168565300_940af9e10f_z.jpg,https://c8.staticflickr.com/5/4017/5168565300_113df878a4_o.jpg,https://creativecommons.org/licenses/by/2.0/,Bev Sykes,November 11
washing_machine,Washing machine,3eb946900ea58fee,https://c7.staticflickr.com/6/5132/5497433341_2413ef17e4_z.jpg,https://c7.staticflickr.com/6/5132/5497433341_8320f65620_o.jpg,https://creativecommons.org/licenses/by/2.0/,Simon Fraser University -  University Communications,West House
washing_machine,Washing machine,412b8ef6deacb842,https://c7.staticflickr.com/9/8351/8302520149_bee19fc539_z.jpg,https://farm3.staticflickr.com/8351/8302520149_06494ef3a1_o.jpg,https://creativecommons.org/licenses/by/2.0/,Sebastian Riehm,Circular alliteration.
washing_machine,Washing machine,4130c08295dc8be6,https://c8.staticflickr.com/8/7127/7700883426_fd98178903_z.jpg,https://farm7.staticflickr.com/7127/7700883426_14fb9662ea_o.jpg,https://creativecommons.org/licenses/by/2.0/,USAG- Humphreys,Single Soldier Quarters - Camp Humphreys - 2012
washing_machine,Washing machine,42e2e9540313830d,https://c8.staticflickr.com/5/4031/4495479176_2f1a30939d_z.jpg,https://c6.staticflickr.com/5/4031/4495479176_bebf765709_o.jpg,https://creativecommons.org/licenses/by/2.0/,Carlos Martinez,Objects - Mixed load
washing_machine,Washing machine,432170dba1f87a94,https://c4.staticflickr.com/9/8856/18209913469_5c1c983553_z.jpg,https://farm5.staticflickr.com/8856/18209913469_b645fa44dd_o.jpg,https://creativecommons.org/licenses/by/2.0/,billknock,My Beautiful Laundrette ?
waste_container,Waste container,023dc92993699a49,https://c1.staticflickr.com/3/2807/9977410886_9861479610_z.jpg,https://c2.staticflickr.com/3/2807/9977410886_dd5d3433f8_o.jpg,https://creativecommons.org/licenses/by/2.0/,aymeric Besset,Avignon - Tri Sélectif
waste_container,Waste container,0a7f4d9a0ccb9afe,https://c7.staticflickr.com/4/3174/2757055936_6e018e69f1_z.jpg,https://c7.staticflickr.com/4/3174/2757055936_6e79e1aa83_o.jpg,https://creativecommons.org/licenses/by/2.0/,Nicolas Nova,Organico Inorganico
waste_container,Waste container,0e7761501c4d2cea,https://c6.staticflickr.com/8/7102/7167263289_c2be6f10da_z.jpg,https://c3.staticflickr.com/8/7102/7167263289_dd78e48dcc_o.jpg,https://creativecommons.org/licenses/by/2.0/,Dzhavat Ushev,Waste basket
waste_container,Waste container,1114b632f4336821,https://c1.staticflickr.com/4/3064/2867588785_a9ca47f861_z.jpg,https://farm2.staticflickr.com/3064/2867588785_8a84494635_o.jpg,https://creativecommons.org/licenses/by/2.0/,puyol5,Cykelpump in Södermalm
waste_container,Waste container,235b99508f8644be,https://c4.staticflickr.com/6/5582/14842306316_464a27a276_z.jpg,https://c7.staticflickr.com/6/5582/14842306316_6a65fe4e86_o.jpg,https://creativecommons.org/licenses/by/2.0/,Cirofono,Radio de la cocina: 1981-2014 #qepd
waste_container,Waste container,241117d1be61a172,https://c6.staticflickr.com/9/8513/8595639865_6694e073f1_z.jpg,https://farm3.staticflickr.com/8513/8595639865_929ec17d7b_o.jpg,https://creativecommons.org/licenses/by/2.0/,TRIGA Systems International,TRIGA USA Tensioned Fabric Displays
waste_container,Waste container,4dd241f8f019c298,https://c8.staticflickr.com/1/7/7046917_fc40ea8751_z.jpg,https://c1.staticflickr.com/1/7/7046917_fc40ea8751_o.jpg,https://creativecommons.org/licenses/by/2.0/,Paul Downey,Binday
waste_container,Waste container,5b2288381e6e3c7c,https://c2.staticflickr.com/1/180/459728102_9ea1c67277_z.jpg,https://c5.staticflickr.com/1/180/459728102_d648e6cfd7_o.jpg,https://creativecommons.org/licenses/by/2.0/,wonderferret,Stencils
waste_container,Waste container,64de505bd2bac82b,https://c4.staticflickr.com/6/5468/10023037185_1141a64e19_z.jpg,https://c4.staticflickr.com/6/5468/10023037185_4ff18d1d87_o.jpg,https://creativecommons.org/licenses/by/2.0/,Ninian  Reid,"Perth: The perfect car registration plate for an undertaker, a Procurator Fiscal or a District Attorney"
waste_container,Waste container,6c188a26494534d7,https://c6.staticflickr.com/8/7204/6881219739_0bc7107ccf_z.jpg,https://farm8.staticflickr.com/7204/6881219739_47009f439b_o.jpg,https://creativecommons.org/licenses/by/2.0/,Rubbermaid Products,2-in-1 Recycler
waste_container,Waste container,9af571de94e3883f,https://c6.staticflickr.com/4/3596/3399742871_5c28f0303c_z.jpg,https://c8.staticflickr.com/4/3596/3399742871_b7539bfebf_o.jpg,https://creativecommons.org/licenses/by/2.0/,afromusing,Recycling at Village of Schaumburg
waste_container,Waste container,9dd89e321ffe1d13,,https://farm4.staticflickr.com/3605/3477839854_b4e663185a_o.jpg,https://creativecommons.org/licenses/by/2.0/,Sustainable Initiatives Fund Trust,Arthur's Pass Recycling 1
waste_container,Waste container,b0cdcbe7266892a9,https://c6.staticflickr.com/3/2591/4193401481_993747b424_z.jpg,https://c2.staticflickr.com/3/2591/4193401481_73f7ce6be8_o.jpg,https://creativecommons.org/licenses/by/2.0/,Sustainable Initiatives Fund Trust,SIFT's rubbish system
waste_container,Waste container,b9b4f79cc182624b,https://c2.staticflickr.com/3/2266/2205190787_4360c9005f_z.jpg?zz=1,https://c4.staticflickr.com/3/2266/2205190787_5838edbf5a_o.jpg,https://creativecommons.org/licenses/by/2.0/,brett jordan,Flap
waste_container,Waste container,caecdfbe9d7eec0c,https://c8.staticflickr.com/4/3448/3753333992_e2fb5478c1_z.jpg,https://c5.staticflickr.com/4/3448/3753333992_5a9696de7f_o.jpg,https://creativecommons.org/licenses/by/2.0/,Bart Everson,Doodie Calls
waste_container,Waste container,ccfe3555d120de1a,https://c2.staticflickr.com/5/4130/5019927427_6756904181_z.jpg,https://c3.staticflickr.com/5/4130/5019927427_eb8c182519_o.jpg,https://creativecommons.org/licenses/by/2.0/,Charlotte Gilhooly,IMG_2924
waste_container,Waste container,dfca41c9280299fc,https://c3.staticflickr.com/6/5001/5239537647_33e365a248_z.jpg,https://c5.staticflickr.com/6/5001/5239537647_9757daf70e_o.jpg,https://creativecommons.org/licenses/by/2.0/,Milton Jung,Parque do Povo lixo para caes
waste_container,Waste container,ebbedc48da3d0e19,https://c4.staticflickr.com/4/3705/9563987443_026352842c_z.jpg,https://c2.staticflickr.com/4/3705/9563987443_87c6acb493_o.jpg,https://creativecommons.org/licenses/by/2.0/,Chuck Abbe,_NIK0205
waste_container,Waste container,f5288d905c37663c,https://c8.staticflickr.com/9/8356/8434957885_9bb521f320_z.jpg,https://c5.staticflickr.com/9/8356/8434957885_cc87d7180f_o.jpg,https://creativecommons.org/licenses/by/2.0/,Montgomery Cty Division of Solid Waste Services,Making observations for our Recycling Bin Survey
waste_container,Waste container,001dc1a88f4bac12,https://c2.staticflickr.com/6/5058/5389355715_e3399d68df_z.jpg,https://farm3.staticflickr.com/5058/5389355715_0affe031ac_o.jpg,https://creativecommons.org/licenses/by/2.0/,Bart,Classic!
waste_container,Waste container,0454ce6ba5b5797a,https://c1.staticflickr.com/4/3491/4057626316_9b624094f4_z.jpg,https://c3.staticflickr.com/4/3491/4057626316_16fcce2c9f_o.jpg,https://creativecommons.org/licenses/by/2.0/,Rob Thurman,High Line
waste_container,Waste container,06664ee4beef4bad,https://c3.staticflickr.com/6/5145/5660940656_2fe0324801_z.jpg,https://c6.staticflickr.com/6/5145/5660940656_ac9fdbf5bf_o.jpg,https://creativecommons.org/licenses/by/2.0/,Peter Parkes,Other waste / Recyclable
waste_container,Waste container,151b9cbaaf29bc38,https://c4.staticflickr.com/1/208/508178504_77663c2f72_z.jpg?zz=1,https://c1.staticflickr.com/1/208/508178504_df61457232_o.jpg,https://creativecommons.org/licenses/by/2.0/,Edinburgh Blog,Burnt out bins on Edinburgh's Westfield Road (3)
waste_container,Waste container,198c016a8b893864,https://c6.staticflickr.com/4/3150/2945061765_d55ffbcaa8_z.jpg?zz=1,https://farm5.staticflickr.com/3150/2945061765_dceccf3484_o.jpg,https://creativecommons.org/licenses/by/2.0/,Stephen Kennedy,"airpot rendering, rear"
waste_container,Waste container,26869696f30fc0be,https://c1.staticflickr.com/8/7537/16079057092_ba56d09ca2_z.jpg,https://c7.staticflickr.com/8/7537/16079057092_ff06418fde_o.jpg,https://creativecommons.org/licenses/by/2.0/,Gaurav Mishra,Happy to see trash bins on Bombay streets. Small changes add up.
waste_container,Waste container,323640973616e526,https://c3.staticflickr.com/6/5323/7066378145_5cff6740c7_z.jpg,https://farm7.staticflickr.com/5323/7066378145_104b0701e6_o.jpg,https://creativecommons.org/licenses/by/2.0/,m01229,National Museum of the Marine Corps trash can
waste_container,Waste container,34f5c63beaf83e7d,https://c5.staticflickr.com/3/2642/3941435509_4045536472_z.jpg,https://c6.staticflickr.com/3/2642/3941435509_1eb0f559cd_o.jpg,https://creativecommons.org/licenses/by/2.0/,Graeme Eyre,Rubbish Bin Broad Street
waste_container,Waste container,35412c92157891e7,https://c2.staticflickr.com/5/4122/5433472117_fbd66f953b_z.jpg,https://farm8.staticflickr.com/4122/5433472117_9de0467cc5_o.jpg,https://creativecommons.org/licenses/by/2.0/,Massachusetts Dept. of Environmental Protection,Solar Powered Trash Compactor along the Salem Harbor Walk
waste_container,Waste container,38559d2b9c28f36e,https://c8.staticflickr.com/4/3900/14438713300_a738421d1c_z.jpg,https://c7.staticflickr.com/4/3900/14438713300_25ab72fa9d_o.jpg,https://creativecommons.org/licenses/by/2.0/,Andrew Toskin,canteen - handle up
waste_container,Waste container,3903dc1e2c69b7c0,https://c4.staticflickr.com/4/3644/3290093273_495dfe7af4_z.jpg,https://farm1.staticflickr.com/3644/3290093273_b04c45826b_o.jpg,https://creativecommons.org/licenses/by/2.0/,bermarte,Untitled
waste_container,Waste container,3b6b7e47e005e7cb,https://c6.staticflickr.com/9/8518/8450076259_04c918e32a_z.jpg,https://c4.staticflickr.com/9/8518/8450076259_62cf02148c_o.jpg,https://creativecommons.org/licenses/by/2.0/,Nacho,Gente
waste_container,Waste container,3e7dcc3b44b28c72,https://c7.staticflickr.com/8/7144/6456693273_c9cceef944_z.jpg,https://farm3.staticflickr.com/7144/6456693273_d915de8e41_o.jpg,https://creativecommons.org/licenses/by/2.0/,Eben Selker,trash gid photo
waste_container,Waste container,4121c21331f1a5dd,https://c6.staticflickr.com/1/134/359989454_e6fd5792f3_z.jpg?zz=1,https://c6.staticflickr.com/1/134/359989454_e6fd5792f3_o.jpg,https://creativecommons.org/licenses/by/2.0/,zooK2,Al
waste_container,Waste container,41805f88c840b506,https://c2.staticflickr.com/3/2792/4388402548_295b0a5d75_z.jpg,https://farm7.staticflickr.com/2792/4388402548_cc18d769a1_o.jpg,https://creativecommons.org/licenses/by/2.0/,Wellspring  Community School,Our Garbage Can
waste_container,Waste container,47461512de4074e4,,https://farm5.staticflickr.com/145/421498402_4281150b2f_o.jpg,https://creativecommons.org/licenses/by/2.0/,jeffschuler,empty_garbage_cans
waste_container,Waste container,47dc77b7fd44dcf1,https://c7.staticflickr.com/6/5589/14880686835_c1260451e6_z.jpg,https://farm2.staticflickr.com/5589/14880686835_ac2dc375f5_o.jpg,https://creativecommons.org/licenses/by/2.0/,Post Memes,Some People Really Understand
waste_container,Waste container,4ba04352857ebdcf,https://c4.staticflickr.com/1/105/314882753_cc0a66cec8_z.jpg,https://c8.staticflickr.com/1/105/314882753_cc0a66cec8_o.jpg,https://creativecommons.org/licenses/by/2.0/,Patrick Kwan,old and new Chinatown NYC trash cans
waste_container,Waste container,4f52a8070f72830b,https://c5.staticflickr.com/1/91/227142338_7d34c2b135_z.jpg,https://c4.staticflickr.com/1/91/227142338_7d34c2b135_o.jpg,https://creativecommons.org/licenses/by/2.0/,Mountain/ \Ash,Holden Commodore Omega
waste_container,Waste container,4fb42031678a1ac6,https://c2.staticflickr.com/5/4031/4382853996_76e6f9a942_z.jpg,https://farm7.staticflickr.com/4031/4382853996_caff659dd5_o.jpg,https://creativecommons.org/licenses/by/2.0/,Brian Hillegas,Have Goals
waste_container,Waste container,59fb348b5f6cc11b,https://c6.staticflickr.com/8/7029/6397513431_922feb93f5_z.jpg,https://c4.staticflickr.com/8/7029/6397513431_7e16a887a2_o.jpg,https://creativecommons.org/licenses/by/2.0/,Dwight Sipler,Sticky Buns
waste_container,Waste container,611c48d345de50a1,,https://farm2.staticflickr.com/3125/2829838971_0c56716bc7_o.jpg,https://creativecommons.org/licenses/by/2.0/,Rubbermaid Products,Grass clippings
waste_container,Waste container,687669e40573a576,https://c6.staticflickr.com/3/2591/4139424720_927a33ac9c_z.jpg,https://farm7.staticflickr.com/2591/4139424720_77c0e5438a_o.jpg,https://creativecommons.org/licenses/by/2.0/,j_lai,IMG_5166
waste_container,Waste container,782b4c2da75f432a,https://c4.staticflickr.com/4/3410/3419467758_b10bdd17d9_z.jpg,https://c3.staticflickr.com/4/3410/3419467758_ee50fc2fd3_o.jpg,https://creativecommons.org/licenses/by/2.0/,Fuzzy Gerdes,The ZAP Trap - Zombie Attack Protector
waste_container,Waste container,78635a69cc82d027,https://c1.staticflickr.com/5/4119/4791034170_d287559423_z.jpg,https://farm8.staticflickr.com/4119/4791034170_7a6bc559b4_o.jpg,https://creativecommons.org/licenses/by/2.0/,AngryJulieMonday,Re-painted Pottery Barn Kids Laundry Basket
waste_container,Waste container,7a4f599e434f4f20,https://c7.staticflickr.com/1/54/193928938_e09f770441_z.jpg?zz=1,https://farm1.staticflickr.com/54/193928938_e09f770441_o.jpg,https://creativecommons.org/licenses/by/2.0/,Kamyar Adl,Contortion
waste_container,Waste container,7bfe1c7563f48ffe,https://c2.staticflickr.com/2/1015/1269844756_b5090ab907_z.jpg?zz=1,https://c7.staticflickr.com/2/1015/1269844756_cfdd5a82af_o.jpg,https://creativecommons.org/licenses/by/2.0/,Yan-Di Chang,Toilet at creche
waste_container,Waste container,8090b60e5c5327e7,https://c4.staticflickr.com/9/8451/7961062066_770d7ed711_z.jpg,https://farm8.staticflickr.com/8451/7961062066_b39f1de70b_o.jpg,https://creativecommons.org/licenses/by/2.0/,Jamiecat *,Untitled
waste_container,Waste container,85de72bcb3635d98,https://c4.staticflickr.com/4/3357/3617591957_85695acb0f_z.jpg,https://c1.staticflickr.com/4/3357/3617591957_0fb532a40c_o.jpg,https://creativecommons.org/licenses/by/2.0/,Rocky Mountain Feline Rescue (formerly known as Animal Rescue and Adpotion Society),FIV FeLV Room food and litter storage 182
waste_container,Waste container,8cb28eb3257342d9,https://c8.staticflickr.com/2/1239/894394259_775b88f330_z.jpg?zz=1,https://c2.staticflickr.com/2/1239/894394259_188472ab7b_o.jpg,https://creativecommons.org/licenses/by/2.0/,Cliff Beckwith,1980 Volvo 264 GL
waste_container,Waste container,9398c6de82fb7cd6,https://c8.staticflickr.com/6/5008/5300440225_5dacd5e9bd_z.jpg,https://farm7.staticflickr.com/5008/5300440225_b8d6281092_o.jpg,https://creativecommons.org/licenses/by/2.0/,Gareth Williams,Passion in the Park - June 2010 - Candid Redhead 2 - Doing the Tango
watch,Watch,0447d80c8ce6fa36,,https://farm7.staticflickr.com/7242/6863273796_69954ac878_o.jpg,https://creativecommons.org/licenses/by/2.0/,Solarbotics,Old Analog clock
watch,Watch,04b6da79fa910ec4,https://c6.staticflickr.com/3/2833/8932679903_7c5b3d390d_z.jpg,https://farm5.staticflickr.com/2833/8932679903_5d0b5ced97_o.jpg,https://creativecommons.org/licenses/by/2.0/,Ami  Mor,Cartier Grand Complication Skeleton pocket watch SIHH 2012
watch,Watch,06a4b34d1e9c7599,https://c5.staticflickr.com/6/5027/5687507387_786364f760_z.jpg,https://c2.staticflickr.com/6/5027/5687507387_102b5715b8_o.jpg,https://creativecommons.org/licenses/by/2.0/,Michael (a.k.a. moik) McCullough,My Watch Time - Finish Line - 2011 Eugene Marathon
watch,Watch,06fc752c870a31fb,https://c3.staticflickr.com/3/2069/2141121130_24bcf61016_z.jpg,https://c4.staticflickr.com/3/2069/2141121130_73a1c05b44_o.jpg,https://creativecommons.org/licenses/by/2.0/,nilda barales,Chopard mujer CAJA REDONDA
watch,Watch,149a74e86e8161a5,https://c3.staticflickr.com/2/1362/1424067899_46b00fb37f_z.jpg?zz=1,https://farm6.staticflickr.com/1362/1424067899_5e6d928ae3_o.jpg,https://creativecommons.org/licenses/by/2.0/,gail mrs gray,22093 OMEGA WATCHES
watch,Watch,289082c48549ab9d,https://c6.staticflickr.com/9/8652/15330324384_855e8d2b13_z.jpg,https://c6.staticflickr.com/9/8652/15330324384_1d38709e64_o.jpg,https://creativecommons.org/licenses/by/2.0/,Luz Adriana Villa,Es hora
watch,Watch,2f5e40c13f41292c,https://c2.staticflickr.com/6/5536/11293346173_b9b411b5b2_z.jpg,https://c5.staticflickr.com/6/5536/11293346173_dd6cf83c66_o.jpg,https://creativecommons.org/licenses/by/2.0/,Andy Arthur,Didn't Get Too Cold Last Night
watch,Watch,30092071c188ee61,https://c5.staticflickr.com/3/2721/4127235671_b8fe162b56_z.jpg,https://farm2.staticflickr.com/2721/4127235671_096987b655_o.jpg,https://creativecommons.org/licenses/by/2.0/,Jhong Dizon,esprit
watch,Watch,305b6520c1c6458b,https://c4.staticflickr.com/6/5460/13896891877_17af25f351_z.jpg,https://c4.staticflickr.com/6/5460/13896891877_6e57c40b4b_o.jpg,https://creativecommons.org/licenses/by/2.0/,Paris on Ponce &amp; Le Maison Rouge,What time is it? #arbitrageatparis
watch,Watch,3785dffe69cc9a37,https://c6.staticflickr.com/9/8138/8707718846_53b96fc897_z.jpg,https://farm8.staticflickr.com/8138/8707718846_fb4d3ea39e_o.jpg,https://creativecommons.org/licenses/by/2.0/,Enrique Dans,El famoso reloj por el que Apple tuvo que pagar derechos de autor :-)
watch,Watch,46a0cd25a1f06d65,https://c5.staticflickr.com/1/127/342753247_57b7844655_z.jpg?zz=1,https://farm6.staticflickr.com/127/342753247_57b7844655_o.jpg,https://creativecommons.org/licenses/by/2.0/,Richard Phillip Rücker,Time After Time
watch,Watch,47eaa7237b045bce,https://c2.staticflickr.com/4/3777/19344999634_01d2597d76_z.jpg,https://c7.staticflickr.com/4/3777/19344999634_0f7aa2b707_o.jpg,https://creativecommons.org/licenses/by/2.0/,Daniel Chow,Apple Watch 42mm Space Gray with Black Leather Loop Medium
watch,Watch,4942101c29091fac,https://c3.staticflickr.com/4/3287/2856118184_0853a4b88b_z.jpg,https://c5.staticflickr.com/4/3287/2856118184_4e6f101991_o.jpg,https://creativecommons.org/licenses/by/2.0/,MIKI Yoshihito,PROTREK &quot;PRW-1300YTJ-1JF&quot;
watch,Watch,54518a7380dd3013,https://c4.staticflickr.com/3/2600/3881282902_15ac451b4d_z.jpg,https://farm4.staticflickr.com/2600/3881282902_2c4c28169a_o.jpg,https://creativecommons.org/licenses/by/2.0/,MIKI Yoshihito,Orient Star with SOMES.
watch,Watch,5c293d561ee05d98,https://c1.staticflickr.com/6/5523/11456777074_c87a70cee5_z.jpg,https://c1.staticflickr.com/6/5523/11456777074_e13105c661_o.jpg,https://creativecommons.org/licenses/by/2.0/,Tama Leaver,Feeling spoilt on my birthday with a stylish new watch & a Tardis cookie jar!
watch,Watch,66a342dcdafc7607,https://c6.staticflickr.com/9/8354/8310097718_e94e0e4691_z.jpg,https://farm8.staticflickr.com/8354/8310097718_fb6179fba9_o.jpg,https://creativecommons.org/licenses/by/2.0/,nishantcm,My Watch
watch,Watch,66b10888084967d9,https://c6.staticflickr.com/9/8607/16708561385_8a3d2417cc_z.jpg,https://c2.staticflickr.com/9/8607/16708561385_cd4227332c_o.jpg,https://creativecommons.org/licenses/by/2.0/,Carrie A.,Jewelry_Favorite
watch,Watch,682f89ac00510830,https://c1.staticflickr.com/3/2640/4082989888_1336315cb2_z.jpg,https://farm1.staticflickr.com/2640/4082989888_813c1e77a8_o.jpg,https://creativecommons.org/licenses/by/2.0/,MIKI Yoshihito,Casio Baby-G Puppy's.
watch,Watch,6b30479ab0d97e53,https://c5.staticflickr.com/3/2342/2140329541_45bd127012_z.jpg,https://farm4.staticflickr.com/2342/2140329541_d5f77a7af1_o.jpg,https://creativecommons.org/licenses/by/2.0/,nilda barales,64890068 Tag Lynk
watch,Watch,757d492ef9ba0392,https://c3.staticflickr.com/4/3464/3347129559_14db422cdf_z.jpg,https://farm3.staticflickr.com/3464/3347129559_773b2b87ab_o.jpg,https://creativecommons.org/licenses/by/2.0/,David Hilowitz,alarm clock
watch,Watch,828b0a3e630b8da2,https://c3.staticflickr.com/1/132/328771600_faff219b5c_z.jpg,https://farm3.staticflickr.com/132/328771600_faff219b5c_o.jpg,https://creativecommons.org/licenses/by/2.0/,Michael Coté,Old Clock in Detroit Airport
watch,Watch,880632ae1a336dfa,https://c4.staticflickr.com/4/3307/3435792255_356853e592_z.jpg,https://c3.staticflickr.com/4/3307/3435792255_dc66ecdd0e_o.jpg,https://creativecommons.org/licenses/by/2.0/,Claudio Matsuoka,23.3 degrees
watch,Watch,91eedf6ae85eeeba,https://c1.staticflickr.com/4/3023/2759730957_e45d071ee1_z.jpg,https://c3.staticflickr.com/4/3023/2759730957_948fe719b5_o.jpg,https://creativecommons.org/licenses/by/2.0/,Annie Mole,Orient Express gifts
watch,Watch,927b6d4a7308e22a,https://c8.staticflickr.com/7/6146/5954209341_2aed0f4e9c_z.jpg,https://c3.staticflickr.com/7/6146/5954209341_2dfa70358a_o.jpg,https://creativecommons.org/licenses/by/2.0/,FDR Presidential Library &amp; Museum,Sara Delano Roosevelt's Pendant Watch
watch,Watch,af1be96546fd1456,https://c1.staticflickr.com/3/2375/2501780488_b9b6fee6c6_z.jpg,https://farm7.staticflickr.com/2375/2501780488_c59b2010fd_o.jpg,https://creativecommons.org/licenses/by/2.0/,Börkur Sigurbjörnsson,La 30a Cursa El Corte Inglés
watch,Watch,b484ef1f1829bffb,,https://c4.staticflickr.com/3/2547/4029270900_b41fd1a681_o.jpg,https://creativecommons.org/licenses/by/2.0/,Marta Suárez,Amor
watch,Watch,c8af666d3923742a,https://c4.staticflickr.com/5/4112/5188680193_6f0c25a1a1_z.jpg,https://c3.staticflickr.com/5/4112/5188680193_9c8439e09e_o.jpg,https://creativecommons.org/licenses/by/2.0/,changemaker.shop,www.changemaker.ch LA TONKINOISE_Halskette Unikat 2
watch,Watch,d57b03b9fd54a0b9,https://c6.staticflickr.com/9/8571/16624325311_7b779b9747_z.jpg,https://c2.staticflickr.com/9/8571/16624325311_86bd684c20_o.jpg,https://creativecommons.org/licenses/by/2.0/,rjp,ALL THE DATA
watch,Watch,dc9858e5409142b1,https://c6.staticflickr.com/9/8522/8583515151_dbc99d023a_z.jpg,https://farm2.staticflickr.com/8522/8583515151_b5794d6b7e_o.jpg,https://creativecommons.org/licenses/by/2.0/,ukdiveboy,"41mph - fuck, I didn't realize we skied that fast"
watch,Watch,092f882a697b7d6e,,https://c7.staticflickr.com/9/8688/16993843211_ef804afa00_o.jpg,https://creativecommons.org/licenses/by/2.0/,www.homejobsbymom.com,2589450_1
watch,Watch,09ea48613632d92c,https://c6.staticflickr.com/3/2940/14401114931_d383eb3c69_z.jpg,https://c5.staticflickr.com/3/2940/14401114931_713b7b833c_o.jpg,https://creativecommons.org/licenses/by/2.0/,TNS Sofres,USB-Watch-Concept
watch,Watch,0c4cb69945dc335a,https://c4.staticflickr.com/3/2181/2502828050_2ef12f922c_z.jpg?zz=1,https://c3.staticflickr.com/3/2181/2502828050_f77f876990_o.jpg,https://creativecommons.org/licenses/by/2.0/,aysosceles,Bike computer
watch,Watch,0c7ddd5e10ccff0f,https://c2.staticflickr.com/8/7468/16320115642_fc41087664_z.jpg,https://c8.staticflickr.com/8/7468/16320115642_212b310f84_o.jpg,https://creativecommons.org/licenses/by/2.0/,Herry Lawford,Museum of London
watch,Watch,16526db8d035698f,https://c2.staticflickr.com/8/7196/6870192327_f12ef923b4_z.jpg,https://c8.staticflickr.com/8/7196/6870192327_7d089c2a56_o.jpg,https://creativecommons.org/licenses/by/2.0/,usehung,Untitled
watch,Watch,1a4abb9f8bbd649d,https://c4.staticflickr.com/9/8325/8138421073_8ff4c6af3b_z.jpg,https://c6.staticflickr.com/9/8325/8138421073_a13f7d279d_o.jpg,https://creativecommons.org/licenses/by/2.0/,Miguel Mendez,Skyfall... Done
watch,Watch,204ec91c39d1479d,https://c7.staticflickr.com/8/7157/6750522371_3c62bf0560_z.jpg,https://c6.staticflickr.com/8/7157/6750522371_cc7b3325ae_o.jpg,https://creativecommons.org/licenses/by/2.0/,Marco Enzo Squillacioti,Old camera with an old clock
watch,Watch,27f4613410b657f5,https://c5.staticflickr.com/8/7589/16232755843_a6ff05f39a_z.jpg,https://farm6.staticflickr.com/7589/16232755843_758b075ee8_o.jpg,https://creativecommons.org/licenses/by/2.0/,Iwan Gabovitch,Sony SmartWatch 2
watch,Watch,304e271d4336961b,https://c2.staticflickr.com/3/2689/4125422183_3d2385aacf_z.jpg,https://c4.staticflickr.com/3/2689/4125422183_7435c887e5_o.jpg,https://creativecommons.org/licenses/by/2.0/,Tiffa Day,blingin
watch,Watch,309887e551720126,https://c3.staticflickr.com/9/8072/8295860571_4dff731816_z.jpg,https://farm7.staticflickr.com/8072/8295860571_cc87fbaec8_o.jpg,https://creativecommons.org/licenses/by/2.0/,Wapster,Leaky Luminox Watch #watch #fail #luminox #SEAL #Navy #instagram #iphoneography
watch,Watch,3469ddbcf88563b7,https://c7.staticflickr.com/5/4045/4359886869_e2ce197fbb_z.jpg,https://farm8.staticflickr.com/4045/4359886869_1f5a27d5af_o.jpg,https://creativecommons.org/licenses/by/2.0/,Wanderlinse,Test Lumix GF1 & Jupiter 8 lens
watch,Watch,3d5c3ee56d8eacdd,https://c5.staticflickr.com/5/4073/4889046691_140d12fffd_z.jpg,https://c6.staticflickr.com/5/4073/4889046691_3862066b46_o.jpg,https://creativecommons.org/licenses/by/2.0/,Jorge Mejía peralta,IMG_3118nicablogs
watch,Watch,3db8d90ee9a58828,https://c4.staticflickr.com/1/381/18738090443_f8a731445f_z.jpg,https://c1.staticflickr.com/1/381/18738090443_ac4f54fa13_o.jpg,https://creativecommons.org/licenses/by/2.0/,Oscar Cortez,20140417_185341843_iOS
watch,Watch,3f77cbbcac785a5e,https://c7.staticflickr.com/6/5339/7159212860_c81d91f7ed_z.jpg,https://c7.staticflickr.com/6/5339/7159212860_8b6c507f19_o.jpg,https://creativecommons.org/licenses/by/2.0/,Will Bostwick,Garmin 910XT Fail 1
watch,Watch,3f9fe9eab60d654d,https://c5.staticflickr.com/8/7208/6976338187_7540015244_z.jpg,https://c6.staticflickr.com/8/7208/6976338187_39101e6066_o.jpg,https://creativecommons.org/licenses/by/2.0/,Infinity Instruments,Benchmark Black - 11072/1218
watch,Watch,4040719e90026af6,https://c6.staticflickr.com/8/7585/16498496604_2c5e3ae120_z.jpg,https://farm7.staticflickr.com/7585/16498496604_ef3feef7f4_o.jpg,https://creativecommons.org/licenses/by/2.0/,John Seb Barber,DSCF9027
watch,Watch,41bb07022f02faff,https://c2.staticflickr.com/8/7604/16601610174_cefcb81598_z.jpg,https://c8.staticflickr.com/8/7604/16601610174_23846778f9_o.jpg,https://creativecommons.org/licenses/by/2.0/,Henry Söderlund,Soon...
watch,Watch,42364153a5344cb6,,https://farm7.staticflickr.com/8395/8684735343_f0c9ca41cd_o.jpg,https://creativecommons.org/licenses/by/2.0/,Wicker Paradise,Side-Mounted Station Clock | Pottery Barn outdoor wicker is a favorite of ours! So is this find by pattimccullough.
watch,Watch,4405acafe70dea48,,https://c1.staticflickr.com/3/2490/4075957902_c38e31b413_o.jpg,https://creativecommons.org/licenses/by/2.0/,flippinyank,TG Glamour Diamond Watch
watch,Watch,44a098bfaa39afe1,https://c7.staticflickr.com/3/2918/14370161278_5eb09d6a4b_z.jpg,https://farm2.staticflickr.com/2918/14370161278_146dc87d8c_o.jpg,https://creativecommons.org/licenses/by/2.0/,Chuck Feder,polar watch
watch,Watch,45a8fd8fbdb5be00,https://c8.staticflickr.com/3/2410/2036560547_18d072c311_z.jpg,https://farm1.staticflickr.com/2410/2036560547_64218d99e1_o.jpg,https://creativecommons.org/licenses/by/2.0/,Nghị Trần,Me holding USP gun
watercraft,Watercraft,0197df7725980004,https://c3.staticflickr.com/4/3771/9662693902_41fbefd81a_z.jpg,https://farm5.staticflickr.com/3771/9662693902_5b5eaac032_o.jpg,https://creativecommons.org/licenses/by/2.0/,Santosh Puthran,Triumph Spitfire 1500
watercraft,Watercraft,01bf00da5f94e942,https://c1.staticflickr.com/9/8191/8366333214_131e850bb1_z.jpg,https://farm3.staticflickr.com/8191/8366333214_2cf1148652_o.jpg,https://creativecommons.org/licenses/by/2.0/,jeffrey montes,belen crew visit-9
watercraft,Watercraft,0690bd5e0f95ddab,https://c7.staticflickr.com/8/7297/8991919446_38b13d16b4_z.jpg,https://c4.staticflickr.com/8/7297/8991919446_9c460147a4_o.jpg,https://creativecommons.org/licenses/by/2.0/,Joel Kramer,&quot;Legends of the Superheroes: The Challenge&quot; (8)
watercraft,Watercraft,078befd5185cba0d,https://c5.staticflickr.com/4/3132/2744657643_09cdbebd49_z.jpg,https://c6.staticflickr.com/4/3132/2744657643_19176f1561_o.jpg,https://creativecommons.org/licenses/by/2.0/,trialsanderrors,"French battleship Formidable, Algiers, Algeria, ca. 1899"
watercraft,Watercraft,0f8d558eb4c3a10a,https://c5.staticflickr.com/7/6160/6203136145_9b4bc1dc1a_z.jpg,https://c3.staticflickr.com/7/6160/6203136145_155ee954df_o.jpg,https://creativecommons.org/licenses/by/2.0/,Andrew Malone,Sailing across the city
watercraft,Watercraft,10115f2218200bd2,https://c2.staticflickr.com/5/4153/4980840416_aca484663d_z.jpg,https://farm3.staticflickr.com/4153/4980840416_0936183891_o.jpg,https://creativecommons.org/licenses/by/2.0/,Jovem Rural,Açude do Cavaco
watercraft,Watercraft,14e4a032f49301f5,https://c6.staticflickr.com/3/2813/8899911107_a04abc483c_z.jpg,https://farm6.staticflickr.com/2813/8899911107_3b8ce64fdd_o.jpg,https://creativecommons.org/licenses/by/2.0/,Thomas Ormston,HMS Warrior
watercraft,Watercraft,159475b160050de4,https://c5.staticflickr.com/9/8223/8290528961_b811514524_z.jpg,https://farm5.staticflickr.com/8223/8290528961_3e00cdab06_o.jpg,https://creativecommons.org/licenses/by/2.0/,NOAA&#x27;s National Ocean Service,Thunder Bay Shipwreck
watercraft,Watercraft,163dad9413a0dbac,https://c7.staticflickr.com/6/5479/10790404966_cb8871be3c_z.jpg,https://c5.staticflickr.com/6/5479/10790404966_a4f6edd0ce_o.jpg,https://creativecommons.org/licenses/by/2.0/,Walter,DSC_7790_pp
watercraft,Watercraft,175ef697cb84c875,https://c8.staticflickr.com/8/7483/15453814953_f517d578a6_z.jpg,https://farm6.staticflickr.com/7483/15453814953_988b92e495_o.jpg,https://creativecommons.org/licenses/by/2.0/,Shiny Things,Stand-up puppyboarding
watercraft,Watercraft,196c82a52a27aba3,https://c2.staticflickr.com/4/3796/8971415146_0900653397_z.jpg,https://farm4.staticflickr.com/3796/8971415146_4bcb1002db_o.jpg,https://creativecommons.org/licenses/by/2.0/,US Embassy Canada,Kentucky father and son fishing Credit www.kentuckytourism.com
watercraft,Watercraft,1c122cb650afc680,https://c3.staticflickr.com/6/5594/15071979346_e747f885b8_z.jpg,https://farm1.staticflickr.com/5594/15071979346_2d63e1ec0b_o.jpg,https://creativecommons.org/licenses/by/2.0/,Iain A Wanless,Lynx
watercraft,Watercraft,1ea058c861be2955,https://c6.staticflickr.com/7/6192/6092939504_ed75ed5f16_z.jpg,https://farm6.staticflickr.com/6192/6092939504_83ce3a68b1_o.jpg,https://creativecommons.org/licenses/by/2.0/,TimothyJ,"Paddle, Paddle"
watercraft,Watercraft,207d09af2f583c31,https://c7.staticflickr.com/8/7578/15839097666_24edce5a94_z.jpg,https://farm2.staticflickr.com/7578/15839097666_e627760207_o.jpg,https://creativecommons.org/licenses/by/2.0/,J. Carr,Corona Surf Contest 2014
watercraft,Watercraft,2095274227dfa438,https://c7.staticflickr.com/5/4028/4261005639_5181b1ee11_z.jpg,https://c1.staticflickr.com/5/4028/4261005639_9879e9c03e_o.jpg,https://creativecommons.org/licenses/by/2.0/,mrpbps,A Day On The Bay
watercraft,Watercraft,279e504068417a59,https://c4.staticflickr.com/4/3505/3298010913_e2012a45b0_z.jpg,https://c2.staticflickr.com/4/3505/3298010913_be6eb4b31f_o.jpg,https://creativecommons.org/licenses/by/2.0/,Mike Baird,"Rusty Birchell, SUP standup paddle surfer going out - Scenes from the Morro Rock Morro Bay, CA 21 Feb. 2009 surfing contest the Big, Bad and Ugly Surf contest"
watercraft,Watercraft,29cd28f269d51078,https://c8.staticflickr.com/4/3923/15404462415_4fbe559b7b_z.jpg,https://c1.staticflickr.com/4/3923/15404462415_39ee420832_o.jpg,https://creativecommons.org/licenses/by/2.0/,eric.surfdude,55518090-IMG_3497
watercraft,Watercraft,2be95c44d669bcd3,https://c8.staticflickr.com/7/6064/6151103207_25ed1ba43d_z.jpg,https://farm4.staticflickr.com/6064/6151103207_dede30db97_o.jpg,https://creativecommons.org/licenses/by/2.0/,Ian.Kobylanski,White Boat
watercraft,Watercraft,3220be9141f2d703,https://c8.staticflickr.com/6/5584/14971259606_a4f75f98e9_z.jpg,https://farm4.staticflickr.com/5584/14971259606_069e09e5e1_o.jpg,https://creativecommons.org/licenses/by/2.0/,Jim Larrison,Dryver & Stryde on Paddle Boards in Club Med
watercraft,Watercraft,329bcf880c6a1597,https://c2.staticflickr.com/4/3760/9269839876_4a41b0dd0e_z.jpg,https://farm8.staticflickr.com/3760/9269839876_38b89bb138_o.jpg,https://creativecommons.org/licenses/by/2.0/,光头人,DSC_2674
watercraft,Watercraft,3387777401546bd3,https://c8.staticflickr.com/3/2356/2086790406_a80f87e16a_z.jpg,https://farm4.staticflickr.com/2356/2086790406_537fc02cf8_o.jpg,https://creativecommons.org/licenses/by/2.0/,Umberto Rotundo,gondoletta
watercraft,Watercraft,360af9711cff32b1,https://c3.staticflickr.com/9/8637/16574982006_08e034beb5_z.jpg,https://farm2.staticflickr.com/8637/16574982006_b3370d3dee_o.jpg,https://creativecommons.org/licenses/by/2.0/,Ronnie Macdonald,Glasgow Old and New
watercraft,Watercraft,36be01d71756fd9a,https://c1.staticflickr.com/4/3907/14423032730_84bd725f46_z.jpg,https://c3.staticflickr.com/4/3907/14423032730_3cfc136d19_o.jpg,https://creativecommons.org/licenses/by/2.0/,Gayle,DSC_1302.jpg
watercraft,Watercraft,3bcc6c1f70986de8,https://c3.staticflickr.com/6/5328/8971732823_1fb283194d_z.jpg,https://c1.staticflickr.com/6/5328/8971732823_b826031eac_o.jpg,https://creativecommons.org/licenses/by/2.0/,Robert Clarke,IMG_3747
watercraft,Watercraft,3d88ecd11a613b8f,https://c7.staticflickr.com/4/3920/14562482253_1aba9758ab_z.jpg,https://c8.staticflickr.com/4/3920/14562482253_7139e58b02_o.jpg,https://creativecommons.org/licenses/by/2.0/,Cummings Properties,IMG_1629
watercraft,Watercraft,3e6fafdae70e47c8,https://c2.staticflickr.com/3/2644/3780723634_37c17dc19a_z.jpg,https://c1.staticflickr.com/3/2644/3780723634_88ea36941f_o.jpg,https://creativecommons.org/licenses/by/2.0/,Jamiecat *,"Péniche, Canal du Midi"
watercraft,Watercraft,415a5b34fee7aa9e,https://c4.staticflickr.com/4/3064/2821002037_3a43feaaf3_z.jpg,https://c7.staticflickr.com/4/3064/2821002037_12f6bd0f3a_o.jpg,https://creativecommons.org/licenses/by/2.0/,Leon G,Amsterdam 2008
watercraft,Watercraft,42ec371bce66a819,https://c2.staticflickr.com/3/2893/10513059614_bf266b4801_z.jpg,https://c2.staticflickr.com/3/2893/10513059614_53bdf461b4_o.jpg,https://creativecommons.org/licenses/by/2.0/,Lets Go Out Bournemouth and Poole,Surfing the Storm
watercraft,Watercraft,43785e64953b073e,https://c4.staticflickr.com/3/2888/9696821699_a7c6119d1a_z.jpg,https://c7.staticflickr.com/3/2888/9696821699_28f5d043d0_o.jpg,https://creativecommons.org/licenses/by/2.0/,Chris Phutully,Melbourne International Tall Ship Festival 2013
watercraft,Watercraft,47e2eede12b35875,https://c2.staticflickr.com/5/4098/4874401192_91be9bbde0_z.jpg,https://farm6.staticflickr.com/4098/4874401192_35fd9dcac8_o.jpg,https://creativecommons.org/licenses/by/2.0/,Glen Scarborough,Venice
watercraft,Watercraft,4987d54e2417ddf8,https://c7.staticflickr.com/6/5497/10584239206_562feb0052_z.jpg,https://c1.staticflickr.com/6/5497/10584239206_2312236e09_o.jpg,https://creativecommons.org/licenses/by/2.0/,Herb Neufeld,Florida Keys
watercraft,Watercraft,498df94d7a897ed4,https://c5.staticflickr.com/1/31/45017770_4ce254ae09_z.jpg?zz=1,https://farm5.staticflickr.com/31/45017770_4ce254ae09_o.jpg,https://creativecommons.org/licenses/by/2.0/,Max Froumentin,Helsinki Harbour
watercraft,Watercraft,4aea6d70470d7903,https://c2.staticflickr.com/1/403/20072460240_29af951677_z.jpg,https://farm4.staticflickr.com/403/20072460240_ce2762758f_o.jpg,https://creativecommons.org/licenses/by/2.0/,My Photo Journeys,rafting on the hooch
watercraft,Watercraft,4d8c77fc48bd734d,https://c5.staticflickr.com/8/7491/15581937254_b89122078a_z.jpg,https://c6.staticflickr.com/8/7491/15581937254_7906860516_o.jpg,https://creativecommons.org/licenses/by/2.0/,Gael Aveline,Kite in Sal
watercraft,Watercraft,4f6d8f6b4d8e7c90,https://c4.staticflickr.com/6/5585/14623305978_4e03cf2168_z.jpg,https://farm1.staticflickr.com/5585/14623305978_f7e6fd73a1_o.jpg,https://creativecommons.org/licenses/by/2.0/,Erwin Soo,ERWN5437
watercraft,Watercraft,5079df43727ceaf5,https://c8.staticflickr.com/5/4057/4653378057_775ab70d68_z.jpg,https://farm6.staticflickr.com/4057/4653378057_4c7d913c26_o.jpg,https://creativecommons.org/licenses/by/2.0/,Ruth Hartnup,Canal boats on the Thames at Marlow
watercraft,Watercraft,52a4dc59baa0ce6f,https://c1.staticflickr.com/7/6193/6090375164_8532ba5c04_z.jpg,https://c8.staticflickr.com/7/6193/6090375164_8e22c90c02_o.jpg,https://creativecommons.org/licenses/by/2.0/,Greg Benson-Shettle,gmbs2300
watercraft,Watercraft,537843c1be04501c,https://c5.staticflickr.com/7/6080/6099617702_4c9a2764ea_z.jpg,https://c5.staticflickr.com/7/6080/6099617702_305a62ae86_o.jpg,https://creativecommons.org/licenses/by/2.0/,ADT 04,La Cadeno Moustiers Sainte Marie activités nautiques (103).jpg
watercraft,Watercraft,568c33e4a64568fd,https://c2.staticflickr.com/1/356/19382010106_bb15955b3b_z.jpg,https://c6.staticflickr.com/1/356/19382010106_324ee2d2ca_o.jpg,https://creativecommons.org/licenses/by/2.0/,Tony Hisgett,Mevagissey Harbour 4
watercraft,Watercraft,572775594ce0a97e,https://c5.staticflickr.com/1/281/19414634484_f7503fb64a_z.jpg,https://c7.staticflickr.com/1/281/19414634484_89060a04b9_o.jpg,https://creativecommons.org/licenses/by/2.0/,kilgarron,"Waving, not drowning"
watercraft,Watercraft,58d4b042625b3124,https://c5.staticflickr.com/9/8166/7305032830_fe9a65a721_z.jpg,https://farm5.staticflickr.com/8166/7305032830_7651b510fe_o.jpg,https://creativecommons.org/licenses/by/2.0/,Grand Canyon National Park,04464   Grand Canyon Nat Park: Historic River Photo
watercraft,Watercraft,5c7c02ea2b523938,https://c5.staticflickr.com/4/3125/2850934197_9beede850a_z.jpg,https://c1.staticflickr.com/4/3125/2850934197_a3fe04dae3_o.jpg,https://creativecommons.org/licenses/by/2.0/,Sam Beebe,Dressing halibut
watercraft,Watercraft,5cb2220aa0cf089b,https://c1.staticflickr.com/4/3911/14672762007_af5851712f_z.jpg,https://c4.staticflickr.com/4/3911/14672762007_999c0678aa_o.jpg,https://creativecommons.org/licenses/by/2.0/,gilipollastv,Мост анжэнерной работы.
watercraft,Watercraft,64a1436c117bc76d,https://c4.staticflickr.com/7/6140/6019373307_c578976853_z.jpg,https://c6.staticflickr.com/7/6140/6019373307_a56c302cd4_o.jpg,https://creativecommons.org/licenses/by/2.0/,Andy Atzert,Racers
watercraft,Watercraft,64c14ef7c1c21afa,https://c6.staticflickr.com/4/3185/2628762326_6517425fda_z.jpg,https://c3.staticflickr.com/4/3185/2628762326_04c013bdb9_o.jpg,https://creativecommons.org/licenses/by/2.0/,Lake Express,2008_0701_A_ 259
watercraft,Watercraft,66856e6f1ae1452f,https://c1.staticflickr.com/1/2/1520786_3902bb0679_z.jpg,https://c8.staticflickr.com/1/2/1520786_3902bb0679_o.jpg,https://creativecommons.org/licenses/by/2.0/,Jason Hutchens,CIMG0259
watercraft,Watercraft,67bb81df42352db9,https://c8.staticflickr.com/5/4100/4921620562_3c293bc2ce_z.jpg,https://c2.staticflickr.com/5/4100/4921620562_daa4530f68_o.jpg,https://creativecommons.org/licenses/by/2.0/,Ines Hegedus-Garcia,Paddle Board - Bimini
watercraft,Watercraft,67ebcfe090890ef6,https://c2.staticflickr.com/1/62/225417092_bdd5b4d205_z.jpg?zz=1,https://farm7.staticflickr.com/62/225417092_bdd5b4d205_o.jpg,https://creativecommons.org/licenses/by/2.0/,Nicholas,Less-cute boat
watercraft,Watercraft,6aca25a1d6052b04,https://c5.staticflickr.com/1/53/130325998_32ff8f33c4_z.jpg?zz=1,https://farm5.staticflickr.com/53/130325998_32ff8f33c4_o.jpg,https://creativecommons.org/licenses/by/2.0/,alex de carvalho,Untitled
watercraft,Watercraft,6d2f02eb1436c483,https://c7.staticflickr.com/1/207/479159891_eddb9c6d95_z.jpg,https://farm4.staticflickr.com/207/479159891_a3208ebdca_o.jpg,https://creativecommons.org/licenses/by/2.0/,Mark Skrobola,South Sea Whale Fishing I
watermelon,Watermelon,06a4a9b49707a673,https://c1.staticflickr.com/6/5322/18652316279_20f86dc40b_z.jpg,https://farm4.staticflickr.com/5322/18652316279_9bcffa7024_o.jpg,https://creativecommons.org/licenses/by/2.0/,Emily May,Gift Guide: The NICU Mom
watermelon,Watermelon,09e6b0c77717cef9,https://c6.staticflickr.com/1/29/54775859_7d287a6aa7_z.jpg?zz=1,https://c2.staticflickr.com/1/29/54775859_7d287a6aa7_o.jpg,https://creativecommons.org/licenses/by/2.0/,Dicemanic,pumpkin
watermelon,Watermelon,0ba8350fa6d15414,https://c1.staticflickr.com/5/4109/5005353054_2274c13597_z.jpg,https://farm5.staticflickr.com/4109/5005353054_d79b07af5f_o.jpg,https://creativecommons.org/licenses/by/2.0/,tiffany terry,Watermelon in Fruitbowl
watermelon,Watermelon,11f411d10708dbb0,https://c4.staticflickr.com/5/4073/4782853161_74f25c86f4_z.jpg,https://farm1.staticflickr.com/4073/4782853161_0eed9ceaf9_o.jpg,https://creativecommons.org/licenses/by/2.0/,Prem Sichanugrist,Watermelon Juice
watermelon,Watermelon,1a37c31d10a2e10c,https://c2.staticflickr.com/3/2301/2332092403_fc457b6e63_z.jpg?zz=1,https://c5.staticflickr.com/3/2301/2332092403_c42cfc6c1c_o.jpg,https://creativecommons.org/licenses/by/2.0/,brett jordan,Sanguine
watermelon,Watermelon,1a64ceaa916530f1,https://c8.staticflickr.com/4/3790/9631021641_b5b6c37fc8_z.jpg,https://farm2.staticflickr.com/3790/9631021641_91b34b3279_o.jpg,https://creativecommons.org/licenses/by/2.0/,Forest Starr and Kim Starr,Watermelon from our place in Olinda
watermelon,Watermelon,2cb753672861d82b,https://c7.staticflickr.com/6/5213/5539260962_d4930be50c_z.jpg,https://c4.staticflickr.com/6/5213/5539260962_217c379289_o.jpg,https://creativecommons.org/licenses/by/2.0/,Jan,Watermelon - Für Désirée
watermelon,Watermelon,376e71e49fd3feb0,https://c1.staticflickr.com/5/4079/4863847342_8111aefb37_z.jpg,https://farm1.staticflickr.com/4079/4863847342_2cd1c191eb_o.jpg,https://creativecommons.org/licenses/by/2.0/,Wonderlane,"Red and Sweet, crispy summer watermelon in the kitchen, Wedgwood, Seattle, Washington, USA"
watermelon,Watermelon,3cf4c3c443c0974f,https://c2.staticflickr.com/6/5531/12242511545_2960c8afff_z.jpg,https://c8.staticflickr.com/6/5531/12242511545_6f4f01277c_o.jpg,https://creativecommons.org/licenses/by/2.0/,vijay chennupati,Fruit Carving
watermelon,Watermelon,6a50172c96fd6b88,https://c6.staticflickr.com/9/8189/8399528781_046b41866d_z.jpg,https://c1.staticflickr.com/9/8189/8399528781_92e78c2538_o.jpg,https://creativecommons.org/licenses/by/2.0/,blair_25,Ermergerd Wertermerlons
watermelon,Watermelon,86826bbd93cbe0df,https://c3.staticflickr.com/6/5567/14626052081_e0aaac70c4_z.jpg,https://c8.staticflickr.com/6/5567/14626052081_036b431af9_o.jpg,https://creativecommons.org/licenses/by/2.0/,"Kurman Communications, Inc.",Watermelon with French feta and basil oil
watermelon,Watermelon,8723abb9f1bc0454,https://c6.staticflickr.com/6/5492/9575575409_424b7e9187_z.jpg,https://farm5.staticflickr.com/5492/9575575409_f57f824ce0_o.jpg,https://creativecommons.org/licenses/by/2.0/,Karen and Brad Emerson,watermelon
watermelon,Watermelon,8c50ef44fdb20cb0,https://c6.staticflickr.com/3/2641/3805975015_3b1c8b6315_z.jpg,https://farm1.staticflickr.com/2641/3805975015_e6bb9270d5_o.jpg,https://creativecommons.org/licenses/by/2.0/,OakleyOriginals,Watermelons
watermelon,Watermelon,8f9ef61f06d59f5c,https://c1.staticflickr.com/1/395/19606597912_979fa3e182_z.jpg,https://c5.staticflickr.com/1/395/19606597912_8a7c840434_o.jpg,https://creativecommons.org/licenses/by/2.0/,young shanahan,Watermelons are sooo pretty!
watermelon,Watermelon,9004dc79a9f579a1,https://c1.staticflickr.com/5/4098/4744111496_fba9446369_z.jpg,https://farm2.staticflickr.com/4098/4744111496_dcf3b4483e_o.jpg,https://creativecommons.org/licenses/by/2.0/,Matthew Hutchinson,Watermelons
watermelon,Watermelon,9276de46a770353e,https://c1.staticflickr.com/3/2221/2418804238_78e32855f7_z.jpg,https://c7.staticflickr.com/3/2221/2418804238_d522750953_o.jpg,https://creativecommons.org/licenses/by/2.0/,zilupe,WTF?!
watermelon,Watermelon,a2e15f6c7a2edc83,,https://farm4.staticflickr.com/3028/3008648157_c66c7a9ecc_o.jpg,https://creativecommons.org/licenses/by/2.0/,Purple Slog,watermelon
watermelon,Watermelon,a873dea163733074,https://c2.staticflickr.com/5/4060/5146739976_7fdf72a7d7_z.jpg,https://farm5.staticflickr.com/4060/5146739976_8849d2be21_o.jpg,https://creativecommons.org/licenses/by/2.0/,Kenneth Lu,Watermelon Cake!
watermelon,Watermelon,b2ea0cb735961162,https://c3.staticflickr.com/3/2546/3815441094_10297f8b59_z.jpg?zz=1,https://farm3.staticflickr.com/2546/3815441094_fa645ba2af_o.jpg,https://creativecommons.org/licenses/by/2.0/,Patrick Feller,"Produce Market, Airline Dr., Houston, Texas 0811091704"
watermelon,Watermelon,bee7d45a82221b8d,https://c1.staticflickr.com/8/7256/7739221108_457eec32d0_z.jpg,https://c6.staticflickr.com/8/7256/7739221108_2c2a9f2119_o.jpg,https://creativecommons.org/licenses/by/2.0/,Jean-Pierre Dalbéra,Le Jardin des Plantes (Nantes)
watermelon,Watermelon,c8b225d88dd64bcf,https://c4.staticflickr.com/5/4001/4638526979_07981d787b_z.jpg,https://c8.staticflickr.com/5/4001/4638526979_1b42ecd116_o.jpg,https://creativecommons.org/licenses/by/2.0/,Lablascovegmenu,sandía
watermelon,Watermelon,cbd718027ebb4f52,https://c5.staticflickr.com/6/5585/14917227076_6361cfdaaa_z.jpg,https://farm3.staticflickr.com/5585/14917227076_d3b903a7c3_o.jpg,https://creativecommons.org/licenses/by/2.0/,A Thomas McPunk,adolescant pumpkin
watermelon,Watermelon,ccb78a4848b63f0d,https://c6.staticflickr.com/8/7438/9480035944_27ce97e313_z.jpg,https://c6.staticflickr.com/8/7438/9480035944_8d2ab38d15_o.jpg,https://creativecommons.org/licenses/by/2.0/,poppet with a camera,Cucamelons!
watermelon,Watermelon,d8fb67e18f293e95,https://c3.staticflickr.com/1/47/189409872_4e3313cb61_z.jpg?zz=1,https://farm6.staticflickr.com/47/189409872_4e3313cb61_o.jpg,https://creativecommons.org/licenses/by/2.0/,J Driskell,Cube Watermelon
watermelon,Watermelon,dbccdad432960952,https://c5.staticflickr.com/4/3562/3457714371_66533733f9_z.jpg,https://farm3.staticflickr.com/3562/3457714371_d8e8027585_o.jpg,https://creativecommons.org/licenses/by/2.0/,Silverisdead,Death Star
watermelon,Watermelon,dd5dc2bd6c643324,https://c3.staticflickr.com/5/4066/4286291887_a9b67abcf9_z.jpg?zz=1,https://farm5.staticflickr.com/4066/4286291887_b3298210c1_o.jpg,https://creativecommons.org/licenses/by/2.0/,Dan Zen,Juicy!
watermelon,Watermelon,f27f0357d49fee41,,https://farm2.staticflickr.com/8030/7918383086_8ca3101bbb_o.jpg,https://creativecommons.org/licenses/by/2.0/,cathy480,Watermelon
watermelon,Watermelon,001cddbffb428689,https://c1.staticflickr.com/6/5266/5872194825_79fac7c426_z.jpg,https://c2.staticflickr.com/6/5266/5872194825_6c6ae65442_o.jpg,https://creativecommons.org/licenses/by/2.0/,John S. Quarterman,Tight
watermelon,Watermelon,00be6f9bbc1add7a,https://c6.staticflickr.com/8/7272/7669427402_da5981b07b_z.jpg,https://c3.staticflickr.com/8/7272/7669427402_46153e9d01_o.jpg,https://creativecommons.org/licenses/by/2.0/,Artondra Hall,Watermelon #watermelon #juicy #fruit #summertime #sweet
watermelon,Watermelon,04ff579898ba44a5,https://c7.staticflickr.com/4/3802/10409742454_19cfac2ca0_z.jpg,https://farm6.staticflickr.com/3802/10409742454_33a24b8468_o.jpg,https://creativecommons.org/licenses/by/2.0/,. ...,Decorative Watermelons - Zaffari Bourbon NH
watermelon,Watermelon,06817f32820c3280,https://c8.staticflickr.com/8/7339/16427126252_42062ce8b4_z.jpg,https://farm1.staticflickr.com/7339/16427126252_5886be9833_o.jpg,https://creativecommons.org/licenses/by/2.0/,Larry Koester,Food Market in Yaroslavl
watermelon,Watermelon,0ac066dc375dcbf0,https://c2.staticflickr.com/1/739/20927737566_1082bf277d_z.jpg,https://farm1.staticflickr.com/739/20927737566_3b5122cc60_o.jpg,https://creativecommons.org/licenses/by/2.0/,Jane Kostenko,girl
watermelon,Watermelon,0e1806d2474d7c93,https://c3.staticflickr.com/3/2656/3694710605_ea551caf1e_z.jpg?zz=1,https://farm4.staticflickr.com/2656/3694710605_abb37c76a9_o.jpg,https://creativecommons.org/licenses/by/2.0/,Itinerant Tightwad,Melons in Tel Aviv
watermelon,Watermelon,0ea06f0fd99eeb68,https://c6.staticflickr.com/6/5556/14756538638_d04eeffdf7_z.jpg,https://c1.staticflickr.com/6/5556/14756538638_08058e1780_o.jpg,https://creativecommons.org/licenses/by/2.0/,T.Tseng,Heirloom yellow watermelon
watermelon,Watermelon,15818c44ec117ed6,https://c6.staticflickr.com/7/6016/5930025204_f286f7f244_z.jpg,https://farm7.staticflickr.com/6016/5930025204_097fdeb32a_o.jpg,https://creativecommons.org/licenses/by/2.0/,Luigi Guarino,Watermelons
watermelon,Watermelon,15af9b72490c2251,https://c3.staticflickr.com/8/7440/12854773935_80ccf6da12_z.jpg,https://farm2.staticflickr.com/7440/12854773935_5c1ae6a6cb_o.jpg,https://creativecommons.org/licenses/by/2.0/,Henrique Yasuda,Watermelon.
watermelon,Watermelon,15f4bb30342fc1cb,https://c4.staticflickr.com/4/3005/3999975630_09340ac3de_z.jpg,https://c4.staticflickr.com/4/3005/3999975630_38bbd025c3_o.jpg,https://creativecommons.org/licenses/by/2.0/,Jonathan Aquino,Mom's fruit bowl
watermelon,Watermelon,1b826fdeaed2d55e,https://c2.staticflickr.com/1/406/19769689843_c1b3595aab_z.jpg,https://c7.staticflickr.com/1/406/19769689843_c85c7909a1_o.jpg,https://creativecommons.org/licenses/by/2.0/,zeevveez,Like Traffic Lights - Green & Red
watermelon,Watermelon,21db74c238a50120,https://c3.staticflickr.com/4/3624/3517620574_a32146cfc6_z.jpg,https://farm1.staticflickr.com/3624/3517620574_b17a5bd012_o.jpg,https://creativecommons.org/licenses/by/2.0/,Gary Stevens,Taiwanese Pears
watermelon,Watermelon,2565a66e2999b12f,https://c8.staticflickr.com/8/7076/7398339974_71af90eed3_z.jpg,https://c8.staticflickr.com/8/7076/7398339974_996aedee5b_o.jpg,https://creativecommons.org/licenses/by/2.0/,Michael Bentley,Andrew Eating Watermelon
watermelon,Watermelon,278e9d3f55e2d94b,https://c6.staticflickr.com/6/5812/21696521396_d96cb4f4f1_z.jpg,https://c4.staticflickr.com/6/5812/21696521396_1fd9f4d21c_o.jpg,https://creativecommons.org/licenses/by/2.0/,Mary and Andrew,Fruit platter
watermelon,Watermelon,2d9f79894b674549,,https://c2.staticflickr.com/5/4013/4272331673_ce8a9486e3_o.jpg,https://creativecommons.org/licenses/by/2.0/,Tony M,IMG_1382
watermelon,Watermelon,2fc85649c0fa8e1c,https://c1.staticflickr.com/9/8110/8660949540_345f198932_z.jpg,https://c5.staticflickr.com/9/8110/8660949540_55d8612901_o.jpg,https://creativecommons.org/licenses/by/2.0/,Uncalno Tekno,Malem begini disajeni semangka seger :)
watermelon,Watermelon,348bb332b7cd1478,https://c8.staticflickr.com/7/6204/6092886185_5e31e0a3a1_z.jpg,https://c1.staticflickr.com/7/6204/6092886185_cb3acdce71_o.jpg,https://creativecommons.org/licenses/by/2.0/,Didriks,Watermelon Mint Margaritas 1
watermelon,Watermelon,35d39e56a62e22b0,https://c3.staticflickr.com/1/118/279534306_728dfa8b6f_z.jpg,https://farm1.staticflickr.com/118/279534306_728dfa8b6f_o.jpg,https://creativecommons.org/licenses/by/2.0/,Stuart Seeger,Portrait Of Joshua
watermelon,Watermelon,392a30797e3ccd99,https://c3.staticflickr.com/1/118/270461102_6d4ded3fcd_z.jpg,https://c2.staticflickr.com/1/118/270461102_6d4ded3fcd_o.jpg,https://creativecommons.org/licenses/by/2.0/,Victoria Rachitzky Hoch,Melão Melon
watermelon,Watermelon,3a3864a83984ddbb,,https://c4.staticflickr.com/4/3376/3647286776_2e9995ec1a_o.jpg,https://creativecommons.org/licenses/by/2.0/,Alex Goldmark,Image
watermelon,Watermelon,45ba9b07c1a7fe65,https://c8.staticflickr.com/6/5506/9089330918_7ce5bf50ca_z.jpg,https://farm6.staticflickr.com/5506/9089330918_78e3aec202_o.jpg,https://creativecommons.org/licenses/by/2.0/,popofatticus,watermelon smile
watermelon,Watermelon,46de01f6b9a39585,https://c5.staticflickr.com/1/81/233438472_005d30674b_z.jpg,https://farm6.staticflickr.com/81/233438472_8344136af8_o.jpg,https://creativecommons.org/licenses/by/2.0/,flattop341,H20 Melons
watermelon,Watermelon,490950e4c4a2f44b,https://c8.staticflickr.com/6/5111/5833159219_b9a561d136_z.jpg,https://c4.staticflickr.com/6/5111/5833159219_f70ed2b7c9_o.jpg,https://creativecommons.org/licenses/by/2.0/,roland  yabao,&quot;iLL EaT YoU LikE CrAzY&quot;&quot;
weapon,Weapon,041ec0633447b467,https://c2.staticflickr.com/5/4078/4820860533_2ef37e1888_z.jpg,https://farm8.staticflickr.com/4078/4820860533_8d573a2fed_o.jpg,https://creativecommons.org/licenses/by/2.0/,André Gustavo Stumpf,PRF
weapon,Weapon,044a3e7c7b006202,https://c4.staticflickr.com/9/8153/7480236546_3176b66d6f_z.jpg,https://farm3.staticflickr.com/8153/7480236546_6786e00707_o.jpg,https://creativecommons.org/licenses/by/2.0/,FaceMePLS,Veteranendag 2012 Zoetermeer
weapon,Weapon,05430da00e88b5f9,https://c6.staticflickr.com/1/224/509197136_b589a0fcd3_z.jpg?zz=1,https://c2.staticflickr.com/1/224/509197136_d45add9139_o.jpg,https://creativecommons.org/licenses/by/2.0/,c-66,Untitled
weapon,Weapon,06aabc23f48f9eaa,https://c3.staticflickr.com/9/8419/15773009735_858648fc52_z.jpg,https://c3.staticflickr.com/9/8419/15773009735_fdb5777a36_o.jpg,https://creativecommons.org/licenses/by/2.0/,Ejército Argentino,Infanteria 24
weapon,Weapon,09050fc6b61ecb37,https://c4.staticflickr.com/6/5347/8901768255_170c69e15c_z.jpg,https://farm8.staticflickr.com/5347/8901768255_dbfe709434_o.jpg,https://creativecommons.org/licenses/by/2.0/,Cinetics,mini Cinetics dolly retracted
weapon,Weapon,0a6a03c8f23ee744,https://c4.staticflickr.com/4/3313/3591612840_33710806df_z.jpg,https://farm5.staticflickr.com/3313/3591612840_1bd6034985_o.jpg,https://creativecommons.org/licenses/by/2.0/,Heather,DSC_0223 FM Semifinal - Or ISR v Awagi JPN
weapon,Weapon,0ad602c943c9f568,https://c3.staticflickr.com/4/3890/14334940941_7b79261338_z.jpg,https://c1.staticflickr.com/4/3890/14334940941_6288faa2a3_o.jpg,https://creativecommons.org/licenses/by/2.0/,Chemie-Verbände Baden-Württemberg,Azubis in motion 2014 | Pforzheim Hohenwart
weapon,Weapon,0c53587224b51f99,https://c4.staticflickr.com/8/7301/16298007767_1ccd9b5cfa_z.jpg,https://c2.staticflickr.com/8/7301/16298007767_a84ca951c6_o.jpg,https://creativecommons.org/licenses/by/2.0/,USAFE AFAFRICA,African Partnership Flight-Djibouti
weapon,Weapon,0ea4e62b8cb943e1,https://c3.staticflickr.com/9/8213/8255601431_135c762e5b_z.jpg,https://farm2.staticflickr.com/8213/8255601431_75ae568ec6_o.jpg,https://creativecommons.org/licenses/by/2.0/,Saúl Briceño,Esgrima N°5
weapon,Weapon,1089296beeeb1f12,https://c3.staticflickr.com/1/42/105468216_67eb5b54a7_z.jpg?zz=1,https://farm3.staticflickr.com/42/105468216_67eb5b54a7_o.jpg,https://creativecommons.org/licenses/by/2.0/,StarMama,GRAW Box Art
weapon,Weapon,10bd0ab74275791f,https://c7.staticflickr.com/6/5175/5517009216_c93ecc3e3b_z.jpg,https://c8.staticflickr.com/6/5175/5517009216_587bdd95e3_o.jpg,https://creativecommons.org/licenses/by/2.0/,Phil Sk,03/11/2011
weapon,Weapon,15c132328c0dd1b3,https://c4.staticflickr.com/3/2748/4100182943_cc69355be8_z.jpg,https://farm4.staticflickr.com/2748/4100182943_af69185824_o.jpg,https://creativecommons.org/licenses/by/2.0/,herval,Fire!
weapon,Weapon,17ae79f90cfc71ca,https://c4.staticflickr.com/8/7558/16023604516_707137c584_z.jpg,https://c3.staticflickr.com/8/7558/16023604516_20f924cfa6_o.jpg,https://creativecommons.org/licenses/by/2.0/,Bryan Ward,Confessor Signature Wallpaper
weapon,Weapon,1b0f6501ea23cea0,https://c8.staticflickr.com/9/8380/8567114221_279a8fd052_z.jpg,https://farm1.staticflickr.com/8380/8567114221_fa182140db_o.jpg,https://creativecommons.org/licenses/by/2.0/,Johnny Araya Monge,Juegos Deportivos Centroamericanos San José 2013
weapon,Weapon,1bb5d1b5d924fd17,https://c7.staticflickr.com/3/2818/11212047176_37498ccb02_z.jpg,https://farm8.staticflickr.com/2818/11212047176_296fbfc887_o.jpg,https://creativecommons.org/licenses/by/2.0/,Georgia National Guard,"December 13, 1636"
weapon,Weapon,1c694c5d547cbfae,https://c6.staticflickr.com/4/3267/5826001220_e69bb1c5d5_z.jpg,https://c7.staticflickr.com/4/3267/5826001220_817f43e19e_o.jpg,https://creativecommons.org/licenses/by/2.0/,David Jackmanson,"Member of the New Varnagian Guard about to die - History Alive! 2011, Fort Lytton, Brisbane, Australia 110612"
weapon,Weapon,1cac093a1d75c435,https://c2.staticflickr.com/5/4142/4758074085_6c37dd926d_z.jpg,https://farm6.staticflickr.com/4142/4758074085_fe2cb6f544_o.jpg,https://creativecommons.org/licenses/by/2.0/,Jeremy Thompson,London 615
weapon,Weapon,1ccdd0ee6d9d99e8,https://c2.staticflickr.com/1/779/22206361009_2082891c1e_z.jpg,https://c1.staticflickr.com/1/779/22206361009_d226fa83e4_o.jpg,https://creativecommons.org/licenses/by/2.0/,Lorena Cupcake,unnamed
weapon,Weapon,1ce98658bd9b0032,https://c6.staticflickr.com/9/8526/8607739101_1d1eedaac6_z.jpg,https://farm3.staticflickr.com/8526/8607739101_7884f2e48a_o.jpg,https://creativecommons.org/licenses/by/2.0/,o5com,2201416-5940182996298301
weapon,Weapon,1d38cb1a280ca0d3,https://c2.staticflickr.com/8/7321/9569813325_a80908750a_z.jpg,https://farm4.staticflickr.com/7321/9569813325_7eb5d90e00_o.jpg,https://creativecommons.org/licenses/by/2.0/,Fort Lee Traveller,Range Opens
weapon,Weapon,1ddf302c5f806a6c,https://c2.staticflickr.com/4/3545/3370723098_96a1f71079_z.jpg,https://c5.staticflickr.com/4/3545/3370723098_fea6fdafe2_o.jpg,https://creativecommons.org/licenses/by/2.0/,Seabamirum,Keynesian Economics
weapon,Weapon,22a08945f2e7556b,https://c2.staticflickr.com/1/640/21521628184_ab8f608e3d_z.jpg,https://c4.staticflickr.com/1/640/21521628184_19cc4240bd_o.jpg,https://creativecommons.org/licenses/by/2.0/,USFWSmidwest,Aiming
weapon,Weapon,22ae802569dfd002,https://c4.staticflickr.com/4/3079/2599857219_27e909b36d_z.jpg,https://farm3.staticflickr.com/3079/2599857219_15c686e9e5_o.jpg,https://creativecommons.org/licenses/by/2.0/,Erik Charlton,Target Practice
weapon,Weapon,24b14dbf64eeced1,https://c3.staticflickr.com/5/4048/4175133344_067015cfd3_z.jpg,https://farm2.staticflickr.com/4048/4175133344_904c77f663_o.jpg,https://creativecommons.org/licenses/by/2.0/,Varin,Hostage
weapon,Weapon,26d8aa6beff03110,https://c8.staticflickr.com/6/5113/14325332498_95c118e996_z.jpg,https://farm1.staticflickr.com/5113/14325332498_48ca630d90_o.jpg,https://creativecommons.org/licenses/by/2.0/,tommy japan,12067179146_cea1a43e80_o
weapon,Weapon,279556606656ca95,https://c8.staticflickr.com/4/3794/10791930206_36eb30f75f_z.jpg,https://farm6.staticflickr.com/3794/10791930206_34b4f75f73_o.jpg,https://creativecommons.org/licenses/by/2.0/,luck_s,Haiku hinderer
weapon,Weapon,27c5f1373268e07a,https://c3.staticflickr.com/8/7175/6791560819_751515416f_z.jpg,https://c3.staticflickr.com/8/7175/6791560819_cbf75890c0_o.jpg,https://creativecommons.org/licenses/by/2.0/,U.S. Department of Agriculture,DSC_7523_3326
weapon,Weapon,31c40da724ed3376,https://c5.staticflickr.com/9/8611/16528559519_d53a811196_z.jpg,https://farm7.staticflickr.com/8611/16528559519_ffa6b1d0e5_o.jpg,https://creativecommons.org/licenses/by/2.0/,USASOC News Service,150225-A-KJ310-004
weapon,Weapon,3566f7af209f2c8f,https://c4.staticflickr.com/6/5023/5650756169_5d24c8b62a_z.jpg,https://c8.staticflickr.com/6/5023/5650756169_c6473dbe96_o.jpg,https://creativecommons.org/licenses/by/2.0/,Mikhail Kamarov,Victor III-class submarine
weapon,Weapon,37c7bfd97000c5c6,https://c7.staticflickr.com/1/134/327882182_901c2773f8_z.jpg?zz=1,https://farm7.staticflickr.com/134/327882182_901c2773f8_o.jpg,https://creativecommons.org/licenses/by/2.0/,Paul Hood,Ratskins
weapon,Weapon,39432d2f206e6096,https://c2.staticflickr.com/5/4060/4306335759_9a402cb062_z.jpg,https://farm7.staticflickr.com/4060/4306335759_da578860fa_o.jpg,https://creativecommons.org/licenses/by/2.0/,Julie V.,&quot;En garde ! Prêts ? Allez !&quot;
weapon,Weapon,3ab64d8f62ae62b8,https://c5.staticflickr.com/9/8302/7833585312_d8925b4902_z.jpg,https://c1.staticflickr.com/9/8302/7833585312_99d84b8323_o.jpg,https://creativecommons.org/licenses/by/2.0/,Get Gaming Now,Call of Duty Black Ops 2 wallpaper 7
weapon,Weapon,3d0ab510c782c435,https://c4.staticflickr.com/1/414/19867105760_14dcfe658b_z.jpg,https://farm6.staticflickr.com/414/19867105760_17b4cd5a2c_o.jpg,https://creativecommons.org/licenses/by/2.0/,U.S. Army CERDEC,"E15: Thank you, Fort Benning EXFOR"
weapon,Weapon,3f7524a365c3aaf7,https://c4.staticflickr.com/8/7113/7444099160_73605feb82_z.jpg,https://farm8.staticflickr.com/7113/7444099160_088ecbb56c_o.jpg,https://creativecommons.org/licenses/by/2.0/,New Zealand Defence Force,OH 09-0338-024
weapon,Weapon,401afff2d0b92150,https://c8.staticflickr.com/4/3601/3503575038_3e069a6ee8_z.jpg,https://farm1.staticflickr.com/3601/3503575038_6d5a8a67fc_o.jpg,https://creativecommons.org/licenses/by/2.0/,Christian Córdova,Detalle Sable de Luz
weapon,Weapon,429fb2b96a5063ff,https://c3.staticflickr.com/2/1185/966868046_b0bf1610ff_z.jpg,https://c8.staticflickr.com/2/1185/966868046_1d6732b39d_o.jpg,https://creativecommons.org/licenses/by/2.0/,flattop341,Taking Aim
weapon,Weapon,43559ae2545c628f,https://c4.staticflickr.com/9/8310/8012904007_3290dd0177_z.jpg,https://c8.staticflickr.com/9/8310/8012904007_3faa1f7795_o.jpg,https://creativecommons.org/licenses/by/2.0/,Wystan,"Old straight razor with imitation-bamboo celluloid handle, stamped B. F. Schumacher, Ann Arbor, Michigan."
weapon,Weapon,4456140a503dd7e1,https://c6.staticflickr.com/8/7050/6846035446_c0d17aef25_z.jpg,https://farm2.staticflickr.com/7050/6846035446_9d3f812eca_o.jpg,https://creativecommons.org/licenses/by/2.0/,Paul Sableman,R2D2
weapon,Weapon,45d630c68fdb8f71,https://c1.staticflickr.com/1/144/327887209_35df1f056c_z.jpg?zz=1,https://farm2.staticflickr.com/144/327887209_35df1f056c_o.jpg,https://creativecommons.org/licenses/by/2.0/,Paul Hood,Van Saar
weapon,Weapon,466f3f933a909ca0,https://c5.staticflickr.com/9/8018/7422175990_bc78fb1b71_z.jpg,https://farm1.staticflickr.com/8018/7422175990_ef1d41c17a_o.jpg,https://creativecommons.org/licenses/by/2.0/,nuklr.dave,XV8 Crisis and XV88-2 Broadside battlesuits
weapon,Weapon,46b1fba6cdacb44d,https://c2.staticflickr.com/1/63/217911545_64782bd91d_z.jpg?zz=1,https://c6.staticflickr.com/1/63/217911545_64782bd91d_o.jpg,https://creativecommons.org/licenses/by/2.0/,Erika Smith,24-artifacts-Batavia Depot Museum-08162006
weapon,Weapon,4a4a97d739266aa6,https://c7.staticflickr.com/1/7/10793494_b36805b85c_z.jpg?zz=1,https://farm7.staticflickr.com/7/10793494_b36805b85c_o.jpg,https://creativecommons.org/licenses/by/2.0/,James McCauley,2nd Fire Team
weapon,Weapon,4a89c187ba5d8ff9,https://c3.staticflickr.com/1/159/418250181_767f8235d4_z.jpg,https://c2.staticflickr.com/1/159/418250181_e091a1d009_o.jpg,https://creativecommons.org/licenses/by/2.0/,Michael Pereckas,Rubber Band Guns
weapon,Weapon,4abc29189ee81e7e,,https://c7.staticflickr.com/3/2948/15228184487_63aa85fcf0_o.jpg,https://creativecommons.org/licenses/by/2.0/,Sparkle Motion,thurrkur_rydgadar_500_400_Gunnar Jónsson Austurfrétt
weapon,Weapon,4b6ab299105bbbb2,https://c7.staticflickr.com/9/8241/8595123933_90839d7e32_z.jpg,https://farm3.staticflickr.com/8241/8595123933_207cd4a227_o.jpg,https://creativecommons.org/licenses/by/2.0/,The 621st Contingency Response Wing,130321-F-CA540-117.JPG
weapon,Weapon,4b6d3c391753e5ce,https://c7.staticflickr.com/9/8022/7231683588_0e3427aab0_z.jpg,https://c7.staticflickr.com/9/8022/7231683588_e4dc3607de_o.jpg,https://creativecommons.org/licenses/by/2.0/,Kimberly Vardeman,Cheese Board
weapon,Weapon,4d001671b68d493c,https://c8.staticflickr.com/9/8255/8693588685_ca4ffbec37_z.jpg,https://c5.staticflickr.com/9/8255/8693588685_cdc1efd98e_o.jpg,https://creativecommons.org/licenses/by/2.0/,Arctic Warrior,130424-F-LX370-010
weapon,Weapon,4dcf542bdfec084b,https://c5.staticflickr.com/8/7328/13943078840_a35a5c5946_z.jpg,https://c4.staticflickr.com/8/7328/13943078840_b4f6abf186_o.jpg,https://creativecommons.org/licenses/by/2.0/,manhhai,TAY NINH 1968
weapon,Weapon,4fb14531445ee0e6,https://c6.staticflickr.com/4/3360/5761905310_faaa8e1637_z.jpg,https://farm7.staticflickr.com/3360/5761905310_53b4b86ed9_o.jpg,https://creativecommons.org/licenses/by/2.0/,USASOC News Service,TLH_9701
weapon,Weapon,541edb179ffe623a,https://c8.staticflickr.com/8/7543/15462052469_9cfb530e43_z.jpg,https://c3.staticflickr.com/8/7543/15462052469_d57da7c20f_o.jpg,https://creativecommons.org/licenses/by/2.0/,Rafael Galán,The Knife (unplugged)
whale,Whale,07f959ef19703b43,https://c8.staticflickr.com/5/4031/4676700016_fbcb88829c_z.jpg,https://farm4.staticflickr.com/4031/4676700016_c8aca9b019_o.jpg,https://creativecommons.org/licenses/by/2.0/,Nicola Sfondrini,Dugongo
whale,Whale,0ffce68c15a7b1ef,https://c3.staticflickr.com/6/5443/17285544984_34da611060_z.jpg,https://c8.staticflickr.com/6/5443/17285544984_370666886b_o.jpg,https://creativecommons.org/licenses/by/2.0/,RD_Elsie,Hola Amigo
whale,Whale,11cce5cfe03b38ab,https://c4.staticflickr.com/2/1207/1062838105_43347253d4_z.jpg,https://c4.staticflickr.com/2/1207/1062838105_9436fe0fdf_o.jpg,https://creativecommons.org/licenses/by/2.0/,Eric Chan,DSC_0041.JPG
whale,Whale,134125cb6e64c943,https://c8.staticflickr.com/1/59/156505815_e67fdde790_z.jpg,https://farm4.staticflickr.com/59/156505815_e67fdde790_o.jpg,https://creativecommons.org/licenses/by/2.0/,Flavia Mariani Martins,orca
whale,Whale,232552d5160ab423,https://c5.staticflickr.com/6/5317/5882330813_c0754e94b2_z.jpg,https://farm4.staticflickr.com/5317/5882330813_5b50153608_o.jpg,https://creativecommons.org/licenses/by/2.0/,ghr0417,DSC03699
whale,Whale,2b2bc6125f83ff18,https://c8.staticflickr.com/4/3612/3506610209_29d0755bd5_z.jpg,https://c1.staticflickr.com/4/3612/3506610209_b4735840fd_o.jpg,https://creativecommons.org/licenses/by/2.0/,Milan Boers,Shamu show
whale,Whale,2da6330288158e9c,https://c2.staticflickr.com/6/5041/5375464281_53cfffe8e8_z.jpg,https://c5.staticflickr.com/6/5041/5375464281_1e851f1a59_o.jpg,https://creativecommons.org/licenses/by/2.0/,senza senso,Open sea
whale,Whale,36ab25dd30bb2e04,https://c2.staticflickr.com/3/2505/3704009012_ac97143fc6_z.jpg?zz=1,https://farm5.staticflickr.com/2505/3704009012_30447323c8_o.jpg,https://creativecommons.org/licenses/by/2.0/,crizos,dofins
whale,Whale,3e75db7ee724fe02,https://c2.staticflickr.com/4/3916/14680573143_e8f1816654_z.jpg,https://farm3.staticflickr.com/3916/14680573143_4e5a6fbf84_o.jpg,https://creativecommons.org/licenses/by/2.0/,jackoscage,Humpback Whales
whale,Whale,46384918c84d4f70,https://c7.staticflickr.com/4/3090/3131612135_b81cfee692_z.jpg,https://farm1.staticflickr.com/3090/3131612135_95be052469_o.jpg,https://creativecommons.org/licenses/by/2.0/,Pavel,Jervis Bay Dolfin
whale,Whale,49e6c12dccb07e93,https://c6.staticflickr.com/4/3496/3278735902_0ceb7ffbfd_z.jpg?zz=1,https://farm4.staticflickr.com/3496/3278735902_057c8221aa_o.jpg,https://creativecommons.org/licenses/by/2.0/,Jeff Gunn,Georgia Aquarium
whale,Whale,4bfd9b9daf8ec0a4,https://c4.staticflickr.com/3/2935/14152652172_db640cb233_z.jpg,https://farm5.staticflickr.com/2935/14152652172_47724c10e8_o.jpg,https://creativecommons.org/licenses/by/2.0/,Sue Salisbury,Whale Head Bob Maui Maalaea Bay Harbor
whale,Whale,577577dcd316cbff,https://c3.staticflickr.com/3/2868/10144894245_95432bfc4f_z.jpg,https://c8.staticflickr.com/3/2868/10144894245_0fdc9d1f73_o.jpg,https://creativecommons.org/licenses/by/2.0/,Green Fire Productions,Humpback Whale Calf
whale,Whale,58f4c66a92fedd26,https://c3.staticflickr.com/6/5222/5846350731_29aa7329c8_z.jpg,https://farm7.staticflickr.com/5222/5846350731_30b0b8a23a_o.jpg,https://creativecommons.org/licenses/by/2.0/,Jose Antonio Navas,Whale
whale,Whale,59ec35415cbacca2,https://c3.staticflickr.com/6/5299/5399456931_83eaf984f8_z.jpg,https://farm3.staticflickr.com/5299/5399456931_77292fbfd4_o.jpg,https://creativecommons.org/licenses/by/2.0/,Moosealope,Puerto Vallarta
whale,Whale,61765334ac080579,https://c1.staticflickr.com/1/55/132886352_fea80fb713_z.jpg,https://c2.staticflickr.com/1/55/132886352_fea80fb713_o.jpg,https://creativecommons.org/licenses/by/2.0/,trec_lit,DSC_0197
whale,Whale,647e8aed8918bf59,https://c2.staticflickr.com/6/5534/12171577574_482473f981_z.jpg,https://c2.staticflickr.com/6/5534/12171577574_2ef13f8a12_o.jpg,https://creativecommons.org/licenses/by/2.0/,Game Fishing Asia,_DSC8622a
whale,Whale,66faa27e198e5c2d,https://c2.staticflickr.com/8/7035/6576321363_9ba2151122_z.jpg,https://c6.staticflickr.com/8/7035/6576321363_3cc92972a2_o.jpg,https://creativecommons.org/licenses/by/2.0/,Pedro Cambra,DSCN0098
whale,Whale,681e06a1fce5aa62,https://c6.staticflickr.com/9/8192/8356071325_65824bd09d_z.jpg,https://farm3.staticflickr.com/8192/8356071325_5d97c3c378_o.jpg,https://creativecommons.org/licenses/by/2.0/,oliver.dodd,humpback back
whale,Whale,6b8b87bd83c4f146,https://c1.staticflickr.com/2/1099/1172942554_2b2be14b27_z.jpg,https://farm7.staticflickr.com/1099/1172942554_7d59bc6b4b_o.jpg,https://creativecommons.org/licenses/by/2.0/,Henrik Dreisler,Cape Cod
whale,Whale,704cf1ff79cbb0ff,https://c7.staticflickr.com/7/6060/6291413193_2cfd314177_z.jpg,https://c8.staticflickr.com/7/6060/6291413193_a63c38191d_o.jpg,https://creativecommons.org/licenses/by/2.0/,Jinny the Squinny,DSCF4128
whale,Whale,722258c62eb2a95d,https://c7.staticflickr.com/5/4109/4994466594_8550d8c115_z.jpg,https://c6.staticflickr.com/5/4109/4994466594_12415256b7_o.jpg,https://creativecommons.org/licenses/by/2.0/,A.Davey,Dolphins!
whale,Whale,7cd1d537b6286dee,https://c3.staticflickr.com/9/8385/8516860162_357359ffde_z.jpg,https://c7.staticflickr.com/9/8385/8516860162_80eb78ac68_o.jpg,https://creativecommons.org/licenses/by/2.0/,Alessandro Valli,Whales
whale,Whale,7d0ae9c754aa907f,https://c3.staticflickr.com/3/2788/4339714094_96c27d1b12_z.jpg,https://c8.staticflickr.com/3/2788/4339714094_94a992ceb7_o.jpg,https://creativecommons.org/licenses/by/2.0/,Gopal Vijayaraghavan,Fin.
whale,Whale,7d6fa0972d1a79ec,https://c4.staticflickr.com/4/3626/3564103601_3009312c91_z.jpg,https://c5.staticflickr.com/4/3626/3564103601_8dc7cbdc8a_o.jpg,https://creativecommons.org/licenses/by/2.0/,Jenny,Beluga
whale,Whale,8450bd0449faa17a,https://c5.staticflickr.com/4/3920/14955041989_2b86a78213_z.jpg,https://c3.staticflickr.com/4/3920/14955041989_8de37d45ca_o.jpg,https://creativecommons.org/licenses/by/2.0/,Liza,Mother and calf
whale,Whale,861359b8a2ec7b68,https://c6.staticflickr.com/8/7340/9397128300_2b00762e2e_z.jpg,https://c1.staticflickr.com/8/7340/9397128300_acb8dbf57f_o.jpg,https://creativecommons.org/licenses/by/2.0/,Amit Bronstein,IMG_5284
whale,Whale,89270bb322c00f9c,https://c8.staticflickr.com/5/4128/5025633919_99dcf1e660_z.jpg,https://c5.staticflickr.com/5/4128/5025633919_804183722d_o.jpg,https://creativecommons.org/licenses/by/2.0/,rumpleteaser,Upside Down Dolphins and Killer Whale
whale,Whale,8d249edbf0471c4b,https://c1.staticflickr.com/4/3641/3369802942_d69db2c854_z.jpg,https://c4.staticflickr.com/4/3641/3369802942_173d66c4ff_o.jpg,https://creativecommons.org/licenses/by/2.0/,Greg Hewgill,Baby beluga whale
whale,Whale,907c394cfb147647,https://c2.staticflickr.com/4/3861/14869036753_4b25dc890c_z.jpg,https://farm8.staticflickr.com/3861/14869036753_4e42b0c9bd_o.jpg,https://creativecommons.org/licenses/by/2.0/,Christopher Michel,Feet out of the water please
whale,Whale,9c8d9c6829726e99,https://c6.staticflickr.com/6/5138/5541125666_7ca2eefd4c_z.jpg,https://c2.staticflickr.com/6/5138/5541125666_5c6a4a4548_o.jpg,https://creativecommons.org/licenses/by/2.0/,LEONARDO DASILVA,MIAMI SEAQUARIUM
whale,Whale,9cbaba6d02989671,https://c5.staticflickr.com/5/4063/4413507426_f4d6c438e2_z.jpg?zz=1,https://farm2.staticflickr.com/4063/4413507426_1f2447446d_o.jpg,https://creativecommons.org/licenses/by/2.0/,asobi tsuchiya,kamogawa (4)
whale,Whale,a71951496294a4e4,https://c3.staticflickr.com/3/2927/14622002995_09507fde58_z.jpg,https://farm5.staticflickr.com/2927/14622002995_f092eba4d7_o.jpg,https://creativecommons.org/licenses/by/2.0/,Jo Garbutt,Atlantic Bottlenose Dolphins
whale,Whale,aaa8bd02f557fc5c,https://c2.staticflickr.com/4/3768/13363738785_089ccd8561_z.jpg,https://c5.staticflickr.com/4/3768/13363738785_f14481bb27_o.jpg,https://creativecommons.org/licenses/by/2.0/,Isabelle Acatauassú Alves Almeida,Gray whale (Channel Island National Park)
whale,Whale,bce4712aedb6eb6b,https://c3.staticflickr.com/1/142/322821230_e1eb2c98fa_z.jpg?zz=1,https://c4.staticflickr.com/1/142/322821230_e1eb2c98fa_o.jpg,https://creativecommons.org/licenses/by/2.0/,ScaryComputer,1212061424
whale,Whale,c1e70d15bfe7dc87,https://c6.staticflickr.com/4/3354/3623930080_af527dd83d_z.jpg?zz=1,https://farm8.staticflickr.com/3354/3623930080_e593b16926_o.jpg,https://creativecommons.org/licenses/by/2.0/,Natalie  Lucier,"Humpback whale in Newfoundland, Canada"
whale,Whale,c43d39c1e623b0f5,https://c4.staticflickr.com/8/7034/6749789755_567279424b_z.jpg,https://farm6.staticflickr.com/7034/6749789755_ab9e31e4bc_o.jpg,https://creativecommons.org/licenses/by/2.0/,John Spade,Going Down
whale,Whale,c929a4efcd2ba556,https://c7.staticflickr.com/3/2939/14224413254_26c9286c2a_z.jpg,https://farm7.staticflickr.com/2939/14224413254_2ece54fdc8_o.jpg,https://creativecommons.org/licenses/by/2.0/,Ruth Clark,whale watch
whale,Whale,c99c83dca342b01e,https://c4.staticflickr.com/4/3538/3666967009_34a9fccc94_z.jpg,https://c7.staticflickr.com/4/3538/3666967009_66ced6ec11_o.jpg,https://creativecommons.org/licenses/by/2.0/,Laurence Grayson,whale watching 2
whale,Whale,cf32d853b083517b,https://c5.staticflickr.com/3/2145/2033915187_6118496559_z.jpg,https://farm1.staticflickr.com/2145/2033915187_6239eb01a9_o.jpg,https://creativecommons.org/licenses/by/2.0/,Ben Yanis,Untitled
whale,Whale,d41dcccd515a7ef4,https://c3.staticflickr.com/9/8722/16695144139_ce32a43ee0_z.jpg,https://farm5.staticflickr.com/8722/16695144139_50148bdc61_o.jpg,https://creativecommons.org/licenses/by/2.0/,Kitty Terwolbeck,Sea Lion
whale,Whale,d423d2e154a725b9,https://c2.staticflickr.com/9/8309/8014554866_4f88eb3774_z.jpg,https://c2.staticflickr.com/9/8309/8014554866_9e5f2131f9_o.jpg,https://creativecommons.org/licenses/by/2.0/,Andrea Centini,Tursiopi
whale,Whale,e5ac7b241061e873,,https://farm4.staticflickr.com/3377/3252242602_a14189ac01_o.jpg,https://creativecommons.org/licenses/by/2.0/,dubdem sound system,Dubdem Sound System :: Jamaican Tour 2009
whale,Whale,e6292d9dbabf204f,https://c8.staticflickr.com/3/2659/3787263727_439100d313_z.jpg,https://c8.staticflickr.com/3/2659/3787263727_9d5941a4b2_o.jpg,https://creativecommons.org/licenses/by/2.0/,Jose Antonio Tovar,Tiburon Ballena
whale,Whale,eb2bb4c7d6994240,https://c1.staticflickr.com/9/8162/6997464028_63635fab11_z.jpg,https://farm1.staticflickr.com/8162/6997464028_80deda4766_o.jpg,https://creativecommons.org/licenses/by/2.0/,Dan Costin,Watching dolphins at play
whale,Whale,eb7c1cea0038d144,https://c1.staticflickr.com/9/8666/16463332577_63fb683e0a_z.jpg,https://farm5.staticflickr.com/8666/16463332577_6ea45d5a95_o.jpg,https://creativecommons.org/licenses/by/2.0/,foooomio,Finless Porpoises
whale,Whale,eebfd96317a338e2,https://c2.staticflickr.com/1/115/258877368_af162f35bf_z.jpg,https://farm3.staticflickr.com/115/258877368_af162f35bf_o.jpg,https://creativecommons.org/licenses/by/2.0/,Rui Ornelas,P7152880
whale,Whale,eed60b1c5687f4b1,https://c3.staticflickr.com/5/4101/4804268988_3031bfbfa1_z.jpg,https://farm2.staticflickr.com/4101/4804268988_4ae3a3a7be_o.jpg,https://creativecommons.org/licenses/by/2.0/,Marcel Ekkel,Whale Shark Diving
whale,Whale,f423285cbfa63715,https://c1.staticflickr.com/4/3925/14989583202_e0947e72cd_z.jpg,https://farm6.staticflickr.com/3925/14989583202_b9a46668c6_o.jpg,https://creativecommons.org/licenses/by/2.0/,Alberto Otero García,Creatures of Costa Rica #creaturesofcostarica #costarica #animals #vacation #humpback #whale #ballena #jorobada
whale,Whale,f5c66ca587c458d6,https://c7.staticflickr.com/9/8167/7261305568_fc1ea4705c_z.jpg,https://farm7.staticflickr.com/8167/7261305568_9cd99696b1_o.jpg,https://creativecommons.org/licenses/by/2.0/,miguelb,IMG_9121
wheel,Wheel,001083f05db4352b,https://c3.staticflickr.com/6/5742/20795376805_7d3aabfce1_z.jpg,https://c4.staticflickr.com/6/5742/20795376805_903e9cc61d_o.jpg,https://creativecommons.org/licenses/by/2.0/,Automobile Italia,A Pebble Beach in California le auto più belle
wheel,Wheel,001a809ad40a2f84,https://c1.staticflickr.com/6/5015/5484042252_37ce385b5f_z.jpg,https://farm5.staticflickr.com/5015/5484042252_fb18ee96aa_o.jpg,https://creativecommons.org/licenses/by/2.0/,Michael Gil,2011 Volvo S60 T5
wheel,Wheel,001a995c1e25d892,https://c6.staticflickr.com/8/7159/6455790903_1a152abe1f_z.jpg,https://farm3.staticflickr.com/7159/6455790903_28b7e54437_o.jpg,https://creativecommons.org/licenses/by/2.0/,Guimaraes Filho,Moto harley-davidson-vrod-tecnobike-img01
wheel,Wheel,00230c216711fceb,https://c7.staticflickr.com/1/44/144429519_9567ff4044_z.jpg,https://c4.staticflickr.com/1/44/144429519_9567ff4044_o.jpg,https://creativecommons.org/licenses/by/2.0/,陳 清,Ruf BTR
wheel,Wheel,003132be85a0beae,https://c6.staticflickr.com/6/5064/5763085728_cd042a4cb0_z.jpg,https://c7.staticflickr.com/6/5064/5763085728_12945f2ebd_o.jpg,https://creativecommons.org/licenses/by/2.0/,Hector Alejandro,Jared's Civic 85.jpg
wheel,Wheel,003a5aaf6d17c917,https://c2.staticflickr.com/6/5013/5466970559_0f7b06bcd6_z.jpg,https://farm8.staticflickr.com/5013/5466970559_02db368cea_o.jpg,https://creativecommons.org/licenses/by/2.0/,Kalvin Chan,IMG_1586
wheel,Wheel,00575b9132bb3746,https://c3.staticflickr.com/6/5300/5402229494_570e48f7f9_z.jpg,https://farm7.staticflickr.com/5300/5402229494_e3db3bc448_o.jpg,https://creativecommons.org/licenses/by/2.0/,Ed Uthman,ACT_3289
wheel,Wheel,005ea49186b013d8,https://c1.staticflickr.com/4/3829/9057859369_5a432fdfe1_z.jpg,https://c1.staticflickr.com/4/3829/9057859369_681893e96c_o.jpg,https://creativecommons.org/licenses/by/2.0/,possan,_MG_3227
wheel,Wheel,00723dac8201a83e,https://c2.staticflickr.com/1/150/432591931_4789d0f0f1_z.jpg,https://c7.staticflickr.com/1/150/432591931_9f9e85a542_o.jpg,https://creativecommons.org/licenses/by/2.0/,Cirofono,Día 023: ¿De 91 o 95?
wheel,Wheel,0082b95745cb8ed5,https://c3.staticflickr.com/9/8320/8032610600_1dd81d41a4_z.jpg,https://farm6.staticflickr.com/8320/8032610600_6a31074b39_o.jpg,https://creativecommons.org/licenses/by/2.0/,PARK(ing) Day Sofia,photo by Veny Raynovska
wheel,Wheel,008637722500f239,https://c7.staticflickr.com/6/5289/5340010485_edeaa88c83_z.jpg,https://c2.staticflickr.com/6/5289/5340010485_e04a074103_o.jpg,https://creativecommons.org/licenses/by/2.0/,Michael Gil,Datsun 280Z 5 Speed
wheel,Wheel,00a1f2a6e7f78ac5,https://c4.staticflickr.com/6/5292/5516505342_43268015f4_z.jpg,https://farm6.staticflickr.com/5292/5516505342_93cd714afc_o.jpg,https://creativecommons.org/licenses/by/2.0/,nakhon100,Audi A1
wheel,Wheel,00a3654c1cf00d11,https://c5.staticflickr.com/4/3933/15038212434_9e0e575008_z.jpg,https://farm2.staticflickr.com/3933/15038212434_5aa219fb1a_o.jpg,https://creativecommons.org/licenses/by/2.0/,SuperTowTrucks Blog,How did you land your first #towing job? Did you apply online or simply walk in and ask for a job?  #bugatti #flatbed
wheel,Wheel,00acf53b127218c2,https://c4.staticflickr.com/8/7100/13314143603_95d63b5748_z.jpg,https://farm3.staticflickr.com/7100/13314143603_a6cbf59cfc_o.jpg,https://creativecommons.org/licenses/by/2.0/,nakhon100,Jeep Gran Cherokee 3.0 CRD
wheel,Wheel,00b0cb1fcb463c04,https://c6.staticflickr.com/3/2308/2166320847_63a04a9303_z.jpg,https://farm5.staticflickr.com/2308/2166320847_29246236e2_o.jpg,https://creativecommons.org/licenses/by/2.0/,Michael Wilt,IMG_0773
wheel,Wheel,00b562abdf5766d3,https://c8.staticflickr.com/2/1348/953262953_340a098204_z.jpg,https://farm4.staticflickr.com/1348/953262953_30677ca3b6_o.jpg,https://creativecommons.org/licenses/by/2.0/,Rain Rannu,"Sportscar in Jersey City, NJ"
wheel,Wheel,00b75a8487446cdd,https://c6.staticflickr.com/4/3612/3679100484_a8e3044e55_z.jpg,https://c6.staticflickr.com/4/3612/3679100484_5d415721b6_o.jpg,https://creativecommons.org/licenses/by/2.0/,stebbi66,1966 Mustang High Country Special
wheel,Wheel,00c5be8db0e25f5e,https://c8.staticflickr.com/2/1405/975220261_be300c7f2c_z.jpg,https://c7.staticflickr.com/2/1405/975220261_03415d51ea_o.jpg,https://creativecommons.org/licenses/by/2.0/,Wolfrage,MVMVCA 2007 Rally-61
wheel,Wheel,00cd12b9ee1905a7,https://c1.staticflickr.com/4/3357/3289957648_132b2daea2_z.jpg,https://farm8.staticflickr.com/3357/3289957648_426e241907_o.jpg,https://creativecommons.org/licenses/by/2.0/,Masatoshi Nishinaga,IMG_4856
wheel,Wheel,00d2a568dd4afd0d,https://c1.staticflickr.com/5/4082/4899461926_81c45d0d90_z.jpg,https://c6.staticflickr.com/5/4082/4899461926_cd0b8707ef_o.jpg,https://creativecommons.org/licenses/by/2.0/,Alexander Lindquist,JKPG Träffen 2K10
wheel,Wheel,00d9efcc4d1fda53,https://c8.staticflickr.com/9/8309/8068204496_b8e2f95480_z.jpg,https://farm4.staticflickr.com/8309/8068204496_9ce0fd0425_o.jpg,https://creativecommons.org/licenses/by/2.0/,Micheal Evans,Edd and Gimp
wheel,Wheel,00dc0530e6779ca6,https://c7.staticflickr.com/4/3057/2338716422_d4935c35a4_z.jpg,https://farm7.staticflickr.com/3057/2338716422_48da1e1f39_o.jpg,https://creativecommons.org/licenses/by/2.0/,Abulic Monkey,ages of man... wait a minute!  where's the baby?!
wheel,Wheel,00e5682d509f4b26,https://c8.staticflickr.com/3/2181/1797103254_dacdcc6ecf_z.jpg,https://farm7.staticflickr.com/2181/1797103254_612d83a09c_o.jpg,https://creativecommons.org/licenses/by/2.0/,David Hunter,Austin-Healey
wheel,Wheel,00e9084d1bc8e0ea,https://c4.staticflickr.com/6/5110/5599702283_8562638984_z.jpg,https://c3.staticflickr.com/6/5110/5599702283_f6e3939b39_o.jpg,https://creativecommons.org/licenses/by/2.0/,influenZia marketing,Probando BKOOL
wheel,Wheel,00f695485d605b32,https://c5.staticflickr.com/1/207/447606664_8fcf493c90_z.jpg?zz=1,https://farm3.staticflickr.com/207/447606664_af4928518f_o.jpg,https://creativecommons.org/licenses/by/2.0/,derek rose,"hotel costa linda, venezuela"
wheel,Wheel,0119db1a3ebc3f65,https://c5.staticflickr.com/3/2924/14257977871_eff79bedc0_z.jpg,https://farm6.staticflickr.com/2924/14257977871_f98207ce7a_o.jpg,https://creativecommons.org/licenses/by/2.0/,amateur photography by michel,1955 Ford Victoria
wheel,Wheel,01267ff8f7cfcdbd,https://c7.staticflickr.com/9/8227/8566021422_05d403623e_z.jpg,https://c6.staticflickr.com/9/8227/8566021422_a23cb3a782_o.jpg,https://creativecommons.org/licenses/by/2.0/,mustapha ennaimi,DSC_3028
wheel,Wheel,01471c9fcf29869f,https://c8.staticflickr.com/8/7432/14130228053_08c3f20a2b_z.jpg,https://c8.staticflickr.com/8/7432/14130228053_91ea59d38b_o.jpg,https://creativecommons.org/licenses/by/2.0/,Brett Levin,CUSCC Car Show
wheel,Wheel,016d30e2c65de0d7,https://c5.staticflickr.com/2/1379/1167031640_382728e731_z.jpg?zz=1,https://farm8.staticflickr.com/1379/1167031640_c295382ea4_o.jpg,https://creativecommons.org/licenses/by/2.0/,Bruce Fingerhood,stretch limo
wheel,Wheel,0170ea8e1a33375a,https://c7.staticflickr.com/4/3627/3333969844_b8414c62bf_z.jpg,https://c3.staticflickr.com/4/3627/3333969844_7d4dbb971b_o.jpg,https://creativecommons.org/licenses/by/2.0/,a selfish disregard for others,"gray 2008/2009 Volkswagen Jetta, WA 729-XRV"
wheel,Wheel,0172351a70034840,https://c2.staticflickr.com/4/3225/2536553703_e7b9c8cb44_z.jpg,https://farm1.staticflickr.com/3225/2536553703_bf8ec973a2_o.jpg,https://creativecommons.org/licenses/by/2.0/,frankieleon,Morose Tire
wheel,Wheel,017527da8bfeb97d,https://c4.staticflickr.com/4/3532/3811341674_82efa5b08f_z.jpg,https://c6.staticflickr.com/4/3532/3811341674_a47fcb3de5_o.jpg,https://creativecommons.org/licenses/by/2.0/,Fire_Eyes,IMG_5528
wheel,Wheel,017b690dbb7552db,https://c4.staticflickr.com/4/3766/11075036896_f311140263_z.jpg,https://c4.staticflickr.com/4/3766/11075036896_a55c35c0c1_o.jpg,https://creativecommons.org/licenses/by/2.0/,Envato,8:45am - &quot;The parking is cheap and the indecent graffiti aplenty&quot; | A Day in the Life of the CEO
wheel,Wheel,017f34d289d6e1dc,https://c5.staticflickr.com/4/3875/14672979385_48d27cf492_z.jpg,https://c5.staticflickr.com/4/3875/14672979385_7312e092f1_o.jpg,https://creativecommons.org/licenses/by/2.0/,Daniel Oines,IMG_0186r
wheel,Wheel,019483ccc1cc242b,https://c8.staticflickr.com/8/7298/13055210703_2e1e70e60f_z.jpg,https://c4.staticflickr.com/8/7298/13055210703_334d584785_o.jpg,https://creativecommons.org/licenses/by/2.0/,amateur photography by michel,1990 Lotus Esprit 3 SE
wheel,Wheel,01c04124383a9a02,https://c5.staticflickr.com/7/6098/6212736114_8de543cfbd_z.jpg,https://farm3.staticflickr.com/6098/6212736114_474c4613a6_o.jpg,https://creativecommons.org/licenses/by/2.0/,David,Aston Martin V12 Vantage
wheel,Wheel,01cccbbc52d772db,https://c4.staticflickr.com/1/217/445295048_f3b76a52cf_z.jpg?zz=1,https://c4.staticflickr.com/1/217/445295048_0df2646aba_o.jpg,https://creativecommons.org/licenses/by/2.0/,Global Jet,new camera; mini Camel
wheel,Wheel,01e8509529aac2b8,https://c1.staticflickr.com/1/463/20076975362_9bcc29fe60_z.jpg,https://c1.staticflickr.com/1/463/20076975362_949c5a1cdb_o.jpg,https://creativecommons.org/licenses/by/2.0/,atomic80,Ultimate Driving Experience 2015
wheel,Wheel,02040812efa69b71,https://c5.staticflickr.com/9/8437/7939075164_7fa7cb84dc_z.jpg,https://farm2.staticflickr.com/8437/7939075164_c5d033ea69_o.jpg,https://creativecommons.org/licenses/by/2.0/,Mitsubishi Photos,Unpretentious / 2013 Outlander Sport
wheel,Wheel,020b620f1958636a,https://c2.staticflickr.com/6/5459/8750412621_2a50fb3010_z.jpg,https://c3.staticflickr.com/6/5459/8750412621_f69d02dd41_o.jpg,https://creativecommons.org/licenses/by/2.0/,dignidadrebelde,This Hummer was made from repurposed styrofoam! At the SF Airport people park anywhere they want.
wheel,Wheel,020feca9b536f1fe,https://c1.staticflickr.com/3/2059/2258982401_762044a41d_z.jpg,https://c7.staticflickr.com/3/2059/2258982401_4313fbe3c5_o.jpg,https://creativecommons.org/licenses/by/2.0/,Connie,IMG_4228.JPG
wheel,Wheel,0210f9c01e31f873,https://c8.staticflickr.com/4/3765/9014218921_91f3eb98ac_z.jpg,https://farm4.staticflickr.com/3765/9014218921_a2038a03c5_o.jpg,https://creativecommons.org/licenses/by/2.0/,Niels de Wit,1995 Aston Martin DB7
wheel,Wheel,0217ef254d8bf5cd,https://c1.staticflickr.com/9/8341/8168430511_63a5c524c4_z.jpg,https://c6.staticflickr.com/9/8341/8168430511_08ed22df52_o.jpg,https://creativecommons.org/licenses/by/2.0/,Daniel Lewis,IMG_3819
wheel,Wheel,021c5e0a6f27d521,https://c2.staticflickr.com/8/7327/11030651905_5ca9d73c7b_z.jpg,https://farm2.staticflickr.com/7327/11030651905_5b7af5a089_o.jpg,https://creativecommons.org/licenses/by/2.0/,rob &quot;hairyboy&quot; haynes,036
wheel,Wheel,023a8d0a05ec58ad,https://c6.staticflickr.com/6/5215/5496481172_2520e133c9_z.jpg,https://c6.staticflickr.com/6/5215/5496481172_a881ccf542_o.jpg,https://creativecommons.org/licenses/by/2.0/,Ryu Hayano,Good old Corvette and Camaro
wheel,Wheel,0256ad72229e0c5d,https://c7.staticflickr.com/3/2466/3759006190_1cbce03e16_z.jpg,https://c6.staticflickr.com/3/2466/3759006190_c82962fc41_o.jpg,https://creativecommons.org/licenses/by/2.0/,Draco2008,Shildon Classic Car Show
wheel,Wheel,02717d30304f4849,https://c6.staticflickr.com/3/2324/2467246951_de5a47d4ce_z.jpg,https://c2.staticflickr.com/3/2324/2467246951_60a97fdb38_o.jpg,https://creativecommons.org/licenses/by/2.0/,Terry Whalebone,Preserved Bristol single-decker
wheel,Wheel,02718fa0885fd7de,https://c4.staticflickr.com/8/7269/7407717652_0fb1c05608_z.jpg,https://c7.staticflickr.com/8/7269/7407717652_0fca4604c6_o.jpg,https://creativecommons.org/licenses/by/2.0/,Katherine Tompkins,1965 Volvo P544 Sport side
wheel,Wheel,029285d102bc56db,https://c1.staticflickr.com/4/3825/9538746746_c4d72867ec_z.jpg,https://c4.staticflickr.com/4/3825/9538746746_5f23abae22_o.jpg,https://creativecommons.org/licenses/by/2.0/,Martyn Wright,2013 and Dorset
wheel,Wheel,02a6ef3d9bd68e91,https://c5.staticflickr.com/4/3088/2516320228_68f36f5910_z.jpg,https://farm2.staticflickr.com/3088/2516320228_c8c300b978_o.jpg,https://creativecommons.org/licenses/by/2.0/,Piutus,Alfa Romeo
wheelchair,Wheelchair,0231a6350d53e54f,https://c1.staticflickr.com/3/2946/15274862417_da372f790f_z.jpg,https://c8.staticflickr.com/3/2946/15274862417_d87835148a_o.jpg,https://creativecommons.org/licenses/by/2.0/,Army Medicine,Army beats Navy in Bronze Basketball
wheelchair,Wheelchair,08124dbd424269c0,https://c6.staticflickr.com/8/7432/13104268064_705ef0fa54_z.jpg,https://farm1.staticflickr.com/7432/13104268064_f7837480c2_o.jpg,https://creativecommons.org/licenses/by/2.0/,Brian Eager,IMG-20140312-00177 (Kopiraj)
wheelchair,Wheelchair,082c5f68acec45fc,https://c8.staticflickr.com/9/8122/8659810763_b856560058_z.jpg,https://c5.staticflickr.com/9/8122/8659810763_c214d9c3ca_o.jpg,https://creativecommons.org/licenses/by/2.0/,A Name Like Shields Can Make You Defensive,west4
wheelchair,Wheelchair,09e094375efab7fe,https://c8.staticflickr.com/4/3245/2756964116_d3d43d6be9_z.jpg,https://c7.staticflickr.com/4/3245/2756964116_63b981995c_o.jpg,https://creativecommons.org/licenses/by/2.0/,Ed S. Johovac,Dialysis 1
wheelchair,Wheelchair,11b06ea19b8a48d9,https://c1.staticflickr.com/4/3638/3632110924_c6b99a825b_z.jpg,https://c2.staticflickr.com/4/3638/3632110924_6459fce634_o.jpg,https://creativecommons.org/licenses/by/2.0/,Gaël Marziou,IMG_3950_DXO
wheelchair,Wheelchair,12332c27f706121f,https://c1.staticflickr.com/9/8549/8709749761_1e0c85f9cc_z.jpg,https://c8.staticflickr.com/9/8549/8709749761_c7e63e6ac2_o.jpg,https://creativecommons.org/licenses/by/2.0/,Hayato.D,DSC_6979
wheelchair,Wheelchair,13defb9c95dfdba1,https://c5.staticflickr.com/1/96/224422461_dddd4c8e99_z.jpg?zz=1,https://farm2.staticflickr.com/96/224422461_dddd4c8e99_o.jpg,https://creativecommons.org/licenses/by/2.0/,Ken Ratcliff,ken on his new trike 1
wheelchair,Wheelchair,16a44cc5af5eaeff,https://c7.staticflickr.com/4/3648/3549855002_da427d9518_z.jpg,https://c8.staticflickr.com/4/3648/3549855002_4658cc067b_o.jpg,https://creativecommons.org/licenses/by/2.0/,Stuart Grout,Taking time out to revise tactics.
wheelchair,Wheelchair,1adc13e24c87ce9b,https://c5.staticflickr.com/7/6208/6126094071_e67708bec6_z.jpg,https://c4.staticflickr.com/7/6208/6126094071_7092ddc57f_o.jpg,https://creativecommons.org/licenses/by/2.0/,Nick Webb,Loads of cracking Paralympic stuff happening in Traf Sq this morning
wheelchair,Wheelchair,255f8c7ec0c70c4b,https://c2.staticflickr.com/9/8423/7691292230_58816d448a_z.jpg,https://c4.staticflickr.com/9/8423/7691292230_734a92d490_o.jpg,https://creativecommons.org/licenses/by/2.0/,U.S. Army Europe Images,Bike Fitting
wheelchair,Wheelchair,3a0b72a274530636,https://c8.staticflickr.com/6/5260/5423001932_37bea32517_z.jpg,https://farm7.staticflickr.com/5260/5423001932_1441eb46a3_o.jpg,https://creativecommons.org/licenses/by/2.0/,Expert Infantry,69th Anniversary of the attacks on Pearl Harbor - Department of Defense Image Collection
wheelchair,Wheelchair,3bd8a291f8335732,https://c8.staticflickr.com/9/8037/7946360722_eb75b11773_z.jpg,https://farm3.staticflickr.com/8037/7946360722_c4b8512163_o.jpg,https://creativecommons.org/licenses/by/2.0/,Chris Eason,Hot Finnish Man Wins
wheelchair,Wheelchair,3c3b318ee1e2831c,https://c4.staticflickr.com/7/6229/6314785392_da93fd0913_z.jpg,https://c5.staticflickr.com/7/6229/6314785392_124b62de38_o.jpg,https://creativecommons.org/licenses/by/2.0/,Gaël Marziou,IMG_1775_dxo
wheelchair,Wheelchair,3efce935d21b765a,https://c6.staticflickr.com/8/7054/6983553271_0fa8bbc817_z.jpg,https://c3.staticflickr.com/8/7054/6983553271_486c6415d8_o.jpg,https://creativecommons.org/licenses/by/2.0/,KOMUnews,Columbia residents discuss EEZ concerns
wheelchair,Wheelchair,4043197c1365a336,https://c3.staticflickr.com/1/120/297955373_1260488cde_z.jpg,https://farm7.staticflickr.com/120/297955373_1260488cde_o.jpg,https://creativecommons.org/licenses/by/2.0/,Gaël Marziou,IMG_5100-1
wheelchair,Wheelchair,4434db44b6d3a4a2,https://c8.staticflickr.com/8/7394/16186365068_426c03fb0b_z.jpg,https://farm3.staticflickr.com/7394/16186365068_e2c02bf1c8_o.jpg,https://creativecommons.org/licenses/by/2.0/,bowdenartist,Equity
wheelchair,Wheelchair,44b2929b60fb0706,https://c8.staticflickr.com/3/2103/2307606193_2f5d07602c_z.jpg,https://farm7.staticflickr.com/2103/2307606193_daf1f936f3_o.jpg,https://creativecommons.org/licenses/by/2.0/,Benny Mazur,Art at the Hirshhorn
wheelchair,Wheelchair,4677c83a9c6865b0,https://c2.staticflickr.com/2/1416/1306188641_3abe77ed5b_z.jpg,https://farm1.staticflickr.com/1416/1306188641_9ba6951625_o.jpg,https://creativecommons.org/licenses/by/2.0/,Gaël Marziou,(Italy)
wheelchair,Wheelchair,4c662b1b675cdb26,https://c4.staticflickr.com/3/2907/14709731486_70f62397dd_z.jpg,https://farm7.staticflickr.com/2907/14709731486_8aacb61310_o.jpg,https://creativecommons.org/licenses/by/2.0/,Michael Button,Old bath chair
wheelchair,Wheelchair,53e5eeeff0fd0bc0,https://c6.staticflickr.com/2/1121/949144852_b4cfa9e8a3_z.jpg,https://farm1.staticflickr.com/1121/949144852_0609513c5e_o.jpg,https://creativecommons.org/licenses/by/2.0/,Lisa Norwood,Working dog
wheelchair,Wheelchair,58bfe4f1ce59d232,https://c6.staticflickr.com/4/3698/11971488336_6b8834f698_z.jpg,https://farm3.staticflickr.com/3698/11971488336_a7793da3d6_o.jpg,https://creativecommons.org/licenses/by/2.0/,US Department of Education,01142014 - Art Opening 144
wheelchair,Wheelchair,642f5e097bcb764f,https://c3.staticflickr.com/4/3583/3311045360_52aaa9c3a1_z.jpg,https://c8.staticflickr.com/4/3583/3311045360_179891933e_o.jpg,https://creativecommons.org/licenses/by/2.0/,adrian8_8,Team China
wheelchair,Wheelchair,69b74d0ace0b2945,https://c4.staticflickr.com/6/5344/9060712237_6419139955_z.jpg,https://farm6.staticflickr.com/5344/9060712237_7021e92588_o.jpg,https://creativecommons.org/licenses/by/2.0/,David Mellis,Ben Peters and his mobile desk platform
wheelchair,Wheelchair,85198ecae26a4980,https://c6.staticflickr.com/6/5602/15160354514_da18a7c765_z.jpg,https://farm1.staticflickr.com/5602/15160354514_71ee152d39_o.jpg,https://creativecommons.org/licenses/by/2.0/,Army Medicine,"ESPN Salutes Warriors, Caregivers at BAMC"
wheelchair,Wheelchair,90bf07553eef753f,https://c6.staticflickr.com/4/3947/15694987326_154c1893e0_z.jpg,https://c8.staticflickr.com/4/3947/15694987326_fb36df8e17_o.jpg,https://creativecommons.org/licenses/by/2.0/,Galeria del Ministerio de Defensa del Perú,MINISTRO PARTICIPÓ EN ENTREGA DE PREMIO “ALMIRANTE MIGUEL GRAU”
wheelchair,Wheelchair,91ab1702c6023449,https://c5.staticflickr.com/8/7061/6920204633_2090333314_z.jpg,https://c2.staticflickr.com/8/7061/6920204633_cebb6b6def_o.jpg,https://creativecommons.org/licenses/by/2.0/,Rotary Club of Nagpur,Udaan 2012
wheelchair,Wheelchair,9452068064cf1dd6,https://c5.staticflickr.com/4/3613/3549038537_554fb5d904_z.jpg,https://farm7.staticflickr.com/3613/3549038537_cf0124773f_o.jpg,https://creativecommons.org/licenses/by/2.0/,Stuart Grout,Australia vs Germany basketball
wheelchair,Wheelchair,985e19ec209a38db,https://c3.staticflickr.com/6/5250/5309212580_bb9db2767e_z.jpg,https://c4.staticflickr.com/6/5250/5309212580_948bd4e923_o.jpg,https://creativecommons.org/licenses/by/2.0/,Emran Kassim,Wheel chaired shooter
wheelchair,Wheelchair,996f78b924be0be0,https://c3.staticflickr.com/8/7041/6844225256_1b72b2d237_z.jpg,https://farm1.staticflickr.com/7041/6844225256_a24ed8c87d_o.jpg,https://creativecommons.org/licenses/by/2.0/,VCRR,vc203119a
wheelchair,Wheelchair,9eeefa5adc2d035d,https://c7.staticflickr.com/2/1271/5178483483_9bf3f62434_z.jpg,https://c6.staticflickr.com/2/1271/5178483483_73e25cfabc_o.jpg,https://creativecommons.org/licenses/by/2.0/,Vaillante Angers Tennis de Table,P1020701
wheelchair,Wheelchair,a5659ba44eaf480d,https://c1.staticflickr.com/8/7112/7507714874_9e3960a707_z.jpg,https://c6.staticflickr.com/8/7112/7507714874_efe090402b_o.jpg,https://creativecommons.org/licenses/by/2.0/,Army Medicine,Wheelchair basketball: Wounded warriors roll to recovery
wheelchair,Wheelchair,a8c01f09da2657bd,https://c7.staticflickr.com/3/2900/14156295401_cdb2e393bd_z.jpg,https://c6.staticflickr.com/3/2900/14156295401_ecb1df771d_o.jpg,https://creativecommons.org/licenses/by/2.0/,John Seb Barber,IMG_7118
wheelchair,Wheelchair,ad6aca201fa51896,https://c5.staticflickr.com/4/3748/10674802805_a9b0103bf6_z.jpg,https://farm7.staticflickr.com/3748/10674802805_28ec2cbbed_o.jpg,https://creativecommons.org/licenses/by/2.0/,Department of Foreign Affairs and Trade,Australian paralympian Liesl Tesch conducted wheelchair basketball clinics in Vientiane to help raise awareness of disability and bring attention to UXO victim assistance in laos. Laos 2010. Photo: AusAID
wheelchair,Wheelchair,bb872dbf60de40a0,https://c3.staticflickr.com/4/3540/3340038003_f940e4f1ed_z.jpg,https://farm1.staticflickr.com/3540/3340038003_3ac1d67b7f_o.jpg,https://creativecommons.org/licenses/by/2.0/,"DeusXFlorida (9,099,774 views) - thanks guys!",Murderball
wheelchair,Wheelchair,c6dac581c7146f23,https://c2.staticflickr.com/4/3219/2619893958_abf85af356_z.jpg,https://farm4.staticflickr.com/3219/2619893958_991f42d103_o.jpg,https://creativecommons.org/licenses/by/2.0/,Joe Hall,My grandmother Elizabeth Chavez
wheelchair,Wheelchair,c8e41462f79ac2f0,https://c1.staticflickr.com/6/5509/11237142295_82ec8f04f5_z.jpg,https://farm1.staticflickr.com/5509/11237142295_34485fe50e_o.jpg,https://creativecommons.org/licenses/by/2.0/,Celestine Chua,Don't Be Afraid of Going Slow
wheelchair,Wheelchair,c9beadfaec7b5043,https://c7.staticflickr.com/8/7154/6729300457_3607c1555b_z.jpg,https://farm4.staticflickr.com/7154/6729300457_5392428b53_o.jpg,https://creativecommons.org/licenses/by/2.0/,lin padgham,P1020288A
wheelchair,Wheelchair,ce7aa02b052cb75a,https://c2.staticflickr.com/5/4049/5163237182_f521b3b123_z.jpg,https://c3.staticflickr.com/5/4049/5163237182_d0bc697d99_o.jpg,https://creativecommons.org/licenses/by/2.0/,KOMUnews,577
wheelchair,Wheelchair,d57d91d1406b7cfd,https://c1.staticflickr.com/5/4039/4253800918_92c7a5cb21_z.jpg?zz=1,https://c6.staticflickr.com/5/4039/4253800918_9fae23bc35_o.jpg,https://creativecommons.org/licenses/by/2.0/,budawood,ابراهيم مال الله ووليد السليمان و فهد حمدان الصالح وعمر طارق الباطني وعبدالعزيز طارق الباطني
wheelchair,Wheelchair,dd1160459778fdd6,https://c7.staticflickr.com/8/7153/6777419151_a9fc349ab5_z.jpg,https://farm7.staticflickr.com/7153/6777419151_9a1bdedbae_o.jpg,https://creativecommons.org/licenses/by/2.0/,Peter D.,Terri Medina showing leg
wheelchair,Wheelchair,e352b1187ce99a45,https://c3.staticflickr.com/3/2381/5708136623_cd744397ab_z.jpg,https://farm6.staticflickr.com/2381/5708136623_015fbd0276_o.jpg,https://creativecommons.org/licenses/by/2.0/,Bruno Sanchez-Andrade Nuño,IMG_0163
wheelchair,Wheelchair,e93a666db685bb17,https://c4.staticflickr.com/8/7444/10126247704_184887b87d_z.jpg,https://farm8.staticflickr.com/7444/10126247704_3bf0c7e05c_o.jpg,https://creativecommons.org/licenses/by/2.0/,Gaël Marziou,MARTIN Emeric (FRA) IMG_4375_DxO
wheelchair,Wheelchair,ea0cd65da3d17cb6,https://c5.staticflickr.com/8/7053/6929668103_1ce853c7b6_z.jpg,https://farm7.staticflickr.com/7053/6929668103_6cbba96489_o.jpg,https://creativecommons.org/licenses/by/2.0/,Daniel Wetzel,Rollin' Through
wheelchair,Wheelchair,f155d2cee6e021f0,https://c1.staticflickr.com/3/2944/15256060188_57b7b25dff_z.jpg,https://farm1.staticflickr.com/2944/15256060188_8e6fba2d10_o.jpg,https://creativecommons.org/licenses/by/2.0/,Walter,DSC_1084_pp
wheelchair,Wheelchair,f3e7fed441e35ccd,https://c5.staticflickr.com/4/3643/3306584570_35fdeee583_z.jpg,https://c6.staticflickr.com/4/3643/3306584570_4747541d89_o.jpg,https://creativecommons.org/licenses/by/2.0/,"DeusXFlorida (9,099,774 views) - thanks guys!",Brooks Bandits.
wheelchair,Wheelchair,f72798c9f0c92cd0,https://c4.staticflickr.com/5/4091/4832328150_bb4c9cbc7e_z.jpg,https://farm1.staticflickr.com/4091/4832328150_13c6d646b2_o.jpg,https://creativecommons.org/licenses/by/2.0/,Stuart Webster,skyride 2010 - recline bike
wheelchair,Wheelchair,f856352423ae2991,https://c5.staticflickr.com/8/7063/6868820627_c8f2bf5647_z.jpg,https://farm2.staticflickr.com/7063/6868820627_f497dce4a0_o.jpg,https://creativecommons.org/licenses/by/2.0/,Dave Haygarth,Trafford Wheelers cycling for all day
wheelchair,Wheelchair,fa9f0ce47c1a885c,https://c6.staticflickr.com/7/6048/6226937538_813187d32b_z.jpg,https://c5.staticflickr.com/7/6048/6226937538_9bac0f23f7_o.jpg,https://creativecommons.org/licenses/by/2.0/,Channone Arif,2011 New Belgium Brewery Tour de Fat  - Los Angeles
wheelchair,Wheelchair,007bddc8f1277b76,https://c6.staticflickr.com/4/3692/10002127885_69645eb0cd_z.jpg,https://farm7.staticflickr.com/3692/10002127885_87b6e3f838_o.jpg,https://creativecommons.org/licenses/by/2.0/,Gaël Marziou,TABIB Karolin (ISR) IMG_0960_DxO
wheelchair,Wheelchair,00f195eb3b5d69e7,https://c3.staticflickr.com/3/2696/4160841511_ce66ff2fe0_z.jpg,https://farm8.staticflickr.com/2696/4160841511_8845f42589_o.jpg,https://creativecommons.org/licenses/by/2.0/,Prefeitura de Olinda,I Festival esportivo e cultural para pessoa idosa e pessoa com deficiência
whiteboard,Whiteboard,186adccdfbc2c77f,https://c5.staticflickr.com/4/3267/2855423555_eb7a5cf1b6_z.jpg?zz=1,https://c8.staticflickr.com/4/3267/2855423555_d3809a1afe_o.jpg,https://creativecommons.org/licenses/by/2.0/,charlene mcbride,inhale exhale
whiteboard,Whiteboard,1973cd54f73bed7b,https://c1.staticflickr.com/8/7002/6421204545_8a6d15b733_z.jpg,https://c4.staticflickr.com/8/7002/6421204545_4f3830f7a7_o.jpg,https://creativecommons.org/licenses/by/2.0/,Oliver Quinlan,Untitled
whiteboard,Whiteboard,2490007f2a5390a6,https://c1.staticflickr.com/4/3827/10695593345_9bbe85f06b_z.jpg,https://farm7.staticflickr.com/3827/10695593345_b9b342fa45_o.jpg,https://creativecommons.org/licenses/by/2.0/,PhillyCAM,DSC_5070
whiteboard,Whiteboard,32e65151dbf85823,https://c1.staticflickr.com/1/36/75168905_51149480a5_z.jpg?zz=1,https://farm4.staticflickr.com/36/75168905_51149480a5_o.jpg,https://creativecommons.org/licenses/by/2.0/,J B,LUNCH
whiteboard,Whiteboard,3e333338d879a9f8,https://c5.staticflickr.com/1/64/227587602_a9063c8898_z.jpg?zz=1,https://c1.staticflickr.com/1/64/227587602_a9063c8898_o.jpg,https://creativecommons.org/licenses/by/2.0/,Eric,White Board
whiteboard,Whiteboard,56e803d5e8c580e0,https://c6.staticflickr.com/3/2501/3856950504_14c0521b10_z.jpg,https://farm1.staticflickr.com/2501/3856950504_59660aaf19_o.jpg,https://creativecommons.org/licenses/by/2.0/,charlie vinz,kindergarten
whiteboard,Whiteboard,66ef4a8a4a84b9b3,https://c5.staticflickr.com/6/5464/8879975105_9eb116ea4b_z.jpg,https://farm4.staticflickr.com/5464/8879975105_fb469b525d_o.jpg,https://creativecommons.org/licenses/by/2.0/,+ Telecentros,"CRAS Piraí - Piraí, RJ"
whiteboard,Whiteboard,687e3e2c5124f383,https://c6.staticflickr.com/4/3466/3981177555_67a1584390_z.jpg,https://farm4.staticflickr.com/3466/3981177555_7bcbeb727a_o.jpg,https://creativecommons.org/licenses/by/2.0/,tribalicious,September
whiteboard,Whiteboard,7dbfeb4cef319270,https://c2.staticflickr.com/3/2894/13507712405_10bd893fff_z.jpg,https://farm1.staticflickr.com/2894/13507712405_1768b31c89_o.jpg,https://creativecommons.org/licenses/by/2.0/,mfortini,_DSC5748
whiteboard,Whiteboard,913fc0690b08c084,https://c6.staticflickr.com/3/2777/4391249405_201a0fac44_z.jpg?zz=1,https://farm5.staticflickr.com/2777/4391249405_7ba9bb1bf4_o.jpg,https://creativecommons.org/licenses/by/2.0/,Ben Charlton,img_7107.jpg
whiteboard,Whiteboard,a1b604b5548bfc1f,https://c6.staticflickr.com/4/3707/10105711795_9536f1dab6_z.jpg,https://c8.staticflickr.com/4/3707/10105711795_eaa5068c23_o.jpg,https://creativecommons.org/licenses/by/2.0/,Gaurav Vaidya,Species File Hackathon 2013 pitches
whiteboard,Whiteboard,c1bfd9c6e7279456,https://c3.staticflickr.com/9/8459/8011625157_34bdc8b400_z.jpg,https://farm7.staticflickr.com/8459/8011625157_cf2829ec8a_o.jpg,https://creativecommons.org/licenses/by/2.0/,Reedz Malik,09-IMG_20120915_135557
whiteboard,Whiteboard,c5f085aeca67f4cb,https://c5.staticflickr.com/1/77/198837943_44e7ccf7a4_z.jpg,https://c4.staticflickr.com/1/77/198837943_44e7ccf7a4_o.jpg,https://creativecommons.org/licenses/by/2.0/,Farhad sh,Chalipa
whiteboard,Whiteboard,c68d67f6017f4dc8,https://c4.staticflickr.com/3/2857/10754291056_610d0db868_z.jpg,https://c1.staticflickr.com/3/2857/10754291056_d5c9218a19_o.jpg,https://creativecommons.org/licenses/by/2.0/,Peter Leonard,Global Literary Networks Fall 2013 Workshop
whiteboard,Whiteboard,c8b60e327d86e731,https://c7.staticflickr.com/3/2578/3786655181_d596f181e8_z.jpg,https://farm2.staticflickr.com/2578/3786655181_8115b7e175_o.jpg,https://creativecommons.org/licenses/by/2.0/,Mike Rugnetta,L1000418
whiteboard,Whiteboard,dd2c955ad7fa10fc,https://c2.staticflickr.com/2/1052/4605190892_098cf994fc_z.jpg,https://c5.staticflickr.com/2/1052/4605190892_f1428564a3_o.jpg,https://creativecommons.org/licenses/by/2.0/,Joe Stump,Stop arresting my friends!
whiteboard,Whiteboard,e456b97c9d61ff57,https://c8.staticflickr.com/4/3103/5848104576_b732f83674_z.jpg,https://farm8.staticflickr.com/3103/5848104576_b677704422_o.jpg,https://creativecommons.org/licenses/by/2.0/,Daniel Scully,The Office
whiteboard,Whiteboard,e9114065de005073,https://c3.staticflickr.com/8/7102/7214345898_d85fc39756_z.jpg,https://farm4.staticflickr.com/7102/7214345898_8e7c1e0dfd_o.jpg,https://creativecommons.org/licenses/by/2.0/,Xavier Vergés,Practice Creativity Techniques
whiteboard,Whiteboard,f07dca6e2211d9c7,https://c3.staticflickr.com/5/4079/4813113715_fdd51806be_z.jpg,https://farm8.staticflickr.com/4079/4813113715_9f0f351d5f_o.jpg,https://creativecommons.org/licenses/by/2.0/,Geoff Stearns,"Another iPhone 4 camera test shot, in brighter light"
whiteboard,Whiteboard,faa9a012cad77108,https://c5.staticflickr.com/4/3770/14129051849_1e3d6cd1a4_z.jpg,https://c1.staticflickr.com/4/3770/14129051849_90bf1457d7_o.jpg,https://creativecommons.org/licenses/by/2.0/,Tony Webster,“Freedom of Information Haters” – TransparencyCamp 2014
whiteboard,Whiteboard,05748835f124913b,https://c4.staticflickr.com/1/69/161379525_d2e3a6c683_z.jpg,https://c4.staticflickr.com/1/69/161379525_d2e3a6c683_o.jpg,https://creativecommons.org/licenses/by/2.0/,Stevan Sheets,P6050026
whiteboard,Whiteboard,22926e7f863df9f1,https://c6.staticflickr.com/4/3084/3098197694_5822424f34_z.jpg,https://farm2.staticflickr.com/3084/3098197694_3888bdb995_o.jpg,https://creativecommons.org/licenses/by/2.0/,Juhan Sonin,History of the Future
whiteboard,Whiteboard,26d995aae6afc6c3,https://c4.staticflickr.com/7/6199/6143794404_c60b937609_z.jpg,https://farm4.staticflickr.com/6199/6143794404_6cf684876f_o.jpg,https://creativecommons.org/licenses/by/2.0/,UAV-g2011,"Magali Barbier (ONERA-DCSD, France)"
whiteboard,Whiteboard,2b4da56efecdb372,https://c6.staticflickr.com/1/59/227828384_098495973a_z.jpg,https://farm3.staticflickr.com/59/227828384_098495973a_o.jpg,https://creativecommons.org/licenses/by/2.0/,Andrew Evans,Ruckus Board
whiteboard,Whiteboard,371bb0c6799e2f00,https://c3.staticflickr.com/6/5588/14816919077_70e05e1253_z.jpg,https://farm1.staticflickr.com/5588/14816919077_de55b7c466_o.jpg,https://creativecommons.org/licenses/by/2.0/,Revenu de base,P1030479
whiteboard,Whiteboard,3f81dc46066404ab,https://c7.staticflickr.com/6/5252/5482745499_9436ec0387_z.jpg,https://c4.staticflickr.com/6/5252/5482745499_e68a21cfca_o.jpg,https://creativecommons.org/licenses/by/2.0/,Rob Enslin,UX Design Jam 2: team brainstorm
whiteboard,Whiteboard,40d1c90c24ade399,https://c4.staticflickr.com/9/8392/8567979473_fe67ff70e5_z.jpg,https://c2.staticflickr.com/9/8392/8567979473_357a0c310f_o.jpg,https://creativecommons.org/licenses/by/2.0/,The Official CTBTO Photostream,Training for On-Site Inspections (4-15 March 2013)
whiteboard,Whiteboard,43eef45db41a3bfa,https://c5.staticflickr.com/2/1320/1163612132_2f785ad4bc_z.jpg,https://c3.staticflickr.com/2/1320/1163612132_0019550cd6_o.jpg,https://creativecommons.org/licenses/by/2.0/,Gabor Cselle,Xobni's secret sauce
whiteboard,Whiteboard,4615d9bd96679cb8,https://c5.staticflickr.com/1/1/232394_4a34fd97c0_z.jpg,https://c1.staticflickr.com/1/1/232394_4a34fd97c0_o.jpg,https://creativecommons.org/licenses/by/2.0/,Matthew Langham,EuroFoo schedule
whiteboard,Whiteboard,4a313b43b50da969,https://c6.staticflickr.com/6/5100/5563956118_e32acb2e67_z.jpg,https://c2.staticflickr.com/6/5100/5563956118_16433134a5_o.jpg,https://creativecommons.org/licenses/by/2.0/,keitamiyoshi,Doctor`s note
whiteboard,Whiteboard,4e3e53b157040afb,https://c2.staticflickr.com/4/3934/15273304077_74e6b2ffac_z.jpg,https://c4.staticflickr.com/4/3934/15273304077_407d2051b2_o.jpg,https://creativecommons.org/licenses/by/2.0/,U.S. Army Corps of Engineers Savannah District,20140918-O-SM817-015
whiteboard,Whiteboard,51cc7d1edd5b5a0d,https://c7.staticflickr.com/4/3080/3132318195_49d1bcdfd2_z.jpg?zz=1,https://c6.staticflickr.com/4/3080/3132318195_8e489d2d18_o.jpg,https://creativecommons.org/licenses/by/2.0/,Metamorphosis Foundation,Авантурите на Дино (http://www.dino.com.mk/)
whiteboard,Whiteboard,52d6ffd3e888dd11,https://c5.staticflickr.com/7/6068/6032513665_0a189f5a3f_z.jpg,https://farm2.staticflickr.com/6068/6032513665_aea165c48e_o.jpg,https://creativecommons.org/licenses/by/2.0/,Sylvain Kalache,IMG_1850
whiteboard,Whiteboard,587c83802dde5135,https://c8.staticflickr.com/9/8379/8507745978_e03ec365d5_z.jpg,https://farm6.staticflickr.com/8379/8507745978_0dab6dd207_o.jpg,https://creativecommons.org/licenses/by/2.0/,US Department of Education,LEEHS 29
whiteboard,Whiteboard,609d72a7423049e3,https://c8.staticflickr.com/5/4043/4360682868_c55bef85cb_z.jpg,https://farm4.staticflickr.com/4043/4360682868_36ff27f5c1_o.jpg,https://creativecommons.org/licenses/by/2.0/,Ian Davis,P1010135
whiteboard,Whiteboard,62bd074016e87b8f,https://c2.staticflickr.com/1/95/226525318_367e5c7980_z.jpg?zz=1,https://c8.staticflickr.com/1/95/226525318_367e5c7980_o.jpg,https://creativecommons.org/licenses/by/2.0/,ashley,The Board
whiteboard,Whiteboard,66dd0cd1df843c3b,https://c4.staticflickr.com/6/5093/5576511497_e01e308952_z.jpg,https://c4.staticflickr.com/6/5093/5576511497_646e3383ea_o.jpg,https://creativecommons.org/licenses/by/2.0/,Geschiedenis van Zuid-Holland,26 maart Dialectendag
whiteboard,Whiteboard,727baa83577a92c6,https://c2.staticflickr.com/9/8459/7961636230_6a339825de_z.jpg,https://farm7.staticflickr.com/8459/7961636230_b79baaf0a8_o.jpg,https://creativecommons.org/licenses/by/2.0/,Charlie,Guest Signature: Day 1
whiteboard,Whiteboard,73c2e4cbb7bb9d4a,https://c5.staticflickr.com/6/5045/5276338613_c091813a47_z.jpg,https://c3.staticflickr.com/6/5045/5276338613_ce0094b3fa_o.jpg,https://creativecommons.org/licenses/by/2.0/,Acid Pix,JAVA ENTERPRISE EDITION 6 Overview @ my desk
whiteboard,Whiteboard,7ad6810f576ac0f1,https://c2.staticflickr.com/6/5145/5873063347_bd671a99f1_z.jpg,https://farm2.staticflickr.com/5145/5873063347_f7ce662a5a_o.jpg,https://creativecommons.org/licenses/by/2.0/,John Mitchell,IMG_20110524_170800
whiteboard,Whiteboard,8eef0eef8edfddcd,https://c3.staticflickr.com/4/3906/14995174602_1ed7a50237_z.jpg,https://c6.staticflickr.com/4/3906/14995174602_dee4de7edc_o.jpg,https://creativecommons.org/licenses/by/2.0/,MyLifeStory,IMG_1196
whiteboard,Whiteboard,986caca49a3db15e,https://c2.staticflickr.com/6/5222/5621725373_723e6665a7_z.jpg,https://c7.staticflickr.com/6/5222/5621725373_2b7884f46c_o.jpg,https://creativecommons.org/licenses/by/2.0/,University of Michigan School of Natural Resources &amp; Environment,Patrick Lord
whiteboard,Whiteboard,9d2570346ea38519,https://c6.staticflickr.com/5/4152/4837432555_e3c14316a4_z.jpg,https://c2.staticflickr.com/5/4152/4837432555_201677f7f5_o.jpg,https://creativecommons.org/licenses/by/2.0/,CMRF Crumlin,CMRF 08/10 OLCHC Photos 6
whiteboard,Whiteboard,a3a702d120d352dd,https://c6.staticflickr.com/3/2023/2235115812_855b7b90c5_z.jpg,https://c6.staticflickr.com/3/2023/2235115812_ba8c916298_o.jpg,https://creativecommons.org/licenses/by/2.0/,Tristan Ferne,TO DO
whiteboard,Whiteboard,a8836bdcd384bb7c,https://c6.staticflickr.com/9/8546/8692973692_d896b092da_z.jpg,https://c5.staticflickr.com/9/8546/8692973692_581a38083b_o.jpg,https://creativecommons.org/licenses/by/2.0/,Daniel Thornton,Research Office 007
whiteboard,Whiteboard,a89f127784d884bf,https://c7.staticflickr.com/4/3774/11343208903_1cfb63c378_z.jpg,https://c8.staticflickr.com/4/3774/11343208903_789a91a478_o.jpg,https://creativecommons.org/licenses/by/2.0/,Bart Everson,Thanksgiving for Giving Thanks
whiteboard,Whiteboard,b3cced994c614128,https://c4.staticflickr.com/4/3618/3325807967_b99b9c520e_z.jpg?zz=1,https://c1.staticflickr.com/4/3618/3325807967_b44743d989_o.jpg,https://creativecommons.org/licenses/by/2.0/,Chase Reeves,I think therefore I writeboard
whiteboard,Whiteboard,bab580c8e84a97a9,https://c3.staticflickr.com/7/6062/6132056117_dcbd8b31f4_z.jpg,https://c2.staticflickr.com/7/6062/6132056117_d2dffe20f6_o.jpg,https://creativecommons.org/licenses/by/2.0/,Gavin Tapp,Essential Govcamp tool - Whiteboard
whiteboard,Whiteboard,bc848807e547b450,https://c1.staticflickr.com/9/8491/8274812949_81c6f3cd68_z.jpg,https://farm1.staticflickr.com/8491/8274812949_cf4dac5388_o.jpg,https://creativecommons.org/licenses/by/2.0/,lrntb,Support independent music. Always.
whiteboard,Whiteboard,c069fb68c5780a2a,https://c8.staticflickr.com/4/3074/2726462448_d56c185723_z.jpg?zz=1,https://c3.staticflickr.com/4/3074/2726462448_5256e22844_o.jpg,https://creativecommons.org/licenses/by/2.0/,Creative Commons HQ,8/1/08
window,Window,00794645d77184eb,https://c1.staticflickr.com/4/3932/15256561208_881fdb1641_z.jpg,https://c4.staticflickr.com/4/3932/15256561208_17c0f4c46c_o.jpg,https://creativecommons.org/licenses/by/2.0/,Steven Pisano,Brooklyn Street Scenes
window,Window,00f3dbbbf5bdf2cf,https://c6.staticflickr.com/4/3950/15557668485_3ec7d10227_z.jpg,https://c8.staticflickr.com/4/3950/15557668485_5f23ed2ed3_o.jpg,https://creativecommons.org/licenses/by/2.0/,woot,Welcome
window,Window,00fe64cf0eedb1cb,https://c3.staticflickr.com/3/2714/4357770015_cd48cfc1e4_z.jpg,https://c4.staticflickr.com/3/2714/4357770015_43d5e30cd8_o.jpg,https://creativecommons.org/licenses/by/2.0/,Robert Michalove,cabin-grass
window,Window,01a6c89f9885d483,https://c2.staticflickr.com/4/3843/14617092224_a03ab81a76_z.jpg,https://farm4.staticflickr.com/3843/14617092224_e09b61c152_o.jpg,https://creativecommons.org/licenses/by/2.0/,Visit  Tuscany,Medieval Feast in Monteriggioni
window,Window,01c04124383a9a02,https://c5.staticflickr.com/7/6098/6212736114_8de543cfbd_z.jpg,https://farm3.staticflickr.com/6098/6212736114_474c4613a6_o.jpg,https://creativecommons.org/licenses/by/2.0/,David,Aston Martin V12 Vantage
window,Window,01ee42781d6ac0bc,,https://c5.staticflickr.com/4/3727/9052215906_0ea7e1bd60_o.jpg,https://creativecommons.org/licenses/by/2.0/,Wystan,"Old Albertype postcard view of the Carnegie Library, E. Huron Street, Ann Arbor, Michigan."
window,Window,03a83451f0d8239d,https://c8.staticflickr.com/1/23/27717790_cbe5130124_z.jpg?zz=1,https://c6.staticflickr.com/1/23/27717790_cbe5130124_o.jpg,https://creativecommons.org/licenses/by/2.0/,Casey Marshall,Mustang 2
window,Window,03ff460545b92e53,https://c1.staticflickr.com/9/8055/8148617565_6f77531c6f_z.jpg,https://farm4.staticflickr.com/8055/8148617565_1c79b90116_o.jpg,https://creativecommons.org/licenses/by/2.0/,U.S. Naval War College,_0013110
window,Window,0414d895e634d934,https://c2.staticflickr.com/1/43/105915799_773f68637f_z.jpg,https://farm5.staticflickr.com/43/105915799_773f68637f_o.jpg,https://creativecommons.org/licenses/by/2.0/,Joe Shlabotnik,New Car
window,Window,0433fe487a1775f1,https://c4.staticflickr.com/4/3239/3087757383_654452758d_z.jpg,https://farm2.staticflickr.com/3239/3087757383_8bb2cd52c2_o.jpg,https://creativecommons.org/licenses/by/2.0/,Bart Everson,Occupied
window,Window,0464eb56ce511db6,https://c1.staticflickr.com/5/4048/4471690976_faca290485_z.jpg,https://farm7.staticflickr.com/4048/4471690976_875bbebd03_o.jpg,https://creativecommons.org/licenses/by/2.0/,Matt,2001 Ford Taurus For Sale
window,Window,04d99f31fa5f4602,https://c3.staticflickr.com/8/7548/15832383159_6594641e26_z.jpg,https://farm3.staticflickr.com/7548/15832383159_c663de9011_o.jpg,https://creativecommons.org/licenses/by/2.0/,準建築人手札網站 Forgemind ArchiMedia,DSC72601 - 2014-1214 深圳街景
window,Window,05758addf1bf4dcf,https://c6.staticflickr.com/4/3867/14916691525_694c1a3d41_z.jpg,https://c8.staticflickr.com/4/3867/14916691525_e82fc1727b_o.jpg,https://creativecommons.org/licenses/by/2.0/,alainalele,un balcon bien rempli
window,Window,05d9089b7edfe89f,https://c3.staticflickr.com/9/8391/8586901989_b13483c616_z.jpg,https://c8.staticflickr.com/9/8391/8586901989_fab64f6519_o.jpg,https://creativecommons.org/licenses/by/2.0/,Ed Bierman,"Sequoia Union High School, Redwood City, CA"
window,Window,060549b24a2a7b8a,https://c3.staticflickr.com/8/7182/6936766929_69ac2ea70f_z.jpg,https://c3.staticflickr.com/8/7182/6936766929_fb8bba83d0_o.jpg,https://creativecommons.org/licenses/by/2.0/,Nicholas Eckhart,"Medina, Ohio Kmart closing (former Super Kmart)"
window,Window,060c7fa6287df581,https://c8.staticflickr.com/7/6192/6042998704_6a68855484_z.jpg,https://farm2.staticflickr.com/6192/6042998704_6dff0d676c_o.jpg,https://creativecommons.org/licenses/by/2.0/,GregBowie,P1020142
window,Window,061ea2a99086fa92,https://c6.staticflickr.com/6/5136/5466452063_bed6279eb7_z.jpg,https://farm3.staticflickr.com/5136/5466452063_7ab7e9e177_o.jpg,https://creativecommons.org/licenses/by/2.0/,MC Quinn,Intermission
window,Window,06294ef356d77e7e,https://c6.staticflickr.com/5/4122/4831309246_afcf359ebd_z.jpg,https://c7.staticflickr.com/5/4122/4831309246_e16e50eccc_o.jpg,https://creativecommons.org/licenses/by/2.0/,BUICK REGAL,2011 Buick Regal lunch and learn
window,Window,062fdf17c3f8bd80,https://c6.staticflickr.com/1/145/387273074_5abcb90d14_z.jpg,https://farm1.staticflickr.com/145/387273074_5abcb90d14_o.jpg,https://creativecommons.org/licenses/by/2.0/,morebyless,Top of Sears Tower looking towards intersection
window,Window,063b11e981ae1db4,https://c1.staticflickr.com/4/3366/4631463437_aa2348ae77_z.jpg,https://farm5.staticflickr.com/3366/4631463437_7021140036_o.jpg,https://creativecommons.org/licenses/by/2.0/,Abhishek Kumar,Tour of the Handicrafts and Handloom Industry - Gangtok
window,Window,068e474ba9f4786c,https://c7.staticflickr.com/2/1285/4672044859_4470bc9fd0_z.jpg,https://c5.staticflickr.com/2/1285/4672044859_58f2669e17_o.jpg,https://creativecommons.org/licenses/by/2.0/,Steve Kuenstler,Indy Wall
window,Window,06abee1b81a7f668,https://c1.staticflickr.com/9/8350/8235568493_dd2bc18166_z.jpg,https://c1.staticflickr.com/9/8350/8235568493_623e1db2a1_o.jpg,https://creativecommons.org/licenses/by/2.0/,Paul Sableman,Guy in Cool Cadillac on Natural Bridge
window,Window,078fd9c0bc511fea,https://c1.staticflickr.com/1/552/19382646200_2a1ac957fd_z.jpg,https://c3.staticflickr.com/1/552/19382646200_e2ca34385c_o.jpg,https://creativecommons.org/licenses/by/2.0/,Glarus,"Ennenda Alp Begligen, Gemeinde Glarus"
window,Window,07b3a3344f93d5fe,https://c4.staticflickr.com/3/2073/2362331766_f05ff58115_z.jpg,https://c7.staticflickr.com/3/2073/2362331766_ecedcce7b3_o.jpg,https://creativecommons.org/licenses/by/2.0/,Robert Cutts,"The Post Office, Pilgrim’s Rest"
window,Window,07d5ccdc241cdb1a,https://c6.staticflickr.com/3/2728/4428525045_c64d28f53c_z.jpg,https://c3.staticflickr.com/3/2728/4428525045_fc9dddfe2a_o.jpg,https://creativecommons.org/licenses/by/2.0/,John Benson,Yet another old building
window,Window,0826a39ed3c7229a,https://c4.staticflickr.com/1/90/277582568_503dbc90ff_z.jpg,https://c3.staticflickr.com/1/90/277582568_503dbc90ff_o.jpg,https://creativecommons.org/licenses/by/2.0/,jean-louis Zimmermann,"Auberge de la grand Font (MARIGNY,FR03)"
window,Window,08682945bc30aaf5,https://c3.staticflickr.com/9/8651/16520132629_67e4d2edb8_z.jpg,https://farm6.staticflickr.com/8651/16520132629_a095bdeef9_o.jpg,https://creativecommons.org/licenses/by/2.0/,lraul06,"Catholic church, Oituz / Gorzafalva, Romania"
window,Window,091af8d4a3c6c6f1,https://c1.staticflickr.com/4/3098/2582556452_40548fa700_z.jpg,https://farm2.staticflickr.com/3098/2582556452_17441fc923_o.jpg,https://creativecommons.org/licenses/by/2.0/,Chris Phan,"my old apartment, turned into a condo!"
window,Window,09453a7c716a9ef3,https://c7.staticflickr.com/1/114/284610248_4fd3e645d9_z.jpg,https://farm4.staticflickr.com/114/284610248_4fd3e645d9_o.jpg,https://creativecommons.org/licenses/by/2.0/,Jacob Bøtter,Rainy day
window,Window,0976ba69fb97127e,https://c7.staticflickr.com/8/7288/16857287505_6d3fc267c3_z.jpg,https://c7.staticflickr.com/8/7288/16857287505_2fc638a560_o.jpg,https://creativecommons.org/licenses/by/2.0/,Gobierno Cholula,18 Marzo 2015. María del Carmen en entrega aula en J.N. Margarita Guarneros de Tepontla.
window,Window,097d056ffa82fced,https://c4.staticflickr.com/4/3841/15205925462_be701317b3_z.jpg,https://c6.staticflickr.com/4/3841/15205925462_f129a4434e_o.jpg,https://creativecommons.org/licenses/by/2.0/,Cinty Ionescu,Vulcan church
window,Window,097d0f5ab01ca8fe,https://c4.staticflickr.com/4/3214/3125761906_e62831b4c3_z.jpg,https://c7.staticflickr.com/4/3214/3125761906_927508f6d1_o.jpg,https://creativecommons.org/licenses/by/2.0/,Shane McGraw,iced to the ground
window,Window,09f8b77a88f224d9,https://c5.staticflickr.com/7/6123/5959784801_539d661945_z.jpg,https://c2.staticflickr.com/7/6123/5959784801_fc7ff66320_o.jpg,https://creativecommons.org/licenses/by/2.0/,Eric E Castro,Zero emissions now
window,Window,0a3f577a327ca7cc,https://c2.staticflickr.com/8/7534/16092212531_a89cc4a7b2_z.jpg,https://c5.staticflickr.com/8/7534/16092212531_e7f6f25efb_o.jpg,https://creativecommons.org/licenses/by/2.0/,Seniju,.
window,Window,0a47e7d602855f93,https://c5.staticflickr.com/9/8036/7896944344_f4edbe4475_z.jpg,https://farm4.staticflickr.com/8036/7896944344_7a27762f99_o.jpg,https://creativecommons.org/licenses/by/2.0/,Carlos Pacheco,Our Ride!
window,Window,0a556c8163b58fae,https://c3.staticflickr.com/9/8120/8698363417_924f124599_z.jpg,https://c7.staticflickr.com/9/8120/8698363417_85e89f3695_o.jpg,https://creativecommons.org/licenses/by/2.0/,Benjamin Davidson,Downtown Cafe Construction
window,Window,0a7f13330a5d0023,https://c6.staticflickr.com/9/8118/8687652806_7699f62d63_z.jpg,https://farm4.staticflickr.com/8118/8687652806_0f75e37dd5_o.jpg,https://creativecommons.org/licenses/by/2.0/,Pez Pengelly,New freaking Impreza!
window,Window,0a7ffd65766a4741,https://c8.staticflickr.com/5/4145/5181784153_2dfe2f3c44_z.jpg,https://farm2.staticflickr.com/4145/5181784153_0c2de039f6_o.jpg,https://creativecommons.org/licenses/by/2.0/,Dave Conner,Autumn along the river Ness in Inverness Scotland
window,Window,0ade7aef439e2102,https://c7.staticflickr.com/6/5484/14401757950_f83b9b1d87_z.jpg,https://farm3.staticflickr.com/5484/14401757950_5fecca142a_o.jpg,https://creativecommons.org/licenses/by/2.0/,Sarah_Ackerman,silver car
window,Window,0b1e7c2be07dcfed,https://c5.staticflickr.com/1/25/44126350_850f59fff6_z.jpg?zz=1,https://c6.staticflickr.com/1/25/44126350_850f59fff6_o.jpg,https://creativecommons.org/licenses/by/2.0/,Dale Leschnitzer,The Old Rusty Truck
window,Window,0b8ba050b1d83bb7,https://c7.staticflickr.com/3/2577/3666184505_6657626dd1_z.jpg?zz=1,https://farm8.staticflickr.com/2577/3666184505_3cff63aedd_o.jpg,https://creativecommons.org/licenses/by/2.0/,Hugo Pardo Kuklinski,MIT edificio principal
window,Window,0ba9d2cc31b93d70,https://c3.staticflickr.com/9/8262/8712032568_242b49d524_z.jpg,https://farm1.staticflickr.com/8262/8712032568_6d668220be_o.jpg,https://creativecommons.org/licenses/by/2.0/,Garry Knight,The Two Brewers
window,Window,0c756c9366a8cb10,https://c5.staticflickr.com/6/5208/5261159714_ba6c37738d_z.jpg,https://farm1.staticflickr.com/5208/5261159714_b23ee37ac0_o.jpg,https://creativecommons.org/licenses/by/2.0/,caoscarioca,Estacionamento Irregular Gero Ipanema (3)
window,Window,0caaa43e6d1ff03b,https://c6.staticflickr.com/6/5121/5344597497_509bbcecc5_z.jpg,https://c4.staticflickr.com/6/5121/5344597497_f7202be1cc_o.jpg,https://creativecommons.org/licenses/by/2.0/,Dave Walker,’66 Shelby Cobra 427
window,Window,0cda1863ee21cd0e,https://c7.staticflickr.com/2/1438/4598607529_6d7b23534c_z.jpg,https://c7.staticflickr.com/2/1438/4598607529_665860b91d_o.jpg,https://creativecommons.org/licenses/by/2.0/,Prefeitura de Sete Lagoas,Cidade de Deus ganha ambulância
window,Window,0cdeaf8125c57fce,https://c7.staticflickr.com/3/2557/3910990920_9531e16d04_z.jpg?zz=1,https://c7.staticflickr.com/3/2557/3910990920_1f3171ab94_o.jpg,https://creativecommons.org/licenses/by/2.0/,Rory MacLeod,Girl in car
window,Window,0db3f7fb0dcdf88c,https://c4.staticflickr.com/1/41/119598029_612f7cc153_z.jpg,https://c5.staticflickr.com/1/41/119598029_612f7cc153_o.jpg,https://creativecommons.org/licenses/by/2.0/,Andre Charland,100_4359
window,Window,0df49be355be1f96,https://c6.staticflickr.com/3/2880/9990554543_6e89a4a527_z.jpg,https://farm7.staticflickr.com/2880/9990554543_43fac76191_o.jpg,https://creativecommons.org/licenses/by/2.0/,Colleen Benelli,DSC_0182
window,Window,0ea348d424e5e295,https://c1.staticflickr.com/5/4025/4695743691_49610d58b5_z.jpg,https://farm6.staticflickr.com/4025/4695743691_28d13d9a7a_o.jpg,https://creativecommons.org/licenses/by/2.0/,P K,prague - ancient sewer pumping station
window,Window,0ec036f6e014c1b0,https://c1.staticflickr.com/8/7300/9495227573_7f04fb17fb_z.jpg,https://farm1.staticflickr.com/7300/9495227573_7dfc0f11c0_o.jpg,https://creativecommons.org/licenses/by/2.0/,Paul Arps,"Chateau du Moulin Rouge, Cussac Fort Medoc (France 2013)"
wine,Wine,01dc49e587b180a4,https://c7.staticflickr.com/9/8063/8175286164_4439ffc5c0_z.jpg,https://farm5.staticflickr.com/8063/8175286164_60408ec5aa_o.jpg,https://creativecommons.org/licenses/by/2.0/,Vladimir Terán Altamirano,"Gente de Lima, Perú"
wine,Wine,031244297d177089,https://c5.staticflickr.com/5/4051/4685520190_2c48168f3b_z.jpg,https://c2.staticflickr.com/5/4051/4685520190_97ac0a9776_o.jpg,https://creativecommons.org/licenses/by/2.0/,snowpea&amp;bokchoi,Alcohol for the Bisque
wine,Wine,03868cb89ff15f9d,https://c5.staticflickr.com/4/3886/15175835669_9fc4d75441_z.jpg,https://c6.staticflickr.com/4/3886/15175835669_3841d822bb_o.jpg,https://creativecommons.org/licenses/by/2.0/,Didriks,Didriks Glassware
wine,Wine,04d9284ebdc41aeb,https://c5.staticflickr.com/4/3454/3361175734_52e7f2d46e_z.jpg,https://c4.staticflickr.com/4/3454/3361175734_be3f97d754_o.jpg,https://creativecommons.org/licenses/by/2.0/,Adrian Price,Big Cock-Red
wine,Wine,0798321a39c00de9,https://c1.staticflickr.com/3/2457/3963271641_11312b0de8_z.jpg,https://c2.staticflickr.com/3/2457/3963271641_b945538722_o.jpg,https://creativecommons.org/licenses/by/2.0/,Jérôme Decq,Tasting &quot;méthode champenoise&quot; by Mumm
wine,Wine,0acfa779589204bf,https://c5.staticflickr.com/9/8503/8334654948_4c890303ea_z.jpg,https://c8.staticflickr.com/9/8503/8334654948_587b540fdd_o.jpg,https://creativecommons.org/licenses/by/2.0/,Tammy Strobel,Date night with @loganenator!
wine,Wine,10fd5df6c15ddcad,https://c1.staticflickr.com/4/3365/3409131686_9cabfaaae8_z.jpg,https://c6.staticflickr.com/4/3365/3409131686_b40da886c7_o.jpg,https://creativecommons.org/licenses/by/2.0/,Monica Arellano-Ongpin,"Bottiglia ubriaca, chilling out"
wine,Wine,14f3cf0bf538d81c,https://c3.staticflickr.com/3/2909/14296803258_39faaeb4f2_z.jpg,https://c5.staticflickr.com/3/2909/14296803258_1cf58840fa_o.jpg,https://creativecommons.org/licenses/by/2.0/,Deeped Niclas &amp; Amanda Strandh,Midsummer table
wine,Wine,15c473ae47357d22,https://c4.staticflickr.com/6/5164/5356329846_d661e42168_z.jpg,https://farm3.staticflickr.com/5164/5356329846_09869c488d_o.jpg,https://creativecommons.org/licenses/by/2.0/,bradleypjohnson,11/365: Nice Rack
wine,Wine,17135174fbbf3301,https://c2.staticflickr.com/4/3197/2835619435_f015dfc603_z.jpg,https://farm2.staticflickr.com/3197/2835619435_2734b6c3af_o.jpg,https://creativecommons.org/licenses/by/2.0/,Yusuke Kawasaki,Rheinhessen 2005ER Weisser Burqunder Trocken
wine,Wine,1a04c113301b09f8,https://c7.staticflickr.com/6/5049/5278920808_abd9b9a10a_z.jpg,https://c1.staticflickr.com/6/5049/5278920808_0bf2d15a23_o.jpg,https://creativecommons.org/licenses/by/2.0/,Jenn Lowther,Why yes I think I will. Cc @shannonrich
wine,Wine,1b55f9174167a8d3,https://c7.staticflickr.com/8/7044/6890960741_1ed80bf9dc_z.jpg,https://farm4.staticflickr.com/7044/6890960741_a10ee93d69_o.jpg,https://creativecommons.org/licenses/by/2.0/,Rick McCharles,world's best beer glass
wine,Wine,1b75ec99a2b81fa6,https://c8.staticflickr.com/1/144/347684238_190706c33e_z.jpg?zz=1,https://farm7.staticflickr.com/144/347684238_190706c33e_o.jpg,https://creativecommons.org/licenses/by/2.0/,iza p,Untitled
wine,Wine,21d68297ff292660,https://c2.staticflickr.com/8/7441/12208094286_a2cf3b642c_z.jpg,https://farm1.staticflickr.com/7441/12208094286_495e34037a_o.jpg,https://creativecommons.org/licenses/by/2.0/,Tiffany Ronquillo,Tabletop
wine,Wine,24e7a124ecb7ef0f,https://c3.staticflickr.com/1/3/4858959_fc2258c663_z.jpg,https://c8.staticflickr.com/1/3/4858959_fc2258c663_o.jpg,https://creativecommons.org/licenses/by/2.0/,Paul IJsendoorn,Red wine duo
wine,Wine,291f50e909f7872e,https://c7.staticflickr.com/7/6010/5936596485_63a5f050b0_z.jpg,https://c7.staticflickr.com/7/6010/5936596485_0d65e65049_o.jpg,https://creativecommons.org/licenses/by/2.0/,Grant Wickes,DFWSEM Meeting July 2011 Photo 0227
wine,Wine,2ca98d21a076b2ce,https://c3.staticflickr.com/3/2782/4233644399_121e1fb12e_z.jpg?zz=1,https://c7.staticflickr.com/3/2782/4233644399_60c9b389a9_o.jpg,https://creativecommons.org/licenses/by/2.0/,dee &amp; tula monstah,Project 365: 12-25-09 Toast!
wine,Wine,2e5d9de8947258de,https://c8.staticflickr.com/3/2676/5755010560_2a1a57798a_z.jpg,https://c7.staticflickr.com/3/2676/5755010560_ccae643548_o.jpg,https://creativecommons.org/licenses/by/2.0/,cezzie901,Woo Woo (Lucy's drink)
wine,Wine,312a45c39d792095,https://c2.staticflickr.com/4/3168/2640118043_80ebcfc03d_z.jpg,https://farm6.staticflickr.com/3168/2640118043_a1b6aa79fb_o.jpg,https://creativecommons.org/licenses/by/2.0/,wiccahwang,DSCN8214
wine,Wine,31faa0ce7b2766b4,https://c6.staticflickr.com/6/5605/15554810938_a659be2a69_z.jpg,https://farm5.staticflickr.com/5605/15554810938_09539f73be_o.jpg,https://creativecommons.org/licenses/by/2.0/,Chris Owen,When they began the #SeabournFoodandWineCruise Wine Semjnar they loved wine
wine,Wine,3281d2ca06f27c92,https://c4.staticflickr.com/3/2822/11693421855_1420f1f040_z.jpg,https://farm3.staticflickr.com/2822/11693421855_2315884e65_o.jpg,https://creativecommons.org/licenses/by/2.0/,Ayca Wilson,NYE 2013 in London
wine,Wine,38a18dda6a0e761f,https://c6.staticflickr.com/2/1084/1239294940_124e8564b1_z.jpg,https://c8.staticflickr.com/2/1084/1239294940_55326d4975_o.jpg,https://creativecommons.org/licenses/by/2.0/,SLR Jester,IMG_0837
wine,Wine,392c3c9f706c5bb5,https://c6.staticflickr.com/9/8456/8007460788_0e258f8a92_z.jpg,https://farm6.staticflickr.com/8456/8007460788_6c45883afe_o.jpg,https://creativecommons.org/licenses/by/2.0/,Olivier GENDRIN,Vino Dell’ Amore
wine,Wine,3d3324b8ac298d83,https://c2.staticflickr.com/4/3059/3090313054_28fffa38b1_z.jpg,https://farm4.staticflickr.com/3059/3090313054_315ab2272a_o.jpg,https://creativecommons.org/licenses/by/2.0/,Elin B,Vintage Bollinger
wine,Wine,41252915ac13a574,https://c5.staticflickr.com/4/3480/3981432958_93b6cd061f_z.jpg,https://farm5.staticflickr.com/3480/3981432958_f37a011ffd_o.jpg,https://creativecommons.org/licenses/by/2.0/,Jose Mesa,10 Mercado del Agricultor Güímar. Inauguración. 6 Octubre 2004
wine,Wine,419e1902dcac2d77,https://c6.staticflickr.com/1/233/448242267_6a9b4dd660_z.jpg?zz=1,https://farm8.staticflickr.com/233/448242267_d6de1f025d_o.jpg,https://creativecommons.org/licenses/by/2.0/,Evan Bench,Jamon Iberico de Bellota
wine,Wine,43f2a4b7197637ff,https://c1.staticflickr.com/9/8087/8543511087_6cc9496997_z.jpg,https://c8.staticflickr.com/9/8087/8543511087_b65f537b8d_o.jpg,https://creativecommons.org/licenses/by/2.0/,Martin Hesketh,Wine night
wine,Wine,450d4ffc19548f56,https://c1.staticflickr.com/3/2714/4070007153_ec452e5902_z.jpg,https://farm7.staticflickr.com/2714/4070007153_112529df2e_o.jpg,https://creativecommons.org/licenses/by/2.0/,Kuba Bożanowski,Crocodile Rock
wine,Wine,47db10f7a2610f87,https://c4.staticflickr.com/1/26/59876412_9ab7fc9642_z.jpg?zz=1,https://farm8.staticflickr.com/26/59876412_9ab7fc9642_o.jpg,https://creativecommons.org/licenses/by/2.0/,April Killingsworth,Big Decisions
wine,Wine,487815c82c579830,https://c8.staticflickr.com/3/2097/2258189812_737be29eaf_z.jpg?zz=1,https://farm1.staticflickr.com/2097/2258189812_98f8dcc2f1_o.jpg,https://creativecommons.org/licenses/by/2.0/,Kasia,Cheers!!!
wine,Wine,48e7aacdb6423790,https://c1.staticflickr.com/4/3524/3253953982_faf028a9b5_z.jpg?zz=1,https://farm1.staticflickr.com/3524/3253953982_8f51c4b06a_o.jpg,https://creativecommons.org/licenses/by/2.0/,Endre Somogyi,glass.
wine,Wine,508252750223d78f,https://c8.staticflickr.com/1/32/66728264_951ec4c030_z.jpg,https://c8.staticflickr.com/1/32/66728264_951ec4c030_o.jpg,https://creativecommons.org/licenses/by/2.0/,Bryce Edwards,Untitled
wine,Wine,560df95288a192ac,https://c2.staticflickr.com/1/176/465026592_32ee6c8978_z.jpg?zz=1,https://c5.staticflickr.com/1/176/465026592_2deca822e4_o.jpg,https://creativecommons.org/licenses/by/2.0/,tokyofoodcast,Sakaya kurihara
wine,Wine,56ec7ec32411df66,https://c1.staticflickr.com/8/7279/7615320302_ee67863642_z.jpg,https://farm7.staticflickr.com/7279/7615320302_7d53200121_o.jpg,https://creativecommons.org/licenses/by/2.0/,Nick Loyless,Great Divide Brewing Co.
wine,Wine,5847ef17fa137eea,https://c8.staticflickr.com/3/2089/1856684672_96866477ee_z.jpg,https://c3.staticflickr.com/3/2089/1856684672_e86cb056df_o.jpg,https://creativecommons.org/licenses/by/2.0/,Wendy Harman,Linden wine
wine,Wine,58798929a694cd43,https://c2.staticflickr.com/8/7449/9500723143_f958f48fa0_z.jpg,https://farm4.staticflickr.com/7449/9500723143_4385a1d501_o.jpg,https://creativecommons.org/licenses/by/2.0/,Kārlis Dambrāns,Prestigio Multiphone 5430 event
wine,Wine,58e8d7e41cd8bd51,https://c5.staticflickr.com/8/7115/7021566039_5a1aba0632_z.jpg,https://farm2.staticflickr.com/7115/7021566039_7a6b3ebd1e_o.jpg,https://creativecommons.org/licenses/by/2.0/,Carl Milner,Its a Sauvignon Sunset in Leeds tonight :)
wine,Wine,64221d2612cb9770,https://c4.staticflickr.com/3/2694/4118784372_7d002eec8c_z.jpg,https://farm1.staticflickr.com/2694/4118784372_25e4e7f572_o.jpg,https://creativecommons.org/licenses/by/2.0/,Ingrid Taylar,Backlit Sidecar
wine,Wine,65811e5dc50f89e2,https://c2.staticflickr.com/5/4017/4695378255_6c935e08bf_z.jpg,https://farm3.staticflickr.com/4017/4695378255_93b2fcd7b2_o.jpg,https://creativecommons.org/licenses/by/2.0/,Roanish,Bollinger in a hotel glass.
wine,Wine,65bc5e5a83bc7647,https://c4.staticflickr.com/1/338/18460549230_1e7d6eac8e_z.jpg,https://farm8.staticflickr.com/338/18460549230_2137191789_o.jpg,https://creativecommons.org/licenses/by/2.0/,FotoPlus Collective,Volunteer2015_013_FotoPlus
wine,Wine,6c1af88ce6699fbb,https://c2.staticflickr.com/4/3807/9613412745_18c4d28433_z.jpg,https://c4.staticflickr.com/4/3807/9613412745_fd905a5a8a_o.jpg,https://creativecommons.org/licenses/by/2.0/,rch850,"2010 Grand Bateau Rouge, Bordeaux"
wine,Wine,6c277643925fdb38,https://c6.staticflickr.com/3/2114/2187233338_a5b9675e46_z.jpg?zz=1,https://c1.staticflickr.com/3/2114/2187233338_6c9d220a86_o.jpg,https://creativecommons.org/licenses/by/2.0/,Alexa,DSC_0349.JPG
wine,Wine,7290c66c57edfdc5,https://c8.staticflickr.com/1/39/80012742_4f9cd9a6de_z.jpg,https://farm6.staticflickr.com/39/80012742_4f9cd9a6de_o.jpg,https://creativecommons.org/licenses/by/2.0/,tracy ducasse,Untitled
wine,Wine,792df257e39f4750,https://c8.staticflickr.com/6/5097/5440452251_6566f97f70_z.jpg,https://farm1.staticflickr.com/5097/5440452251_01fc8c61ca_o.jpg,https://creativecommons.org/licenses/by/2.0/,Dave Nakayama,Rye concoction
wine,Wine,7d56049eb3de444a,https://c5.staticflickr.com/9/8067/8154738510_6e6d1afecb_z.jpg,https://c3.staticflickr.com/9/8067/8154738510_1eaef32331_o.jpg,https://creativecommons.org/licenses/by/2.0/,Christer Edvartsen,Nils Hansen India Brown Ale
wine,Wine,7f9b7127d1a88a82,https://c3.staticflickr.com/1/164/356568188_faca430d9e_z.jpg?zz=1,https://farm3.staticflickr.com/164/356568188_faca430d9e_o.jpg,https://creativecommons.org/licenses/by/2.0/,Rick,Frodo the bartender.
wine,Wine,86389117eb778754,https://c4.staticflickr.com/8/7453/12978383633_f889a05dde_z.jpg,https://farm5.staticflickr.com/7453/12978383633_43f16331e9_o.jpg,https://creativecommons.org/licenses/by/2.0/,Les Orchard,I think green bush has become one of my top fave breweries
wine,Wine,874f0a9275b8ed9b,https://c7.staticflickr.com/9/8522/8538709738_0e2f5bb2ab_z.jpg,https://c4.staticflickr.com/9/8522/8538709738_64b8258e6f_o.jpg,https://creativecommons.org/licenses/by/2.0/,Uncalno Tekno,Wine
wine,Wine,8cf6f25f08e058f0,https://c4.staticflickr.com/4/3700/12272023406_d5824490b5_z.jpg,https://farm1.staticflickr.com/3700/12272023406_98d47f86cf_o.jpg,https://creativecommons.org/licenses/by/2.0/,Juan Carlos Guijarro Moreno,Habrá que hacerle caso
wine,Wine,8f5895b7b49f26a8,https://c4.staticflickr.com/9/8729/16797949843_de79f9938b_z.jpg,https://c1.staticflickr.com/9/8729/16797949843_a56c078fd2_o.jpg,https://creativecommons.org/licenses/by/2.0/,Luca Boldrini,P5070267
wine_glass,Wine glass,01d160559286c930,https://c1.staticflickr.com/6/5476/9501631298_f0942e5a0f_z.jpg,https://farm1.staticflickr.com/5476/9501631298_d1ece3f980_o.jpg,https://creativecommons.org/licenses/by/2.0/,Moritz Barcelona,Copes i gots Moritz
wine_glass,Wine glass,04d9284ebdc41aeb,https://c5.staticflickr.com/4/3454/3361175734_52e7f2d46e_z.jpg,https://c4.staticflickr.com/4/3454/3361175734_be3f97d754_o.jpg,https://creativecommons.org/licenses/by/2.0/,Adrian Price,Big Cock-Red
wine_glass,Wine glass,106c8de22ed8d1d4,https://c7.staticflickr.com/5/4088/5180240737_362ddf84ff_z.jpg,https://farm5.staticflickr.com/4088/5180240737_5ba329c4b4_o.jpg,https://creativecommons.org/licenses/by/2.0/,docmonstereyes,IMG_7681
wine_glass,Wine glass,1220e474e709cdf1,https://c7.staticflickr.com/3/2884/9088230185_8af50abb7d_z.jpg,https://farm2.staticflickr.com/2884/9088230185_691bd07457_o.jpg,https://creativecommons.org/licenses/by/2.0/,Michael Sheehan,This is called the #hashtag! It's really good! #vipkloutexperts
wine_glass,Wine glass,17135174fbbf3301,https://c2.staticflickr.com/4/3197/2835619435_f015dfc603_z.jpg,https://farm2.staticflickr.com/3197/2835619435_2734b6c3af_o.jpg,https://creativecommons.org/licenses/by/2.0/,Yusuke Kawasaki,Rheinhessen 2005ER Weisser Burqunder Trocken
wine_glass,Wine glass,194811f0301a267a,https://c7.staticflickr.com/4/3732/13128192265_51a24ee9aa_z.jpg,https://c3.staticflickr.com/4/3732/13128192265_4aa261f62d_o.jpg,https://creativecommons.org/licenses/by/2.0/,316th ESC,IMG_5997
wine_glass,Wine glass,1a04c113301b09f8,https://c7.staticflickr.com/6/5049/5278920808_abd9b9a10a_z.jpg,https://c1.staticflickr.com/6/5049/5278920808_0bf2d15a23_o.jpg,https://creativecommons.org/licenses/by/2.0/,Jenn Lowther,Why yes I think I will. Cc @shannonrich
wine_glass,Wine glass,1b75ec99a2b81fa6,https://c8.staticflickr.com/1/144/347684238_190706c33e_z.jpg?zz=1,https://farm7.staticflickr.com/144/347684238_190706c33e_o.jpg,https://creativecommons.org/licenses/by/2.0/,iza p,Untitled
wine_glass,Wine glass,1bcc3a294ca5d0fd,https://c8.staticflickr.com/6/5615/15191672594_1e7258b9b8_z.jpg,https://c6.staticflickr.com/6/5615/15191672594_51027a5e99_o.jpg,https://creativecommons.org/licenses/by/2.0/,jwalsh,IMG_20141115_171259
wine_glass,Wine glass,21d68297ff292660,https://c2.staticflickr.com/8/7441/12208094286_a2cf3b642c_z.jpg,https://farm1.staticflickr.com/7441/12208094286_495e34037a_o.jpg,https://creativecommons.org/licenses/by/2.0/,Tiffany Ronquillo,Tabletop
wine_glass,Wine glass,227baf99c9e2c2b8,https://c1.staticflickr.com/5/4139/4744449645_e91c0c8f67_z.jpg,https://c1.staticflickr.com/5/4139/4744449645_7cc77eb4d8_o.jpg,https://creativecommons.org/licenses/by/2.0/,Robert Freiberger,5dmk2_-1677-81
wine_glass,Wine glass,24e7a124ecb7ef0f,https://c3.staticflickr.com/1/3/4858959_fc2258c663_z.jpg,https://c8.staticflickr.com/1/3/4858959_fc2258c663_o.jpg,https://creativecommons.org/licenses/by/2.0/,Paul IJsendoorn,Red wine duo
wine_glass,Wine glass,291f50e909f7872e,https://c7.staticflickr.com/7/6010/5936596485_63a5f050b0_z.jpg,https://c7.staticflickr.com/7/6010/5936596485_0d65e65049_o.jpg,https://creativecommons.org/licenses/by/2.0/,Grant Wickes,DFWSEM Meeting July 2011 Photo 0227
wine_glass,Wine glass,2ca98d21a076b2ce,https://c3.staticflickr.com/3/2782/4233644399_121e1fb12e_z.jpg?zz=1,https://c7.staticflickr.com/3/2782/4233644399_60c9b389a9_o.jpg,https://creativecommons.org/licenses/by/2.0/,dee &amp; tula monstah,Project 365: 12-25-09 Toast!
wine_glass,Wine glass,31d8491aa40b6acb,https://c5.staticflickr.com/9/8009/7482130098_21af39a0bb_z.jpg,https://c4.staticflickr.com/9/8009/7482130098_623150b1ed_o.jpg,https://creativecommons.org/licenses/by/2.0/,Luis Avilesortiz,fun (69 of 80)
wine_glass,Wine glass,31faa0ce7b2766b4,https://c6.staticflickr.com/6/5605/15554810938_a659be2a69_z.jpg,https://farm5.staticflickr.com/5605/15554810938_09539f73be_o.jpg,https://creativecommons.org/licenses/by/2.0/,Chris Owen,When they began the #SeabournFoodandWineCruise Wine Semjnar they loved wine
wine_glass,Wine glass,3281d2ca06f27c92,https://c4.staticflickr.com/3/2822/11693421855_1420f1f040_z.jpg,https://farm3.staticflickr.com/2822/11693421855_2315884e65_o.jpg,https://creativecommons.org/licenses/by/2.0/,Ayca Wilson,NYE 2013 in London
wine_glass,Wine glass,363b20c1602ae5fb,https://c8.staticflickr.com/4/3868/15187895975_c7424d3e1f_z.jpg,https://c4.staticflickr.com/4/3868/15187895975_eca0ee95b5_o.jpg,https://creativecommons.org/licenses/by/2.0/,This is Edinburgh,"Quincentenary Conference Centre, Edinburgh"
wine_glass,Wine glass,38a18dda6a0e761f,https://c6.staticflickr.com/2/1084/1239294940_124e8564b1_z.jpg,https://c8.staticflickr.com/2/1084/1239294940_55326d4975_o.jpg,https://creativecommons.org/licenses/by/2.0/,SLR Jester,IMG_0837
wine_glass,Wine glass,392c3c9f706c5bb5,https://c6.staticflickr.com/9/8456/8007460788_0e258f8a92_z.jpg,https://farm6.staticflickr.com/8456/8007460788_6c45883afe_o.jpg,https://creativecommons.org/licenses/by/2.0/,Olivier GENDRIN,Vino Dell’ Amore
wine_glass,Wine glass,3ba5380490084697,https://c7.staticflickr.com/3/2436/3644390118_6e1b17405b_z.jpg,https://farm8.staticflickr.com/2436/3644390118_e090e324e4_o.jpg,https://creativecommons.org/licenses/by/2.0/,J B,Leffe
wine_glass,Wine glass,3d3324b8ac298d83,https://c2.staticflickr.com/4/3059/3090313054_28fffa38b1_z.jpg,https://farm4.staticflickr.com/3059/3090313054_315ab2272a_o.jpg,https://creativecommons.org/licenses/by/2.0/,Elin B,Vintage Bollinger
wine_glass,Wine glass,419e1902dcac2d77,https://c6.staticflickr.com/1/233/448242267_6a9b4dd660_z.jpg?zz=1,https://farm8.staticflickr.com/233/448242267_d6de1f025d_o.jpg,https://creativecommons.org/licenses/by/2.0/,Evan Bench,Jamon Iberico de Bellota
wine_glass,Wine glass,43f2a4b7197637ff,https://c1.staticflickr.com/9/8087/8543511087_6cc9496997_z.jpg,https://c8.staticflickr.com/9/8087/8543511087_b65f537b8d_o.jpg,https://creativecommons.org/licenses/by/2.0/,Martin Hesketh,Wine night
wine_glass,Wine glass,450d4ffc19548f56,https://c1.staticflickr.com/3/2714/4070007153_ec452e5902_z.jpg,https://farm7.staticflickr.com/2714/4070007153_112529df2e_o.jpg,https://creativecommons.org/licenses/by/2.0/,Kuba Bożanowski,Crocodile Rock
wine_glass,Wine glass,47db10f7a2610f87,https://c4.staticflickr.com/1/26/59876412_9ab7fc9642_z.jpg?zz=1,https://farm8.staticflickr.com/26/59876412_9ab7fc9642_o.jpg,https://creativecommons.org/licenses/by/2.0/,April Killingsworth,Big Decisions
wine_glass,Wine glass,48e7aacdb6423790,https://c1.staticflickr.com/4/3524/3253953982_faf028a9b5_z.jpg?zz=1,https://farm1.staticflickr.com/3524/3253953982_8f51c4b06a_o.jpg,https://creativecommons.org/licenses/by/2.0/,Endre Somogyi,glass.
wine_glass,Wine glass,5390b14e76fa6eab,https://c6.staticflickr.com/4/3199/2835218036_05b98da168_z.jpg?zz=1,https://c4.staticflickr.com/4/3199/2835218036_1de2cccd40_o.jpg,https://creativecommons.org/licenses/by/2.0/,uosɐɾ ɹnɥʇɹɐɔɯ,"Amalfi Limoncello, Digestif"
wine_glass,Wine glass,5847ef17fa137eea,https://c8.staticflickr.com/3/2089/1856684672_96866477ee_z.jpg,https://c3.staticflickr.com/3/2089/1856684672_e86cb056df_o.jpg,https://creativecommons.org/licenses/by/2.0/,Wendy Harman,Linden wine
wine_glass,Wine glass,58bc2baa1a5ccdfb,https://c2.staticflickr.com/6/5572/14468175032_98afb3b023_z.jpg,https://c4.staticflickr.com/6/5572/14468175032_900a33cf1b_o.jpg,https://creativecommons.org/licenses/by/2.0/,Mario Riojas,Much better now. #margarita
wine_glass,Wine glass,58e8d7e41cd8bd51,https://c5.staticflickr.com/8/7115/7021566039_5a1aba0632_z.jpg,https://farm2.staticflickr.com/7115/7021566039_7a6b3ebd1e_o.jpg,https://creativecommons.org/licenses/by/2.0/,Carl Milner,Its a Sauvignon Sunset in Leeds tonight :)
wine_glass,Wine glass,59e735f67c87e53c,https://c2.staticflickr.com/4/3066/3423234133_238f541c03_z.jpg,https://c5.staticflickr.com/4/3066/3423234133_5f3a4e0238_o.jpg,https://creativecommons.org/licenses/by/2.0/,bokehaddict,20090407-_MG_0029
wine_glass,Wine glass,64221d2612cb9770,https://c4.staticflickr.com/3/2694/4118784372_7d002eec8c_z.jpg,https://farm1.staticflickr.com/2694/4118784372_25e4e7f572_o.jpg,https://creativecommons.org/licenses/by/2.0/,Ingrid Taylar,Backlit Sidecar
wine_glass,Wine glass,65811e5dc50f89e2,https://c2.staticflickr.com/5/4017/4695378255_6c935e08bf_z.jpg,https://farm3.staticflickr.com/4017/4695378255_93b2fcd7b2_o.jpg,https://creativecommons.org/licenses/by/2.0/,Roanish,Bollinger in a hotel glass.
wine_glass,Wine glass,65bc5e5a83bc7647,https://c4.staticflickr.com/1/338/18460549230_1e7d6eac8e_z.jpg,https://farm8.staticflickr.com/338/18460549230_2137191789_o.jpg,https://creativecommons.org/licenses/by/2.0/,FotoPlus Collective,Volunteer2015_013_FotoPlus
wine_glass,Wine glass,66840f96185e5bd9,https://c5.staticflickr.com/4/3015/3062713643_27e90f3ae8_z.jpg?zz=1,https://c2.staticflickr.com/4/3015/3062713643_64acccc5dd_o.jpg,https://creativecommons.org/licenses/by/2.0/,Sharon Mollerus,Thanksgiving
wine_glass,Wine glass,6c1af88ce6699fbb,https://c2.staticflickr.com/4/3807/9613412745_18c4d28433_z.jpg,https://c4.staticflickr.com/4/3807/9613412745_fd905a5a8a_o.jpg,https://creativecommons.org/licenses/by/2.0/,rch850,"2010 Grand Bateau Rouge, Bordeaux"
wine_glass,Wine glass,7290c66c57edfdc5,https://c8.staticflickr.com/1/39/80012742_4f9cd9a6de_z.jpg,https://farm6.staticflickr.com/39/80012742_4f9cd9a6de_o.jpg,https://creativecommons.org/licenses/by/2.0/,tracy ducasse,Untitled
wine_glass,Wine glass,78b957aaaef79d41,https://c2.staticflickr.com/3/2689/4140365969_c9af99970e_z.jpg,https://farm2.staticflickr.com/2689/4140365969_e568c4121f_o.jpg,https://creativecommons.org/licenses/by/2.0/,Dan Saffer,Thanksgiving Table 2009
wine_glass,Wine glass,792df257e39f4750,https://c8.staticflickr.com/6/5097/5440452251_6566f97f70_z.jpg,https://farm1.staticflickr.com/5097/5440452251_01fc8c61ca_o.jpg,https://creativecommons.org/licenses/by/2.0/,Dave Nakayama,Rye concoction
wine_glass,Wine glass,7ff76c84761e761e,https://c1.staticflickr.com/8/7482/15236300603_10d7ec4fe5_z.jpg,https://c7.staticflickr.com/8/7482/15236300603_a1dee5715b_o.jpg,https://creativecommons.org/licenses/by/2.0/,Glenn J. Mason,A virtual beer with Facebook friends - bitey bitter up front tapers off quickly. Good colour. Serve cold as hell.
wine_glass,Wine glass,81cbf69229343b82,https://c6.staticflickr.com/5/4148/5039727989_24748a5448_z.jpg,https://farm3.staticflickr.com/4148/5039727989_5bbd23a520_o.jpg,https://creativecommons.org/licenses/by/2.0/,Dorine Ruter,"Dorine, Kari, Willem, Els, Jurgen"
wine_glass,Wine glass,8297ce560e5df319,https://c7.staticflickr.com/9/8210/8185312667_0e5d39fc3d_z.jpg,https://c2.staticflickr.com/9/8210/8185312667_0fa76642b0_o.jpg,https://creativecommons.org/licenses/by/2.0/,Ozzy Delaney,A Sellafield Cocktail
wine_glass,Wine glass,857cfd128a025297,https://c5.staticflickr.com/6/5095/5509063486_28b63f4d71_z.jpg,https://farm8.staticflickr.com/5095/5509063486_9d64152b6e_o.jpg,https://creativecommons.org/licenses/by/2.0/,Mark Hillary,Bristol Tavern
wine_glass,Wine glass,874f0a9275b8ed9b,https://c7.staticflickr.com/9/8522/8538709738_0e2f5bb2ab_z.jpg,https://c4.staticflickr.com/9/8522/8538709738_64b8258e6f_o.jpg,https://creativecommons.org/licenses/by/2.0/,Uncalno Tekno,Wine
wine_glass,Wine glass,8dd2a9039f4e85b1,https://c3.staticflickr.com/8/7294/16395698389_bacedeecb7_z.jpg,https://farm2.staticflickr.com/7294/16395698389_62d16d2a1c_o.jpg,https://creativecommons.org/licenses/by/2.0/,Carrie Kaufmann,reception (51)
wine_glass,Wine glass,95798ce02f12b78d,https://c6.staticflickr.com/1/129/405495129_1a67db3716_z.jpg,https://c6.staticflickr.com/1/129/405495129_1a67db3716_o.jpg,https://creativecommons.org/licenses/by/2.0/,Tom Booth,"Wine, Cape Town"
wine_glass,Wine glass,9d7b2b69e8859bc9,https://c7.staticflickr.com/9/8005/6969264806_58c1ded75d_z.jpg,https://c2.staticflickr.com/9/8005/6969264806_e8a9079c59_o.jpg,https://creativecommons.org/licenses/by/2.0/,Digitas Photos,20120425_digitas_6932
wine_glass,Wine glass,9f7464f2318d4675,https://c7.staticflickr.com/5/4144/5058624630_6326da6f6e_z.jpg,https://farm6.staticflickr.com/4144/5058624630_ee0e540900_o.jpg,https://creativecommons.org/licenses/by/2.0/,Jeremy Atkinson,Ventenac (36 of 51)
wine_glass,Wine glass,a1cc464404c4a5a3,https://c4.staticflickr.com/3/2756/4214405513_40718e2d51_z.jpg,https://farm4.staticflickr.com/2756/4214405513_04f6d1a753_o.jpg,https://creativecommons.org/licenses/by/2.0/,Mike Hauser,IMGP2393
wok,Wok,086224b8c3266d3e,https://c4.staticflickr.com/5/4008/4658637402_9276a49d2e_z.jpg,https://c7.staticflickr.com/5/4008/4658637402_68b8f18170_o.jpg,https://creativecommons.org/licenses/by/2.0/,Rebecca Wilson,Escargot
wok,Wok,08bc48ffae1a678a,https://c1.staticflickr.com/5/4088/5018513409_4b0964565e_z.jpg,https://c3.staticflickr.com/5/4088/5018513409_733f2e3b51_o.jpg,https://creativecommons.org/licenses/by/2.0/,Emanuele Spies,;cooking class
wok,Wok,2fafb42e4d885318,https://c6.staticflickr.com/3/2651/3872706928_0bdb76beb5_z.jpg,https://c1.staticflickr.com/3/2651/3872706928_60940180af_o.jpg,https://creativecommons.org/licenses/by/2.0/,Listener42,sunday dinner
wok,Wok,3100f5904ff6a8e3,https://c5.staticflickr.com/3/2238/3921480734_d837afeef6_z.jpg,https://farm4.staticflickr.com/2238/3921480734_baefec305b_o.jpg,https://creativecommons.org/licenses/by/2.0/,kennejima,P1040885
wok,Wok,37a01d37850c3df3,https://c5.staticflickr.com/9/8377/8523327718_2927f3ba2d_z.jpg,https://farm4.staticflickr.com/8377/8523327718_dc94d5648e_o.jpg,https://creativecommons.org/licenses/by/2.0/,ImpromptuKitchen,Bacon Onion Guyere Soup (6 of 10).jpg
wok,Wok,44525445d18bc4e9,https://c8.staticflickr.com/4/3732/12949980434_822304d1cc_z.jpg,https://c2.staticflickr.com/4/3732/12949980434_32e298574c_o.jpg,https://creativecommons.org/licenses/by/2.0/,National Assembly for Wales,St David's Day at the Senedd / Dydd Gŵyl Dewi yn y Senedd 2014
wok,Wok,525f32c72e3ecebc,https://c1.staticflickr.com/2/1331/1226197817_d5aab0198e_z.jpg?zz=1,https://c5.staticflickr.com/2/1331/1226197817_c8f3372dd1_o.jpg,https://creativecommons.org/licenses/by/2.0/,Teresa DownUnder,Brocoli con ajo y anchoas
wok,Wok,680742e474d75e29,https://c4.staticflickr.com/5/4005/4543421347_24cb45b5ef_z.jpg,https://c2.staticflickr.com/5/4005/4543421347_1a440ed1f9_o.jpg,https://creativecommons.org/licenses/by/2.0/,Ian Hughes,New pans at last
wok,Wok,6fae3988b773a543,https://c6.staticflickr.com/7/6106/6305856010_ed9320729f_z.jpg,https://farm4.staticflickr.com/6106/6305856010_6d2b976ab3_o.jpg,https://creativecommons.org/licenses/by/2.0/,Grey World,baked octopus with pimento mash and jelly
wok,Wok,9014b160ff0251d1,https://c8.staticflickr.com/2/1331/1101241841_6513688c90_z.jpg?zz=1,https://farm2.staticflickr.com/1331/1101241841_c2659ed61e_o.jpg,https://creativecommons.org/licenses/by/2.0/,Arnold Gatilao,Jus!
wok,Wok,9abc9d411f09fb86,https://c1.staticflickr.com/3/2941/15106480377_fc08bb8e2c_z.jpg,https://farm7.staticflickr.com/2941/15106480377_c20828babf_o.jpg,https://creativecommons.org/licenses/by/2.0/,S Pakhrin,Taste of Georgetown 2014
wok,Wok,9d072c69cdc1628d,https://c7.staticflickr.com/8/7065/6966734355_9fb31f08c9_z.jpg,https://c6.staticflickr.com/8/7065/6966734355_07bf0cd858_o.jpg,https://creativecommons.org/licenses/by/2.0/,Rich Bowen,Seasoning the wok. http://bit.ly/xsIC3k
wok,Wok,a0325fc512502d54,https://c7.staticflickr.com/1/139/364764349_9daa2f0f4d_z.jpg,https://farm5.staticflickr.com/139/364764349_9daa2f0f4d_o.jpg,https://creativecommons.org/licenses/by/2.0/,Brian Snelson,Cooking appam
wok,Wok,a7fe285b3caa94c6,https://c6.staticflickr.com/4/3637/3554794048_5ce1666006_z.jpg,https://farm7.staticflickr.com/3637/3554794048_27cf7a20dc_o.jpg,https://creativecommons.org/licenses/by/2.0/,Rex Roof,Tongs in the Mix
wok,Wok,acd88b3067f9c5bb,https://c3.staticflickr.com/8/7117/7141451963_1678cccc0e_z.jpg,https://c4.staticflickr.com/8/7117/7141451963_fbd98cb279_o.jpg,https://creativecommons.org/licenses/by/2.0/,radi ahmad,Muslim cooker that look alike namewee
wok,Wok,ae3dd169da01729f,https://c4.staticflickr.com/4/3114/2571978311_c9eaf86dde_z.jpg,https://c8.staticflickr.com/4/3114/2571978311_b4f87a91d6_o.jpg,https://creativecommons.org/licenses/by/2.0/,sabotrax,Alte Shirts gefunden
wok,Wok,b2998e23c2a0ad55,https://c4.staticflickr.com/1/96/239500477_80d1a4b8fc_z.jpg,https://farm6.staticflickr.com/96/239500477_80d1a4b8fc_o.jpg,https://creativecommons.org/licenses/by/2.0/,scott feldstein,Bok Choy
wok,Wok,ba5b07a828abfc0e,https://c1.staticflickr.com/9/8207/8223770863_05113b4f6c_z.jpg,https://c7.staticflickr.com/9/8207/8223770863_845c69373c_o.jpg,https://creativecommons.org/licenses/by/2.0/,PADOVAFIERE,IMG_7234
wok,Wok,bfb906dcdef46ad3,https://c6.staticflickr.com/9/8338/8175643204_6617cba40d_z.jpg,https://farm4.staticflickr.com/8338/8175643204_8c21db42a9_o.jpg,https://creativecommons.org/licenses/by/2.0/,_bekahhogue,A Frying Pan
wok,Wok,c149c16556ee5d81,https://c8.staticflickr.com/9/8602/16120404082_55a865a821_z.jpg,https://farm2.staticflickr.com/8602/16120404082_4acf1737a9_o.jpg,https://creativecommons.org/licenses/by/2.0/,George M. Groutas,Green Party...
wok,Wok,c315e5b564fa1925,https://c2.staticflickr.com/1/198/483642327_37a9127bf6_z.jpg?zz=1,https://farm6.staticflickr.com/198/483642327_fb25e3cf49_o.jpg,https://creativecommons.org/licenses/by/2.0/,yukihiro.m,Cooking stove
wok,Wok,cba9b15d65e2bf25,https://c3.staticflickr.com/9/8583/15924971099_02003ceca6_z.jpg,https://farm6.staticflickr.com/8583/15924971099_2a793eb23a_o.jpg,https://creativecommons.org/licenses/by/2.0/,Miran  Rijavec,IMG_20141226_200350
wok,Wok,d07cd96a7823ccc3,https://c6.staticflickr.com/9/8114/8705658053_11be288935_z.jpg,https://farm4.staticflickr.com/8114/8705658053_a8b6070ce1_o.jpg,https://creativecommons.org/licenses/by/2.0/,Lucas,Eye-cup by Nikosthenes (Met 14.136)
wok,Wok,d3d5fbcb4c708d11,https://c6.staticflickr.com/3/2862/8995783495_ed11c956c5_z.jpg,https://farm2.staticflickr.com/2862/8995783495_8cd1cdc13c_o.jpg,https://creativecommons.org/licenses/by/2.0/,Drickp,stock for refried beans
wok,Wok,daa88aa68ff91d62,https://c2.staticflickr.com/3/2656/3739041727_a3c85010da_z.jpg,https://farm3.staticflickr.com/2656/3739041727_c8aaf8cf8b_o.jpg,https://creativecommons.org/licenses/by/2.0/,David Mellis,Boiling water for tea
wok,Wok,e15a37c2a5626f54,https://c1.staticflickr.com/1/30/41491757_28e2541b21_z.jpg,https://farm5.staticflickr.com/30/41491757_28e2541b21_o.jpg,https://creativecommons.org/licenses/by/2.0/,Fred Benenson,freeing the beer 005
wok,Wok,eb7982ca96796705,https://c7.staticflickr.com/8/7280/7748727924_0e6ea0f36f_z.jpg,https://farm6.staticflickr.com/7280/7748727924_a8cdc96d54_o.jpg,https://creativecommons.org/licenses/by/2.0/,Lablascovegmenu,Courgette flowers 3
wok,Wok,ed7d3e6b28a06e77,https://c8.staticflickr.com/1/47/112300844_10dbb381ed_z.jpg,https://farm8.staticflickr.com/47/112300844_10dbb381ed_o.jpg,https://creativecommons.org/licenses/by/2.0/,Jarrod Lombardo,Pork and onions cooking
wok,Wok,f4721d94d13eebf7,https://c3.staticflickr.com/6/5193/5802968054_384dcb0832_z.jpg,https://farm8.staticflickr.com/5193/5802968054_06c84392f3_o.jpg,https://creativecommons.org/licenses/by/2.0/,woodleywonderworks,squared circle: bowl of grilled veggies
wok,Wok,fa857869f05f7561,https://c2.staticflickr.com/9/8110/8510757997_4164335d15_z.jpg,https://farm2.staticflickr.com/8110/8510757997_7be42e3aab_o.jpg,https://creativecommons.org/licenses/by/2.0/,hindyg,IMG_2507
wok,Wok,fc7bc58a5a31cffb,https://c4.staticflickr.com/1/25/47109941_2762c9df18_z.jpg,https://c4.staticflickr.com/1/25/47109941_2762c9df18_o.jpg,https://creativecommons.org/licenses/by/2.0/,Oishi Kuranosuke,WAKAME - SEAWEED
wok,Wok,0460b278046a0361,https://c7.staticflickr.com/1/123/330862780_48dbb4cd46_z.jpg,https://farm2.staticflickr.com/123/330862780_48dbb4cd46_o.jpg,https://creativecommons.org/licenses/by/2.0/,Chris Gladis,Paella
wok,Wok,0f9a09c029575e12,https://c7.staticflickr.com/5/4022/4306391847_872e4ebfee_z.jpg,https://farm3.staticflickr.com/4022/4306391847_6a711ffa2e_o.jpg,https://creativecommons.org/licenses/by/2.0/,Erin,cherries-rum-flambe
wok,Wok,1140d2e333448f86,https://c2.staticflickr.com/8/7064/6846531200_605750f0f1_z.jpg,https://farm7.staticflickr.com/7064/6846531200_1082ef9818_o.jpg,https://creativecommons.org/licenses/by/2.0/,Afshin Darian,Post-Seasoning
wok,Wok,12eb792a58304270,https://c6.staticflickr.com/4/3286/3069328512_50514096ac_z.jpg,https://farm1.staticflickr.com/3286/3069328512_54d05a0b15_o.jpg,https://creativecommons.org/licenses/by/2.0/,purdman1,Fry station at Maison Antoine
wok,Wok,1505228d03b21e0a,https://c4.staticflickr.com/2/1237/632924779_f273e41fcd_z.jpg?zz=1,https://c3.staticflickr.com/2/1237/632924779_7a6a984c92_o.jpg,https://creativecommons.org/licenses/by/2.0/,Brad P.,Karstan's scary kitchen
wok,Wok,150ac3375682187d,https://c7.staticflickr.com/9/8073/8331496528_79c3de7c4e_z.jpg,https://c6.staticflickr.com/9/8073/8331496528_f1d9e12a7a_o.jpg,https://creativecommons.org/licenses/by/2.0/,Dvortygirl,Dutch oven
wok,Wok,1ec8eb67f47d8ba8,https://c8.staticflickr.com/1/42/81907076_13e68ffad6_z.jpg,https://c1.staticflickr.com/1/42/81907076_13e68ffad6_o.jpg,https://creativecommons.org/licenses/by/2.0/,buba69,hops boiling in wort
wok,Wok,248474ef3a9ae087,https://c8.staticflickr.com/4/3499/3877361303_beeed3356a_z.jpg?zz=1,https://farm8.staticflickr.com/3499/3877361303_65759d0ed7_o.jpg,https://creativecommons.org/licenses/by/2.0/,IvanWalsh.com,Home-made Pancakes are all gone! yum yum!
wok,Wok,296aa0a1a42a074f,https://c4.staticflickr.com/3/2232/2258021545_78349bb53e_z.jpg,https://c8.staticflickr.com/3/2232/2258021545_59e5f3993e_o.jpg,https://creativecommons.org/licenses/by/2.0/,Rinaldo Wurglitsch,Cuyabeno
wok,Wok,29dd1d1d295e6bec,https://c4.staticflickr.com/4/3468/3398847508_2a48f33a1b_z.jpg?zz=1,https://c5.staticflickr.com/4/3468/3398847508_2fa66c92db_o.jpg,https://creativecommons.org/licenses/by/2.0/,Tatters ❀,Baba Yaga's  colourful dish
wok,Wok,2a426020c1c3ef36,https://c5.staticflickr.com/5/4112/5000116038_a7b85b6edd_z.jpg,https://farm7.staticflickr.com/4112/5000116038_49c1201e6d_o.jpg,https://creativecommons.org/licenses/by/2.0/,Tony Alter,Dinner For Me
wok,Wok,2cfb499e4024b32c,https://c5.staticflickr.com/1/43/110802868_ce3c643ac2_z.jpg?zz=1,https://c5.staticflickr.com/1/43/110802868_ce3c643ac2_o.jpg,https://creativecommons.org/licenses/by/2.0/,Sabrina &amp; Brad,fish soup 2
wok,Wok,3322a4914afe4d8d,https://c3.staticflickr.com/4/3532/3190862054_c5b2ba5f12_z.jpg,https://c6.staticflickr.com/4/3532/3190862054_57e74db52b_o.jpg,https://creativecommons.org/licenses/by/2.0/,Pittaya Sroilong,Curry
wok,Wok,39a2bed6bb2b1972,https://c4.staticflickr.com/9/8060/8162066191_bb591ce7d1_z.jpg,https://farm3.staticflickr.com/8060/8162066191_1e9dabafd6_o.jpg,https://creativecommons.org/licenses/by/2.0/,howlingzoe,IMAG2111
wok,Wok,3c26e68877b3e3d9,https://c1.staticflickr.com/6/5175/5493459725_32da2331f5_z.jpg,https://c2.staticflickr.com/6/5175/5493459725_502e3df812_o.jpg,https://creativecommons.org/licenses/by/2.0/,Ryo Chijiiwa,yakisoba
wok,Wok,3c53eca706fb9229,https://c2.staticflickr.com/9/8158/7440860860_8636cf2d4a_z.jpg,https://c2.staticflickr.com/9/8158/7440860860_85603967b6_o.jpg,https://creativecommons.org/licenses/by/2.0/,COD Newsroom,cookingclass-06232012-1596
wok,Wok,3dab4983c5513daf,https://c4.staticflickr.com/4/3096/3124686844_2c2bce48d0_z.jpg,https://c8.staticflickr.com/4/3096/3124686844_705b620e75_o.jpg,https://creativecommons.org/licenses/by/2.0/,Greg Holland,Sauted garlic
wok,Wok,3ee6cfcd998e71d6,https://c6.staticflickr.com/8/7136/13606965675_b19da74155_z.jpg,https://farm7.staticflickr.com/7136/13606965675_323b573fc0_o.jpg,https://creativecommons.org/licenses/by/2.0/,Tyler Bell,Shabu Shabu
wok,Wok,42ac84dffe98c484,https://c8.staticflickr.com/3/2545/3843055584_fa5f0d2555_z.jpg,https://farm5.staticflickr.com/2545/3843055584_694fcbf848_o.jpg,https://creativecommons.org/licenses/by/2.0/,watchsmart,DSC02987
woman,Woman,000a1249af2bc5f0,https://c1.staticflickr.com/9/8087/8563450894_0b57eb01b3_z.jpg,https://farm1.staticflickr.com/8087/8563450894_8f2fda7196_o.jpg,https://creativecommons.org/licenses/by/2.0/,Almas Baig,Wedding Ring
woman,Woman,00141571d986d241,https://c2.staticflickr.com/3/2603/3692981083_155492a0ea_z.jpg,https://farm2.staticflickr.com/2603/3692981083_34b1710067_o.jpg,https://creativecommons.org/licenses/by/2.0/,Darij &amp; Ana,Aikido Premantura
woman,Woman,0064b73c505e39e3,https://c4.staticflickr.com/8/7180/6778931334_7e6c70e537_z.jpg,https://farm4.staticflickr.com/7180/6778931334_d3e205a643_o.jpg,https://creativecommons.org/licenses/by/2.0/,lifrita lifi,Christina Hendricks 3
woman,Woman,006f87bf928f9ba3,https://c8.staticflickr.com/7/6196/6098643678_fc8044b5ac_z.jpg,https://farm4.staticflickr.com/6196/6098643678_2bc80ac753_o.jpg,https://creativecommons.org/licenses/by/2.0/,lam_chihang,2011_08_26_IMG_1885
woman,Woman,00a42a80e5e8d194,https://c5.staticflickr.com/3/2528/3799866415_489094e7d3_z.jpg?zz=1,https://farm5.staticflickr.com/2528/3799866415_01afa8a002_o.jpg,https://creativecommons.org/licenses/by/2.0/,RadioFreeBarton,"Woman weaving, Bhutan"
woman,Woman,00c9616a917be867,https://c1.staticflickr.com/6/5184/5823371309_3848c25cc5_z.jpg,https://farm8.staticflickr.com/5184/5823371309_56d73816a8_o.jpg,https://creativecommons.org/licenses/by/2.0/,Stig Nygaard,Carnival
woman,Woman,00cdf56c63191fd3,,https://farm4.staticflickr.com/32/45689988_f4561a7840_o.jpg,https://creativecommons.org/licenses/by/2.0/,rúpìgo,...
woman,Woman,010d9a7f0d2e0622,https://c3.staticflickr.com/9/8729/16954781749_4c32123444_z.jpg,https://farm3.staticflickr.com/8729/16954781749_340ce8b52b_o.jpg,https://creativecommons.org/licenses/by/2.0/,Bob Park,ADP-AHA Golf 012
woman,Woman,013e4b54ccdf22aa,https://c7.staticflickr.com/4/3890/15195450719_3f11ed591c_z.jpg,https://c3.staticflickr.com/4/3890/15195450719_e1e75cb0a5_o.jpg,https://creativecommons.org/licenses/by/2.0/,Mark Braggins,Untitled
woman,Woman,014d85b26445629d,https://c6.staticflickr.com/8/7396/10181730734_df0501dd1f_z.jpg,https://c6.staticflickr.com/8/7396/10181730734_54c24a2920_o.jpg,https://creativecommons.org/licenses/by/2.0/,David Amsler,DLA_3998
woman,Woman,0175f160ca091e7e,https://c4.staticflickr.com/9/8033/8059604263_0a5ee0b42b_z.jpg,https://c7.staticflickr.com/9/8033/8059604263_e48e257d38_o.jpg,https://creativecommons.org/licenses/by/2.0/,Alexis,_MG_0134
woman,Woman,0182bd2e43596b71,https://c2.staticflickr.com/1/80/274834098_25eea6a533_z.jpg?zz=1,https://farm2.staticflickr.com/80/274834098_25eea6a533_o.jpg,https://creativecommons.org/licenses/by/2.0/,kat wojcik,Cowboys & Indians
woman,Woman,0197df7725980004,https://c3.staticflickr.com/4/3771/9662693902_41fbefd81a_z.jpg,https://farm5.staticflickr.com/3771/9662693902_5b5eaac032_o.jpg,https://creativecommons.org/licenses/by/2.0/,Santosh Puthran,Triumph Spitfire 1500
woman,Woman,01a6c89f9885d483,https://c2.staticflickr.com/4/3843/14617092224_a03ab81a76_z.jpg,https://farm4.staticflickr.com/3843/14617092224_e09b61c152_o.jpg,https://creativecommons.org/licenses/by/2.0/,Visit  Tuscany,Medieval Feast in Monteriggioni
woman,Woman,01ab773186c630c4,https://c4.staticflickr.com/4/3575/3399501804_cebee07fd2_z.jpg,https://farm5.staticflickr.com/3575/3399501804_468916dab7_o.jpg,https://creativecommons.org/licenses/by/2.0/,zharif hussein,Interbatch Games 2009
woman,Woman,01b187eac8b7b42d,,https://c6.staticflickr.com/1/58/191414420_d3fd67e782_o.jpg,https://creativecommons.org/licenses/by/2.0/,Jon Gos,Jae Tsai Commission
woman,Woman,01b4f093f795747b,https://c2.staticflickr.com/9/8423/7742706992_27215ef7f8_z.jpg,https://c4.staticflickr.com/9/8423/7742706992_185bf4ebac_o.jpg,https://creativecommons.org/licenses/by/2.0/,Doctor Who Spoilers,gbungy03
woman,Woman,01c79b8cc239037d,https://c3.staticflickr.com/3/2524/4101183577_fc3b4b7281_z.jpg,https://c6.staticflickr.com/3/2524/4101183577_fe7394c203_o.jpg,https://creativecommons.org/licenses/by/2.0/,Pete Bellis,Bride has her hair done
woman,Woman,01c9c7321fe8e116,https://c6.staticflickr.com/8/7412/9650883244_e6f6e303c6_z.jpg,https://farm7.staticflickr.com/7412/9650883244_7f4580756d_o.jpg,https://creativecommons.org/licenses/by/2.0/,e r j k . a m e r j k a,School Days | 1971
woman,Woman,01dc49e587b180a4,https://c7.staticflickr.com/9/8063/8175286164_4439ffc5c0_z.jpg,https://farm5.staticflickr.com/8063/8175286164_60408ec5aa_o.jpg,https://creativecommons.org/licenses/by/2.0/,Vladimir Terán Altamirano,"Gente de Lima, Perú"
woman,Woman,01f5efed4dfda77e,https://c6.staticflickr.com/3/2932/14001049206_c32fb865f5_z.jpg,https://c7.staticflickr.com/3/2932/14001049206_251e929aa9_o.jpg,https://creativecommons.org/licenses/by/2.0/,Marc Smith,"King's Day Party at Sloterdijk, Amsterdam 2014"
woman,Woman,020feca9b536f1fe,https://c1.staticflickr.com/3/2059/2258982401_762044a41d_z.jpg,https://c7.staticflickr.com/3/2059/2258982401_4313fbe3c5_o.jpg,https://creativecommons.org/licenses/by/2.0/,Connie,IMG_4228.JPG
woman,Woman,021fffa3d66f9b77,https://c2.staticflickr.com/9/8157/7365351870_e2d1ce46ea_z.jpg,https://farm8.staticflickr.com/8157/7365351870_69331b5f2d_o.jpg,https://creativecommons.org/licenses/by/2.0/,Ashley Webb,The prince vs the huntsman
woman,Woman,022ba69f29b7383f,https://c5.staticflickr.com/3/2536/5853818834_d703aabd27_z.jpg,https://c8.staticflickr.com/3/2536/5853818834_b6d6196faf_o.jpg,https://creativecommons.org/licenses/by/2.0/,Fisher Chia,Super GT 2011 Race Queen 31
woman,Woman,022c1f420446d118,https://c5.staticflickr.com/3/2423/4069113656_0639ae06eb_z.jpg,https://c1.staticflickr.com/3/2423/4069113656_12ab05cb61_o.jpg,https://creativecommons.org/licenses/by/2.0/,Charleston&#x27;s TheDigitel,IMG_1913
woman,Woman,026a8a1f99dc1f13,https://c2.staticflickr.com/7/6046/5905605613_e3837df2f4_z.jpg,https://farm4.staticflickr.com/6046/5905605613_b75c750823_o.jpg,https://creativecommons.org/licenses/by/2.0/,ScubaBear68,Tubing the Esopus River 2011
woman,Woman,02c704b941566bc9,https://c8.staticflickr.com/6/5020/5481347426_620620145e_z.jpg,https://c2.staticflickr.com/6/5020/5481347426_438c8fd1a8_o.jpg,https://creativecommons.org/licenses/by/2.0/,Gordon Tarpley,IMG_8879
woman,Woman,02c7385eedfe4f59,https://c3.staticflickr.com/8/7106/7076759293_fd16132a52_z.jpg,https://c2.staticflickr.com/8/7106/7076759293_8770fc75a5_o.jpg,https://creativecommons.org/licenses/by/2.0/,Roberto Carpintero,Adrenalina
woman,Woman,02faccbb84bd2bc5,https://c3.staticflickr.com/4/3297/3295121418_8c152f886b_z.jpg,https://farm6.staticflickr.com/3297/3295121418_e7772dd889_o.jpg,https://creativecommons.org/licenses/by/2.0/,Sharon Mollerus,"Madonna Enthroned with Saints and Angels, Gaddi"
woman,Woman,0319faa662ff5d06,https://c3.staticflickr.com/8/7438/16379556076_2d663ba588_z.jpg,https://farm7.staticflickr.com/7438/16379556076_846ccf6779_o.jpg,https://creativecommons.org/licenses/by/2.0/,St. George&#x27;s School,104001
woman,Woman,032827813ff3b2b6,https://c4.staticflickr.com/3/2517/4272201678_514729d4d5_z.jpg?zz=1,https://farm7.staticflickr.com/2517/4272201678_1be6be4e7a_o.jpg,https://creativecommons.org/licenses/by/2.0/,ForestDigital,BS 5
woman,Woman,035c04d0993f489f,https://c7.staticflickr.com/8/7325/12755173895_1f30c806cc_z.jpg,https://c8.staticflickr.com/8/7325/12755173895_b1c8787dca_o.jpg,https://creativecommons.org/licenses/by/2.0/,SAVE THE BAY,2012 Swim
woman,Woman,036738459e165ca3,https://c3.staticflickr.com/8/7141/6644094861_ecebee04b6_z.jpg,https://farm4.staticflickr.com/7141/6644094861_3816f5b762_o.jpg,https://creativecommons.org/licenses/by/2.0/,Ed Schipul,number 1
woman,Woman,03793a9d2a2eab25,https://c2.staticflickr.com/2/1175/1370766935_ae6b45b969_z.jpg?zz=1,https://farm6.staticflickr.com/1175/1370766935_8f3dbc714a_o.jpg,https://creativecommons.org/licenses/by/2.0/,irina slutsky,velle is from estonia!
woman,Woman,038f0672c942894e,https://c6.staticflickr.com/7/6009/5943858783_a2cc450fb3_z.jpg,https://c7.staticflickr.com/7/6009/5943858783_d24a112c77_o.jpg,https://creativecommons.org/licenses/by/2.0/,Ed Bierman,Our Wedding
woman,Woman,039782bb88d38690,https://c3.staticflickr.com/3/2420/2322423843_59f52cafde_z.jpg?zz=1,https://farm1.staticflickr.com/2420/2322423843_31bca794ed_o.jpg,https://creativecommons.org/licenses/by/2.0/,April Spreeman,2724112
woman,Woman,03aa4667326aec95,https://c7.staticflickr.com/8/7352/9131255702_3b01fdd46a_z.jpg,https://farm6.staticflickr.com/7352/9131255702_e5db6a304f_o.jpg,https://creativecommons.org/licenses/by/2.0/,Aline  Sehnem,mística olho
woman,Woman,03b9130b70a5adcf,https://c2.staticflickr.com/2/1158/5165535988_23f986530f_z.jpg,https://c8.staticflickr.com/2/1158/5165535988_68a557994f_o.jpg,https://creativecommons.org/licenses/by/2.0/,alan schoolar,shell
woman,Woman,041f9231a69f7981,https://c6.staticflickr.com/4/3447/3242769364_979a2678cc_z.jpg,https://farm2.staticflickr.com/3447/3242769364_ddf03e53ac_o.jpg,https://creativecommons.org/licenses/by/2.0/,Tanenhaus,"Waterfront, Riohacha"
woman,Woman,04cf81f7483d5c72,https://c2.staticflickr.com/4/3719/10953985114_824d03c7ac_z.jpg,https://farm3.staticflickr.com/3719/10953985114_822faa472f_o.jpg,https://creativecommons.org/licenses/by/2.0/,Ashley MacKinnon MacKinnon,All Grown Up
woman,Woman,0509a89bb7c0810c,https://c8.staticflickr.com/4/3744/10692020313_ed93f0a303_z.jpg,https://c5.staticflickr.com/4/3744/10692020313_28fa7583ef_o.jpg,https://creativecommons.org/licenses/by/2.0/,Department of Foreign Affairs and Trade,"Dhaka Weaving Center, Nepal"
woman,Woman,0515eb8d42f77988,https://c8.staticflickr.com/3/2766/4312436227_a5d311ba02_z.jpg?zz=1,https://c1.staticflickr.com/3/2766/4312436227_3107b009a1_o.jpg,https://creativecommons.org/licenses/by/2.0/,Larry Wilder,Christina
woman,Woman,051d28d0388a3ec1,https://c6.staticflickr.com/4/3452/3397863672_fc34b59851_z.jpg,https://farm2.staticflickr.com/3452/3397863672_2e1ea9ab0a_o.jpg,https://creativecommons.org/licenses/by/2.0/,Alt-x,Kide the warrior
woman,Woman,052c7d42720a093a,https://c6.staticflickr.com/1/757/21374168652_f9a77780cf_z.jpg,https://c3.staticflickr.com/1/757/21374168652_6a6957421b_o.jpg,https://creativecommons.org/licenses/by/2.0/,Street Photography Addict,How dare you!
woman,Woman,05357b5cc0ab431f,https://c8.staticflickr.com/3/2553/4161128317_fe2f8409db_z.jpg,https://c8.staticflickr.com/3/2553/4161128317_282191c039_o.jpg,https://creativecommons.org/licenses/by/2.0/,EmilySalazar,"******PROFILE UPDATED*******Hold your body against mine, Make me feel like we are one, dont be shy. **********Ps. I have 8 invitations for GoogleWave, anyone interested FlickrMail me w/ your E-Mail address. only first 8 will get it.*******"
woman,Woman,0551f49bcc8dcf1c,https://c3.staticflickr.com/3/2873/9382103005_9f0930a48e_z.jpg,https://c5.staticflickr.com/3/2873/9382103005_0b00b62877_o.jpg,https://creativecommons.org/licenses/by/2.0/,Stephane Mignon,"On se lève ,les bras ,les bras ,pour le Bata"
woman,Woman,058fb6cfa9a0874c,https://c4.staticflickr.com/2/1393/1081143085_3ccc741697_z.jpg,https://c5.staticflickr.com/2/1393/1081143085_d2467a1aff_o.jpg,https://creativecommons.org/licenses/by/2.0/,Conor Lawless,Ghosts
woman,Woman,0597046da0d5d999,https://c5.staticflickr.com/6/5219/5507629642_89253ce7fa_z.jpg,https://c2.staticflickr.com/6/5219/5507629642_ca2a6f5029_o.jpg,https://creativecommons.org/licenses/by/2.0/,wmm4u,ariana grande grammys
woman,Woman,05979fd2ebd7ecf1,https://c5.staticflickr.com/6/5785/21245847760_8d3cf81173_z.jpg,https://farm2.staticflickr.com/5785/21245847760_4fb034acf1_o.jpg,https://creativecommons.org/licenses/by/2.0/,amateur photography by michel,Checking Out
woman,Woman,05a23e78a029f9b3,,https://farm4.staticflickr.com/8248/8484487151_c61f2c096c_o.jpg,https://creativecommons.org/licenses/by/2.0/,BarbieFantasies,Fantasy in pencil
wood_burning_stove,Wood-burning stove,02d9e701284e808b,https://c7.staticflickr.com/9/8469/8090477799_29e16399bf_z.jpg,https://c4.staticflickr.com/9/8469/8090477799_e8e35f14de_o.jpg,https://creativecommons.org/licenses/by/2.0/,Kristen Wheatley,Basement Gas Stove
wood_burning_stove,Wood-burning stove,058e15fa186f01f2,https://c2.staticflickr.com/3/2631/3932791773_5896696a52_z.jpg,https://farm3.staticflickr.com/2631/3932791773_64c247e8f7_o.jpg,https://creativecommons.org/licenses/by/2.0/,Katja Schulz,LiQun Roast Duck Restaurant
wood_burning_stove,Wood-burning stove,1c15929e31f4ff7f,https://c8.staticflickr.com/6/5005/5360386389_e9e18ab4a8_z.jpg,https://c8.staticflickr.com/6/5005/5360386389_23d9cc9cef_o.jpg,https://creativecommons.org/licenses/by/2.0/,Richard Corfield,New fire
wood_burning_stove,Wood-burning stove,1d0caf874fcada77,https://c5.staticflickr.com/3/2778/4176843932_07e09794be_z.jpg,https://farm8.staticflickr.com/2778/4176843932_be3dc983a6_o.jpg,https://creativecommons.org/licenses/by/2.0/,Ken Mayer,Jotul wood stove
wood_burning_stove,Wood-burning stove,1f990b331e554127,,https://farm8.staticflickr.com/111/285745750_30bf38c065_o.jpg,https://creativecommons.org/licenses/by/2.0/,Kathy McGettigan,woodstove
wood_burning_stove,Wood-burning stove,2f3df10cd7e5ff4a,https://c1.staticflickr.com/4/3150/3071179521_b35cf4b2b9_z.jpg,https://c3.staticflickr.com/4/3150/3071179521_5184834e8d_o.jpg,https://creativecommons.org/licenses/by/2.0/,Austin Godber,Dutch West Woodstove
wood_burning_stove,Wood-burning stove,36a94f02266d3105,https://c3.staticflickr.com/2/1101/5161142348_bfb37f72e2_z.jpg,https://farm6.staticflickr.com/1101/5161142348_636ed7b9c1_o.jpg,https://creativecommons.org/licenses/by/2.0/,Jonathan Sulo,"Strömavbrott, kokar vatten på braskassetten"
wood_burning_stove,Wood-burning stove,39a8b37f5f60a87e,https://c7.staticflickr.com/6/5261/5842206111_78f9494d14_z.jpg,https://c7.staticflickr.com/6/5261/5842206111_0724f8eafd_o.jpg,https://creativecommons.org/licenses/by/2.0/,Calgary Reviews,Blackstone Mountain Lodge - Fireplace
wood_burning_stove,Wood-burning stove,3de4aee2b4120b7f,https://c3.staticflickr.com/4/3724/10103350926_17242b3caf_z.jpg,https://c8.staticflickr.com/4/3724/10103350926_c19ce02f09_o.jpg,https://creativecommons.org/licenses/by/2.0/,netzroot,Kaminfeuer mit Holz | 05.10.2013
wood_burning_stove,Wood-burning stove,3f4d12195722201c,https://c6.staticflickr.com/9/8518/8530063773_5b3548a397_z.jpg,https://c5.staticflickr.com/9/8518/8530063773_e5612359a1_o.jpg,https://creativecommons.org/licenses/by/2.0/,Beatrice Murch,Lighting the fire
wood_burning_stove,Wood-burning stove,54f4b29c1fdd1fd7,https://c5.staticflickr.com/8/7428/13300570175_5952261616_z.jpg,https://farm8.staticflickr.com/7428/13300570175_c36feaff46_o.jpg,https://creativecommons.org/licenses/by/2.0/,George Campbell,2011-02-21 1109 img 2976
wood_burning_stove,Wood-burning stove,5fc3ca36671e2a26,https://c5.staticflickr.com/4/3458/3775912964_e884622a0a_z.jpg?zz=1,https://farm7.staticflickr.com/3458/3775912964_063eb5d6e2_o.jpg,https://creativecommons.org/licenses/by/2.0/,Drew from Zhrodague,Stone mantle is clean
wood_burning_stove,Wood-burning stove,6992b28c086557e2,https://c3.staticflickr.com/9/8503/8358317292_36b2a26e0e_z.jpg,https://farm3.staticflickr.com/8503/8358317292_1aeb0b1766_o.jpg,https://creativecommons.org/licenses/by/2.0/,Steve Fair,"The lovely open fire at Chalet Montperron, La Rosiere."
wood_burning_stove,Wood-burning stove,6c947d94be55ca47,https://c3.staticflickr.com/1/460/19378907751_df01141fd8_z.jpg,https://farm8.staticflickr.com/460/19378907751_5488a4e84a_o.jpg,https://creativecommons.org/licenses/by/2.0/,Lwp Kommunikáció,Házam a Sziklás-hegységben
wood_burning_stove,Wood-burning stove,7ee072049f2c7883,https://c1.staticflickr.com/9/8421/7548376722_7900fe4d94_z.jpg,https://farm4.staticflickr.com/8421/7548376722_29ec8b0ed3_o.jpg,https://creativecommons.org/licenses/by/2.0/,Corey Taratuta,Our hostess had the electric fire stoked for us in Bushmills.
wood_burning_stove,Wood-burning stove,89fb4f3b001d677e,https://c4.staticflickr.com/3/2686/4434546018_5780653c57_z.jpg,https://c7.staticflickr.com/3/2686/4434546018_61e4ba8d67_o.jpg,https://creativecommons.org/licenses/by/2.0/,Amy,71/365
wood_burning_stove,Wood-burning stove,a1524fab0c66b98b,https://c3.staticflickr.com/7/6008/5975948351_4f6be63f6b_z.jpg,https://c4.staticflickr.com/7/6008/5975948351_b803cd92f7_o.jpg,https://creativecommons.org/licenses/by/2.0/,Craig Howell,cabin-0031
wood_burning_stove,Wood-burning stove,a63a20b30caeadc7,https://c8.staticflickr.com/4/3848/15400660121_974c200561_z.jpg,https://farm8.staticflickr.com/3848/15400660121_c144911894_o.jpg,https://creativecommons.org/licenses/by/2.0/,Corners of Europe,Basque Xpedition
wood_burning_stove,Wood-burning stove,aa3806d4aefb7396,https://c1.staticflickr.com/6/5567/14922441608_597e1480b2_z.jpg,https://farm7.staticflickr.com/5567/14922441608_df0ed7fc72_o.jpg,https://creativecommons.org/licenses/by/2.0/,Jeanne Grunert,IMG_0086_stove
wood_burning_stove,Wood-burning stove,b127ae8c8113f431,https://c2.staticflickr.com/3/2822/10080400774_c04a75ed2f_z.jpg,https://farm2.staticflickr.com/2822/10080400774_3991701b10_o.jpg,https://creativecommons.org/licenses/by/2.0/,Megan Cole,La Cheminée dans ma Château
wood_burning_stove,Wood-burning stove,b329d1003e460f17,https://c5.staticflickr.com/3/2860/10907008654_c8521cf3a5_z.jpg,https://farm8.staticflickr.com/2860/10907008654_de469cd5f0_o.jpg,https://creativecommons.org/licenses/by/2.0/,Glen Bowman,"The living room - Tintagel Old Post Office - Tintagel, Cornwall"
wood_burning_stove,Wood-burning stove,b4c64fa0c53b0813,https://c3.staticflickr.com/2/1028/616275079_69872e751a_z.jpg?zz=1,https://farm4.staticflickr.com/1028/616275079_13c33bd15e_o.jpg,https://creativecommons.org/licenses/by/2.0/,Violeta Z,Quiero una!!
wood_burning_stove,Wood-burning stove,b5bfc85ebf0c0da5,https://c4.staticflickr.com/4/3384/3438870559_31aae400dc_z.jpg,https://farm6.staticflickr.com/3384/3438870559_7acb7628ea_o.jpg,https://creativecommons.org/licenses/by/2.0/,Jon Olav Eikenes,Fireplace
wood_burning_stove,Wood-burning stove,bba24e6bd0dd6fbf,https://c2.staticflickr.com/9/8329/8128220112_85223752eb_z.jpg,https://c8.staticflickr.com/9/8329/8128220112_8fbed484b9_o.jpg,https://creativecommons.org/licenses/by/2.0/,tomosharding,even more cosy warm. #fire #warm #winter
wood_burning_stove,Wood-burning stove,d416162446907a10,https://c8.staticflickr.com/8/7668/17182627823_61f0bb2c50_z.jpg,https://farm1.staticflickr.com/7668/17182627823_0847454a06_o.jpg,https://creativecommons.org/licenses/by/2.0/,Paul Hessell,Ayahuasca Brewing
wood_burning_stove,Wood-burning stove,d96609dcb5d94621,https://c1.staticflickr.com/9/8388/8514105181_e25b2d8144_z.jpg,https://farm2.staticflickr.com/8388/8514105181_9ce3f1d0e3_o.jpg,https://creativecommons.org/licenses/by/2.0/,Donald Lee Pardue,On A Winter's Evening
wood_burning_stove,Wood-burning stove,dfc0dd2c0d823da1,https://c1.staticflickr.com/8/7484/15809342955_f9fc9b6e31_z.jpg,https://farm2.staticflickr.com/7484/15809342955_bdfda166f1_o.jpg,https://creativecommons.org/licenses/by/2.0/,Colby Stopa,Heat
wood_burning_stove,Wood-burning stove,fccf7035ec9b5cba,https://c4.staticflickr.com/9/8193/8371226031_6d80de04c0_z.jpg,https://c3.staticflickr.com/9/8193/8371226031_82d707f56a_o.jpg,https://creativecommons.org/licenses/by/2.0/,Brian Lamb,This is the first day we've felt compelled to fire up the serious air-pusher. Glad we have it.
wood_burning_stove,Wood-burning stove,02f4d2e9ef929cf9,https://c2.staticflickr.com/2/1375/645954138_5cca8be2bf_z.jpg?zz=1,https://c2.staticflickr.com/2/1375/645954138_c194710be4_o.jpg,https://creativecommons.org/licenses/by/2.0/,yvonne n,IMG_0491
wood_burning_stove,Wood-burning stove,0310b9fc69b8e2f9,https://c2.staticflickr.com/4/3850/15129734021_3aa93b2104_z.jpg,https://c2.staticflickr.com/4/3850/15129734021_c44e67e96c_o.jpg,https://creativecommons.org/licenses/by/2.0/,Travel Nevada,BC10_SM
wood_burning_stove,Wood-burning stove,0707e1dbf59046ac,https://c4.staticflickr.com/4/3650/3470044446_68d1f6848a_z.jpg,https://c5.staticflickr.com/4/3650/3470044446_36db8b52f2_o.jpg,https://creativecommons.org/licenses/by/2.0/,Foodista,Photo of Rotisseries & Roasters
wood_burning_stove,Wood-burning stove,0738bab1cf81a052,https://c8.staticflickr.com/9/8075/8328184688_ceb10918f9_z.jpg,https://farm3.staticflickr.com/8075/8328184688_2bd322aa2d_o.jpg,https://creativecommons.org/licenses/by/2.0/,cleverclevergirl,2012-12-30 16.54.58
wood_burning_stove,Wood-burning stove,1698ab61bc5c955f,https://c7.staticflickr.com/8/7297/10560696836_6ccce763b8_z.jpg,https://c8.staticflickr.com/8/7297/10560696836_07553e3ea4_o.jpg,https://creativecommons.org/licenses/by/2.0/,Breville USA,Cook It Raw
wood_burning_stove,Wood-burning stove,17aa164614faa98e,https://c5.staticflickr.com/7/6152/6244231598_eba4a005f6_z.jpg,https://c7.staticflickr.com/7/6152/6244231598_03912d5619_o.jpg,https://creativecommons.org/licenses/by/2.0/,U.S. Department of Agriculture,Isabella Pellet 016
wood_burning_stove,Wood-burning stove,17d6e0c2ef2c474f,https://c7.staticflickr.com/3/2199/4381716661_b3c0cfe24c_z.jpg?zz=1,https://c8.staticflickr.com/3/2199/4381716661_d943af2f1c_o.jpg,https://creativecommons.org/licenses/by/2.0/,Danny Bradury,Electric heater
wood_burning_stove,Wood-burning stove,1cfee6d9ce202801,https://c1.staticflickr.com/4/3219/2950256620_6bd907d7a3_z.jpg,https://farm2.staticflickr.com/3219/2950256620_7ae2cc3240_o.jpg,https://creativecommons.org/licenses/by/2.0/,JOHN LLOYD,Our New Stove.
wood_burning_stove,Wood-burning stove,1d5b4479a8f305fc,https://c6.staticflickr.com/9/8252/8628881821_485d08bf5f_z.jpg,https://c5.staticflickr.com/9/8252/8628881821_3ae63f833f_o.jpg,https://creativecommons.org/licenses/by/2.0/,Bart Everson,The Fire That Wasn't
wood_burning_stove,Wood-burning stove,236413eba58a6dea,https://c4.staticflickr.com/9/8612/15957815437_d8595ca32f_z.jpg,https://c3.staticflickr.com/9/8612/15957815437_68fd0484b9_o.jpg,https://creativecommons.org/licenses/by/2.0/,kcxd,Red Heather take one
wood_burning_stove,Wood-burning stove,27c72d848f4d8df8,https://c7.staticflickr.com/1/473/19962671599_d5574f9ec7_z.jpg,https://c1.staticflickr.com/1/473/19962671599_54c60bbdc2_o.jpg,https://creativecommons.org/licenses/by/2.0/,Guttorm Flatabø,Winter swimming in Joensuu
wood_burning_stove,Wood-burning stove,29108aa95d8a9f42,https://c8.staticflickr.com/9/8565/16535277292_79f52c6b00_z.jpg,https://farm3.staticflickr.com/8565/16535277292_d856b23048_o.jpg,https://creativecommons.org/licenses/by/2.0/,zeevveez,Baking Bread in a Wood-Burning Stove
wood_burning_stove,Wood-burning stove,2d30fdc58f112046,https://c4.staticflickr.com/9/8688/16722542979_fffd2115eb_z.jpg,https://farm7.staticflickr.com/8688/16722542979_391f0539be_o.jpg,https://creativecommons.org/licenses/by/2.0/,elizaraxi,IMG_0784
wood_burning_stove,Wood-burning stove,3219699a79abd765,https://c5.staticflickr.com/8/7265/6979407492_83a1c67dba_z.jpg,https://farm6.staticflickr.com/7265/6979407492_46ab782bf6_o.jpg,https://creativecommons.org/licenses/by/2.0/,candi...,Horno de pan
wood_burning_stove,Wood-burning stove,366f79d032096cf6,https://c8.staticflickr.com/6/5048/5294028409_4c2de08967_z.jpg,https://farm7.staticflickr.com/5048/5294028409_512d23a550_o.jpg,https://creativecommons.org/licenses/by/2.0/,Simon Davison,IMG_2369
wood_burning_stove,Wood-burning stove,37ed975b93359477,https://c1.staticflickr.com/1/32/48149906_a1cb0b96a7_z.jpg?zz=1,https://farm8.staticflickr.com/32/48149906_a1cb0b96a7_o.jpg,https://creativecommons.org/licenses/by/2.0/,Jeremy Rover,Pottery Manufacturing
wood_burning_stove,Wood-burning stove,3d9f65a036c4fd4e,https://c7.staticflickr.com/6/5063/5622501733_415c40e49d_z.jpg,https://c7.staticflickr.com/6/5063/5622501733_e822159d20_o.jpg,https://creativecommons.org/licenses/by/2.0/,fishermansdaughter,how to build a hot fire
wood_burning_stove,Wood-burning stove,421d21e008200bd9,https://c5.staticflickr.com/3/2010/2432290872_ef4cf709fa_z.jpg,https://c2.staticflickr.com/3/2010/2432290872_8909fd6aaa_o.jpg,https://creativecommons.org/licenses/by/2.0/,Eerio,Zo doe je dat
wood_burning_stove,Wood-burning stove,4c5d2366df728c42,https://c5.staticflickr.com/6/5261/5646593554_1a36165258_z.jpg,https://farm3.staticflickr.com/5261/5646593554_c8bca9ae59_o.jpg,https://creativecommons.org/licenses/by/2.0/,Martijn vdS,Middeleeuwse oven voorverwarmen
wood_burning_stove,Wood-burning stove,51567b02a028c46d,https://c5.staticflickr.com/2/1138/1383224662_b09f0f2ad5_z.jpg,https://c6.staticflickr.com/2/1138/1383224662_b7496022bf_o.jpg,https://creativecommons.org/licenses/by/2.0/,Michelle Tribe,fireplace blur.JPG
wood_burning_stove,Wood-burning stove,5300db8c1b20796f,https://c7.staticflickr.com/4/3466/3380645015_b3a6ddb497_z.jpg?zz=1,https://c8.staticflickr.com/4/3466/3380645015_2fecb5e9bd_o.jpg,https://creativecommons.org/licenses/by/2.0/,John Mills,parlor fireplace insert
wood_burning_stove,Wood-burning stove,5f01e1d126669378,https://c6.staticflickr.com/4/3376/5791029265_4f96cd9fea_z.jpg,https://c1.staticflickr.com/4/3376/5791029265_614f4681e6_o.jpg,https://creativecommons.org/licenses/by/2.0/,erik forsberg,Narvi Rök
woodpecker,Woodpecker,04557662a5e8e04d,https://c1.staticflickr.com/6/5727/20768582900_90d374a6cc_z.jpg,https://c6.staticflickr.com/6/5727/20768582900_72fb7be33e_o.jpg,https://creativecommons.org/licenses/by/2.0/,Tareq Uddin Ahmed,Greater flameback
woodpecker,Woodpecker,11552341a0713a65,https://c2.staticflickr.com/3/2207/2491972042_21516a6395_z.jpg?zz=1,https://farm6.staticflickr.com/2207/2491972042_d6e9f5af1e_o.jpg,https://creativecommons.org/licenses/by/2.0/,ROBIN BURNS,WOODPECKER POTERRIC CAR
woodpecker,Woodpecker,3b9a68b2f668f33d,https://c3.staticflickr.com/7/6092/6217622997_bf3638736d_z.jpg,https://c6.staticflickr.com/7/6092/6217622997_37d0eba020_o.jpg,https://creativecommons.org/licenses/by/2.0/,USFWS Endangered Species,Endangered Kirtland's warbler (Dendroica kirtlandii)
woodpecker,Woodpecker,3f7fc11620d4bc98,https://c8.staticflickr.com/1/281/18653710231_8d7fc502a2_z.jpg,https://c1.staticflickr.com/1/281/18653710231_e41e678c39_o.jpg,https://creativecommons.org/licenses/by/2.0/,Maxence,El Tocororo
woodpecker,Woodpecker,439620894420a325,https://c6.staticflickr.com/8/7358/12884316455_4b9153a600_z.jpg,https://farm6.staticflickr.com/7358/12884316455_464c19a6b5_o.jpg,https://creativecommons.org/licenses/by/2.0/,phrawr,Wood Pekcer
woodpecker,Woodpecker,49e69db3320238cb,https://c1.staticflickr.com/6/5127/5239430953_79e81c259f_z.jpg,https://c4.staticflickr.com/6/5127/5239430953_870042b0f4_o.jpg,https://creativecommons.org/licenses/by/2.0/,docentjoyce,Northern Flicker - Red Shafted - Male - (Colaptus auratus)
woodpecker,Woodpecker,525c9bec5702761d,https://c5.staticflickr.com/1/93/266635640_ca80ef374b_z.jpg,https://c6.staticflickr.com/1/93/266635640_ca80ef374b_o.jpg,https://creativecommons.org/licenses/by/2.0/,Johan Larsson,In times of drought
woodpecker,Woodpecker,555f2a74db831563,https://c4.staticflickr.com/4/3609/5744972112_b93c32b4dd_z.jpg,https://farm4.staticflickr.com/3609/5744972112_542c37e6ca_o.jpg,https://creativecommons.org/licenses/by/2.0/,Ken Bosma,DSC_4372 - Version 2
woodpecker,Woodpecker,5c4be4c9c3fee331,https://c6.staticflickr.com/6/5059/5484149441_e4eea9e472_z.jpg,https://farm2.staticflickr.com/5059/5484149441_aa02e93945_o.jpg,https://creativecommons.org/licenses/by/2.0/,Steve,Red-bellied Woodpecker
woodpecker,Woodpecker,62184fd40e2f307d,,https://c6.staticflickr.com/1/162/347112909_68eeeeed01_o.jpg,https://creativecommons.org/licenses/by/2.0/,Ken Banks,Woody Woodpecker: 01/01/07
woodpecker,Woodpecker,7d00af2927a57eeb,https://c5.staticflickr.com/7/6181/6085189538_ba4dd784ba_z.jpg,https://c4.staticflickr.com/7/6181/6085189538_621dd82557_o.jpg,https://creativecommons.org/licenses/by/2.0/,Crycks,Hummingbird
woodpecker,Woodpecker,8457b25e4b6c5dd9,https://c1.staticflickr.com/4/3154/2914951188_a6bf20fe7a_z.jpg,https://c2.staticflickr.com/4/3154/2914951188_f2c405e836_o.jpg,https://creativecommons.org/licenses/by/2.0/,Bertrando Campos,"Choró-boi, Great Antshrike (Taraba major)"
woodpecker,Woodpecker,8903f39df70c66d3,https://c6.staticflickr.com/1/143/356166183_e55f26432b_z.jpg,https://farm4.staticflickr.com/143/356166183_e9c7333da6_o.jpg,https://creativecommons.org/licenses/by/2.0/,cl a ra maría inés,carpintero
woodpecker,Woodpecker,8f398f695bf85a80,https://c4.staticflickr.com/9/8661/15828483984_021d68071c_z.jpg,https://farm1.staticflickr.com/8661/15828483984_b3b8c5da56_o.jpg,https://creativecommons.org/licenses/by/2.0/,the yes man,These redfinches love the seeds of these cornflowers.
woodpecker,Woodpecker,9d3e594774e38bf2,https://c5.staticflickr.com/9/8671/16235590898_a2ff114f62_z.jpg,https://farm3.staticflickr.com/8671/16235590898_de4d6f57ac_o.jpg,https://creativecommons.org/licenses/by/2.0/,KatzBird,Red-bellied Woodpecker
woodpecker,Woodpecker,a62a23c4ba16b11d,https://c6.staticflickr.com/8/7049/13686390613_159f0e3967_z.jpg,https://c6.staticflickr.com/8/7049/13686390613_4e6d161564_o.jpg,https://creativecommons.org/licenses/by/2.0/,David Hill,xIMG_2098
woodpecker,Woodpecker,d2aa16bc4f8db110,https://c8.staticflickr.com/1/169/371426030_646af53def_z.jpg,https://farm1.staticflickr.com/169/371426030_646af53def_o.jpg,https://creativecommons.org/licenses/by/2.0/,Benny Mazur,"what is this, a red headed woodpecker?"
woodpecker,Woodpecker,d590148c47d27cda,https://c3.staticflickr.com/4/3783/9585897523_5dbee27f46_z.jpg,https://c3.staticflickr.com/4/3783/9585897523_fce51dae55_o.jpg,https://creativecommons.org/licenses/by/2.0/,Harry Pherson,Red-bellied Woodpecker
woodpecker,Woodpecker,dc37e14eb758ad06,https://c4.staticflickr.com/6/5467/9272979453_7274355a13_z.jpg,https://farm7.staticflickr.com/5467/9272979453_fee1e65b94_o.jpg,https://creativecommons.org/licenses/by/2.0/,Roman Filipkowski,DSC05132-2
woodpecker,Woodpecker,df65600fd6c81562,https://c1.staticflickr.com/4/3098/2602057425_304c30b4c0_z.jpg?zz=1,https://farm3.staticflickr.com/3098/2602057425_a5f655f00d_o.jpg,https://creativecommons.org/licenses/by/2.0/,Derek Hatfield,LRC Blast
woodpecker,Woodpecker,e1e863ea1a8d6ada,https://c6.staticflickr.com/8/7666/17254365996_c869c24339_z.jpg,https://c3.staticflickr.com/8/7666/17254365996_e49b537dc1_o.jpg,https://creativecommons.org/licenses/by/2.0/,Hasan Raza,The famous woody wood pecker
woodpecker,Woodpecker,e4ac1e72ffae6a07,https://c1.staticflickr.com/8/7076/7333909692_9cee46bdd2_z.jpg,https://farm8.staticflickr.com/7076/7333909692_08ff1dc815_o.jpg,https://creativecommons.org/licenses/by/2.0/,Sarah Stierch,Acorn woodpecker
woodpecker,Woodpecker,f24e040824fe8afa,https://c8.staticflickr.com/9/8529/8680138534_c098c4ea1e_z.jpg,https://c3.staticflickr.com/9/8529/8680138534_e898c205eb_o.jpg,https://creativecommons.org/licenses/by/2.0/,Clinton &amp; Charles Robertson,Yellow throated warbler?
woodpecker,Woodpecker,fc2760110136c64a,https://c7.staticflickr.com/3/2717/4163079787_cdfa0b40d9_z.jpg,https://c3.staticflickr.com/3/2717/4163079787_ce4583100d_o.jpg,https://creativecommons.org/licenses/by/2.0/,Sonja Lovas,Untitled
woodpecker,Woodpecker,ff35498f4cc7c1bb,https://c5.staticflickr.com/9/8017/6995578794_e9b5a30f55_z.jpg,https://c4.staticflickr.com/9/8017/6995578794_30f79788b8_o.jpg,https://creativecommons.org/licenses/by/2.0/,Antony Grossy,Crimson Backed Sunbird or Small Sunbird
woodpecker,Woodpecker,010216110946e9af,https://c2.staticflickr.com/9/8522/8582021181_6bde22f92b_z.jpg,https://c8.staticflickr.com/9/8522/8582021181_11e3509cd3_o.jpg,https://creativecommons.org/licenses/by/2.0/,Rodney Campbell,Male Downy  Woodpecker in an Evergreen
woodpecker,Woodpecker,09df6c9fb15a42da,https://c2.staticflickr.com/9/8285/7733179210_41ccbcd54e_z.jpg,https://c3.staticflickr.com/9/8285/7733179210_07843a83d7_o.jpg,https://creativecommons.org/licenses/by/2.0/,GrrlScientist,MichaelHarveySiraBarbet
woodpecker,Woodpecker,193387e965ec0aac,https://c3.staticflickr.com/8/7011/6656360717_584c08fe8c_z.jpg,https://c5.staticflickr.com/8/7011/6656360717_7a89f43a8f_o.jpg,https://creativecommons.org/licenses/by/2.0/,Luis Pérez,Jardín Cósmico
woodpecker,Woodpecker,1b9f2531caa96c63,https://c8.staticflickr.com/9/8751/16997731346_40a4a93540_z.jpg,https://farm4.staticflickr.com/8751/16997731346_5238d3f6a6_o.jpg,https://creativecommons.org/licenses/by/2.0/,Nick Varvel,Brown Creeper
woodpecker,Woodpecker,1ba2b5c1287de1cc,https://c4.staticflickr.com/4/3526/3725031351_9dd3813f37_z.jpg,https://c5.staticflickr.com/4/3526/3725031351_2740845fd9_o.jpg,https://creativecommons.org/licenses/by/2.0/,Luz,Opportunistic
woodpecker,Woodpecker,1c3d1f1251eca0a4,https://c4.staticflickr.com/1/331/18872093160_ae964211ef_z.jpg,https://farm5.staticflickr.com/331/18872093160_9a94430064_o.jpg,https://creativecommons.org/licenses/by/2.0/,young shanahan,Hoopoe.
woodpecker,Woodpecker,1dae6711336da425,https://c1.staticflickr.com/3/2609/3761180082_0705308e00_z.jpg,https://farm6.staticflickr.com/2609/3761180082_c9d98eef0e_o.jpg,https://creativecommons.org/licenses/by/2.0/,Joe McKenna,Stunning Golden-breasted Woodpecker - Colpates melanolaimus
woodpecker,Woodpecker,26e3359353b3bd74,https://c7.staticflickr.com/3/2109/2624208733_00d5b9b291_z.jpg,https://farm5.staticflickr.com/2109/2624208733_7d98b55fe0_o.jpg,https://creativecommons.org/licenses/by/2.0/,tomasz przechlewski,p6301857
woodpecker,Woodpecker,2c4d01636e24fef9,https://c2.staticflickr.com/9/8151/7343653934_affb05faa3_z.jpg,https://c2.staticflickr.com/9/8151/7343653934_98f4b14712_o.jpg,https://creativecommons.org/licenses/by/2.0/,Pat (Cletch) Williams,The_Pinery_ON_0612_26
woodpecker,Woodpecker,319de25e1b78dcbf,https://c7.staticflickr.com/1/237/520577812_357f44db80_z.jpg?zz=1,https://c8.staticflickr.com/1/237/520577812_5a1ce648be_o.jpg,https://creativecommons.org/licenses/by/2.0/,raider of gin,woodpecker 1
woodpecker,Woodpecker,3df1a7320cb2aecd,https://c2.staticflickr.com/1/606/21713782181_64cf462080_z.jpg,https://c6.staticflickr.com/1/606/21713782181_3fbce0fdc6_o.jpg,https://creativecommons.org/licenses/by/2.0/,Pete G,Blue Jay
woodpecker,Woodpecker,49a2c062d1c6db75,https://c6.staticflickr.com/3/2857/8830647706_6729a93e77_z.jpg,https://farm6.staticflickr.com/2857/8830647706_303bdac98a_o.jpg,https://creativecommons.org/licenses/by/2.0/,Claire Gribbin,DSC_6847.jpg
woodpecker,Woodpecker,4ecd53011e47f224,https://c1.staticflickr.com/9/8598/15781653815_abbd1e04b3_z.jpg,https://farm5.staticflickr.com/8598/15781653815_8e5ac4330e_o.jpg,https://creativecommons.org/licenses/by/2.0/,Rachel Kramer,Noontime meal
woodpecker,Woodpecker,51d0f5fbaacb1df0,https://c4.staticflickr.com/8/7473/15528962578_ed0de79bb4_z.jpg,https://farm1.staticflickr.com/7473/15528962578_f6b8a6af16_o.jpg,https://creativecommons.org/licenses/by/2.0/,vishwanath Hawargi,King Fisher
woodpecker,Woodpecker,5a2450030d0d7d39,https://c8.staticflickr.com/4/3403/3410176172_7056304d04_z.jpg?zz=1,https://c2.staticflickr.com/4/3403/3410176172_ac53a7aa17_o.jpg,https://creativecommons.org/licenses/by/2.0/,tinyfroglet,Dinner
woodpecker,Woodpecker,60190dfd6548e676,https://c7.staticflickr.com/8/7217/6918740674_197eb1baa8_z.jpg,https://farm7.staticflickr.com/7217/6918740674_7422be6342_o.jpg,https://creativecommons.org/licenses/by/2.0/,Austin Valley,Red-Breasted Nuthatch
woodpecker,Woodpecker,60bd3a82fad0bc31,https://c3.staticflickr.com/3/2876/9149464500_48f44869df_z.jpg,https://farm2.staticflickr.com/2876/9149464500_ef812cb541_o.jpg,https://creativecommons.org/licenses/by/2.0/,Vi Neves,Benedito de Testa Vermelha
woodpecker,Woodpecker,614490ee351f4528,https://c1.staticflickr.com/6/5613/15811450552_b518a7a0cb_z.jpg,https://c1.staticflickr.com/6/5613/15811450552_107612236b_o.jpg,https://creativecommons.org/licenses/by/2.0/,Steve Slater,crested barbet
woodpecker,Woodpecker,64a373ce5f8c1b76,https://c3.staticflickr.com/3/2721/4220399267_0de3068377_z.jpg,https://farm7.staticflickr.com/2721/4220399267_0cec0694b6_o.jpg,https://creativecommons.org/licenses/by/2.0/,Thundercheese,golden-fronted woodpecker
woodpecker,Woodpecker,64aed919a371a8a6,https://c8.staticflickr.com/6/5453/8758218863_6720d4dafa_z.jpg,https://farm7.staticflickr.com/5453/8758218863_bb714321c7_o.jpg,https://creativecommons.org/licenses/by/2.0/,Thank you for visiting my page,I found this guy Making holes in tree's
woodpecker,Woodpecker,6fb5cd75c6b5f400,https://c2.staticflickr.com/4/3575/3678326779_944f63ea05_z.jpg,https://farm1.staticflickr.com/3575/3678326779_4975853e0f_o.jpg,https://creativecommons.org/licenses/by/2.0/,Jen Farr,Birds 387
woodpecker,Woodpecker,7516ad714d412fb0,https://c1.staticflickr.com/6/5261/5568642324_db3740057c_z.jpg,https://farm1.staticflickr.com/5261/5568642324_11d9e392f2_o.jpg,https://creativecommons.org/licenses/by/2.0/,Don O&#x27;Brien,Finch Feeder
woodpecker,Woodpecker,78babf61a65e4ac5,https://c6.staticflickr.com/9/8388/8487170113_433f08271e_z.jpg,https://farm6.staticflickr.com/8388/8487170113_99889ee773_o.jpg,https://creativecommons.org/licenses/by/2.0/,Gustavo Lazarini Forreque,Piculus aurulentus
woodpecker,Woodpecker,7cbc7c767646aee5,https://c5.staticflickr.com/4/3087/3239239307_457c181fce_z.jpg?zz=1,https://farm6.staticflickr.com/3087/3239239307_4d17819529_o.jpg,https://creativecommons.org/licenses/by/2.0/,bobistraveling,Woodpecker Goose Creek SP NC 8586
woodpecker,Woodpecker,81472dbd3627dbd0,https://c7.staticflickr.com/4/3805/14097198199_6be134977a_z.jpg,https://farm1.staticflickr.com/3805/14097198199_2c152c0e48_o.jpg,https://creativecommons.org/licenses/by/2.0/,Bridget Leyendecker,Snowy Snack
worm,Worm,14ee1d1e5d0c278b,https://c8.staticflickr.com/3/2694/4294462568_7c43b33900_z.jpg,https://c4.staticflickr.com/3/2694/4294462568_125c381362_o.jpg,https://creativecommons.org/licenses/by/2.0/,jennalex,Banana Slug
worm,Worm,1b40dae3aec04352,https://c7.staticflickr.com/9/8796/17564535414_3dc1edce02_z.jpg,https://farm3.staticflickr.com/8796/17564535414_9cbb5edcec_o.jpg,https://creativecommons.org/licenses/by/2.0/,liesvanrompaey,Scolopendra cingulata
worm,Worm,23111cb2b9d75ddc,https://c8.staticflickr.com/4/3585/3579330798_a50581c187_z.jpg,https://c5.staticflickr.com/4/3585/3579330798_651c0bb619_o.jpg,https://creativecommons.org/licenses/by/2.0/,Brad P.,20090519 - Shenandoah Camping 014
worm,Worm,37971b1666de9dc6,https://c6.staticflickr.com/4/3758/12065752053_4fc964fa34_z.jpg,https://farm7.staticflickr.com/3758/12065752053_91eff54e1e_o.jpg,https://creativecommons.org/licenses/by/2.0/,Rick McCharles,"insect, Amphitheater, Drakensberg, South AfricaAmphitheater, Drakensberg, South AfricaAmphitheater, Drakensberg, South Africa  - 122"
worm,Worm,6f74028886d8afca,https://c6.staticflickr.com/1/47/187095531_07fe2b2010_z.jpg?zz=1,https://c3.staticflickr.com/1/47/187095531_07fe2b2010_o.jpg,https://creativecommons.org/licenses/by/2.0/,Brent Moore,The Largest Millipede I have ever seen
worm,Worm,71bd69b6f3fad68f,https://c7.staticflickr.com/8/7479/15831992180_6ac3e96da0_z.jpg,https://c8.staticflickr.com/8/7479/15831992180_ba2a80f782_o.jpg,https://creativecommons.org/licenses/by/2.0/,Christine und Hagen Graf,Anguis Fragilis (Slow Worm)
worm,Worm,78a5759309d1f067,https://c5.staticflickr.com/3/2255/2154144380_8761e6c395_z.jpg,https://farm8.staticflickr.com/2255/2154144380_a6246cc77c_o.jpg,https://creativecommons.org/licenses/by/2.0/,Gunther Hagleitner,DSC_0070.JPG
worm,Worm,8b70286d9e1d11ea,https://c7.staticflickr.com/8/7215/7184019002_80c1bd9cca_z.jpg,https://c3.staticflickr.com/8/7215/7184019002_4ee002c839_o.jpg,https://creativecommons.org/licenses/by/2.0/,Lennart Tange,Lots of Caterpillars
worm,Worm,9be58c669eea4444,https://c3.staticflickr.com/1/636/20914486230_6d83d92140_z.jpg,https://farm5.staticflickr.com/636/20914486230_f516bf7041_o.jpg,https://creativecommons.org/licenses/by/2.0/,nubobo,芋虫
worm,Worm,9ed57bfd096cf7c5,https://c5.staticflickr.com/2/1297/1342017063_c14cdaa4db_z.jpg?zz=1,https://farm6.staticflickr.com/1297/1342017063_61b20a29f9_o.jpg,https://creativecommons.org/licenses/by/2.0/,ldpedersen,Centipede
worm,Worm,ab40e0b2d821b440,https://c3.staticflickr.com/1/594/20894223361_89a9f23ebd_z.jpg,https://farm1.staticflickr.com/594/20894223361_25b57b895c_o.jpg,https://creativecommons.org/licenses/by/2.0/,Katja Schulz,Flat-backed Millipede
worm,Worm,cb8a6842c37549dc,https://c7.staticflickr.com/2/1087/623804470_333757dc19_z.jpg?zz=1,https://c5.staticflickr.com/2/1087/623804470_9756114728_o.jpg,https://creativecommons.org/licenses/by/2.0/,godwin d,Crawling away!
worm,Worm,cc0a0e1ea3007abd,https://c1.staticflickr.com/8/7285/8882753595_18845c3646_z.jpg,https://c6.staticflickr.com/8/7285/8882753595_159f82f88b_o.jpg,https://creativecommons.org/licenses/by/2.0/,Martin Cooper,Slow-worm (Anguis fragilis)
worm,Worm,f3388da0afc1354c,https://c7.staticflickr.com/6/5190/5619262839_a0773b4628_z.jpg,https://c5.staticflickr.com/6/5190/5619262839_0a52c31c38_o.jpg,https://creativecommons.org/licenses/by/2.0/,crabchick,compost worms
worm,Worm,f74c773ffb08e8b6,https://c3.staticflickr.com/9/8456/8047002566_13d37f0322_z.jpg,https://farm7.staticflickr.com/8456/8047002566_140d527d1c_o.jpg,https://creativecommons.org/licenses/by/2.0/,Stephan Ridgway,Worms in their new home
worm,Worm,fc7321d2b47fd146,https://c5.staticflickr.com/4/3624/3466153551_37ee65b49c_z.jpg?zz=1,https://farm7.staticflickr.com/3624/3466153551_fa9317e6d1_o.jpg,https://creativecommons.org/licenses/by/2.0/,Mick Talbot,Diplopoda
worm,Worm,01fca6593cc855a6,https://c3.staticflickr.com/7/6136/5957032756_7c94328f2b_z.jpg,https://farm7.staticflickr.com/6136/5957032756_f5948b2b5c_o.jpg,https://creativecommons.org/licenses/by/2.0/,Thomas Quine,Rusty millipede
worm,Worm,0ba3d22f32fafbb2,https://c4.staticflickr.com/9/8227/8578472492_3a4dc283ec_z.jpg,https://farm3.staticflickr.com/8227/8578472492_4638f53f7e_o.jpg,https://creativecommons.org/licenses/by/2.0/,U.S. Fish and Wildlife Service Northeast Region,Salamanders
worm,Worm,0f92e7070a513ebd,https://c7.staticflickr.com/4/3124/2725670430_55d4c51dfb_z.jpg?zz=1,https://c6.staticflickr.com/4/3124/2725670430_c3ae130052_o.jpg,https://creativecommons.org/licenses/by/2.0/,{ pranav },resuming the journey
worm,Worm,1717d58edcd16675,https://c1.staticflickr.com/5/4134/4959032314_37a44122f9_z.jpg,https://farm6.staticflickr.com/4134/4959032314_0327e656d7_o.jpg,https://creativecommons.org/licenses/by/2.0/,Rocky Sun,Caterpillar
worm,Worm,1b89712fe47f3b85,https://c5.staticflickr.com/4/3875/14459420186_b88468cc02_z.jpg,https://farm6.staticflickr.com/3875/14459420186_4ee826f764_o.jpg,https://creativecommons.org/licenses/by/2.0/,Feroze Omardeen,Caterpillar in point Gourde  for TTFNC Calendar
worm,Worm,1ead3a4a9e505378,https://c5.staticflickr.com/1/31/93956444_c8292fd3c4_z.jpg,https://c1.staticflickr.com/1/31/93956444_c8292fd3c4_o.jpg,https://creativecommons.org/licenses/by/2.0/,schizoform,20060131 earthworm
worm,Worm,1fd7d162cc7dae80,https://c3.staticflickr.com/6/5153/14433847384_c423a53b09_z.jpg,https://farm1.staticflickr.com/5153/14433847384_06c5df00eb_o.jpg,https://creativecommons.org/licenses/by/2.0/,Walter Lim,Another sea worm dug up by Ethan. #sentosa #palawan #beach
worm,Worm,2355de8a62514ed9,https://c6.staticflickr.com/4/3664/3526051465_61f41a66df_z.jpg,https://c2.staticflickr.com/4/3664/3526051465_39bef24cec_o.jpg,https://creativecommons.org/licenses/by/2.0/,SantaRosa OLD SKOOL,DSCF4206a
worm,Worm,281afb0af6e1ecf1,https://c2.staticflickr.com/1/119/265463474_0a8bd69787_z.jpg?zz=1,https://farm2.staticflickr.com/119/265463474_0a8bd69787_o.jpg,https://creativecommons.org/licenses/by/2.0/,Rob Growler,head of errant polychaete Nereis
worm,Worm,2c0c67b6c3ee17a4,https://c8.staticflickr.com/3/2222/5716733900_15581afb17_z.jpg,https://farm5.staticflickr.com/2222/5716733900_15444fca24_o.jpg,https://creativecommons.org/licenses/by/2.0/,USFWSmidwest,Bait
worm,Worm,2ca0e4eb5eb1ab62,https://c3.staticflickr.com/7/6084/6136944421_d155d1db72_z.jpg,https://farm3.staticflickr.com/6084/6136944421_1468f77bd5_o.jpg,https://creativecommons.org/licenses/by/2.0/,Saroj Kumar Mishra,sel_MG_2277
worm,Worm,315b74b4f33d4362,https://c4.staticflickr.com/4/3379/4639763612_44d4049b01_z.jpg,https://farm3.staticflickr.com/3379/4639763612_1b5bb2d83c_o.jpg,https://creativecommons.org/licenses/by/2.0/,Spider.Dog,Slug
worm,Worm,327aa216c66aa437,https://c5.staticflickr.com/7/6018/5957535930_3fb3a1952d_z.jpg,https://farm8.staticflickr.com/6018/5957535930_ed4d466e3f_o.jpg,https://creativecommons.org/licenses/by/2.0/,adil113,eel orgy (sanp numa machli)
worm,Worm,35ec7075b90b8332,https://c8.staticflickr.com/3/2623/3752281482_ab5efb46bc_z.jpg,https://farm3.staticflickr.com/2623/3752281482_b7c947dcee_o.jpg,https://creativecommons.org/licenses/by/2.0/,I likE plants!,Millipede 018
worm,Worm,366fab0410ec186f,https://c7.staticflickr.com/8/7240/7231723226_c8e5613460_z.jpg,https://c8.staticflickr.com/8/7240/7231723226_ea5c147d75_o.jpg,https://creativecommons.org/licenses/by/2.0/,Thomas Shahan,mill
worm,Worm,3e7444dcd0dd3a6a,https://c3.staticflickr.com/4/3200/2734770946_3a0a912273_z.jpg,https://c3.staticflickr.com/4/3200/2734770946_82b7814e16_o.jpg,https://creativecommons.org/licenses/by/2.0/,Kenta Hayashi,ミミズ / Mimizu
worm,Worm,41de918de8db9701,https://c5.staticflickr.com/6/5446/17633333348_40da11da4e_z.jpg,https://farm2.staticflickr.com/5446/17633333348_29fda08744_o.jpg,https://creativecommons.org/licenses/by/2.0/,S. Rae,Ommatoiulus
worm,Worm,441d4b4e5ab89ada,https://c8.staticflickr.com/8/7267/7760006494_0aedd8e231_z.jpg,https://c3.staticflickr.com/8/7267/7760006494_a9a24dda34_o.jpg,https://creativecommons.org/licenses/by/2.0/,watchsmart,IMG_4446
worm,Worm,45d23ceefb7f0c5f,https://c6.staticflickr.com/1/194/494416766_cc4e62fd39_z.jpg,https://c8.staticflickr.com/1/194/494416766_43952d6a5b_o.jpg,https://creativecommons.org/licenses/by/2.0/,woodleywonderworks,crossing the line
worm,Worm,463c44a928a72079,https://c8.staticflickr.com/1/193/454389170_7c2dd85178_z.jpg?zz=1,https://c2.staticflickr.com/1/193/454389170_5d5b83607e_o.jpg,https://creativecommons.org/licenses/by/2.0/,Benny Mazur,Eastern Red-backed Salamander
worm,Worm,492590504c89b42f,https://c4.staticflickr.com/6/5314/14494130672_2c5f8cc62f_z.jpg,https://c8.staticflickr.com/6/5314/14494130672_fdbf81b8f1_o.jpg,https://creativecommons.org/licenses/by/2.0/,Tamaki Sono,140616
worm,Worm,4e6b038b85cd66de,https://c4.staticflickr.com/9/8494/8254121112_5085c86ff0_z.jpg,https://c7.staticflickr.com/9/8494/8254121112_8f931092be_o.jpg,https://creativecommons.org/licenses/by/2.0/,John Tann,Sawfly larvae on the move
worm,Worm,53d2aa2cf344d739,https://c2.staticflickr.com/5/4097/4848769163_8f533ac36a_z.jpg,https://c2.staticflickr.com/5/4097/4848769163_75bc6a557b_o.jpg,https://creativecommons.org/licenses/by/2.0/,mriggen,IMG_5849
worm,Worm,54dabf4b72776b16,https://c3.staticflickr.com/1/199/487135497_e301b03bba_z.jpg,https://farm7.staticflickr.com/199/487135497_215ad917e9_o.jpg,https://creativecommons.org/licenses/by/2.0/,"Alex Popovkin, Bahia, Brazil","Eucampesmella sp., Chelodesmidae, Atlantic forest, northeastern Bahia, Brazil"
worm,Worm,57d6f60cc9bdec58,https://c2.staticflickr.com/8/7023/6524851025_d385b10ac6_z.jpg,https://c1.staticflickr.com/8/7023/6524851025_34b2025623_o.jpg,https://creativecommons.org/licenses/by/2.0/,Gabriel González,Lombriz de tierra - earthworm
worm,Worm,5f8f15049c34f66b,https://c7.staticflickr.com/3/2306/2516700912_d8b400ed07_z.jpg,https://c4.staticflickr.com/3/2306/2516700912_ba549544ee_o.jpg,https://creativecommons.org/licenses/by/2.0/,Hafiz Issadeen,Millipede
worm,Worm,619b93e77f77a09c,https://c5.staticflickr.com/6/5592/14988400438_bc2cdf61ae_z.jpg,https://c5.staticflickr.com/6/5592/14988400438_afb7cb7e9d_o.jpg,https://creativecommons.org/licenses/by/2.0/,Graham Wise,Round-backed millipede
worm,Worm,63d954c5987e619c,https://c8.staticflickr.com/8/7292/11916858975_f595119f6d_z.jpg,https://c5.staticflickr.com/8/7292/11916858975_f86abc3cbb_o.jpg,https://creativecommons.org/licenses/by/2.0/,Frank Vassen,"Malagasy rainforest leech on my skin, Ranomafana National Park, Madagascar"
worm,Worm,68dffff0f852cbe9,https://c8.staticflickr.com/8/7357/8755027271_9a2fd22583_z.jpg,https://c2.staticflickr.com/8/7357/8755027271_a4d75f43c6_o.jpg,https://creativecommons.org/licenses/by/2.0/,Nicholas A. Tonelli,Iridescent
worm,Worm,6bcb424a8d7eb968,https://c4.staticflickr.com/6/5449/9277190351_9bc46b381e_z.jpg,https://c1.staticflickr.com/6/5449/9277190351_7e75524170_o.jpg,https://creativecommons.org/licenses/by/2.0/,Jay Sturner,"Millipede (Sigmoria ainsliei) outside Ijams Nature Center in Knoxville, TN"
worm,Worm,74b9f987f8a151e1,https://c8.staticflickr.com/3/2368/2484262880_4b60e59f61_z.jpg,https://farm2.staticflickr.com/2368/2484262880_4c7aca1888_o.jpg,https://creativecommons.org/licenses/by/2.0/,Spider.Dog,Millipedes
worm,Worm,77f78ed7be27ceb9,https://c6.staticflickr.com/8/7503/15837964236_dd95b940b7_z.jpg,https://c2.staticflickr.com/8/7503/15837964236_a2f5442069_o.jpg,https://creativecommons.org/licenses/by/2.0/,Andrew C,Euryurus leachii
worm,Worm,7aa2a28d7830e7e3,https://c3.staticflickr.com/5/4029/4709840548_9924acc48f_z.jpg,https://farm4.staticflickr.com/4029/4709840548_1237eec50d_o.jpg,https://creativecommons.org/licenses/by/2.0/,Petteri Sulonen,Millipedes After Rain
worm,Worm,7c092739ef2a98de,https://c8.staticflickr.com/4/3069/2563255031_7db9649a3c_z.jpg,https://c7.staticflickr.com/4/3069/2563255031_f989a6ef16_o.jpg,https://creativecommons.org/licenses/by/2.0/,Eric Chan,millipede
zebra,Zebra,07a58a64d83c0d1f,https://c3.staticflickr.com/1/49/109684404_f20327785b_z.jpg,https://c8.staticflickr.com/1/49/109684404_f20327785b_o.jpg,https://creativecommons.org/licenses/by/2.0/,Kevin Walsh,zebra
zebra,Zebra,0ff2a9e5ed288222,https://c3.staticflickr.com/8/7462/15973155909_53e29a5e32_z.jpg,https://farm3.staticflickr.com/7462/15973155909_2fc25d7495_o.jpg,https://creativecommons.org/licenses/by/2.0/,Brian Ralphs,DSC_8361
zebra,Zebra,181cec981ba66aae,https://c4.staticflickr.com/5/4127/5170361798_e07380b321_z.jpg,https://c7.staticflickr.com/5/4127/5170361798_74943fc762_o.jpg,https://creativecommons.org/licenses/by/2.0/,.waldec,Zebra's
zebra,Zebra,299b878a85a53535,https://c6.staticflickr.com/7/6192/6112568367_99bbfaa700_z.jpg,https://farm6.staticflickr.com/6192/6112568367_d3c4f967ee_o.jpg,https://creativecommons.org/licenses/by/2.0/,Spencer Wright,"Damara Zebra (Equus burchelli), Colchester Zoo"
zebra,Zebra,31814e6574805bfa,https://c2.staticflickr.com/7/6036/6250761014_72d469e301_z.jpg,https://c3.staticflickr.com/7/6036/6250761014_b35705e296_o.jpg,https://creativecommons.org/licenses/by/2.0/,natalie419,0ctober 2011 124
zebra,Zebra,445a9b67b95a880c,https://c2.staticflickr.com/1/204/458587579_53e0ab630b_z.jpg,https://c5.staticflickr.com/1/204/458587579_7f81498bd8_o.jpg,https://creativecommons.org/licenses/by/2.0/,Samu,IMG_1973
zebra,Zebra,4486243570118b0a,https://c7.staticflickr.com/6/5019/5513448743_22bf6b2194_z.jpg,https://c3.staticflickr.com/6/5019/5513448743_014c4c5e09_o.jpg,https://creativecommons.org/licenses/by/2.0/,Kazue  Shima,fashion illustration - Brush Zebra -
zebra,Zebra,531e105f0f382294,https://c4.staticflickr.com/4/3019/2726826494_938413f9e0_z.jpg,https://farm5.staticflickr.com/3019/2726826494_b3450c05dd_o.jpg,https://creativecommons.org/licenses/by/2.0/,Mike Renlund,Madleline on the Merry-go-round
zebra,Zebra,5550336eb64a08f3,https://c5.staticflickr.com/3/2648/3775471834_839bf7eafa_z.jpg,https://farm4.staticflickr.com/2648/3775471834_d977a6034a_o.jpg,https://creativecommons.org/licenses/by/2.0/,vagueonthehow,Zebras
zebra,Zebra,555be2a0682db70a,https://c7.staticflickr.com/6/5348/9193024347_4b94c3fbdd_z.jpg,https://c3.staticflickr.com/6/5348/9193024347_fe6cfb454a_o.jpg,https://creativecommons.org/licenses/by/2.0/,Ken Ratcliff,zebra
zebra,Zebra,58399f10842aadac,https://c2.staticflickr.com/4/3138/2729535968_a9956d74fa_z.jpg,https://c5.staticflickr.com/4/3138/2729535968_d04c88b905_o.jpg,https://creativecommons.org/licenses/by/2.0/,Draco2008,Legoland Windsor
zebra,Zebra,61ead689dba1ebc5,https://c6.staticflickr.com/1/156/407938980_6b05cbb629_z.jpg?zz=1,https://farm6.staticflickr.com/156/407938980_2dc6ec8fa1_o.jpg,https://creativecommons.org/licenses/by/2.0/,Leogirly4life,A zonkey
zebra,Zebra,6ef240521168198e,https://c7.staticflickr.com/9/8601/16667238065_aa421a2c30_z.jpg,https://c7.staticflickr.com/9/8601/16667238065_4fd182f42e_o.jpg,https://creativecommons.org/licenses/by/2.0/,Spifferella,P1180835
zebra,Zebra,7b6eed2a50ffd046,https://c5.staticflickr.com/1/151/363931462_37f0088f48_z.jpg,https://farm7.staticflickr.com/151/363931462_37f0088f48_o.jpg,https://creativecommons.org/licenses/by/2.0/,Rob Chandler,"Taronga Zoo, Sydney 2007"
zebra,Zebra,7fa8b4a5f88946e4,https://c4.staticflickr.com/5/4139/4908888842_fc7238eb5c_z.jpg,https://farm5.staticflickr.com/4139/4908888842_8562907c72_o.jpg,https://creativecommons.org/licenses/by/2.0/,LadyDragonflyCC - &gt;;&lt;,African Adventure
zebra,Zebra,8429b8f408b7b0c6,https://c8.staticflickr.com/6/5002/5339880972_ccbab49bca_z.jpg,https://farm7.staticflickr.com/5002/5339880972_e25f917715_o.jpg,https://creativecommons.org/licenses/by/2.0/,Joan Sorolla,Zebres
zebra,Zebra,8d88ba89cafa705d,https://c3.staticflickr.com/6/5156/13868740244_892a77c762_z.jpg,https://c6.staticflickr.com/6/5156/13868740244_50e93f02a0_o.jpg,https://creativecommons.org/licenses/by/2.0/,Steve Slater,family of zebra peering cautiously around a tree
zebra,Zebra,94aaae43e2524534,https://c2.staticflickr.com/5/4138/4809212219_a352ecc3eb_z.jpg,https://farm5.staticflickr.com/4138/4809212219_d4f8d2f4a7_o.jpg,https://creativecommons.org/licenses/by/2.0/,Danielle Elder,Zebras
zebra,Zebra,95cb7a8fde2e1170,https://c1.staticflickr.com/1/751/20684544072_48867b04c6_z.jpg,https://farm1.staticflickr.com/751/20684544072_168187d9f6_o.jpg,https://creativecommons.org/licenses/by/2.0/,Shane Betzold,Wild life and such
zebra,Zebra,9f1544f451a5422c,https://c3.staticflickr.com/8/7332/13928876349_b9c7ebcda2_z.jpg,https://c5.staticflickr.com/8/7332/13928876349_c5dc70f176_o.jpg,https://creativecommons.org/licenses/by/2.0/,Iqbal Osman,African Zebras
zebra,Zebra,ae41e7741e6f949f,https://c3.staticflickr.com/5/4119/4869240020_c3df7c1f6e_z.jpg,https://c8.staticflickr.com/5/4119/4869240020_7b6982ccf9_o.jpg,https://creativecommons.org/licenses/by/2.0/,rjones0856,Zebra
zebra,Zebra,d1d7aa87e8b9a8ae,https://c7.staticflickr.com/8/7395/11519705575_03f284e92b_z.jpg,https://c7.staticflickr.com/8/7395/11519705575_915135d708_o.jpg,https://creativecommons.org/licenses/by/2.0/,Ali from Riyadh : ),حمار الوحش
zebra,Zebra,f0825d484e29f990,https://c3.staticflickr.com/8/7013/6516755203_4fd14526d1_z.jpg,https://farm1.staticflickr.com/7013/6516755203_0da0e1a086_o.jpg,https://creativecommons.org/licenses/by/2.0/,Keith Springer,Africa Trip 11-2011 Keith Springer 083
zebra,Zebra,f420ee0b168de5f3,https://c2.staticflickr.com/9/8538/8603855827_320e7fbb3c_z.jpg,https://farm4.staticflickr.com/8538/8603855827_135f8d57f4_o.jpg,https://creativecommons.org/licenses/by/2.0/,Brad Greenlee,Zebra
zebra,Zebra,f784167ef6b56d7e,https://c8.staticflickr.com/9/8001/7555908474_35437908be_z.jpg,https://c7.staticflickr.com/9/8001/7555908474_044aff3098_o.jpg,https://creativecommons.org/licenses/by/2.0/,Henrik Palm,It doesn't matter if you're black or white - or both
zebra,Zebra,fe5c0bb0751ddcfc,https://c7.staticflickr.com/9/8626/15685180539_625f9833d2_z.jpg,https://c5.staticflickr.com/9/8626/15685180539_5f99073ea5_o.jpg,https://creativecommons.org/licenses/by/2.0/,peter.strauss,Zebra
zebra,Zebra,00b0189bd5e965cb,https://c2.staticflickr.com/4/3107/2448342046_93437db273_z.jpg?zz=1,https://c4.staticflickr.com/4/3107/2448342046_3a61b51899_o.jpg,https://creativecommons.org/licenses/by/2.0/,darkroomillusions,Zebra
zebra,Zebra,02e850bb904d9467,https://c4.staticflickr.com/4/3421/3367111780_dfcabb905a_z.jpg,https://farm8.staticflickr.com/3421/3367111780_dbfaf01821_o.jpg,https://creativecommons.org/licenses/by/2.0/,meg and rahul,i like his tail in this one
zebra,Zebra,099f5af7592c9fcc,https://c4.staticflickr.com/9/8102/8656810427_79a06c6e2b_z.jpg,https://c5.staticflickr.com/9/8102/8656810427_505908f706_o.jpg,https://creativecommons.org/licenses/by/2.0/,Don DeBold,Zebras near Hearst Castle
zebra,Zebra,0b80a6acc62f3f33,https://c5.staticflickr.com/1/62/210914811_a97dc96f16_z.jpg,https://farm4.staticflickr.com/62/210914811_a97dc96f16_o.jpg,https://creativecommons.org/licenses/by/2.0/,Scott Chacon,Hells Gate Zebras
zebra,Zebra,106b7034ee0aca04,https://c3.staticflickr.com/9/8044/8101985489_6b78032777_z.jpg,https://farm5.staticflickr.com/8044/8101985489_79605ef5a2_o.jpg,https://creativecommons.org/licenses/by/2.0/,Yoni  Lerner,"serengeti, the great immigration"
zebra,Zebra,111af929789dfa8f,https://c2.staticflickr.com/3/2381/5703431455_abb6a518af_z.jpg,https://c8.staticflickr.com/3/2381/5703431455_6870063177_o.jpg,https://creativecommons.org/licenses/by/2.0/,Nathan Bittinger,Zebra
zebra,Zebra,17cd5fe768e07127,https://c2.staticflickr.com/1/23/33974966_b5d5078b9e_z.jpg?zz=1,https://farm8.staticflickr.com/23/33974966_b5d5078b9e_o.jpg,https://creativecommons.org/licenses/by/2.0/,Everjean,zebra
zebra,Zebra,1b886682f0d9c974,https://c6.staticflickr.com/4/3796/11799536776_1a18accd8d_z.jpg,https://farm5.staticflickr.com/3796/11799536776_c7026e411a_o.jpg,https://creativecommons.org/licenses/by/2.0/,LindsayT...,IMG_5365
zebra,Zebra,1c7b1bd8c52246bc,https://c3.staticflickr.com/7/6146/5975798103_21bbc20266_z.jpg,https://c5.staticflickr.com/7/6146/5975798103_2219f7331b_o.jpg,https://creativecommons.org/licenses/by/2.0/,Jim Bowen,Zebra Having Lunch
zebra,Zebra,1cbcc2aae79b520f,https://c1.staticflickr.com/6/5638/20771525403_9672c5e26a_z.jpg,https://c8.staticflickr.com/6/5638/20771525403_b92f6379a4_o.jpg,https://creativecommons.org/licenses/by/2.0/,Dawn Huczek,Gotta love those stripes!- Okapi
zebra,Zebra,204812f59423bc81,https://c7.staticflickr.com/6/5128/5333668814_678fae3d48_z.jpg,https://farm2.staticflickr.com/5128/5333668814_7f1c789cf4_o.jpg,https://creativecommons.org/licenses/by/2.0/,Bernd Wachtmeister,Waved Horse (Spring Version)
zebra,Zebra,254bd8fd5277dc1e,https://c6.staticflickr.com/6/5607/15611210650_2eeb408104_z.jpg,https://c7.staticflickr.com/6/5607/15611210650_5ec3b46fc5_o.jpg,https://creativecommons.org/licenses/by/2.0/,Abi Porter,Shop update!
zebra,Zebra,2624954c3481dcd7,https://c8.staticflickr.com/4/3432/3915340809_b2660153a2_z.jpg,https://farm8.staticflickr.com/3432/3915340809_7a760ccdb4_o.jpg,https://creativecommons.org/licenses/by/2.0/,Mario Bollini,IMG_0063.jpg
zebra,Zebra,2896a33940c5415c,https://c8.staticflickr.com/9/8230/8531314979_218a7c8392_z.jpg,https://c5.staticflickr.com/9/8230/8531314979_3655a13cc0_o.jpg,https://creativecommons.org/licenses/by/2.0/,ANA MARÍA IBÁÑEZ CASTILLO,CEBRA
zebra,Zebra,28e40dc55ed0c759,https://c6.staticflickr.com/3/2393/2349807454_d91921788b_z.jpg?zz=1,https://c2.staticflickr.com/3/2393/2349807454_914364c4e2_o.jpg,https://creativecommons.org/licenses/by/2.0/,NeilsPhotography,Zebras
zebra,Zebra,2d4d04de4e807a54,,https://farm5.staticflickr.com/1175/1512516277_af48dd04c4_o.jpg,https://creativecommons.org/licenses/by/2.0/,gmususa,zebras
zebra,Zebra,2f94dffb2c9da13e,https://c5.staticflickr.com/3/2723/4074051117_42297bb609_z.jpg,https://c7.staticflickr.com/3/2723/4074051117_954b21e0c8_o.jpg,https://creativecommons.org/licenses/by/2.0/,unicron1bot,IMG_0777
zebra,Zebra,312431a2858d754a,https://c8.staticflickr.com/5/4148/4998004884_f7a97cc0b1_z.jpg,https://c3.staticflickr.com/5/4148/4998004884_1fa6d3301b_o.jpg,https://creativecommons.org/licenses/by/2.0/,tequilamike,IMGP7858
zebra,Zebra,376bb13bb50266d8,https://c1.staticflickr.com/4/3224/2937554965_9efd1ced85_z.jpg,https://c1.staticflickr.com/4/3224/2937554965_9d0eaca892_o.jpg,https://creativecommons.org/licenses/by/2.0/,whyohwhyohwhyoh,horse/zebra/thing
zebra,Zebra,429306aefd95f8a8,https://c6.staticflickr.com/8/7429/16400084806_a1c325f182_z.jpg,https://c1.staticflickr.com/8/7429/16400084806_1bddec6143_o.jpg,https://creativecommons.org/licenses/by/2.0/,Lindsey Nicholson,Zebra
zebra,Zebra,442f548760b6a3be,https://c1.staticflickr.com/4/3008/3033916195_098db2c2e4_z.jpg,https://c7.staticflickr.com/4/3008/3033916195_77b86a361b_o.jpg,https://creativecommons.org/licenses/by/2.0/,Vince Smith,Blue Wildebeest and Burchell's Zebra
zebra,Zebra,49732ac45d071197,https://c8.staticflickr.com/4/3910/14749843204_c6492f44fd_z.jpg,https://farm8.staticflickr.com/3910/14749843204_3da1a8e2cf_o.jpg,https://creativecommons.org/licenses/by/2.0/,Mark  Robinson,zebra crater
zebra,Zebra,4dbaff43bc6fe55e,https://c4.staticflickr.com/5/4080/4915576285_73c5ec0352_z.jpg,https://c7.staticflickr.com/5/4080/4915576285_29d97b097e_o.jpg,https://creativecommons.org/licenses/by/2.0/,Joe Stump,Zebras at the Madikwe reserve
zebra,Zebra,4fc775611da779a4,https://c2.staticflickr.com/3/2575/3847982325_b5bd938253_z.jpg,https://farm5.staticflickr.com/2575/3847982325_3fbc8963b4_o.jpg,https://creativecommons.org/licenses/by/2.0/,Lilach Daniel,Zebras Convention
zucchini,Zucchini,05264f0b15ef6573,https://c7.staticflickr.com/4/3058/5873936116_d7ba564018_z.jpg,https://farm4.staticflickr.com/3058/5873936116_42fc0314f1_o.jpg,https://creativecommons.org/licenses/by/2.0/,Alice Henneman,Summer squash
zucchini,Zucchini,0f55bd0ec2cae4df,https://c1.staticflickr.com/1/179/422203835_8ddfa469fb_z.jpg,https://c8.staticflickr.com/1/179/422203835_47f0a8c103_o.jpg,https://creativecommons.org/licenses/by/2.0/,Crystal,10 things: cast iron grill pan
zucchini,Zucchini,10b09438620fd5b0,https://c3.staticflickr.com/6/5585/15118514195_7ccfc36cdd_z.jpg,https://farm1.staticflickr.com/5585/15118514195_4d1b59165c_o.jpg,https://creativecommons.org/licenses/by/2.0/,Delaware Cooperative Extension,Zucchini variety trial on raised beds
zucchini,Zucchini,1166b9acbbb80436,https://c8.staticflickr.com/8/7173/6756816697_d6e2954de8_z.jpg,https://farm7.staticflickr.com/7173/6756816697_d45cb009d4_o.jpg,https://creativecommons.org/licenses/by/2.0/,Nathan Forget,Lasagna 2
zucchini,Zucchini,18fc2c17549db0b3,https://c3.staticflickr.com/3/2844/10463108304_61651f6c83_z.jpg,https://farm4.staticflickr.com/2844/10463108304_22e59ee5a8_o.jpg,https://creativecommons.org/licenses/by/2.0/,U.S. Department of Agriculture,20130920-OC-LSC-0281
zucchini,Zucchini,3441aa8c50df6992,https://c7.staticflickr.com/4/3144/3113371127_4c29517145_z.jpg?zz=1,https://farm3.staticflickr.com/3144/3113371127_02e57598a8_o.jpg,https://creativecommons.org/licenses/by/2.0/,Hans Dinkelberg,What's cooking?
zucchini,Zucchini,3873e5141344bdea,,https://c3.staticflickr.com/1/182/395261205_43e6a884dd_o.jpg,https://creativecommons.org/licenses/by/2.0/,bloggyboulga,Petite compotée de courgettes
zucchini,Zucchini,3c0ce8938aa926a4,https://c5.staticflickr.com/8/7366/9253095389_32e5d3679a_z.jpg,https://farm5.staticflickr.com/7366/9253095389_2bc75fbbcf_o.jpg,https://creativecommons.org/licenses/by/2.0/,barockschloss,Cucumbers
zucchini,Zucchini,3d0d706eb31e025b,https://c2.staticflickr.com/5/4140/4913945840_1f6ca72b41_z.jpg,https://c4.staticflickr.com/5/4140/4913945840_570bd64e08_o.jpg,https://creativecommons.org/licenses/by/2.0/,Guttorm Flatabø,22 liters of squash ready to pickle itself
zucchini,Zucchini,3dcc6dffc449c96a,https://c6.staticflickr.com/1/320/20189639708_b129fa685f_z.jpg,https://c3.staticflickr.com/1/320/20189639708_53c7c840f2_o.jpg,https://creativecommons.org/licenses/by/2.0/,Eric.Ray,Squash
zucchini,Zucchini,48b2300bd27284c1,https://c3.staticflickr.com/4/3234/2776332001_e2d860425a_z.jpg?zz=1,https://farm2.staticflickr.com/3234/2776332001_1227fb6349_o.jpg,https://creativecommons.org/licenses/by/2.0/,Jamie,Zucchini Torte
zucchini,Zucchini,4d239fcf45c54085,https://c6.staticflickr.com/9/8793/17465182845_b3322d1ae3_z.jpg,https://farm6.staticflickr.com/8793/17465182845_05cbacf783_o.jpg,https://creativecommons.org/licenses/by/2.0/,schvin,#59 circles
zucchini,Zucchini,4d5ece82dead5c1a,https://c3.staticflickr.com/3/2624/3993338990_2206c8a0ce_z.jpg,https://c3.staticflickr.com/3/2624/3993338990_10c9783cc9_o.jpg,https://creativecommons.org/licenses/by/2.0/,instinctify,Calabacines
zucchini,Zucchini,4dbe0d526f7f9bf0,https://c8.staticflickr.com/5/4111/4972066783_155b62a5ab_z.jpg,https://farm1.staticflickr.com/4111/4972066783_bf8ce9fd4e_o.jpg,https://creativecommons.org/licenses/by/2.0/,Jon-Eric Melsæter,harvest
zucchini,Zucchini,66b34879b1e95bac,https://c6.staticflickr.com/6/5125/5299535018_c0c6c0bdb8_z.jpg,https://c5.staticflickr.com/6/5125/5299535018_d0cd11d288_o.jpg,https://creativecommons.org/licenses/by/2.0/,Tristan Schmurr,Zucchinis
zucchini,Zucchini,6f333c32b47d6172,https://c7.staticflickr.com/3/2607/3725683276_b2b35cd8c4_z.jpg,https://farm3.staticflickr.com/2607/3725683276_d756033771_o.jpg,https://creativecommons.org/licenses/by/2.0/,Martha W McQuade,minis
zucchini,Zucchini,715c45790f79b5f8,https://c1.staticflickr.com/8/7071/6947836030_1e80a30291_z.jpg,https://c1.staticflickr.com/8/7071/6947836030_cecf811eac_o.jpg,https://creativecommons.org/licenses/by/2.0/,The Integer Club,Gherkins
zucchini,Zucchini,7986a227e8b444fd,https://c7.staticflickr.com/6/5053/5517463875_e9396ededc_z.jpg,https://c6.staticflickr.com/6/5053/5517463875_883ea3b5eb_o.jpg,https://creativecommons.org/licenses/by/2.0/,David Blaine,IMG_6859
zucchini,Zucchini,7b1eec52a7a1797b,https://c5.staticflickr.com/5/4089/4977195861_3cd02498f5_z.jpg,https://c4.staticflickr.com/5/4089/4977195861_9b0eb20509_o.jpg,https://creativecommons.org/licenses/by/2.0/,Gwen,Pickles-3
zucchini,Zucchini,819cd5c367e55d96,https://c3.staticflickr.com/3/2653/3760248342_468cd675c2_z.jpg,https://farm7.staticflickr.com/2653/3760248342_6b66765c27_o.jpg,https://creativecommons.org/licenses/by/2.0/,Robert Judge,Makin' Pickles
zucchini,Zucchini,84018eb0d8299b47,https://c4.staticflickr.com/6/5198/5829470711_f25fb58c23_z.jpg,https://farm8.staticflickr.com/5198/5829470711_0e5a326cfa_o.jpg,https://creativecommons.org/licenses/by/2.0/,Beck,Cucumber Pickle
zucchini,Zucchini,90086f2527a9421f,https://c5.staticflickr.com/8/7771/18273696966_797654c55c_z.jpg,https://c8.staticflickr.com/8/7771/18273696966_ce020ae7f1_o.jpg,https://creativecommons.org/licenses/by/2.0/,Danumurthi Mahendra,Pasar Kebalen Malang
zucchini,Zucchini,90db59b8a1a14834,https://c2.staticflickr.com/4/3241/2828527222_024cc6b4b7_z.jpg,https://farm5.staticflickr.com/3241/2828527222_201fb867d7_o.jpg,https://creativecommons.org/licenses/by/2.0/,Chris Feser,Veggies of our Labor
zucchini,Zucchini,9f2c91ea0d422a49,https://c5.staticflickr.com/3/2908/14632763159_856cefe05f_z.jpg,https://c2.staticflickr.com/3/2908/14632763159_418e426131_o.jpg,https://creativecommons.org/licenses/by/2.0/,Media Mike Hazard,IMG_2882 Pickle cucumbers HAFA FARM
zucchini,Zucchini,a90fc4d78ad4028f,https://c2.staticflickr.com/4/3555/3807004876_2858e0d212_z.jpg,https://c8.staticflickr.com/4/3555/3807004876_69d0b8d8e9_o.jpg,https://creativecommons.org/licenses/by/2.0/,Paul Joseph,09-jul-30
zucchini,Zucchini,bcdeac49ac6729e7,https://c8.staticflickr.com/4/3924/14939916042_18502a26a5_z.jpg,https://farm8.staticflickr.com/3924/14939916042_39f31b67b6_o.jpg,https://creativecommons.org/licenses/by/2.0/,A Thomas McPunk,1st harvest cucumber
zucchini,Zucchini,c1fa3110b1fb7100,https://c8.staticflickr.com/8/7108/7539486158_fa6c592280_z.jpg,https://farm1.staticflickr.com/7108/7539486158_7a8ed67e32_o.jpg,https://creativecommons.org/licenses/by/2.0/,Tori Behr,Monster cucumber
zucchini,Zucchini,c1fc5b4f5f75f945,https://c5.staticflickr.com/3/2012/2194255554_00edc22ea3_z.jpg,https://farm6.staticflickr.com/2012/2194255554_fae4b81522_o.jpg,https://creativecommons.org/licenses/by/2.0/,Michelle Tribe,ottawa organics
zucchini,Zucchini,c3d45ce73c5622f9,,https://c2.staticflickr.com/1/23/33506504_2d93d84790_o.jpg,https://creativecommons.org/licenses/by/2.0/,Benny Mazur,wmf-vegtables
zucchini,Zucchini,c4743a548d8b9011,https://c3.staticflickr.com/8/7252/7828525154_a281c62693_z.jpg,https://farm2.staticflickr.com/7252/7828525154_8d4d7973c3_o.jpg,https://creativecommons.org/licenses/by/2.0/,Erin Kohlenberg,One Page Magazine Recipie
zucchini,Zucchini,c50b5e3b5907dbde,https://c4.staticflickr.com/4/3144/2602147528_dceeafc3d1_z.jpg,https://c7.staticflickr.com/4/3144/2602147528_24ba36e5b7_o.jpg,https://creativecommons.org/licenses/by/2.0/,Michael Napoleon,Sliced zucchini
zucchini,Zucchini,c58e4727b84c4510,https://c5.staticflickr.com/7/6013/5947668878_9115e32fe5_z.jpg,https://farm1.staticflickr.com/6013/5947668878_20ca87f6c8_o.jpg,https://creativecommons.org/licenses/by/2.0/,Maja Dumat,Zucchini-Feta-Gericht
zucchini,Zucchini,cda86ab0b6a6b053,https://c5.staticflickr.com/2/1066/1448094539_4e52fe9585_z.jpg?zz=1,https://farm4.staticflickr.com/1066/1448094539_df61455bd5_o.jpg,https://creativecommons.org/licenses/by/2.0/,B. Carlson,Kati's Zucchini Gratin
zucchini,Zucchini,de56f0f451dc1e23,https://c7.staticflickr.com/4/3245/2850683483_8d387d30d1_z.jpg?zz=1,https://farm4.staticflickr.com/3245/2850683483_6413a90ca3_o.jpg,https://creativecommons.org/licenses/by/2.0/,cbertel,Cucumber and Tomatoes
zucchini,Zucchini,df6ad528a87c9e50,https://c7.staticflickr.com/3/2517/3839544964_342ca09ea6_z.jpg,https://farm1.staticflickr.com/2517/3839544964_5137392c01_o.jpg,https://creativecommons.org/licenses/by/2.0/,Jason Sandeman,First Cucumber
zucchini,Zucchini,e0f10f90cf6150f0,https://c1.staticflickr.com/3/2289/2246598486_99ef6f821d_z.jpg,https://farm1.staticflickr.com/2289/2246598486_8d3c586017_o.jpg,https://creativecommons.org/licenses/by/2.0/,Tommy Wong,Pre Chinese New Year Lunch
zucchini,Zucchini,e38665f0b813b50e,https://c7.staticflickr.com/1/560/20245724980_cd7aaa4326_z.jpg,https://c7.staticflickr.com/1/560/20245724980_dac8491dde_o.jpg,https://creativecommons.org/licenses/by/2.0/,Karen and Brad Emerson,cucumbers
zucchini,Zucchini,f7d38d020f1135bb,https://c8.staticflickr.com/5/4073/4816368294_857bb64b70_z.jpg,https://c4.staticflickr.com/5/4073/4816368294_1c2fc9b075_o.jpg,https://creativecommons.org/licenses/by/2.0/,Kirsten Loza,baby courgettes
zucchini,Zucchini,f8a9890ff7ed72a6,,https://farm7.staticflickr.com/4031/4347393222_7e965af6bf_o.jpg,https://creativecommons.org/licenses/by/2.0/,Maggie Mudd,pickle
zucchini,Zucchini,008aa959e28d602b,https://c5.staticflickr.com/4/3767/19674688759_29977c2ef2_z.jpg,https://c4.staticflickr.com/4/3767/19674688759_1369049900_o.jpg,https://creativecommons.org/licenses/by/2.0/,US Embassy Canada,July4-2015 additional photos-0070
zucchini,Zucchini,021d93ed50abb1ea,https://c6.staticflickr.com/4/3427/3826722004_1648389983_z.jpg,https://c3.staticflickr.com/4/3427/3826722004_d941fe0793_o.jpg,https://creativecommons.org/licenses/by/2.0/,Håvar og Solveig,Agurk
zucchini,Zucchini,044ea27690e7bca0,https://c6.staticflickr.com/3/2898/14455477977_1b456d7fe5_z.jpg,https://farm1.staticflickr.com/2898/14455477977_6044f027d2_o.jpg,https://creativecommons.org/licenses/by/2.0/,Blowing Puffer Fish,桃園 / Taoyuan - 廚房
zucchini,Zucchini,04f1b18f2647c093,https://c3.staticflickr.com/1/74/214103806_16aad9f68e_z.jpg,https://farm4.staticflickr.com/74/214103806_16aad9f68e_o.jpg,https://creativecommons.org/licenses/by/2.0/,Frankie Roberto,When a courgette becomes a marrow...
zucchini,Zucchini,07d4da9ff4908e0b,https://c2.staticflickr.com/7/6079/6118025509_f93f407a2d_z.jpg,https://c4.staticflickr.com/7/6079/6118025509_965e9a8ddb_o.jpg,https://creativecommons.org/licenses/by/2.0/,Chelsea Nesvig,grilling
zucchini,Zucchini,099a78fb2fe828cd,https://c1.staticflickr.com/4/3087/2634599873_96a279b990_z.jpg,https://c6.staticflickr.com/4/3087/2634599873_40c4d6799a_o.jpg,https://creativecommons.org/licenses/by/2.0/,Emran Kassim,Rebung - One of my favourite dish
zucchini,Zucchini,0ff046c6a49fa066,https://c3.staticflickr.com/3/2448/3683751972_e343bc07e4_z.jpg,https://farm7.staticflickr.com/2448/3683751972_b0d357b711_o.jpg,https://creativecommons.org/licenses/by/2.0/,whologwhy,CHICKEN HOTDOG
zucchini,Zucchini,129aea294e9aecbe,https://c3.staticflickr.com/9/8298/8003559876_fa01086cd2_z.jpg,https://c7.staticflickr.com/9/8298/8003559876_69e2b78cdc_o.jpg,https://creativecommons.org/licenses/by/2.0/,nociveglia,melanzane
zucchini,Zucchini,153e56e86931e922,https://c7.staticflickr.com/3/2925/14736141236_6f271e4e6a_z.jpg,https://farm3.staticflickr.com/2925/14736141236_fd720f3f50_o.jpg,https://creativecommons.org/licenses/by/2.0/,whity,GR006143
zucchini,Zucchini,15e9c56ed41c914b,https://c3.staticflickr.com/8/7075/7185184121_1697cb9cde_z.jpg,https://c4.staticflickr.com/8/7075/7185184121_33ee7294ce_o.jpg,https://creativecommons.org/licenses/by/2.0/,jencu,summer squash
zucchini,Zucchini,1692bfbd67e65f90,https://c7.staticflickr.com/9/8151/7304890978_a81600829a_z.jpg,https://farm1.staticflickr.com/8151/7304890978_4032c0b1dc_o.jpg,https://creativecommons.org/licenses/by/2.0/,Growinnc,Simply beautiful. ☀ #nofilter#veggies#garden#growyourownfood#dinner#yum#veggies
