filename,split,classes,source_id,destination_id,owner,updated_unix_ms,annotation_available,image_url,bytes,sha256,primary_class,relative_path
objects365_v1_00138888.jpg,train,Bowl-Basin;Cabinet-shelf;Couch;Desk;Lamp;Monitor-TV;Person;Picture-Frame;Pillow,q277CWgC4H2wKSGMIdFv,1e6b511cbf6b4efddf20c489fa85fccf,8IqlCQUz92pfe9BWFgXB,1723237573348,True,https://transform.roboflow.com/8IqlCQUz92pfe9BWFgXB/1e6b511cbf6b4efddf20c489fa85fccf/thumb.jpg,47306,81942d462261313446b6e092a8eb18f4f19eb9b32ed052c9dec281caa07942f8,Bowl-Basin,images/Bowl-Basin/objects365_v1_00138888.jpg
objects365_v1_00138891.jpg,train,Bottle;Cabinet-shelf;Chair;Cup;Faucet;Gas stove;Lamp;Mirror;Plate;Pot;Sink;Tea pot;Toilet Paper;Trash bin Can,Qo4FtkEUERtUZMI9F1Dt,9374b4a2fceb77f1a1399487bcef9de1,8IqlCQUz92pfe9BWFgXB,1723237573348,True,https://transform.roboflow.com/8IqlCQUz92pfe9BWFgXB/9374b4a2fceb77f1a1399487bcef9de1/thumb.jpg,54773,f069b4307c5a287f13621313e36d26ced6efd4290bc4d081515eef528b6858a8,Bottle,images/Bottle/objects365_v1_00138891.jpg
objects365_v1_00138892.jpg,train,Car;Hat;High Heels;Person;SUV,RxiVkl9MTWhEr3BKxriK,d2ecf38f534a32027866912233a1f50b,8IqlCQUz92pfe9BWFgXB,1723237573083,True,https://transform.roboflow.com/8IqlCQUz92pfe9BWFgXB/d2ecf38f534a32027866912233a1f50b/thumb.jpg,45749,d56627803d214a0c68bc9f0d3baa5c7a146940236cb24d5c4b5a1ade2cabc24b,Car,images/Car/objects365_v1_00138892.jpg
objects365_v1_00138893.jpg,train,Bus;Car;Handbag-Satchel;Leather Shoes;Person;Street Lights;Umbrella,XgZkKu8DmRfpsA8cXT9f,864c1acc71af316c1706f6b0b5f18eea,8IqlCQUz92pfe9BWFgXB,1723237573083,True,https://transform.roboflow.com/8IqlCQUz92pfe9BWFgXB/864c1acc71af316c1706f6b0b5f18eea/thumb.jpg,55625,2e55438a50bba8cbe7b56d17091ae0ec8189e056962de1949a7e6b904fb30e94,Bus,images/Bus/objects365_v1_00138893.jpg
objects365_v1_00138894.jpg,train,Barrel-bucket;Bottle;Cabinet-shelf;Desk;Flower;Picture-Frame;Potted Plant;Pumpkin;Storage box;Tomato;Vase,oGp4vqHbnNYSMrUIEziF,a6f2ce82a2cd2ba07b109bd25904a63a,8IqlCQUz92pfe9BWFgXB,1723237573223,True,https://transform.roboflow.com/8IqlCQUz92pfe9BWFgXB/a6f2ce82a2cd2ba07b109bd25904a63a/thumb.jpg,62429,ba515c1da8e009bda8395104696e5b68555f8578ba7e04020e71fe5ffad9e397,Barrel-bucket,images/Barrel-bucket/objects365_v1_00138894.jpg
objects365_v1_00138895.jpg,train,Baseball;Baseball Bat;Baseball Glove;Bracelet;Gloves;Helmet;Person;Sneakers,cQfSvW0Zl1cnZ4fq0zZR,5611dbec15dba49e2adaa0c9fd93fa27,8IqlCQUz92pfe9BWFgXB,1723237573544,True,https://transform.roboflow.com/8IqlCQUz92pfe9BWFgXB/5611dbec15dba49e2adaa0c9fd93fa27/thumb.jpg,66830,84ee4a8c1b10127060efa0f5f332520e6fcbe5ba0588dd15ce2a2a73299f5a53,Baseball,images/Baseball/objects365_v1_00138895.jpg
objects365_v1_00138896.jpg,train,Bench;Bottle;Canned;Cup;Desk;Glasses;Handbag-Satchel;Hat;Lamp;Person;Plate;Ring,2NGosO7y0yclPK62oo2B,8c6568263b60dde644c758b0522d465e,8IqlCQUz92pfe9BWFgXB,1723237573223,True,https://transform.roboflow.com/8IqlCQUz92pfe9BWFgXB/8c6568263b60dde644c758b0522d465e/thumb.jpg,40819,0923668b46fe7e4b3ce04130f9e792dc0fb7cb618c9662a50970dff0f6005525,Bench,images/Bench/objects365_v1_00138896.jpg
objects365_v1_00138897.jpg,train,Carpet;Desk;Fan;Lamp;Person;Picture-Frame;Sneakers,dxyFqbRzafHdqB4t0zMo,b3bec6a4e1803ccc279de3b4d6416e15,8IqlCQUz92pfe9BWFgXB,1723237572962,True,https://transform.roboflow.com/8IqlCQUz92pfe9BWFgXB/b3bec6a4e1803ccc279de3b4d6416e15/thumb.jpg,53984,1821710d54dd1ec4181162e6e6af70f1f3e4dfce539e52fc0532eff6de338e4e,Carpet,images/Carpet/objects365_v1_00138897.jpg
objects365_v1_00138899.jpg,train,Boat;Car;Hat;Person;SUV,ajxxhLjqIDr6wV1DBl8Q,cf116a14e8581211193d3a8e44953d62,8IqlCQUz92pfe9BWFgXB,1723237573544,True,https://transform.roboflow.com/8IqlCQUz92pfe9BWFgXB/cf116a14e8581211193d3a8e44953d62/thumb.jpg,40536,60eff475b860d18ea3af55016d0e557f46a91be7323428e51deaa8d2430bf332,Boat,images/Boat/objects365_v1_00138899.jpg
objects365_v1_00138969.jpg,train,Book;Carpet;Cell Phone;Chair;Couch;Desk;Fan;Flower;Lamp;Picture-Frame;Pillow;Remote;Vase,a5nuYsLuMWmp7C3R3hyU,b2ce334cfb7e0471fb568c9208ea5b70,8IqlCQUz92pfe9BWFgXB,1723237572962,True,https://transform.roboflow.com/8IqlCQUz92pfe9BWFgXB/b2ce334cfb7e0471fb568c9208ea5b70/thumb.jpg,32773,0c28b0650d4a56acabb678a11281d25f7a842da7504a22ec2a6158643809137f,Book,images/Book/objects365_v1_00138969.jpg
objects365_v1_00138970.jpg,train,Barrel-bucket;Car;Fire Extinguisher;Lamp,D0XuoeNdaGbGLzIsufEe,5876e32d3963b8a2373ea02483d71717,8IqlCQUz92pfe9BWFgXB,1723237573239,True,https://transform.roboflow.com/8IqlCQUz92pfe9BWFgXB/5876e32d3963b8a2373ea02483d71717/thumb.jpg,47809,1915554a9196d04eb29ff1228e78697c42483e45f3d4b6cd312548e68a15e7ea,Barrel-bucket,images/Barrel-bucket/objects365_v1_00138970.jpg
objects365_v1_00138972.jpg,train,Bracelet;Glasses;Person;Ring,qWba37fVSz7E3yInDRbX,47dc37c67f699ff002a60d7a825e1103,8IqlCQUz92pfe9BWFgXB,1723237573022,True,https://transform.roboflow.com/8IqlCQUz92pfe9BWFgXB/47dc37c67f699ff002a60d7a825e1103/thumb.jpg,55569,cb6efa76c993a62efa008bd7b0d8572458cc4ecea7b45ff9cd276808742a86d2,Bracelet,images/Bracelet/objects365_v1_00138972.jpg
objects365_v1_00138973.jpg,train,Backpack;Bottle;Cell Phone;Cup;Glasses;Handbag-Satchel;Hat;Lamp;Person;Surveillance Camera;Trash bin Can,x3YM9Ej497BPpq7Bdjd9,2ebda283c4cedfbafff49c362cd962b2,8IqlCQUz92pfe9BWFgXB,1723237573022,True,https://transform.roboflow.com/8IqlCQUz92pfe9BWFgXB/2ebda283c4cedfbafff49c362cd962b2/thumb.jpg,72365,20f40dd60c898b6d3ba37a85237981839e87b03b55a6cc00130615e139044c01,Backpack,images/Backpack/objects365_v1_00138973.jpg
objects365_v1_00138976.jpg,train,Bed;Chair;Fan;Lamp;Lantern;Stool,eFMgmaQkt8FlDUzijUqg,116511a6bc2c4015b5b2ebb4388433db,8IqlCQUz92pfe9BWFgXB,1723237573022,True,https://transform.roboflow.com/8IqlCQUz92pfe9BWFgXB/116511a6bc2c4015b5b2ebb4388433db/thumb.jpg,37310,4db1c7d1684b0498b5dbc8d75cd39a1913a495124041ca38a52ad07521bd76f0,Bed,images/Bed/objects365_v1_00138976.jpg
objects365_v1_00138977.jpg,train,Chair;Desk;Person,GF1PrrWa0oWm3JxyvkaY,c1ee0b51b15b206ab5a1cfcf116a8130,8IqlCQUz92pfe9BWFgXB,1723237573239,True,https://transform.roboflow.com/8IqlCQUz92pfe9BWFgXB/c1ee0b51b15b206ab5a1cfcf116a8130/thumb.jpg,73797,686c858a0bc8f805d344042350dd44afa5c337434febf35f5250151cb9c3b476,Chair,images/Chair/objects365_v1_00138977.jpg
objects365_v1_00138978.jpg,train,Bracelet;Cup;Lamp;Person;Sandals;Stool,k4zwL3leyplniyk5IIj5,3956a20e739274bf6462a1d97d2f57d6,8IqlCQUz92pfe9BWFgXB,1723237573239,True,https://transform.roboflow.com/8IqlCQUz92pfe9BWFgXB/3956a20e739274bf6462a1d97d2f57d6/thumb.jpg,44015,0d20d9bae3f1ffc60d7167577add0a0af57ef07f8e46123d94405262114d360b,Bracelet,images/Bracelet/objects365_v1_00138978.jpg
objects365_v1_00138980.jpg,train,Bottle;Cabinet-shelf;Glasses;Lamp;Monitor-TV;Person,DfgI0B9bCyDjufF78R1Q,fc82ef874f2c4c377a1b0f0797c1d07b,8IqlCQUz92pfe9BWFgXB,1723237573239,True,https://transform.roboflow.com/8IqlCQUz92pfe9BWFgXB/fc82ef874f2c4c377a1b0f0797c1d07b/thumb.jpg,48746,04e7ca6fb6ddb0626d083ac1fda2ade728401b1658d68e88344aaf67b0b8a351,Bottle,images/Bottle/objects365_v1_00138980.jpg
objects365_v1_00138981.jpg,train,Bottle;Bowl-Basin;Cabinet-shelf;Chair;Desk;Fork;Knife;Lamp;Picture-Frame;Potted Plant;Spoon;Tea pot;Towel;Wine Glass,litW19ZNLPl61kK7xObv,92eaf8a223adaa12464b5eb9c6bb9e52,8IqlCQUz92pfe9BWFgXB,1723237573544,True,https://transform.roboflow.com/8IqlCQUz92pfe9BWFgXB/92eaf8a223adaa12464b5eb9c6bb9e52/thumb.jpg,69891,9e8dc659ff4632607494d720a3da4d30efd825960cfe8c3a2ed66e35bb40d00f,Bottle,images/Bottle/objects365_v1_00138981.jpg
objects365_v1_00138983.jpg,train,Chair;Clock;Desk;Leather Shoes;Monitor-TV;Person,znZgdoJEEDcg2K5BwpHh,da1410909286dfb15bcba20b84f29866,8IqlCQUz92pfe9BWFgXB,1723237573124,True,https://transform.roboflow.com/8IqlCQUz92pfe9BWFgXB/da1410909286dfb15bcba20b84f29866/thumb.jpg,56154,c3a92515cd68d4d18780b5bcfdd1fd9bdb03b6394fe12f7f202783a87bd3efc2,Chair,images/Chair/objects365_v1_00138983.jpg
objects365_v1_00138984.jpg,train,Blackboard-Whiteboard;Computer Box;Keyboard;Pen-Pencil;Person;Sneakers,dmJZCP1QXg8C3bEbZEUl,ae5953a7ccf9b6fa910968825b4354d6,8IqlCQUz92pfe9BWFgXB,1723237573124,True,https://transform.roboflow.com/8IqlCQUz92pfe9BWFgXB/ae5953a7ccf9b6fa910968825b4354d6/thumb.jpg,38458,7b3b9cea1e34af74688ed33a48323a9db46f45f889ef23c6f587d4e678057cbb,Blackboard-Whiteboard,images/Blackboard-Whiteboard/objects365_v1_00138984.jpg
objects365_v1_00138985.jpg,train,Book;Flower;Person;Potted Plant,RmeBq68Eeh3vDhXiZIoa,89eb171ce363244fd6ca029bbff8184f,8IqlCQUz92pfe9BWFgXB,1723237573335,True,https://transform.roboflow.com/8IqlCQUz92pfe9BWFgXB/89eb171ce363244fd6ca029bbff8184f/thumb.jpg,46168,4af94f8242602fd2f5d20b6487139d9d83676631e917b0c914d818dac99c3481,Book,images/Book/objects365_v1_00138985.jpg
objects365_v1_00138986.jpg,train,Bench;Hat;Person;Sneakers;Volleyball,NCd3gfrXXJtZruwGL5i6,7b130824227f7690a6b1c5d68d1b72d6,8IqlCQUz92pfe9BWFgXB,1723237573720,True,https://transform.roboflow.com/8IqlCQUz92pfe9BWFgXB/7b130824227f7690a6b1c5d68d1b72d6/thumb.jpg,62367,562f2b418164dea14c1c70c0d88b6034815945d70bc7fb3af4aa4886323db9fb,Bench,images/Bench/objects365_v1_00138986.jpg
objects365_v1_00138987.jpg,train,Bench;Car;Person;SUV;Truck,M334mGsDKrOM4NhSNqUz,84191a802b231c4acfd08a7df1abcc6d,8IqlCQUz92pfe9BWFgXB,1723237573124,True,https://transform.roboflow.com/8IqlCQUz92pfe9BWFgXB/84191a802b231c4acfd08a7df1abcc6d/thumb.jpg,58472,c5d24747052ff3fe8dba8ad72adce1f4a542cb507704ee1c9e0ca83bfb426499,Bench,images/Bench/objects365_v1_00138987.jpg
objects365_v1_00138988.jpg,train,Barrel-bucket;Dog;Hat;Person;Sneakers;Stroller,oMgX6FXK5RUUSNOMZnI0,0c104b25f3c1404a8d02dfc0169d3d1a,8IqlCQUz92pfe9BWFgXB,1723237573720,True,https://transform.roboflow.com/8IqlCQUz92pfe9BWFgXB/0c104b25f3c1404a8d02dfc0169d3d1a/thumb.jpg,61072,5cf405d31a1ed048790f1eb43633bb21d6806ef79a3562c47af2dc5923830cb4,Barrel-bucket,images/Barrel-bucket/objects365_v1_00138988.jpg
objects365_v1_00138989.jpg,train,Cymbal;Drum;Microphone;Person;Tripod,lFLijQxyuMkc1dWZfnPM,d20dbec6c2149cc78a0dedccbfbe11c4,8IqlCQUz92pfe9BWFgXB,1723237573335,True,https://transform.roboflow.com/8IqlCQUz92pfe9BWFgXB/d20dbec6c2149cc78a0dedccbfbe11c4/thumb.jpg,38373,630ba032240c79fc1a6d9ab8affafce833fffafd7be83ae48465638c75360d1f,Cymbal,images/Cymbal/objects365_v1_00138989.jpg
objects365_v1_00138991.jpg,train,Car;Hat;Person;Pickup Truck;Slide;Sneakers;Van,3unxuSNbjNrJLjRNfLi4,d689e390dd870cc8813871ecd19e5d71,8IqlCQUz92pfe9BWFgXB,1723237573335,True,https://transform.roboflow.com/8IqlCQUz92pfe9BWFgXB/d689e390dd870cc8813871ecd19e5d71/thumb.jpg,84804,3bd5a58cbda96e584c5f8f872bbaba6e70474d464919df4c117265b63af57cf9,Car,images/Car/objects365_v1_00138991.jpg
objects365_v1_00138992.jpg,train,Bicycle;Bus;Car;Handbag-Satchel;Leather Shoes;Person;SUV;Stop Sign;Street Lights;Traffic Light;Trash bin Can,ggu7EdWCdQA1yI9VvXfr,1ebd16b603f36d35be64a432dda868ca,8IqlCQUz92pfe9BWFgXB,1723237573083,True,https://transform.roboflow.com/8IqlCQUz92pfe9BWFgXB/1ebd16b603f36d35be64a432dda868ca/thumb.jpg,82872,0c139ae5c7b741727c712cb7e286b4334faa3c51ed13afab9116d03fa4b4277e,Bicycle,images/Bicycle/objects365_v1_00138992.jpg
objects365_v1_00138994.jpg,train,Air Conditioner;Book;Cabinet-shelf;Chair;Desk;Monitor-TV;Picture-Frame;Stool;Stuffed Toy,0iBf7kx7bbxHrWuPUDqL,b0ed944631a1b60721bf0834a3083a17,8IqlCQUz92pfe9BWFgXB,1723237572887,True,https://transform.roboflow.com/8IqlCQUz92pfe9BWFgXB/b0ed944631a1b60721bf0834a3083a17/thumb.jpg,53454,e60e6722d6da3538f68e15af1bfa545b3a6b63ca7bfbddaade44dd02fd7cb986,Air Conditioner,images/Air-Conditioner/objects365_v1_00138994.jpg
objects365_v1_00138996.jpg,train,Hat;Person;Slippers,DpHtUmBZdpVnprGJykcb,e2f4b0218747f9928dd4619990a22b6b,8IqlCQUz92pfe9BWFgXB,1723237573083,True,https://transform.roboflow.com/8IqlCQUz92pfe9BWFgXB/e2f4b0218747f9928dd4619990a22b6b/thumb.jpg,93024,ddcf124121877d97da17b25bb1d3e92db510defd372322ba16dfd7cc86c903c8,Hat,images/Hat/objects365_v1_00138996.jpg
objects365_v1_00138997.jpg,train,Flag;Glasses;Microphone;Person,5KN2qm6QRcVv0mu5heDX,e12de73520635f4003cbf57170ca9994,8IqlCQUz92pfe9BWFgXB,1723237573083,True,https://transform.roboflow.com/8IqlCQUz92pfe9BWFgXB/e12de73520635f4003cbf57170ca9994/thumb.jpg,28217,0cd38700df7693b5dfa8bb44852645c361207d7856e77adb1af926c1b0d9372b,Flag,images/Flag/objects365_v1_00138997.jpg
objects365_v1_00139000.jpg,train,Backpack;Person;Umbrella,qcvtEK4TTaPml8a62QzP,08ce9eeef4ab9ebae610458c5d34166b,8IqlCQUz92pfe9BWFgXB,1723237573083,True,https://transform.roboflow.com/8IqlCQUz92pfe9BWFgXB/08ce9eeef4ab9ebae610458c5d34166b/thumb.jpg,57799,b1974f142714234425461c754c9ae048628bbbff6d7a1334b32496549097174e,Backpack,images/Backpack/objects365_v1_00139000.jpg
objects365_v1_00139001.jpg,train,Flower,q28GiwqPo5wS0JsMu2UL,20d032f724263fbb2f10c684c9b68a49,8IqlCQUz92pfe9BWFgXB,1723237573083,True,https://transform.roboflow.com/8IqlCQUz92pfe9BWFgXB/20d032f724263fbb2f10c684c9b68a49/thumb.jpg,48617,22486a36fefdb17c05aa5e5d6b8ca6595b8c8462a45acf1c977c55df753cdc45,Flower,images/Flower/objects365_v1_00139001.jpg
objects365_v1_00139002.jpg,train,Chair;Person;Sneakers,zyGRGAd8Ds7hmR33jTAQ,474440b15e3f47dbd3d0cc65f07f34f7,8IqlCQUz92pfe9BWFgXB,1723237572962,True,https://transform.roboflow.com/8IqlCQUz92pfe9BWFgXB/474440b15e3f47dbd3d0cc65f07f34f7/thumb.jpg,84000,e673d66d9b967692278680f8acacb118b7c99349e65154582110a0fcb12e8425,Chair,images/Chair/objects365_v1_00139002.jpg
objects365_v1_00139005.jpg,train,Bicycle;Handbag-Satchel;Person;Sneakers;Trash bin Can,uIOA45XPcjYEKp10bYYB,4a7d8506191160758dc9fdd947123cd0,8IqlCQUz92pfe9BWFgXB,1723237573223,True,https://transform.roboflow.com/8IqlCQUz92pfe9BWFgXB/4a7d8506191160758dc9fdd947123cd0/thumb.jpg,70184,c67adff8221a4bc126fc6ea88591f0f152bbfb69dd605de3063640fb4b3d1873,Bicycle,images/Bicycle/objects365_v1_00139005.jpg
objects365_v1_00139006.jpg,train,Bracelet;Helmet;Person;Sneakers,qUrCjLblihJKI9Q9kv5K,5279e9a4ab36be5c1b45ed1a4570d079,8IqlCQUz92pfe9BWFgXB,1723237572962,True,https://transform.roboflow.com/8IqlCQUz92pfe9BWFgXB/5279e9a4ab36be5c1b45ed1a4570d079/thumb.jpg,55101,3b45c4c6a921ae5fc5bd3be152bef437b4bb58e5bd4039f130104686e216dc26,Bracelet,images/Bracelet/objects365_v1_00139006.jpg
objects365_v1_00139007.jpg,train,Camera;Hat;Person;Sneakers;Trash bin Can,K48ebWixpIQTjuRmn4Fm,20e04e66d0f76da8ef62255cb7e1c4f5,8IqlCQUz92pfe9BWFgXB,1723237572962,True,https://transform.roboflow.com/8IqlCQUz92pfe9BWFgXB/20e04e66d0f76da8ef62255cb7e1c4f5/thumb.jpg,48931,738dc9f03c6ecbe5425e0d57b042a22a3114bbc4978a196122140593cf07e5cd,Camera,images/Camera/objects365_v1_00139007.jpg
objects365_v1_00139008.jpg,train,Chair;Potted Plant,2yuau3p18keq2MaE4X7j,b3d4cafc5257d7634e2521da5e54cee9,8IqlCQUz92pfe9BWFgXB,1723237573544,True,https://transform.roboflow.com/8IqlCQUz92pfe9BWFgXB/b3d4cafc5257d7634e2521da5e54cee9/thumb.jpg,70182,021d3ac4adb9bc1fe2619040c3db4cbe1d4ceaa057a05ea3cee73bbd420ddc75,Chair,images/Chair/objects365_v1_00139008.jpg
objects365_v1_00139091.jpg,train,Dog;Glasses;Hammer;Hat;Person;Ring;Sneakers;Watch,kU55Ba67UNuslEr3Z4oj,209056d25e123263d92b67d1f19dd721,8IqlCQUz92pfe9BWFgXB,1723237578847,True,https://transform.roboflow.com/8IqlCQUz92pfe9BWFgXB/209056d25e123263d92b67d1f19dd721/thumb.jpg,69246,2f45cf183da794837d19556729bfae3868d5b872bba33865a7d4da5dab58b567,Dog,images/Dog/objects365_v1_00139091.jpg
objects365_v1_00139092.jpg,train,Blackboard-Whiteboard;Bread;Cabinet-shelf;Hat;Person;Sneakers,suf4KcrRueiPxqqnuCeW,5d44528efe5a5166ce84cb9420ca9202,8IqlCQUz92pfe9BWFgXB,1723237578684,True,https://transform.roboflow.com/8IqlCQUz92pfe9BWFgXB/5d44528efe5a5166ce84cb9420ca9202/thumb.jpg,60684,285eab5aed474eacc07dbfeee0dd602494d2ca4b23905cff816fc4dfa4fb6bbf,Blackboard-Whiteboard,images/Blackboard-Whiteboard/objects365_v1_00139092.jpg
objects365_v1_00139093.jpg,train,Bottle;Cup;Desk;Gloves;Person;Pie;Plate;Sneakers;Stool;Storage box,DxWA8onlrHaOskPVuqwS,73dc0ff48605eb9ae94d709872bb2783,8IqlCQUz92pfe9BWFgXB,1723237578684,True,https://transform.roboflow.com/8IqlCQUz92pfe9BWFgXB/73dc0ff48605eb9ae94d709872bb2783/thumb.jpg,56223,52c27689c603b32800298d32a532a2bbc1e1928031181d1782ea6cb07effbb9a,Bottle,images/Bottle/objects365_v1_00139093.jpg
objects365_v1_00139094.jpg,train,Bus;Hat;Helmet;Person;Pickup Truck;Sneakers,2BRIbtiJ5CvKvIrRq7DY,fd3a4a2f82b89091af6a81ed3879eaea,8IqlCQUz92pfe9BWFgXB,1723237578717,True,https://transform.roboflow.com/8IqlCQUz92pfe9BWFgXB/fd3a4a2f82b89091af6a81ed3879eaea/thumb.jpg,54530,1d2793ab23f93aae5c1831d20fbb7f1a2f52fced7c34e7ea5713ed60cdc9a69e,Bus,images/Bus/objects365_v1_00139094.jpg
objects365_v1_00139095.jpg,train,Belt;Bottle;Lamp;Person;Sandals;Sneakers,WCpeKl9jf9HeztwhjgK8,692b01546bf5eb4db9a4037276388403,8IqlCQUz92pfe9BWFgXB,1723237578717,True,https://transform.roboflow.com/8IqlCQUz92pfe9BWFgXB/692b01546bf5eb4db9a4037276388403/thumb.jpg,56263,4c6e66f042f36fa71475073e21f46d4013bab68375b55a75520c09ff5116b5fc,Belt,images/Belt/objects365_v1_00139095.jpg
objects365_v1_00139131.jpg,train,Hat;Lamp;Person;Potted Plant;Stool,YY83Tcp0aKqpM5GAOa9y,e9f938cbf1297e56e8327cea4e7baebc,8IqlCQUz92pfe9BWFgXB,1723237578935,True,https://transform.roboflow.com/8IqlCQUz92pfe9BWFgXB/e9f938cbf1297e56e8327cea4e7baebc/thumb.jpg,61286,6a9241c3ddfaa2728bf6cc42e90bc31e783e76a936ade165a6bf06eb7f7078b9,Hat,images/Hat/objects365_v1_00139131.jpg
objects365_v1_00139133.jpg,train,Bench;Car;Chair;Desk;Lamp;Person;Van,iMhftB0b4h898K6iBWS6,ff8915a12ef9a85f478491474ffe926a,8IqlCQUz92pfe9BWFgXB,1723237579349,True,https://transform.roboflow.com/8IqlCQUz92pfe9BWFgXB/ff8915a12ef9a85f478491474ffe926a/thumb.jpg,51570,55a8595d3da2338cf63ea07b644a99f716015c609073c7d44f45a64c31740e71,Bench,images/Bench/objects365_v1_00139133.jpg
objects365_v1_00139134.jpg,train,Basket;Bottle;Bowl-Basin;Cabinet-shelf;Chair;Cup;Desk;Flower;Handbag-Satchel;Leather Shoes;Person;Potted Plant;Sneakers;Trash bin Can;Vase,gE1NJ2Bm8CVvfXuBTJZE,f80ca995b59dca886c7f119980665d5e,8IqlCQUz92pfe9BWFgXB,1723237578935,True,https://transform.roboflow.com/8IqlCQUz92pfe9BWFgXB/f80ca995b59dca886c7f119980665d5e/thumb.jpg,88950,e8ecd70f34632886779844a3dc8ca2bf4a493458f5de90e0dac76264e2ede0e7,Basket,images/Basket/objects365_v1_00139134.jpg
objects365_v1_00139136.jpg,train,Boots;Bus;Car;Handbag-Satchel;Person;Potted Plant;Sneakers;Street Lights;Surveillance Camera;Traffic Light;Traffic Sign;Truck,U3H9eKtLrtdQ25xrCjEo,f310ce1f6b00eaa15b08a52a3f8f45e3,8IqlCQUz92pfe9BWFgXB,1723237578847,True,https://transform.roboflow.com/8IqlCQUz92pfe9BWFgXB/f310ce1f6b00eaa15b08a52a3f8f45e3/thumb.jpg,71189,351e6d969f88d42aba1589de91c5358d02aac7f693e19a8cbea169a0f7aec705,Boots,images/Boots/objects365_v1_00139136.jpg
objects365_v1_00139137.jpg,train,Bracelet;Cell Phone;Chair;Glasses;Person;Ring,losLyYwiCb5GCCUoGRhj,38437ba757d55900adfd9015c9a9ae3d,8IqlCQUz92pfe9BWFgXB,1723237578753,True,https://transform.roboflow.com/8IqlCQUz92pfe9BWFgXB/38437ba757d55900adfd9015c9a9ae3d/thumb.jpg,69657,7991a58485cc4ba3a38a67ab2d274ef921e460dadb990b4519ca9abddbe4ff46,Bracelet,images/Bracelet/objects365_v1_00139137.jpg
objects365_v1_00139138.jpg,train,Boots;Hat;Leather Shoes;Person;Train,d60RrIbLfa4lZk4vrKt0,416f451a5d207d035464a2eb3cfaef53,8IqlCQUz92pfe9BWFgXB,1723237578842,True,https://transform.roboflow.com/8IqlCQUz92pfe9BWFgXB/416f451a5d207d035464a2eb3cfaef53/thumb.jpg,68340,7c152d0bb3c3854468f8ba7e197affd7f7a2469721e28eef6a753c10f3d933be,Boots,images/Boots/objects365_v1_00139138.jpg
objects365_v1_00139139.jpg,train,Barrel-bucket;Bottle;Bracelet;Cabinet-shelf;Chair;Cup;Desk;Glasses;Person;Stool,E9FdkPVjp4u23HolJlBN,d13393241be86778dc0bb7bd99edd890,8IqlCQUz92pfe9BWFgXB,1723237578842,True,https://transform.roboflow.com/8IqlCQUz92pfe9BWFgXB/d13393241be86778dc0bb7bd99edd890/thumb.jpg,50079,fcab03040e32aca58cb4fc0c81fc728ae7111d1da4e62ae58bed399241b3243b,Barrel-bucket,images/Barrel-bucket/objects365_v1_00139139.jpg
objects365_v1_00139140.jpg,train,Candle;Carpet;Chair;Desk,OQuZ4cNU3Evl5aX7ixIm,f636a55780018ffa86a9ec1b12f055ff,8IqlCQUz92pfe9BWFgXB,1723237578842,True,https://transform.roboflow.com/8IqlCQUz92pfe9BWFgXB/f636a55780018ffa86a9ec1b12f055ff/thumb.jpg,83593,efcd97067f8ad48a383472e5a8211ed1bfb98fbf43fdde63a5989340e13f6a5b,Candle,images/Candle/objects365_v1_00139140.jpg
objects365_v1_00139141.jpg,train,Bottle;Cabinet-shelf;Cup;Fan;Glasses;Hat;Person;Picture-Frame;Vase,Je5QnDqSwuKG6QBbE3lm,c0b88cb58c6014a43254c26917dec65d,8IqlCQUz92pfe9BWFgXB,1723237578673,True,https://transform.roboflow.com/8IqlCQUz92pfe9BWFgXB/c0b88cb58c6014a43254c26917dec65d/thumb.jpg,59013,6b29457bb298d78bf763d1ba0b195a64be98cd835bee2739c10a735a3478a959,Bottle,images/Bottle/objects365_v1_00139141.jpg
objects365_v1_00139142.jpg,train,Chair;Desk;Lamp;Person,kr0cz1muYDQaUIAVfVfo,94cda69311b27140bc8645e497834380,8IqlCQUz92pfe9BWFgXB,1723237578684,True,https://transform.roboflow.com/8IqlCQUz92pfe9BWFgXB/94cda69311b27140bc8645e497834380/thumb.jpg,74423,68458790ea4501bbe397ca35625061d9106a79e7287e2a01e79c5104a51d7cd7,Chair,images/Chair/objects365_v1_00139142.jpg
objects365_v1_00139145.jpg,train,Bottle;Bracelet;Cup;Glasses;Handbag-Satchel;Leather Shoes;Person;Plate,oAjmN5lifaKoWbWT3Igt,20f52d99027765bf84fde38aa0438fcb,8IqlCQUz92pfe9BWFgXB,1723237578996,True,https://transform.roboflow.com/8IqlCQUz92pfe9BWFgXB/20f52d99027765bf84fde38aa0438fcb/thumb.jpg,65846,3b97f1bdf279f3fd1e55c39c43c843a8a07546744dc2175ee7b42c909b343ffd,Bottle,images/Bottle/objects365_v1_00139145.jpg
objects365_v1_00139146.jpg,train,Backpack;Bicycle;Desk;Person;Sneakers;Trolley,68EVs6AGdgW10wAIBBoQ,dad7251349af90c36b22b3ce6d2c9be0,8IqlCQUz92pfe9BWFgXB,1723237578717,True,https://transform.roboflow.com/8IqlCQUz92pfe9BWFgXB/dad7251349af90c36b22b3ce6d2c9be0/thumb.jpg,47699,472ca7090b2af847942a5bf70e4aef46c10db0a74b7d55ab580b2c30388b2b05,Backpack,images/Backpack/objects365_v1_00139146.jpg
objects365_v1_00139147.jpg,train,Baseball Glove;Belt;Glasses;Hat;Person;Sneakers,cfxWftGUZ27vPhV62qKw,b66a6ab4a9c877936f136c86df505dfb,8IqlCQUz92pfe9BWFgXB,1723237578871,True,https://transform.roboflow.com/8IqlCQUz92pfe9BWFgXB/b66a6ab4a9c877936f136c86df505dfb/thumb.jpg,73632,a66e68b8353d9ef0dcfd51bf589a53d61c7a1892c0ad28869c53a4c023f08d74,Baseball Glove,images/Baseball-Glove/objects365_v1_00139147.jpg
objects365_v1_00139148.jpg,train,Candle;Chair;Flag;Person;Piano;Potted Plant,OmhNwsKy0S9r63RIwDPQ,8a188663e4033fd9e5f799604b2caf48,8IqlCQUz92pfe9BWFgXB,1723237578935,True,https://transform.roboflow.com/8IqlCQUz92pfe9BWFgXB/8a188663e4033fd9e5f799604b2caf48/thumb.jpg,66213,bd6d81b8c1fe1deb9ede7b0b60e4bf66f3e8056e7b32c08bc64c6c198351ef7c,Candle,images/Candle/objects365_v1_00139148.jpg
objects365_v1_00139149.jpg,train,Boots;Gloves;Helmet;Hockey Stick;Person,WDYSfQlIwovwLmV6dBlk,2ffa3c0aba05eb7baddc0d97bea79471,8IqlCQUz92pfe9BWFgXB,1723237578935,True,https://transform.roboflow.com/8IqlCQUz92pfe9BWFgXB/2ffa3c0aba05eb7baddc0d97bea79471/thumb.jpg,57095,c6f26149a41a180606838aac4f113921d616ea072ca4b245bc61af6858c4ffa5,Boots,images/Boots/objects365_v1_00139149.jpg
objects365_v1_00139151.jpg,train,Cabinet-shelf;Car;Fan;Glasses;Lamp,ZtJHgQ3FY2T12eWMqC8U,0536eb0844c913914bf32b7395ddb887,8IqlCQUz92pfe9BWFgXB,1723237578935,True,https://transform.roboflow.com/8IqlCQUz92pfe9BWFgXB/0536eb0844c913914bf32b7395ddb887/thumb.jpg,67713,d271b6ddb7c87c1a98b59a319ab4991e061f5a7ed4d7d1e77e42c15f132f5cd3,Cabinet-shelf,images/Cabinet-shelf/objects365_v1_00139151.jpg
objects365_v1_00139154.jpg,train,Backpack;Cell Phone;Glasses;Handbag-Satchel;Person;Street Lights;Watch,KIMdGefstTRjqhVKUhFV,3fee94328d964f955b20e672cc13cf02,8IqlCQUz92pfe9BWFgXB,1723237578871,True,https://transform.roboflow.com/8IqlCQUz92pfe9BWFgXB/3fee94328d964f955b20e672cc13cf02/thumb.jpg,67353,d6f8975e9e1c25c8558f8f92e7ecd78bb4bd83b820fb6d018f6a075b3fadd214,Backpack,images/Backpack/objects365_v1_00139154.jpg
objects365_v1_00139155.jpg,train,Glasses;Gloves;Hat;Person;SUV,vWgWcDiaF5ChY9K5KJhG,4426dde003526770b2553adebc465113,8IqlCQUz92pfe9BWFgXB,1723237578842,True,https://transform.roboflow.com/8IqlCQUz92pfe9BWFgXB/4426dde003526770b2553adebc465113/thumb.jpg,47499,9f6a2a12100a2759a6166e14d80d9277dc4b97f32dc33dd0a8dda1f15c0a3169,Glasses,images/Glasses/objects365_v1_00139155.jpg
objects365_v1_00139156.jpg,train,Bottle;Bowl-Basin;Cup;Cutting-chopping Board;Desk;Flower;Knife;Person;Pie;Plate;Pot;Tong;Vase,WMoHpY6RuO0Rum9Ahbro,08a670050b17985453eb40f512faf327,8IqlCQUz92pfe9BWFgXB,1723237579009,True,https://transform.roboflow.com/8IqlCQUz92pfe9BWFgXB/08a670050b17985453eb40f512faf327/thumb.jpg,67027,0078199dfec4c166bec69207b15f9cae68814f6051fde5acb89e4d42ed9f5614,Bottle,images/Bottle/objects365_v1_00139156.jpg
objects365_v1_00139159.jpg,train,Baseball Bat;Baseball Glove;Belt;Bracelet;Hat;Helmet;Leather Shoes;Person;Skating and Skiing shoes;Sneakers,AA8wx1S4u2ZAGiJGHAae,66853c6eb66c67d158be6230b9440fa1,8IqlCQUz92pfe9BWFgXB,1723237579009,True,https://transform.roboflow.com/8IqlCQUz92pfe9BWFgXB/66853c6eb66c67d158be6230b9440fa1/thumb.jpg,61925,d5f44006f2f40f2fed63c31e205a1d33cbfe2e8286f1b58ae43d5b206e4c3af3,Baseball Bat,images/Baseball-Bat/objects365_v1_00139159.jpg
objects365_v1_00139175.jpg,train,Belt;Boat;Glasses;Leather Shoes;Lifesaver;Person;Sailboat;Sneakers;Trash bin Can,MojpSffIAUzv0Yn99gLi,74272fedb355c862acae1997bdb9a89a,8IqlCQUz92pfe9BWFgXB,1723237578871,True,https://transform.roboflow.com/8IqlCQUz92pfe9BWFgXB/74272fedb355c862acae1997bdb9a89a/thumb.jpg,53242,4bea194b91807361b3ec8b423a6dcfb2f82e4dbc9e90cb79acba5b52a392c88f,Belt,images/Belt/objects365_v1_00139175.jpg
objects365_v1_00139177.jpg,train,Gloves;Hat;Person;Sneakers,ZJWYNUbe6ZQQt88HjNSf,ee66dacfd58e85cf0e3b47a974eda1db,8IqlCQUz92pfe9BWFgXB,1723237578871,True,https://transform.roboflow.com/8IqlCQUz92pfe9BWFgXB/ee66dacfd58e85cf0e3b47a974eda1db/thumb.jpg,82174,fb9c634a3c376422d0a1ffc81a00437a1574c225525fed5a0da83b4aba868451,Gloves,images/Gloves/objects365_v1_00139177.jpg
objects365_v1_00139178.jpg,train,Air Conditioner;Bed;Book;Bottle;Chair;Desk;Lamp;Mirror;Pillow;Power outlet,pY8y2TMlFvBYXJ1fgQTx,04106263a2dca698837ba3f8d933e901,8IqlCQUz92pfe9BWFgXB,1723237578871,True,https://transform.roboflow.com/8IqlCQUz92pfe9BWFgXB/04106263a2dca698837ba3f8d933e901/thumb.jpg,34670,46e102023e7652aca630904851f7c55388bf3d3d5885f05cf4735181ffdf110a,Air Conditioner,images/Air-Conditioner/objects365_v1_00139178.jpg
objects365_v1_00139179.jpg,train,Cabinet-shelf;Faucet;Gas stove;Handbag-Satchel;Oven;Pen-Pencil;Sink,OVWjt4TkdUMxWFbJK7Jk,7d8293319fe6ac983547793111da2be5,8IqlCQUz92pfe9BWFgXB,1723237578871,True,https://transform.roboflow.com/8IqlCQUz92pfe9BWFgXB/7d8293319fe6ac983547793111da2be5/thumb.jpg,43038,80bfee271aea2dd04c35d4cfad3c3eceb6d55863f85027e0357a3620a07ae2f9,Cabinet-shelf,images/Cabinet-shelf/objects365_v1_00139179.jpg
objects365_v1_00139180.jpg,train,Camera;Cup;Hat;Person;Sneakers;Sports Car,Rp5D8uOb4RxmJqE5jgJ1,205ff0dc8cc3b80f65e11b6e8c0b20a3,8IqlCQUz92pfe9BWFgXB,1723237578935,True,https://transform.roboflow.com/8IqlCQUz92pfe9BWFgXB/205ff0dc8cc3b80f65e11b6e8c0b20a3/thumb.jpg,60056,6cac5b882708a982201a80c384371813aa1669ebda42db9d460f2ea4794b375c,Camera,images/Camera/objects365_v1_00139180.jpg
objects365_v1_00139181.jpg,train,Glasses;Hat;Helmet;Person,0rlAWN0sMMl3yoCKb3j6,97dc1a1f2bef75af77aae8ed420ca023,8IqlCQUz92pfe9BWFgXB,1723237578935,True,https://transform.roboflow.com/8IqlCQUz92pfe9BWFgXB/97dc1a1f2bef75af77aae8ed420ca023/thumb.jpg,49993,0f4e6e9de572ff87b7c89479a7de38cf031845329d97aafa9bc0f89264fd7819,Glasses,images/Glasses/objects365_v1_00139181.jpg
objects365_v1_00139182.jpg,train,Bed;Bracelet;Camera;Flower;Nightstand;Person;Picture-Frame;Pillow;Telephone;Vase,cE5dUi79lHngAPcTYkOJ,91f7babd7f73e812ac72d06ea132a81d,8IqlCQUz92pfe9BWFgXB,1723237578996,True,https://transform.roboflow.com/8IqlCQUz92pfe9BWFgXB/91f7babd7f73e812ac72d06ea132a81d/thumb.jpg,42299,90410cfcd7006000c4a02f980b838d4d36bcc06b682309f25056fbc9e1f36a6b,Bed,images/Bed/objects365_v1_00139182.jpg
objects365_v1_00139184.jpg,train,Backpack;Belt;Book;Cabinet-shelf;Chair;Desk;Hat;Person;Picture-Frame;Potted Plant;Sneakers;Umbrella,t7USN8xvemVdDdtPvxTJ,a2a59fe244ff221a8728cc55344eba3e,8IqlCQUz92pfe9BWFgXB,1723237578847,True,https://transform.roboflow.com/8IqlCQUz92pfe9BWFgXB/a2a59fe244ff221a8728cc55344eba3e/thumb.jpg,71911,78a124f50e066c9e3f2cbfe028362a91f38a2f7e0b75f9cf7a6673b7643b84ec,Backpack,images/Backpack/objects365_v1_00139184.jpg
objects365_v1_00139185.jpg,train,Gloves;Ladder;Machinery Vehicle;Person;Sneakers,V08S7kJre8prkXbl5wQw,cfb69c6c47adaa4e19ba0ca54c766a4d,8IqlCQUz92pfe9BWFgXB,1723237579036,True,https://transform.roboflow.com/8IqlCQUz92pfe9BWFgXB/cfb69c6c47adaa4e19ba0ca54c766a4d/thumb.jpg,71277,cb47519f506cf21472921278e5653a470a92d85703a0b3110bf84542290d2b48,Gloves,images/Gloves/objects365_v1_00139185.jpg
objects365_v1_00139186.jpg,train,Bed;Chair;Cup;Fan;Lamp;Mirror;Pillow,iQWYJvArW059Ujy47lET,27acfa2d33d8c7f741c38f9b0507e724,8IqlCQUz92pfe9BWFgXB,1723237578871,True,https://transform.roboflow.com/8IqlCQUz92pfe9BWFgXB/27acfa2d33d8c7f741c38f9b0507e724/thumb.jpg,37260,c0b10a467da71172c522a27a3d3b9b0df1da1ec0598ee47e95891898fff4b84f,Bed,images/Bed/objects365_v1_00139186.jpg
objects365_v1_00139187.jpg,train,Bench;Boat;Bracelet;Hat;Necklace;Person;Umbrella,ZK3HcdwUEcYwEngPSdDO,39fdffc82824a0ca5aa7b6cb378de339,8IqlCQUz92pfe9BWFgXB,1723237578996,True,https://transform.roboflow.com/8IqlCQUz92pfe9BWFgXB/39fdffc82824a0ca5aa7b6cb378de339/thumb.jpg,81457,6ae4dac2d52f39bd135e048fe6ca7b3e21e429cf41feaeb74012b36b59ad5bc0,Bench,images/Bench/objects365_v1_00139187.jpg
objects365_v1_00139189.jpg,train,Backpack;Handbag-Satchel;Person;Sneakers,KA3UeD7m5DwKUItozK4V,e4bca8573dcf7eee2b91c0f0d264a362,8IqlCQUz92pfe9BWFgXB,1723237578847,True,https://transform.roboflow.com/8IqlCQUz92pfe9BWFgXB/e4bca8573dcf7eee2b91c0f0d264a362/thumb.jpg,44037,0b9e81fdb13f3362d436c82627241f9c315b973477405c9e5d92ad795f2d93cf,Backpack,images/Backpack/objects365_v1_00139189.jpg
objects365_v1_00139190.jpg,train,Backpack;Car;Desk;Glasses;Handbag-Satchel;Hat;Leather Shoes;Necklace;Person;Ring;Sneakers;Storage box;Street Lights,iOIXr6TlYw0PiBHyroHC,e7a1b035f7567138710f21f3e7ca57bf,8IqlCQUz92pfe9BWFgXB,1723237579036,True,https://transform.roboflow.com/8IqlCQUz92pfe9BWFgXB/e7a1b035f7567138710f21f3e7ca57bf/thumb.jpg,56055,146cd12d1a2da43c82c5d86db9cef6aaecb3af21c1cc42b00fe15b0aac4d2fa1,Backpack,images/Backpack/objects365_v1_00139190.jpg
objects365_v1_00139191.jpg,train,Bottle;Chair;Desk;Flag;Microphone;Person,6qWDpD5uMQ23Fw4Zx8Od,963da43298f0551964f9e43d17f27544,8IqlCQUz92pfe9BWFgXB,1723237579009,True,https://transform.roboflow.com/8IqlCQUz92pfe9BWFgXB/963da43298f0551964f9e43d17f27544/thumb.jpg,42032,5fb6e4a57de9142a6c9db28a0c2184c75a84460e8d2d0cca850066108a068916,Bottle,images/Bottle/objects365_v1_00139191.jpg
objects365_v1_00139193.jpg,train,Person;Sneakers;Swing,A22FBF8eiq70m08hAfzX,a1b230cc3948922fcda79e751c144018,8IqlCQUz92pfe9BWFgXB,1723237579036,True,https://transform.roboflow.com/8IqlCQUz92pfe9BWFgXB/a1b230cc3948922fcda79e751c144018/thumb.jpg,47860,4864856c21550849107f57e3910668858177cadec569d65122766a9b1fd66df1,Person,images/Person/objects365_v1_00139193.jpg
objects365_v1_00139215.jpg,train,Bicycle;Clock;Handbag-Satchel;Person;Potted Plant;Sandals;Sneakers;Trash bin Can;Truck,vvU6rlwhcm4rPcusNNIu,8e35ce5e64806586deffa23f168717e6,8IqlCQUz92pfe9BWFgXB,1723237579164,True,https://transform.roboflow.com/8IqlCQUz92pfe9BWFgXB/8e35ce5e64806586deffa23f168717e6/thumb.jpg,78885,83c770a5f1ddad6533486d405feb202685c87d312c90c15e33ebfe21ec621577,Bicycle,images/Bicycle/objects365_v1_00139215.jpg
objects365_v1_00139216.jpg,train,Other Fish,FRC2dnoTnUvK6QhZ6U13,fa79e458b58c2313ca0b52eee82eeb99,8IqlCQUz92pfe9BWFgXB,1723237579164,True,https://transform.roboflow.com/8IqlCQUz92pfe9BWFgXB/fa79e458b58c2313ca0b52eee82eeb99/thumb.jpg,43524,d969a2386dcdf0514af46bda8055181ec585a039dec5f7b1a38dd61938479850,Other Fish,images/Other-Fish/objects365_v1_00139216.jpg
objects365_v1_00139218.jpg,train,Chair;Desk;Surveillance Camera,WKFWdXTevTZkHe12EC3R,173925e2b6842ac6df62f790f97e6714,8IqlCQUz92pfe9BWFgXB,1723237578996,True,https://transform.roboflow.com/8IqlCQUz92pfe9BWFgXB/173925e2b6842ac6df62f790f97e6714/thumb.jpg,44585,42a9ef94068244a6aec8b3d0aa1b5906e544a0351a616ad9f1aa85a362f1b064,Chair,images/Chair/objects365_v1_00139218.jpg
objects365_v1_00139219.jpg,train,Bench;Drum;Person;Sneakers;Van,flep4zEiJFfMrkO2myKL,5dd1214fe8eb0db5a45914e8a121b246,8IqlCQUz92pfe9BWFgXB,1723237578996,True,https://transform.roboflow.com/8IqlCQUz92pfe9BWFgXB/5dd1214fe8eb0db5a45914e8a121b246/thumb.jpg,62854,727a77c82c91b72fabfcfc061ee1046f00a71dbabfba146c2660e3a0c15f8a41,Bench,images/Bench/objects365_v1_00139219.jpg
objects365_v1_00139221.jpg,train,Boat;Bracelet;Hat;Person;Sneakers;Umbrella,mYeBtSzpM0VdySlcNXbL,b467d86061fd98f4e998ed2db3fd60a4,8IqlCQUz92pfe9BWFgXB,1723237578935,True,https://transform.roboflow.com/8IqlCQUz92pfe9BWFgXB/b467d86061fd98f4e998ed2db3fd60a4/thumb.jpg,50585,b460a0b022fece1e369f2d9f08d8b26279ccfc8e7d697c594c7fc014833a8862,Boat,images/Boat/objects365_v1_00139221.jpg
objects365_v1_00139222.jpg,train,Apple;Backpack;Bottle;Cabinet-shelf;Chair;Desk;Eggplant;Glasses;Handbag-Satchel;Hat;Orange-Tangerine;Person;Potted Plant;Pumpkin;Sneakers;Storage box;Strawberry;Tomato;Wine Glass,Nkk1ZqDd4Z6qeYJWa4hq,73a9b54c4f89fa987cbea33c9500c5a0,8IqlCQUz92pfe9BWFgXB,1723237579164,True,https://transform.roboflow.com/8IqlCQUz92pfe9BWFgXB/73a9b54c4f89fa987cbea33c9500c5a0/thumb.jpg,73419,fd97e4fd5c9d077af6a74b5ba6dd8ac34055a6c7edbe93c6383db95fd9f021df,Apple,images/Apple/objects365_v1_00139222.jpg
objects365_v1_00139223.jpg,train,American Football;Belt;Gloves;Helmet;Person;Sneakers,OsTdRr3MLprSvJixrSqB,3eaac0c3e68d8fcb9b15d573ffdc408b,8IqlCQUz92pfe9BWFgXB,1723237578996,True,https://transform.roboflow.com/8IqlCQUz92pfe9BWFgXB/3eaac0c3e68d8fcb9b15d573ffdc408b/thumb.jpg,37062,892c175c259e86bccf7b79803709892c9416a7be0d8fd4f843dcdb2d6d0f9932,American Football,images/American-Football/objects365_v1_00139223.jpg
objects365_v1_00139224.jpg,train,Chair;Cup;Glasses;Lamp;Person;Plate;Sneakers;Spoon,p1qV8TiEcVAHAE1pynIf,6c4c7184f870921a9ba23a6f34d58898,8IqlCQUz92pfe9BWFgXB,1723237579164,True,https://transform.roboflow.com/8IqlCQUz92pfe9BWFgXB/6c4c7184f870921a9ba23a6f34d58898/thumb.jpg,72541,d88a6d2685a4155fe9c2ea1c4078206ade0bf8bfd9300abf0cc7d18d929dee54,Chair,images/Chair/objects365_v1_00139224.jpg
objects365_v1_00139225.jpg,train,Bicycle,0fSW8aOkUHKbHyXeDC1b,9dd5a4710c598bec8b5671c2e10c5796,8IqlCQUz92pfe9BWFgXB,1723237579164,True,https://transform.roboflow.com/8IqlCQUz92pfe9BWFgXB/9dd5a4710c598bec8b5671c2e10c5796/thumb.jpg,75644,a4d652cb8408ea752a601b6c9cfdfba8a2d5b869c7e16403e0b8c029606b6a1d,Bicycle,images/Bicycle/objects365_v1_00139225.jpg
objects365_v1_00139226.jpg,train,Barrel-bucket;Bracelet;Motorcycle;Person;Street Lights;Tricycle,6GGWisu7xK6Z7ZJRZEhN,b5fb3df0514274b04f059c22bb64f94a,8IqlCQUz92pfe9BWFgXB,1723237579036,True,https://transform.roboflow.com/8IqlCQUz92pfe9BWFgXB/b5fb3df0514274b04f059c22bb64f94a/thumb.jpg,80705,b2341215e4a3df48d9ecf6c86b52162851bb7b57a3de7d6d3f4ddb71b380e69a,Barrel-bucket,images/Barrel-bucket/objects365_v1_00139226.jpg
objects365_v1_00139227.jpg,train,Book;Cabinet-shelf;Carpet;Chair;Couch;Cup;Desk;Extension Cord;Lamp;Monitor-TV;Person;Picture-Frame;Storage box,Bsifj0xbPBUJ0lfm3yBe,001238feb618cfcfdf7734c285c5b122,8IqlCQUz92pfe9BWFgXB,1723237579036,True,https://transform.roboflow.com/8IqlCQUz92pfe9BWFgXB/001238feb618cfcfdf7734c285c5b122/thumb.jpg,41247,c1e598330bb9cfe6fbdf8e0241ba8aa41787c2fc3af729989508e1f970dbc91c,Book,images/Book/objects365_v1_00139227.jpg
objects365_v1_00139251.jpg,train,Backpack;Belt;Bracelet;Couch;Handbag-Satchel;Person;Sneakers,rP4qUgfNz6k9x1JWXgoe,70dc9f8172c37e0c410596950fb1cf7b,8IqlCQUz92pfe9BWFgXB,1723237579164,True,https://transform.roboflow.com/8IqlCQUz92pfe9BWFgXB/70dc9f8172c37e0c410596950fb1cf7b/thumb.jpg,59473,bc172b9405736bb898f203e8f04bcdb7331b90855bd8612cbe0ed7834e0c72ee,Backpack,images/Backpack/objects365_v1_00139251.jpg
objects365_v1_00139253.jpg,train,Chair;Handbag-Satchel;Hat;Monitor-TV;Person;Potted Plant;Sneakers;Trash bin Can,ESAN0iAnuXN3yzPfbx7r,5a3c03c0f7352d4c3fbdab0d4522adbc,8IqlCQUz92pfe9BWFgXB,1723237579164,True,https://transform.roboflow.com/8IqlCQUz92pfe9BWFgXB/5a3c03c0f7352d4c3fbdab0d4522adbc/thumb.jpg,79406,df92b91f18c8fe9aac5c6719023395a4f5e902c493c49bfca6bea9856fab39f5,Chair,images/Chair/objects365_v1_00139253.jpg
objects365_v1_00139255.jpg,train,Clock;Glasses;High Heels;Leather Shoes;Person;Sandals;Sneakers;Tie,Enusq21BtdlWactJBDge,9f2fddb53c9f6e1dfaf26020af82cd85,8IqlCQUz92pfe9BWFgXB,1723237579171,True,https://transform.roboflow.com/8IqlCQUz92pfe9BWFgXB/9f2fddb53c9f6e1dfaf26020af82cd85/thumb.jpg,81005,85bd892f98f358ee9866bcbf6455bfe12967027e6945eaffc494cad8634eea72,Clock,images/Clock/objects365_v1_00139255.jpg
objects365_v1_00139256.jpg,train,Backpack;Hat;Helicopter;Helmet;Person;Sneakers,5vdY9w2aM4WqSKBSZf6P,f39e1f730e45f745f065f841b7a1bb52,8IqlCQUz92pfe9BWFgXB,1723237579349,True,https://transform.roboflow.com/8IqlCQUz92pfe9BWFgXB/f39e1f730e45f745f065f841b7a1bb52/thumb.jpg,56102,727dd0da67b57129d42ac608351c354fbb398896bffba8c12bfd8ae45f66f72c,Backpack,images/Backpack/objects365_v1_00139256.jpg
objects365_v1_00139257.jpg,train,Backpack;Cabinet-shelf;Handbag-Satchel;Lamp;Person;Sneakers,jgzlNok2FSib1hArl3Ym,7a69a1e71ed0dacffeec0a4714cffc59,8IqlCQUz92pfe9BWFgXB,1723237579349,True,https://transform.roboflow.com/8IqlCQUz92pfe9BWFgXB/7a69a1e71ed0dacffeec0a4714cffc59/thumb.jpg,63006,302681d3da3d915c3aaa055fa4516a0c280c7a2b07a38e2760c4922ca78bb46c,Backpack,images/Backpack/objects365_v1_00139257.jpg
objects365_v1_00139258.jpg,train,Glasses;Handbag-Satchel;Person;Sneakers,aZ2bowvucJ9WgytMKYfb,5ff6eb528df6909d3342e9691a66720c,8IqlCQUz92pfe9BWFgXB,1723237579155,True,https://transform.roboflow.com/8IqlCQUz92pfe9BWFgXB/5ff6eb528df6909d3342e9691a66720c/thumb.jpg,99157,3a50e43f51bcc71ccb0c833801190c3e6a0e297b7e67a20dce7e92ad1cfdaf3c,Glasses,images/Glasses/objects365_v1_00139258.jpg
objects365_v1_00139259.jpg,train,Glasses;Hat;Helmet;Person,5ytrDtk2vAZW4wwC3gdw,bab2cf0c88a29c399ccb3efa252e9346,8IqlCQUz92pfe9BWFgXB,1723237579228,True,https://transform.roboflow.com/8IqlCQUz92pfe9BWFgXB/bab2cf0c88a29c399ccb3efa252e9346/thumb.jpg,57707,41286239e1fc77195072e59ab340b1f1f289b88784bbb5ce31e853c8a4285a99,Glasses,images/Glasses/objects365_v1_00139259.jpg
objects365_v1_00139260.jpg,train,Bottle;Desk;Hat;Leather Shoes;Person;Sneakers;Stool;Umbrella,dAAUCOnagnwT3Hmbs547,748c1a6c23f1375548e7840a29d9a60c,8IqlCQUz92pfe9BWFgXB,1723237579228,True,https://transform.roboflow.com/8IqlCQUz92pfe9BWFgXB/748c1a6c23f1375548e7840a29d9a60c/thumb.jpg,64818,d627161627015d32bb2cf215bc49c6fb97e76f1556b2e83d40c1ed58af0e828d,Bottle,images/Bottle/objects365_v1_00139260.jpg
objects365_v1_00139261.jpg,train,Book;Cabinet-shelf;Carpet;Chair;Couch;Lamp;Picture-Frame;Pillow;Radiator;Stool,eECWi3AJ6axCtJcomMMw,75965fb5458278574072828778224225,8IqlCQUz92pfe9BWFgXB,1723237579349,True,https://transform.roboflow.com/8IqlCQUz92pfe9BWFgXB/75965fb5458278574072828778224225/thumb.jpg,38531,49b2fb5ade61de1bccd6bc2918b32d967c0c24d7bf5c97d9cbc76f3662007fce,Book,images/Book/objects365_v1_00139261.jpg
objects365_v1_00139262.jpg,train,Bottle;Cabinet-shelf;Chair;Desk,urT5nO7fsxcWUDGU3oYd,61256cc357c19ca108b22a3ace68fd1f,8IqlCQUz92pfe9BWFgXB,1723237579349,True,https://transform.roboflow.com/8IqlCQUz92pfe9BWFgXB/61256cc357c19ca108b22a3ace68fd1f/thumb.jpg,41678,10ebe504a568183e82d927200d3cd59d2c29640449aab8df0b59823b75fc1ece,Bottle,images/Bottle/objects365_v1_00139262.jpg
objects365_v1_00139263.jpg,train,Bottle;Bowl-Basin;Carpet;Chair;Desk;Flower;Plate,aBBZn6vpFiqr3NNhiKIK,6007f433f3ef61c8fdfb13719a1cbc42,8IqlCQUz92pfe9BWFgXB,1723237579583,True,https://transform.roboflow.com/8IqlCQUz92pfe9BWFgXB/6007f433f3ef61c8fdfb13719a1cbc42/thumb.jpg,54983,3502182110708f36c1c696c8d79e2f36813b8b174f90a9fa505c377b59fe1f11,Bottle,images/Bottle/objects365_v1_00139263.jpg
objects365_v1_00139265.jpg,train,Car;Crane;Hat;Person;Sneakers;Street Lights,bZiXxdwJHpXRNnLQ3Mr1,49f4913cd5674172d8b395867c2f0e03,8IqlCQUz92pfe9BWFgXB,1723237579228,True,https://transform.roboflow.com/8IqlCQUz92pfe9BWFgXB/49f4913cd5674172d8b395867c2f0e03/thumb.jpg,36163,174253613c1278cfb5f1742bfa14ba561611ae436088372b4c803990667e4628,Car,images/Car/objects365_v1_00139265.jpg
objects365_v1_00139267.jpg,train,Cabinet-shelf;Garlic;Grape;Lamp;Orange-Tangerine;Pear;Person;Pumpkin,NwokRWFCTGPgIw7PLNPw,453c19ab43a4d71e962ce2bc2fb5d5fd,8IqlCQUz92pfe9BWFgXB,1723237579523,True,https://transform.roboflow.com/8IqlCQUz92pfe9BWFgXB/453c19ab43a4d71e962ce2bc2fb5d5fd/thumb.jpg,79384,66f9517b52ad14fb0f7930381264464bebcb73b43da0c05dddfd97fde1c0fb15,Cabinet-shelf,images/Cabinet-shelf/objects365_v1_00139267.jpg
objects365_v1_00139268.jpg,train,Bracelet;Lamp;Person;Sneakers,hsXsnuuDFDygyxgNlsBn,32ad7842376853ca66afd8b36cefb8ed,8IqlCQUz92pfe9BWFgXB,1723237579523,True,https://transform.roboflow.com/8IqlCQUz92pfe9BWFgXB/32ad7842376853ca66afd8b36cefb8ed/thumb.jpg,67791,3b9989a5acb689f87297e9b27ce403dac9198d593cbbb39c21c674858629d7cb,Bracelet,images/Bracelet/objects365_v1_00139268.jpg
objects365_v1_00139269.jpg,train,Bed;Bottle;Person;Pillow;Plate;Power outlet;Towel,epnw7kwN70sneiGsxI06,ba0b738ebe9abce6e0b26b3a194d3b2b,8IqlCQUz92pfe9BWFgXB,1723237579228,True,https://transform.roboflow.com/8IqlCQUz92pfe9BWFgXB/ba0b738ebe9abce6e0b26b3a194d3b2b/thumb.jpg,45650,1cdb0472810c47fdb119d4cdf44706fa7df7b7f4809651a3bf883722ea05d0cb,Bed,images/Bed/objects365_v1_00139269.jpg
objects365_v1_00139270.jpg,train,Leather Shoes;Pen-Pencil;Person,P1S6ichzGAFPwy6qC6KF,1ce6a6e522a943930680fb7afb56d6ed,8IqlCQUz92pfe9BWFgXB,1723237579228,True,https://transform.roboflow.com/8IqlCQUz92pfe9BWFgXB/1ce6a6e522a943930680fb7afb56d6ed/thumb.jpg,38521,8fd71b2ff84a70e0997eb6eff46535250e3b211ce618e5f72efb7aec8d7cc53e,Leather Shoes,images/Leather-Shoes/objects365_v1_00139270.jpg
objects365_v1_00139271.jpg,train,Backpack;Boots;Cabinet-shelf;Desk;Lamp;Person;Picture-Frame;Sneakers;Wine Glass,b98aTzzmGRYESBvskro0,d18651ab2f32b2397f27e0a3963db096,8IqlCQUz92pfe9BWFgXB,1723237579228,True,https://transform.roboflow.com/8IqlCQUz92pfe9BWFgXB/d18651ab2f32b2397f27e0a3963db096/thumb.jpg,51151,eda48391669d416652e0b91785089f77d5a5ad19bc7d4a1d5183e9576fd160bc,Backpack,images/Backpack/objects365_v1_00139271.jpg
objects365_v1_00139272.jpg,train,Glasses;Hat;Person;Sneakers;Watch,i2ZOypduumR92oroInP0,27ce9a123e079d2e864a11cdb84888a1,8IqlCQUz92pfe9BWFgXB,1723237579523,True,https://transform.roboflow.com/8IqlCQUz92pfe9BWFgXB/27ce9a123e079d2e864a11cdb84888a1/thumb.jpg,85728,1bd17f0d328e15156d5e6b3c2eee6b243ce43bb4efef492d5488cf833893e491,Glasses,images/Glasses/objects365_v1_00139272.jpg
objects365_v1_00139273.jpg,train,Boots;Camera;Cup;Glasses;Gloves;Handbag-Satchel;Hat;Horse;Leather Shoes;Person;Sneakers,51t0bRJ8nfa3tAlPhGDo,427cf14546061a314d9089029c1b945f,8IqlCQUz92pfe9BWFgXB,1723237579171,True,https://transform.roboflow.com/8IqlCQUz92pfe9BWFgXB/427cf14546061a314d9089029c1b945f/thumb.jpg,99684,f0fea4677815f58ee1049196aecc9f607591325050f8643da7ce8dee705ccb3c,Boots,images/Boots/objects365_v1_00139273.jpg
objects365_v1_00139274.jpg,train,Blackboard-Whiteboard;Book;Bottle;Cup;Glasses;Hat;Pen-Pencil;Person;Picture-Frame;Plate;Spoon;Wine Glass,hHuCMxlGJwVm8jlYfUVl,b84e04de70a1f7e6a02b741290fb1c9d,8IqlCQUz92pfe9BWFgXB,1723237579009,True,https://transform.roboflow.com/8IqlCQUz92pfe9BWFgXB/b84e04de70a1f7e6a02b741290fb1c9d/thumb.jpg,77399,a872c6d3e315f09a33eb37ac5736a50988bfc881ae390214de5108df2f18ad94,Blackboard-Whiteboard,images/Blackboard-Whiteboard/objects365_v1_00139274.jpg
objects365_v1_00139275.jpg,train,Bench;Car;Chair;Cup;Desk;Flag;Person;Sneakers;Street Lights;Trash bin Can,Xqh4pdUbGmagdFT8QIVm,9db4baf6a53eef35e75c5f73f1277e7e,8IqlCQUz92pfe9BWFgXB,1723237579335,True,https://transform.roboflow.com/8IqlCQUz92pfe9BWFgXB/9db4baf6a53eef35e75c5f73f1277e7e/thumb.jpg,85505,2c283e112bf7dd25335ea50289a32af186bcca0bff22df631270677711b73505,Bench,images/Bench/objects365_v1_00139275.jpg
objects365_v1_00139277.jpg,train,Bottle;Cabinet-shelf;Carpet;Chair;Coffee Machine;Desk;Faucet;Flower;Knife;Microwave;Person;Potted Plant;Refrigerator;Sink;Vase,6TmU2Hn6t5w0IgWn7t0J,b0a33c888debcabb4b8b40976d9dd836,8IqlCQUz92pfe9BWFgXB,1723237579335,True,https://transform.roboflow.com/8IqlCQUz92pfe9BWFgXB/b0a33c888debcabb4b8b40976d9dd836/thumb.jpg,40822,696f870d750d44310bdc80c6f7708d3f9a77096d34804b91bbaea54f61744b49,Bottle,images/Bottle/objects365_v1_00139277.jpg
objects365_v1_00139278.jpg,train,Person;Sneakers,ICvUWuxC7qS81W1tL3e1,8b7c754b8778f37468a4a96150c50399,8IqlCQUz92pfe9BWFgXB,1723237579155,True,https://transform.roboflow.com/8IqlCQUz92pfe9BWFgXB/8b7c754b8778f37468a4a96150c50399/thumb.jpg,43844,5f6fa9170cb2c3b698d39ccdda113c8592cc8f8eca4ded848c33b6e455365ee1,Person,images/Person/objects365_v1_00139278.jpg
objects365_v1_00139279.jpg,train,Carpet;Flower;Lamp;Pumpkin;Vase,ZPZjj3eZl9xC5GX2n11T,a71638a1b112176171374e89871c6cb9,8IqlCQUz92pfe9BWFgXB,1723237579155,True,https://transform.roboflow.com/8IqlCQUz92pfe9BWFgXB/a71638a1b112176171374e89871c6cb9/thumb.jpg,56587,482a99c54ae6800e6828e8aded1f99d39a66f63e1eda3037303f89ec09a62e38,Carpet,images/Carpet/objects365_v1_00139279.jpg
objects365_v1_00139280.jpg,train,Dog;Glasses;Handbag-Satchel;Hat;Person;Watch,NKlhSSzh4moz2LtR9zQP,c6b00024442b6bb87c95c601d413ee93,8IqlCQUz92pfe9BWFgXB,1723237579155,True,https://transform.roboflow.com/8IqlCQUz92pfe9BWFgXB/c6b00024442b6bb87c95c601d413ee93/thumb.jpg,48693,95a41609c975c4eb81c115e734bc942c1c06db25b9d1427d29f9e991dd4c422e,Dog,images/Dog/objects365_v1_00139280.jpg
objects365_v1_00139281.jpg,train,Backpack;Bench;Bicycle;Bus;Crosswalk Sign;Handbag-Satchel;Helmet;Lamp;Leather Shoes;Person;Sneakers;Stop Sign;Street Lights;Trash bin Can,ijmPAvwlkKQjv8L15g5B,8166efd74c477991575e14fe570936b6,8IqlCQUz92pfe9BWFgXB,1723237579155,True,https://transform.roboflow.com/8IqlCQUz92pfe9BWFgXB/8166efd74c477991575e14fe570936b6/thumb.jpg,94151,cdaede7488496add593c8a44c3e4449ebc84566e02dc0c6a5be24d6123208207,Backpack,images/Backpack/objects365_v1_00139281.jpg
objects365_v1_00139289.jpg,train,Glasses;Gloves;Helmet;Horse;Person;Sneakers,MMMkUT44JtwLORsfzzhv,55f518a72abd23057ea26e14505ceedc,8IqlCQUz92pfe9BWFgXB,1723237579171,True,https://transform.roboflow.com/8IqlCQUz92pfe9BWFgXB/55f518a72abd23057ea26e14505ceedc/thumb.jpg,48248,b8195b5b1d1f6da04720d56c91e356db50328de91f2418a28c451d71ba57b92b,Glasses,images/Glasses/objects365_v1_00139289.jpg
objects365_v1_00139290.jpg,train,Bench;Chair;Lamp;Trash bin Can;Umbrella,vcQT40qk52NLMhg887PH,a047dbd850cd87f3fc8bdbebe36f4b0e,8IqlCQUz92pfe9BWFgXB,1723237579171,True,https://transform.roboflow.com/8IqlCQUz92pfe9BWFgXB/a047dbd850cd87f3fc8bdbebe36f4b0e/thumb.jpg,81178,d5f018ea01bfce9e1ac3d66a1e9578cb35622b8ba51db4ba82ed5697ea2a91ae,Bench,images/Bench/objects365_v1_00139290.jpg
objects365_v1_00139291.jpg,train,Bed;Bench;Chair;Desk;Fan;Lamp;Nightstand;Person;Pillow,TzQqZKIkwlEXxpeFGL5N,7b902989ff2375882c8d5a2872b6e83e,8IqlCQUz92pfe9BWFgXB,1723237579171,True,https://transform.roboflow.com/8IqlCQUz92pfe9BWFgXB/7b902989ff2375882c8d5a2872b6e83e/thumb.jpg,55288,86a7d7c8b1741d29db660f3812b31e744af73239a1069a213f5db6ddc4d05558,Bed,images/Bed/objects365_v1_00139291.jpg
objects365_v1_00139292.jpg,train,Desk;Flower;Glasses;Handbag-Satchel;Lamp;Leather Shoes;Person;Picture-Frame;Potted Plant;Sneakers,kfqijwKWicHO2et0qHQX,8580f0c008e8445ceb96ebb7e25b1bea,8IqlCQUz92pfe9BWFgXB,1723237579171,True,https://transform.roboflow.com/8IqlCQUz92pfe9BWFgXB/8580f0c008e8445ceb96ebb7e25b1bea/thumb.jpg,42904,3f1fd55a7ee89d9920090b6b02deae8e77c7dda5cbe901a9c039e9eef4c60d3b,Desk,images/Desk/objects365_v1_00139292.jpg
objects365_v1_00139293.jpg,train,Car;SUV,G6pwIso4PbAD6q7LKq9F,0d2c49a9303b4d5377c3e73c856f055d,8IqlCQUz92pfe9BWFgXB,1723237579171,True,https://transform.roboflow.com/8IqlCQUz92pfe9BWFgXB/0d2c49a9303b4d5377c3e73c856f055d/thumb.jpg,47985,b79050612ce02decb45cc338323a288149a7adec76eee993c4ce37a59e0d413a,Car,images/Car/objects365_v1_00139293.jpg
objects365_v1_00139295.jpg,train,Bracelet;Person;Sneakers;Soccer,nhw6MFb190voY75FsuHi,504cfa9d283c43a61a7a95ed9a1887e4,8IqlCQUz92pfe9BWFgXB,1723237579171,True,https://transform.roboflow.com/8IqlCQUz92pfe9BWFgXB/504cfa9d283c43a61a7a95ed9a1887e4/thumb.jpg,70982,7d19822dd06d8e16da12ad04ee1b7b4abaa01156b3d27cda77b21cac617ba585,Bracelet,images/Bracelet/objects365_v1_00139295.jpg
objects365_v1_00139296.jpg,train,Car;Flag;Lamp;Person,fU0H8ZDQS49EO4aKfrcx,bf5cd47f4921ad2a74359899793cf63e,8IqlCQUz92pfe9BWFgXB,1723237579335,True,https://transform.roboflow.com/8IqlCQUz92pfe9BWFgXB/bf5cd47f4921ad2a74359899793cf63e/thumb.jpg,67160,92ea1f492b2900de5ed55b8217ff311859877d68f4a32c808ce940f12deebe1d,Car,images/Car/objects365_v1_00139296.jpg
objects365_v1_00139297.jpg,train,Carpet;Cup;Hat;High Heels;Person;Sandals;Tie,12HEjjllXARf35XmakrF,2081b3230f78b104c85c4a8f5cf06bcf,8IqlCQUz92pfe9BWFgXB,1723237579349,True,https://transform.roboflow.com/8IqlCQUz92pfe9BWFgXB/2081b3230f78b104c85c4a8f5cf06bcf/thumb.jpg,61263,f9c87afc5810f305a11455c6b4f753e9c4fca53d5d8ecef8ed604bccbdf37709,Carpet,images/Carpet/objects365_v1_00139297.jpg
objects365_v1_00139298.jpg,train,Belt;Bottle;Bowl-Basin;Cabinet-shelf;High Heels;Plate;Sneakers;Storage box;Toiletry,tqRWLYedfcdKUaAE56Ns,a0ab29aa47f51c02636ec2aa122e42d5,8IqlCQUz92pfe9BWFgXB,1723237579568,True,https://transform.roboflow.com/8IqlCQUz92pfe9BWFgXB/a0ab29aa47f51c02636ec2aa122e42d5/thumb.jpg,34110,41178c1bd8e833ae29a410cdf570ac7bdb3627dcc9d865bf62f9b91309cc6250,Belt,images/Belt/objects365_v1_00139298.jpg
objects365_v1_00139300.jpg,train,Apple;Book;Bottle;Bowl-Basin;Cabinet-shelf;Car;Carpet;Chair;Cup;Flower;Lamp;Mirror;Picture-Frame;Plate;Storage box;Vase,aCcUIgDwDgHiZpJV95bW,6e36c23a4b6a0b44e9f65e00027cec15,8IqlCQUz92pfe9BWFgXB,1723237579568,True,https://transform.roboflow.com/8IqlCQUz92pfe9BWFgXB/6e36c23a4b6a0b44e9f65e00027cec15/thumb.jpg,67648,738365eb06ecfeb2f63e6fef9929b0c4d427b3282465a4aa37c0b20c66f017ec,Apple,images/Apple/objects365_v1_00139300.jpg
objects365_v1_00139301.jpg,train,Drum;Guitar;Hat;Microphone;Person;Piano;Sneakers;Speaker;Tripod;Tuba,z19HQjxymTv21jt4W0HB,723a00e85d947db2a6049309bae3c289,8IqlCQUz92pfe9BWFgXB,1723237579335,True,https://transform.roboflow.com/8IqlCQUz92pfe9BWFgXB/723a00e85d947db2a6049309bae3c289/thumb.jpg,52380,07800b59177a684e01225d7be8e8c0fd2f39dfb359eaccc99ab5096684b07c1e,Drum,images/Drum/objects365_v1_00139301.jpg
objects365_v1_00139302.jpg,train,Blackboard-Whiteboard;Bottle;Bowl-Basin;Cabinet-shelf;Canned;Dog;Leather Shoes;Person;Sandals;Storage box,T2UA20Rga3htf2NxbOls,2c1c5f931c895815f647336084a38edc,8IqlCQUz92pfe9BWFgXB,1723237579335,True,https://transform.roboflow.com/8IqlCQUz92pfe9BWFgXB/2c1c5f931c895815f647336084a38edc/thumb.jpg,64254,c2eda756970fce10f840233e7590be3552813e336e7f141e1a7517f1c9849911,Blackboard-Whiteboard,images/Blackboard-Whiteboard/objects365_v1_00139302.jpg
objects365_v1_00139303.jpg,train,Desk;Drum;Hat;Person;Sneakers;Storage box,4bDajAjvKcOn3GbKP2v6,57a56f1beb49575cdde1b20b5bcfadc8,8IqlCQUz92pfe9BWFgXB,1723237579568,True,https://transform.roboflow.com/8IqlCQUz92pfe9BWFgXB/57a56f1beb49575cdde1b20b5bcfadc8/thumb.jpg,80643,512d468ff9cec4616377ab9d58451692e43ae6352c4fde8585595b5a60db3391,Desk,images/Desk/objects365_v1_00139303.jpg
objects365_v1_00139304.jpg,train,Baseball Bat;Baseball Glove;Belt;Gloves;Helmet;Person;Sneakers,pykQsLIOlPKYz8EwfQKO,7d730b32121ee760564b0efb316d1fdb,8IqlCQUz92pfe9BWFgXB,1723237579523,True,https://transform.roboflow.com/8IqlCQUz92pfe9BWFgXB/7d730b32121ee760564b0efb316d1fdb/thumb.jpg,51044,0e9dd1b3ed29c70160b7b309b6c15f0960d2da787c9c49d3682107735c70b1dc,Baseball Bat,images/Baseball-Bat/objects365_v1_00139304.jpg
objects365_v1_00139305.jpg,train,Fire Extinguisher;Lamp;Trash bin Can,OcTnlelLGrdn6GXLjUBe,92cc19523788aa316ab813b6b845bc68,8IqlCQUz92pfe9BWFgXB,1723237579523,True,https://transform.roboflow.com/8IqlCQUz92pfe9BWFgXB/92cc19523788aa316ab813b6b845bc68/thumb.jpg,84773,5896eaf8da5c80def77348b4dce33f88a793b46ea8cb6fa8600efe246d7c0fa8,Fire Extinguisher,images/Fire-Extinguisher/objects365_v1_00139305.jpg
objects365_v1_00139306.jpg,train,Bench;Chair;Hat;Person;Sneakers,3UbyaO8lEOmbDn769dD0,c12a786d9715ec8e4a6965c3eb72d445,8IqlCQUz92pfe9BWFgXB,1723237579769,True,https://transform.roboflow.com/8IqlCQUz92pfe9BWFgXB/c12a786d9715ec8e4a6965c3eb72d445/thumb.jpg,50545,3b8c485e3027febf2d3559f85b1c1e59f147f6636295af921f0d9cc2c1e2caf9,Bench,images/Bench/objects365_v1_00139306.jpg
objects365_v1_00139307.jpg,train,Backpack;Bottle;Cell Phone;Chair;Cup;Desk;Glasses;Handbag-Satchel;Laptop;Leather Shoes;Pen-Pencil;Person;Picture-Frame;Projector;Sneakers;Tie,v2395HERhlNW5Xv5Tb6m,2298a983617d0148b51bf35205cec5aa,8IqlCQUz92pfe9BWFgXB,1723237579523,True,https://transform.roboflow.com/8IqlCQUz92pfe9BWFgXB/2298a983617d0148b51bf35205cec5aa/thumb.jpg,45133,87837ffde4ff221d0d59684ba94e1df6ddb861c4d464637246f937bf9b0eec1c,Backpack,images/Backpack/objects365_v1_00139307.jpg
objects365_v1_00139308.jpg,train,Bed;Chair;Couch;Lamp;Nightstand;Pillow;Telephone,oGuMylT4ms8mCHLVo4de,8c723c8aea14ab5f189715d8466c04f3,8IqlCQUz92pfe9BWFgXB,1723237579523,True,https://transform.roboflow.com/8IqlCQUz92pfe9BWFgXB/8c723c8aea14ab5f189715d8466c04f3/thumb.jpg,47691,d53667995d0d0dfe4d4f0a7b3aead0ad1250996737134d8d40af6883151feb6a,Bed,images/Bed/objects365_v1_00139308.jpg
objects365_v1_00139309.jpg,train,Bracelet;Cabinet-shelf;Chair;Flag;Person;Sneakers,NG0KiwmKLlTrrgHILcLA,e1b3d6903ed1d28de4064bea72337343,8IqlCQUz92pfe9BWFgXB,1723237579769,True,https://transform.roboflow.com/8IqlCQUz92pfe9BWFgXB/e1b3d6903ed1d28de4064bea72337343/thumb.jpg,52017,3cc119fe5f1831b68b269746e3403d61ea599af8582c92533437a0d1b905ff92,Bracelet,images/Bracelet/objects365_v1_00139309.jpg
objects365_v1_00139326.jpg,train,Bench;Car;Handbag-Satchel;Hat;Person;Street Lights;Traffic Light;Traffic Sign;Trash bin Can,JbLMg6B2uCdqJZIEE96X,43d9ecb9df2f3865b091fa040f8dfdc7,8IqlCQUz92pfe9BWFgXB,1723237579583,True,https://transform.roboflow.com/8IqlCQUz92pfe9BWFgXB/43d9ecb9df2f3865b091fa040f8dfdc7/thumb.jpg,62951,bd26e717218d6b2d756a24a140b5cbea9e82eea9289a275b3a95fa7b01816fab,Bench,images/Bench/objects365_v1_00139326.jpg
objects365_v1_00139328.jpg,train,Cup;Gas stove;Glasses;Hat;Person;Pot;Sneakers,cJ9jfCNAVxsoTJ0KXe1F,005cb5fc7bd125a91294d11b4f1bc7a0,8IqlCQUz92pfe9BWFgXB,1723237579583,True,https://transform.roboflow.com/8IqlCQUz92pfe9BWFgXB/005cb5fc7bd125a91294d11b4f1bc7a0/thumb.jpg,43075,250e38d22c296c7ab00bfae08afad1da42c70bedcf657cad8b4bd23c49cd6806,Cup,images/Cup/objects365_v1_00139328.jpg
objects365_v1_00139329.jpg,train,Chair;Desk;Hat;Lamp;Person;Piano;Potted Plant;Sneakers;Trash bin Can,ZdsLurs8Wy78LaZ8cICo,f543d8c6f49ea910eff02a53806ab1fe,8IqlCQUz92pfe9BWFgXB,1723237579583,True,https://transform.roboflow.com/8IqlCQUz92pfe9BWFgXB/f543d8c6f49ea910eff02a53806ab1fe/thumb.jpg,72768,755fd325b3dc40b07ca447515627b55a2c132076a78c4183a66c5c1dca59f5f4,Chair,images/Chair/objects365_v1_00139329.jpg
objects365_v1_00139330.jpg,train,Bowl-Basin;Cabinet-shelf;Chair;Couch;Cup;Cutting-chopping Board;Desk;Faucet;Knife;Lamp;Mirror;Oven;Person;Picture-Frame;Plate;Sink,sIo9oWtVDrDjSwXvThrh,388c25fc10dc67bbc73f57a4056fbccb,8IqlCQUz92pfe9BWFgXB,1723237579583,True,https://transform.roboflow.com/8IqlCQUz92pfe9BWFgXB/388c25fc10dc67bbc73f57a4056fbccb/thumb.jpg,57450,c00cbe88d40ab4c8a3bdeed878a3aef83a2a8e8bff3afdf7133d4668d2e7b6fc,Bowl-Basin,images/Bowl-Basin/objects365_v1_00139330.jpg
objects365_v1_00139331.jpg,train,Boots;Glasses;Gloves;Helmet;Hockey Stick;Person,29yCy4KptJoV4Vm2zQ54,f66678c60cf1deec8d21b3131a4bb18e,8IqlCQUz92pfe9BWFgXB,1723237579772,True,https://transform.roboflow.com/8IqlCQUz92pfe9BWFgXB/f66678c60cf1deec8d21b3131a4bb18e/thumb.jpg,65243,5340c96a83d2164e9d29bf6c93ccd0dee7bf281033fa4d62a9bf4f5939774388,Boots,images/Boots/objects365_v1_00139331.jpg
objects365_v1_00139332.jpg,train,Hat;Leather Shoes;Person;Sneakers,IMTRiWKyKLmWJOp1KOyJ,c6c3a4c975ec3d40495e7b47007959a2,8IqlCQUz92pfe9BWFgXB,1723237579583,True,https://transform.roboflow.com/8IqlCQUz92pfe9BWFgXB/c6c3a4c975ec3d40495e7b47007959a2/thumb.jpg,77566,b90624ca7e15d27798b8f086a425ff5e4efee19ac68cc17f02f6e84f99520966,Hat,images/Hat/objects365_v1_00139332.jpg
objects365_v1_00139333.jpg,train,Cell Phone;Cup;Glasses;Lamp;Leather Shoes;Person;Sandals;Tie,pGavwU9xyFi5BwDxegIg,61f747eed33c41275922e4d3246b214d,8IqlCQUz92pfe9BWFgXB,1723237579315,True,https://transform.roboflow.com/8IqlCQUz92pfe9BWFgXB/61f747eed33c41275922e4d3246b214d/thumb.jpg,57745,ecaf0df23ff27559cf5753fe8c1ff9981c1d7aee7fd7c65344056b8c7d4ae700,Cell Phone,images/Cell-Phone/objects365_v1_00139333.jpg
objects365_v1_00139334.jpg,train,Hat;Lamp;Person;Sneakers,2X9CfCvuoWZDoPkncAMf,cfe3d919c32c4f99e6147921048226d8,8IqlCQUz92pfe9BWFgXB,1723237579171,True,https://transform.roboflow.com/8IqlCQUz92pfe9BWFgXB/cfe3d919c32c4f99e6147921048226d8/thumb.jpg,69223,d901d124c0af9528535e53eb117c04b2c2d80552ecceb8178ca2beaf06b53733,Hat,images/Hat/objects365_v1_00139334.jpg
objects365_v1_00139338.jpg,train,Boots;Person;Tie,v79VFnt93ARrL8HTY5Wr,52fa1cdd8e2ac88fbb798e428f1df437,8IqlCQUz92pfe9BWFgXB,1723237579315,True,https://transform.roboflow.com/8IqlCQUz92pfe9BWFgXB/52fa1cdd8e2ac88fbb798e428f1df437/thumb.jpg,45370,5d7ff3c895ec739dbffce54214b1a186b466230ec92f66ce89ecbf9e416ebcf1,Boots,images/Boots/objects365_v1_00139338.jpg
objects365_v1_00139339.jpg,train,Bottle;Chair;Fan;Flower;Mirror;Person;Picture-Frame;Potted Plant;Speaker,ct6uRIEGsbBvOJEzDmpW,8f3e2d10501f64195b8088c822740bb7,8IqlCQUz92pfe9BWFgXB,1723237579583,True,https://transform.roboflow.com/8IqlCQUz92pfe9BWFgXB/8f3e2d10501f64195b8088c822740bb7/thumb.jpg,49383,21cd4e7770ae94eadf6de57b593f7e91de427996bbb3e8488ba10eed745b2dad,Bottle,images/Bottle/objects365_v1_00139339.jpg
objects365_v1_00139340.jpg,train,Backpack;Belt;Cabinet-shelf;Cell Phone;Handbag-Satchel;Hanger;Necklace;Person;Picture-Frame;Storage box;Surveillance Camera,TB0VN05FDja9HA66XpA8,4e6312a3603dbc9a176a7a6d28ca96d6,8IqlCQUz92pfe9BWFgXB,1723237579772,True,https://transform.roboflow.com/8IqlCQUz92pfe9BWFgXB/4e6312a3603dbc9a176a7a6d28ca96d6/thumb.jpg,72238,aff5333f94f7cb20e4126681cabd1b13bc8ee64de4ea547c049e6e84ac3d3f7d,Backpack,images/Backpack/objects365_v1_00139340.jpg
objects365_v1_00139341.jpg,train,Book;Chair;Cup;Desk;Monitor-TV;Picture-Frame;Potted Plant,DzwfqBJcE8rPeaWKDm36,18bca15644cae412a54d27612de23fff,8IqlCQUz92pfe9BWFgXB,1723237579772,True,https://transform.roboflow.com/8IqlCQUz92pfe9BWFgXB/18bca15644cae412a54d27612de23fff/thumb.jpg,55599,6d7e1ad4c94261bd0a8318dc226352138b386b8dbae4766fab6cdb6f39ee0974,Book,images/Book/objects365_v1_00139341.jpg
objects365_v1_00139344.jpg,train,Boots;Glasses;Gloves;Gun;Handbag-Satchel;Hat;Helmet;Person,sV37hdNiBm6k0VQ4YJLZ,04539ff548d08e1e6a888829d672499c,8IqlCQUz92pfe9BWFgXB,1723237579772,True,https://transform.roboflow.com/8IqlCQUz92pfe9BWFgXB/04539ff548d08e1e6a888829d672499c/thumb.jpg,78746,14e1cf45cbb0a997fb2fb8a1a098f621c80624d79441ff448271f5d2a452cf19,Boots,images/Boots/objects365_v1_00139344.jpg
objects365_v1_00139345.jpg,train,Chair,Zeplm2Ua25L6qR9zKy3q,90692a2a620e94444f018e03f5cc8125,8IqlCQUz92pfe9BWFgXB,1723237579315,True,https://transform.roboflow.com/8IqlCQUz92pfe9BWFgXB/90692a2a620e94444f018e03f5cc8125/thumb.jpg,80299,9316d7bcba42c126ebe0685e6e9414e2a756b20e7106ff5b63f6f826daf5d5e5,Chair,images/Chair/objects365_v1_00139345.jpg
objects365_v1_00139347.jpg,train,Belt;Bracelet;Glasses;Hat;Person;Sneakers,L5YoKM6s2F6iHrcf1qZc,7937b174ce82a0a63ac2a254e56250fd,8IqlCQUz92pfe9BWFgXB,1723237579315,True,https://transform.roboflow.com/8IqlCQUz92pfe9BWFgXB/7937b174ce82a0a63ac2a254e56250fd/thumb.jpg,71618,ac06005fff5b28862d5b36e571377c3aa9cc995e58731b581c810af5a4a255a9,Belt,images/Belt/objects365_v1_00139347.jpg
objects365_v1_00139350.jpg,train,Car;Stop Sign;Street Lights;Traffic Light;Traffic Sign,Za3Dbi7aSuOnvFFxZyH4,d77d80a18f009363a1afb10a3e656a8c,8IqlCQUz92pfe9BWFgXB,1723237579315,True,https://transform.roboflow.com/8IqlCQUz92pfe9BWFgXB/d77d80a18f009363a1afb10a3e656a8c/thumb.jpg,52781,a252188fba8efa73dea032413c0a80856ac4772c63d094051860e777c85048b1,Car,images/Car/objects365_v1_00139350.jpg
objects365_v1_00139351.jpg,train,Cabinet-shelf;Chair;Lamp,8eAgLnT9EKojh6t4WxTZ,8b0ff0f797156102a12234aab1dbcbda,8IqlCQUz92pfe9BWFgXB,1723237579568,True,https://transform.roboflow.com/8IqlCQUz92pfe9BWFgXB/8b0ff0f797156102a12234aab1dbcbda/thumb.jpg,89539,3d41cdfa1344f36df104ae2505fc4ec30b7439a970b01472ea7ffb094cbdbc52,Cabinet-shelf,images/Cabinet-shelf/objects365_v1_00139351.jpg
objects365_v1_00139352.jpg,train,Hat;Person;Sneakers;Traffic cone;Tripod;Watch,yL4ux38D1g98lX3fWuyV,4ca8cab03bc3548fd3995ca700374c48,8IqlCQUz92pfe9BWFgXB,1723237579829,True,https://transform.roboflow.com/8IqlCQUz92pfe9BWFgXB/4ca8cab03bc3548fd3995ca700374c48/thumb.jpg,79152,f261a67eb2c64c6597acb3e36c0891d22347a58ab8ef6c3065b18da0644713d2,Hat,images/Hat/objects365_v1_00139352.jpg
objects365_v1_00139354.jpg,train,Gloves;Hat;Helmet;Person;Sneakers,nhZ5fYCJ3uHVUtcrV0oI,79b855f8dd1725a2dc791e8737ce2c90,8IqlCQUz92pfe9BWFgXB,1723237579568,True,https://transform.roboflow.com/8IqlCQUz92pfe9BWFgXB/79b855f8dd1725a2dc791e8737ce2c90/thumb.jpg,63044,4db9c78ebdc55778a452075baa3e2468737584cd249a40e630e0344b060c7d80,Gloves,images/Gloves/objects365_v1_00139354.jpg
objects365_v1_00139355.jpg,train,Bracelet;Person;Ring;Sneakers,IVfHHfYbGJWWFXg29n1E,93a3d7cd3f08eba64f5d75edcfd4a6d8,8IqlCQUz92pfe9BWFgXB,1723237579568,True,https://transform.roboflow.com/8IqlCQUz92pfe9BWFgXB/93a3d7cd3f08eba64f5d75edcfd4a6d8/thumb.jpg,68966,0960ac35582f72d5ef8d1b6c2bce008cedd3d970ceae446415b687a7133766b3,Bracelet,images/Bracelet/objects365_v1_00139355.jpg
objects365_v1_00139356.jpg,train,Camera;Cup;Flag;Glasses;Gloves;Hat;Person;Sneakers,z0Bq90P0nPC4V8Sugu6p,bd3a131d56a3c38287c0044f358fb795,8IqlCQUz92pfe9BWFgXB,1723237579769,True,https://transform.roboflow.com/8IqlCQUz92pfe9BWFgXB/bd3a131d56a3c38287c0044f358fb795/thumb.jpg,37118,61fd0eb5df1923bfb38530ad1df6af7afda667b3aff92823478bc9e1e4f8f437,Camera,images/Camera/objects365_v1_00139356.jpg
objects365_v1_00139357.jpg,train,Bottle;Cabinet-shelf;Canned;Lamp;Person;Plate;Pot;Refrigerator,7CE9xXoPlV7f8jtzAPwT,544b3b7b89c6db163149d6d98bc1ae42,8IqlCQUz92pfe9BWFgXB,1723237579769,True,https://transform.roboflow.com/8IqlCQUz92pfe9BWFgXB/544b3b7b89c6db163149d6d98bc1ae42/thumb.jpg,38874,dd518b7638e5fa1bb779b20feb33b1f4bfd5160664041d7242991d28c0546ac7,Bottle,images/Bottle/objects365_v1_00139357.jpg
objects365_v1_00139358.jpg,train,Backpack;Bus;Person;Sneakers;Umbrella,hnMWSUfXEN41191JlAq6,8d953950f9e507d9425c5f86f7558c5d,8IqlCQUz92pfe9BWFgXB,1723237579769,True,https://transform.roboflow.com/8IqlCQUz92pfe9BWFgXB/8d953950f9e507d9425c5f86f7558c5d/thumb.jpg,29589,40087b8f209710195f998061bdd73cab58f22745dda4a462cff4094a2a3bc00b,Backpack,images/Backpack/objects365_v1_00139358.jpg
objects365_v1_00139359.jpg,train,Handbag-Satchel;Hat;Person;Sneakers,Pscg9vWtvqpNtyVqBk46,fc5105232594942d807ba631ae494547,8IqlCQUz92pfe9BWFgXB,1723237579772,True,https://transform.roboflow.com/8IqlCQUz92pfe9BWFgXB/fc5105232594942d807ba631ae494547/thumb.jpg,56372,ed8619aa9d9674ef834a94aeb61ef151e677406b912c3c927c59a6f6d0a70786,Handbag-Satchel,images/Handbag-Satchel/objects365_v1_00139359.jpg
objects365_v1_00139360.jpg,train,Bed;Bench;Chair;Lantern;Pillow;Side Table;Stool,WIeeQCTG37WnIyhPYXFp,7158ad9ee5929120be0af3f6f2fe4f82,8IqlCQUz92pfe9BWFgXB,1723237579772,True,https://transform.roboflow.com/8IqlCQUz92pfe9BWFgXB/7158ad9ee5929120be0af3f6f2fe4f82/thumb.jpg,72376,c86e4f2aa2d88fab98e03054473e1cc36f32d89a3f683fc6e32cafed018f475c,Bed,images/Bed/objects365_v1_00139360.jpg
objects365_v1_00139361.jpg,train,Basketball;Bracelet;Flag;Necklace;Person,D9nJL50ctXFbqiKFlX7R,44e0ab88597a99fec83196ccd383e27b,8IqlCQUz92pfe9BWFgXB,1723237579772,True,https://transform.roboflow.com/8IqlCQUz92pfe9BWFgXB/44e0ab88597a99fec83196ccd383e27b/thumb.jpg,61317,ea9b66d269493bce97003749da30a468514238731d09c5349f52f21f643a8ddb,Basketball,images/Basketball/objects365_v1_00139361.jpg
objects365_v1_00139362.jpg,train,Glasses;Hat;Person;Sneakers,Q4hfxnNhPKx0RpqQvFSK,044aef2ea1959b811769fef58d59f56b,8IqlCQUz92pfe9BWFgXB,1723237579769,True,https://transform.roboflow.com/8IqlCQUz92pfe9BWFgXB/044aef2ea1959b811769fef58d59f56b/thumb.jpg,136234,3ec67a0dae370805228ff9111484eb92bb43bbc94dd89be42c842cc20c32dd2b,Glasses,images/Glasses/objects365_v1_00139362.jpg
objects365_v1_00139363.jpg,train,Blender;Book;Bottle;Cabinet-shelf;Candle;Carpet;Chair;Couch;Cup;Desk;Faucet;Lamp;Microwave;Mirror;Picture-Frame;Pillow;Potted Plant,WyRmGcCnwWvynugKZews,7204e04c5cb40d8bcfb24278bd380e17,8IqlCQUz92pfe9BWFgXB,1723237579982,True,https://transform.roboflow.com/8IqlCQUz92pfe9BWFgXB/7204e04c5cb40d8bcfb24278bd380e17/thumb.jpg,40342,f9e3901dd168d2ca2ad102ada1f9c99bbf2022d33d109ed72a04648d977702e0,Blender,images/Blender/objects365_v1_00139363.jpg
objects365_v1_00139369.jpg,train,Belt;Bracelet;Hat;Person;SUV;Sheep;Sneakers,64waeewHZdz2R8pExCl7,804cb06075e111d6ca1aba493812684d,8IqlCQUz92pfe9BWFgXB,1723237579492,True,https://transform.roboflow.com/8IqlCQUz92pfe9BWFgXB/804cb06075e111d6ca1aba493812684d/thumb.jpg,78954,99a4f1bd83bef0b48411a5658b406977fb322dd5cffca38f0e435cc782fcea0f,Belt,images/Belt/objects365_v1_00139369.jpg
objects365_v1_00139370.jpg,train,Car;Person;Street Lights;Traffic Light;Traffic Sign,lZeW37guN2QzsXS8MX0V,577dca5a9ea41c8fceddf24ec56eeff1,8IqlCQUz92pfe9BWFgXB,1723237579492,True,https://transform.roboflow.com/8IqlCQUz92pfe9BWFgXB/577dca5a9ea41c8fceddf24ec56eeff1/thumb.jpg,39902,4e62956dbe647f222d0dbde994deac8fe1206bf9a20e6c3c2eb1c4a7cebc98ab,Car,images/Car/objects365_v1_00139370.jpg
objects365_v1_00139371.jpg,train,Book;Person,OXwUnfJpEKZJCiRHnDUt,faf6caa72ab2ffd3f599157306011f43,8IqlCQUz92pfe9BWFgXB,1723237579492,True,https://transform.roboflow.com/8IqlCQUz92pfe9BWFgXB/faf6caa72ab2ffd3f599157306011f43/thumb.jpg,52250,553d67c8ed6fc4bc2fbfb7e57574bc30c398645a56dfe63a8d0ffc693f15a4d5,Book,images/Book/objects365_v1_00139371.jpg
objects365_v1_00139374.jpg,train,Glasses;Hat;Person;Ring;SUV;Street Lights,mEyZzbAU6m7C19OcmCSX,17d1059e170df43d9ed2ade6424a4324,8IqlCQUz92pfe9BWFgXB,1723237579315,True,https://transform.roboflow.com/8IqlCQUz92pfe9BWFgXB/17d1059e170df43d9ed2ade6424a4324/thumb.jpg,70551,6b58a9dbb6a6728a0b5fe99bb189ac7b7dda854c2b770d4f14ba0997de58636e,Glasses,images/Glasses/objects365_v1_00139374.jpg
objects365_v1_00139376.jpg,train,Boat;Person,ggjz25FsxkekJQccfnqS,72fd83dd1e71d661463f1a72f873f3f3,8IqlCQUz92pfe9BWFgXB,1723237579492,True,https://transform.roboflow.com/8IqlCQUz92pfe9BWFgXB/72fd83dd1e71d661463f1a72f873f3f3/thumb.jpg,50554,dcecc376ee12987428fd3434846377fc5506cf0f32c171946558eb1d8930eab5,Boat,images/Boat/objects365_v1_00139376.jpg
objects365_v1_00139377.jpg,train,Backpack;Glasses;Handbag-Satchel;Person;Sneakers,ULIAL06zo77gVA06xumK,dcc05cf127e56016cbdfb103d38182ff,8IqlCQUz92pfe9BWFgXB,1723237579769,True,https://transform.roboflow.com/8IqlCQUz92pfe9BWFgXB/dcc05cf127e56016cbdfb103d38182ff/thumb.jpg,103311,d587770012683e9ea9b962dedcfdaba2cabc70409b9e0754d3fba899e57e9110,Backpack,images/Backpack/objects365_v1_00139377.jpg
objects365_v1_00139378.jpg,train,Belt;Camera;Glasses;High Heels;Person;Traffic cone,Da8oqDDSDRNiPJftd91r,463d3fc4e1cf2462c8574924ece691b2,8IqlCQUz92pfe9BWFgXB,1723237579829,True,https://transform.roboflow.com/8IqlCQUz92pfe9BWFgXB/463d3fc4e1cf2462c8574924ece691b2/thumb.jpg,64359,d176f94731c7f872f495bb11f88621606477e0cfafd81e292eef4787c1440e7a,Belt,images/Belt/objects365_v1_00139378.jpg
objects365_v1_00139379.jpg,train,Book;Cabinet-shelf;Carpet;Chair;Desk;Handbag-Satchel;Lamp;Laptop;Picture-Frame;Speaker;Storage box;Trash bin Can,RboZ3zKiq4QCgZBqLXrm,b357c918be19dd742cd4fae27975398b,8IqlCQUz92pfe9BWFgXB,1723237579829,True,https://transform.roboflow.com/8IqlCQUz92pfe9BWFgXB/b357c918be19dd742cd4fae27975398b/thumb.jpg,63744,33f9c7c9b16a0f87d384e7003a6196e983b4592e90d62e9f2c512e20975e56fc,Book,images/Book/objects365_v1_00139379.jpg
objects365_v1_00139380.jpg,train,Car;Street Lights;Truck,qYPRYVkjhruU3Q0QfJ54,9eb3d96ff659bf070e4fec5a96e236f1,8IqlCQUz92pfe9BWFgXB,1723237579829,True,https://transform.roboflow.com/8IqlCQUz92pfe9BWFgXB/9eb3d96ff659bf070e4fec5a96e236f1/thumb.jpg,96964,e3e8670e36bb778eef7993e22d4f63c54b6105256bf0b781be5a5c1b5cea25b4,Car,images/Car/objects365_v1_00139380.jpg
objects365_v1_00139381.jpg,train,Cabinet-shelf;Faucet;Flower;Lamp;Mirror;Sink;Toilet;Towel;Vase,o8yv5YbiKtyCjun7SzSD,c50ab1aeaaf1e97ef8285611db49b0c0,8IqlCQUz92pfe9BWFgXB,1723237579829,True,https://transform.roboflow.com/8IqlCQUz92pfe9BWFgXB/c50ab1aeaaf1e97ef8285611db49b0c0/thumb.jpg,40284,041861bfa8d6e77e6c61030a8756486922eb115fbc098b6e5b4d1462ccd79405,Cabinet-shelf,images/Cabinet-shelf/objects365_v1_00139381.jpg
objects365_v1_00139384.jpg,train,Book;Bottle;Chair;Cup;Desk;Keyboard;Monitor-TV;Mouse;Pen-Pencil;Printer;Speaker;Trash bin Can,iJsxYzfrGoxOzKoKFor4,3ce38219e75870d0a655fa8bf4052908,8IqlCQUz92pfe9BWFgXB,1723237580046,True,https://transform.roboflow.com/8IqlCQUz92pfe9BWFgXB/3ce38219e75870d0a655fa8bf4052908/thumb.jpg,37055,69143693883c88917241823c920b10d1c0de3964c7a71f866ed91a608abfc878,Book,images/Book/objects365_v1_00139384.jpg
objects365_v1_00139385.jpg,train,Chair;Desk;Potted Plant;Umbrella,G20hJcek0qjwCjmktH5E,178ea6deb41891312e2ce3fa4649a17e,8IqlCQUz92pfe9BWFgXB,1723237580046,True,https://transform.roboflow.com/8IqlCQUz92pfe9BWFgXB/178ea6deb41891312e2ce3fa4649a17e/thumb.jpg,71989,5eef9305f90a745be3a56b3f92dd1560ebabc5b61133fb4a10f2ceca9b4dc948,Chair,images/Chair/objects365_v1_00139385.jpg
objects365_v1_00139386.jpg,train,Boat;Car;Glasses;Hat;Person;Traffic cone;Trash bin Can,6g4Gs8gwt4j0CCLglnV3,857c34e3d0088eb6e1d0825f7f32ad27,8IqlCQUz92pfe9BWFgXB,1723237579982,True,https://transform.roboflow.com/8IqlCQUz92pfe9BWFgXB/857c34e3d0088eb6e1d0825f7f32ad27/thumb.jpg,46207,331e2a617f04219a0d0e5a4114d28e6ef6d4fdad48b8395d3298780255efe65d,Boat,images/Boat/objects365_v1_00139386.jpg
objects365_v1_00139387.jpg,train,Leather Shoes;Person;Sneakers,zxIrq6m2PSgxeEMwY56o,ad1b0e5ce46558846e0f2f3cec6a7675,8IqlCQUz92pfe9BWFgXB,1723237579982,True,https://transform.roboflow.com/8IqlCQUz92pfe9BWFgXB/ad1b0e5ce46558846e0f2f3cec6a7675/thumb.jpg,34013,b06b4050fb2c0d2ee071593b0caf4c6202e155e8984b0f804d625abb45502ab8,Leather Shoes,images/Leather-Shoes/objects365_v1_00139387.jpg
objects365_v1_00139389.jpg,train,Bicycle;Glasses;Gloves;Helmet;Person;Sneakers;Street Lights,W4xUd1FEMvHCYvXkMR7L,d744462f2e553334db58666882f8f081,8IqlCQUz92pfe9BWFgXB,1723237580046,True,https://transform.roboflow.com/8IqlCQUz92pfe9BWFgXB/d744462f2e553334db58666882f8f081/thumb.jpg,64156,f35ad6fedb325bf52d4a5bd524795b425dd1a71ad1b883da12d81bb8d28659ab,Bicycle,images/Bicycle/objects365_v1_00139389.jpg
objects365_v1_00139390.jpg,train,Bracelet;Person;Ring,pbzeAomKcWoHOIaodFqU,2588c3e9909fca09e56b328d47ba587c,8IqlCQUz92pfe9BWFgXB,1723237580046,True,https://transform.roboflow.com/8IqlCQUz92pfe9BWFgXB/2588c3e9909fca09e56b328d47ba587c/thumb.jpg,56031,5c7202233344029e51e7d7b00f55c03f801b25afd2f90339bd0c63bca2e8b01c,Bracelet,images/Bracelet/objects365_v1_00139390.jpg
objects365_v1_00139391.jpg,train,Backpack;Belt;Bottle;Glasses;Handbag-Satchel;Hat;Person;Sneakers,GH5Q93bsA4m0O0rwWZuN,04b2cf3ba4e251113f86f514e0762d94,8IqlCQUz92pfe9BWFgXB,1723237580046,True,https://transform.roboflow.com/8IqlCQUz92pfe9BWFgXB/04b2cf3ba4e251113f86f514e0762d94/thumb.jpg,60613,95572ec1711c3937f7410e5719e701534519e6872e461544f4a2071f2b1c5d3f,Backpack,images/Backpack/objects365_v1_00139391.jpg
objects365_v1_00139392.jpg,train,Belt;Book;Boots;Glasses;Hat;Horse;Leather Shoes;Person;Sneakers;Tie,bPt425XByUBkKuupW1SG,14a26e83693c02dde2851fef6997e27b,8IqlCQUz92pfe9BWFgXB,1723237579982,True,https://transform.roboflow.com/8IqlCQUz92pfe9BWFgXB/14a26e83693c02dde2851fef6997e27b/thumb.jpg,71312,c39d867e14d74457114375ed18cf77e2fc2d5a27fddaea8bbe9b665d34a4c3a7,Belt,images/Belt/objects365_v1_00139392.jpg
objects365_v1_00139393.jpg,train,Bracelet;Glasses;Handbag-Satchel;Leather Shoes;Pen-Pencil;Person;Sneakers;Tie,7j2cygRfQ3zR5ZWOV4fX,e13144c1a92c85f2bbbe6853b07fe5cd,8IqlCQUz92pfe9BWFgXB,1723237579982,True,https://transform.roboflow.com/8IqlCQUz92pfe9BWFgXB/e13144c1a92c85f2bbbe6853b07fe5cd/thumb.jpg,73584,485e7f7e4ca79c85a4ddd47ed898ed3fdce61b9f39050dfb06ef8528c25fb3d6,Bracelet,images/Bracelet/objects365_v1_00139393.jpg
objects365_v1_00139394.jpg,train,Couch;Glasses;Handbag-Satchel;Person;Picture-Frame;Sneakers;Trophy,scuqSpUYsFY8FcZPk35p,c80d912e89349565b3797c4c0218e7f4,8IqlCQUz92pfe9BWFgXB,1723237580164,True,https://transform.roboflow.com/8IqlCQUz92pfe9BWFgXB/c80d912e89349565b3797c4c0218e7f4/thumb.jpg,72250,ff6d32a04d329df5448dfdf1f2a54cbda508a40b2b4bd8bae36cb3581e7b8823,Couch,images/Couch/objects365_v1_00139394.jpg
objects365_v1_00139395.jpg,train,Belt;Book;Cabinet-shelf;Chair;Desk;Hat;Pen-Pencil;Person;Tie,C1KEO3sqDb3qj1as2Ju2,a48c492dddd82a1e171ab29406b043f2,8IqlCQUz92pfe9BWFgXB,1723237579982,True,https://transform.roboflow.com/8IqlCQUz92pfe9BWFgXB/a48c492dddd82a1e171ab29406b043f2/thumb.jpg,62925,fbb7a717e760cd4b564494c43a18e8f715ec1f9342fa78023e52799b1812fa4d,Belt,images/Belt/objects365_v1_00139395.jpg
objects365_v1_00139396.jpg,train,Barrel-bucket;Gloves;Hat;Helmet;Leather Shoes;Person;Sneakers,3eL5QW4JpozBLQK0hmlZ,4efbea1c23fe3f9770c9923f0b3929f2,8IqlCQUz92pfe9BWFgXB,1723237579984,True,https://transform.roboflow.com/8IqlCQUz92pfe9BWFgXB/4efbea1c23fe3f9770c9923f0b3929f2/thumb.jpg,63772,c4b56176377cf4b16fae0375aa00e3310c9687add40216e72fa88c9b60d9ba13,Barrel-bucket,images/Barrel-bucket/objects365_v1_00139396.jpg
objects365_v1_00139397.jpg,train,Boat;Flag;Hat;Motorcycle;Person,IMvSLj4Nz64xYfa3Iftv,736e50f63e13426a554e6aabecd37283,8IqlCQUz92pfe9BWFgXB,1723237579769,True,https://transform.roboflow.com/8IqlCQUz92pfe9BWFgXB/736e50f63e13426a554e6aabecd37283/thumb.jpg,60288,9e0c4ec23a9188eb6b46766d4c301be0852731d0a8ed96d21a5b3ec0325f3319,Boat,images/Boat/objects365_v1_00139397.jpg
objects365_v1_00139398.jpg,train,Book;Chair;Computer Box;Desk;Keyboard;Monitor-TV;Mouse;Remote;Speaker,2VYuaVnfLL6t0K0QzLLZ,44f3e168b763d75b1b23b790dc0555c1,8IqlCQUz92pfe9BWFgXB,1723237579953,True,https://transform.roboflow.com/8IqlCQUz92pfe9BWFgXB/44f3e168b763d75b1b23b790dc0555c1/thumb.jpg,45084,20fb6fecc31d98b1777d5e7c588c00a929e0d08b3a0f93d3a20fde582a23203d,Book,images/Book/objects365_v1_00139398.jpg
objects365_v1_00139399.jpg,train,Blackboard-Whiteboard;Chair;Desk;Monitor-TV;Pen-Pencil,0V90pLew1Ci2LmgnJVIS,b444f79994be9cf5ba913e41ffe4bf37,8IqlCQUz92pfe9BWFgXB,1723237579769,True,https://transform.roboflow.com/8IqlCQUz92pfe9BWFgXB/b444f79994be9cf5ba913e41ffe4bf37/thumb.jpg,35468,eca8a6330c88f172e7a61a71f56c0dd541c80d36de774ecc620256556c0a4602,Blackboard-Whiteboard,images/Blackboard-Whiteboard/objects365_v1_00139399.jpg
objects365_v1_00139400.jpg,train,Chair;Lamp;Potted Plant,aWN312Ly0OrC0yvwPkWj,2103a64713a6ce0222a1cda2700938e6,8IqlCQUz92pfe9BWFgXB,1723237579769,True,https://transform.roboflow.com/8IqlCQUz92pfe9BWFgXB/2103a64713a6ce0222a1cda2700938e6/thumb.jpg,46306,dcb31b8ec952588a56140af52d3b66f7b1a0dd1f2c4fbc201a323e0ae6f1dcc5,Chair,images/Chair/objects365_v1_00139400.jpg
objects365_v1_00139401.jpg,train,Bowl-Basin;Cup;Person;Picture-Frame;Side Table,VP6YKZBGRWwlAFczVs8X,da71a220919bce6bbd897ba71ccb8340,8IqlCQUz92pfe9BWFgXB,1723237579769,True,https://transform.roboflow.com/8IqlCQUz92pfe9BWFgXB/da71a220919bce6bbd897ba71ccb8340/thumb.jpg,30605,0d50ed0461a9067e764bb444061e7caa32796aba966a87328a9e688a6fbcceaf,Bowl-Basin,images/Bowl-Basin/objects365_v1_00139401.jpg
objects365_v1_00139402.jpg,train,Handbag-Satchel;Luggage;Person;Sneakers,YXhxMOGR5PBWXCTuT2KJ,6327e98309fe2257cdf885861a1333e3,8IqlCQUz92pfe9BWFgXB,1723237579769,True,https://transform.roboflow.com/8IqlCQUz92pfe9BWFgXB/6327e98309fe2257cdf885861a1333e3/thumb.jpg,83954,fcefbac75df8884de2518e6f46ddd0f59e8b6069d2e55b37a6661748ee96ce36,Handbag-Satchel,images/Handbag-Satchel/objects365_v1_00139402.jpg
objects365_v1_00139404.jpg,train,Handbag-Satchel;Person;Sneakers,qDVcOx5mFAYzAsRiatsu,9b34da6b87e23a9adc113ba03276facc,8IqlCQUz92pfe9BWFgXB,1723237579953,True,https://transform.roboflow.com/8IqlCQUz92pfe9BWFgXB/9b34da6b87e23a9adc113ba03276facc/thumb.jpg,58685,a3a0b22f72d3cc875dc5f8880700bb1d331b3ade2b2335a10d170fdf9047a769,Handbag-Satchel,images/Handbag-Satchel/objects365_v1_00139404.jpg
objects365_v1_00139405.jpg,train,Car;Chair,ciPOzGfzGgcaE6RQ5aDJ,65128cca25aef73c4ac15601cedfd681,8IqlCQUz92pfe9BWFgXB,1723237579953,True,https://transform.roboflow.com/8IqlCQUz92pfe9BWFgXB/65128cca25aef73c4ac15601cedfd681/thumb.jpg,51981,bb6fdd6c7a6aee5eefd1a8a0849ff5d37549df234d97538ee83c4a55151ed146,Car,images/Car/objects365_v1_00139405.jpg
objects365_v1_00139407.jpg,train,Basket;Book;Bottle;Cabinet-shelf;Chair;Desk;Picture-Frame;Storage box,b2WkpNpZNkrZqiQw9xXz,34d1892682e78cd9e816ae7030d7f9f5,8IqlCQUz92pfe9BWFgXB,1723237579953,True,https://transform.roboflow.com/8IqlCQUz92pfe9BWFgXB/34d1892682e78cd9e816ae7030d7f9f5/thumb.jpg,84402,78b41d519ea198ec1122da9b7232ff8f2150c0a2cd78a389089be199af68db84,Basket,images/Basket/objects365_v1_00139407.jpg
objects365_v1_00139411.jpg,train,Person;Potted Plant;Sneakers;Trash bin Can,9vv8dsGrkMtnRMBKrznD,aaac1a42e1a7db7de188bddc61237434,8IqlCQUz92pfe9BWFgXB,1723237579953,True,https://transform.roboflow.com/8IqlCQUz92pfe9BWFgXB/aaac1a42e1a7db7de188bddc61237434/thumb.jpg,79270,5c8790c42877fe503218d944c8a631ecb33ca3dc0e9e7f9b61b132ed4369ea6c,Person,images/Person/objects365_v1_00139411.jpg
objects365_v1_00139412.jpg,train,Handbag-Satchel;Person;Potted Plant,KcgjZKpuI0KH5dPhlnNA,d03e6ff957afed0c24f04f7e4ad71f10,8IqlCQUz92pfe9BWFgXB,1723237579953,True,https://transform.roboflow.com/8IqlCQUz92pfe9BWFgXB/d03e6ff957afed0c24f04f7e4ad71f10/thumb.jpg,81080,023ce9ef21f4873a540db142ebd3617975e15f5a63d48dd88ef6df8707b8f2f2,Handbag-Satchel,images/Handbag-Satchel/objects365_v1_00139412.jpg
objects365_v1_00139413.jpg,train,Person,xXz0uFCQm6JurOpk4sH8,379c6acc7046de12223febd267d4f254,8IqlCQUz92pfe9BWFgXB,1723237580164,True,https://transform.roboflow.com/8IqlCQUz92pfe9BWFgXB/379c6acc7046de12223febd267d4f254/thumb.jpg,63398,d80fb8aa1c2ea7e00e31174c4f2f5994b2f8dbca8b2c1cdefcb83be8b2f18997,Person,images/Person/objects365_v1_00139413.jpg
objects365_v1_00139414.jpg,train,Handbag-Satchel;Lamp;Person;Sneakers,oVzDFrOhw0ga1MVJvTuC,7dd3d0f3393104a0e6f300625cb71f5c,8IqlCQUz92pfe9BWFgXB,1723237580164,True,https://transform.roboflow.com/8IqlCQUz92pfe9BWFgXB/7dd3d0f3393104a0e6f300625cb71f5c/thumb.jpg,75036,286889ff29ba08578c2311aaf7832ff0b9897176fce80e79864309c1cab4cdfd,Handbag-Satchel,images/Handbag-Satchel/objects365_v1_00139414.jpg
objects365_v1_00139415.jpg,train,Person,BLLg6CZUG3J8pMLjYQMW,e03f58664259bc14787e05bb0f845932,8IqlCQUz92pfe9BWFgXB,1723237580164,True,https://transform.roboflow.com/8IqlCQUz92pfe9BWFgXB/e03f58664259bc14787e05bb0f845932/thumb.jpg,30174,3a994a7ef68dc163c0f7c3f9738f3c098da7e10f07fb439265031f4aa9f64d13,Person,images/Person/objects365_v1_00139415.jpg
objects365_v1_00139416.jpg,train,Basket;Bicycle;Bottle;Bowl-Basin;Bracelet;Cup;Handbag-Satchel;Hat;Person;SUV;Sneakers;Storage box,YRK956AiwfnSacFhROed,3355c496de93906ac41e33163462c4f9,8IqlCQUz92pfe9BWFgXB,1723237580164,True,https://transform.roboflow.com/8IqlCQUz92pfe9BWFgXB/3355c496de93906ac41e33163462c4f9/thumb.jpg,89844,01184bb6467258ba832232029e45cf266dad3c9470c2d864f45df749865992ce,Basket,images/Basket/objects365_v1_00139416.jpg
objects365_v1_00139417.jpg,train,Car;SUV;Street Lights,fBf90Z3DkARYV7cNnqhh,fda3418c1cc8fa52503f240dee5cf0df,8IqlCQUz92pfe9BWFgXB,1723237579984,True,https://transform.roboflow.com/8IqlCQUz92pfe9BWFgXB/fda3418c1cc8fa52503f240dee5cf0df/thumb.jpg,38699,8ca1e22745e0bdf392c0a088b8eacf4b0ab6666bc7e7af9b46e6e1a4aca83894,Car,images/Car/objects365_v1_00139417.jpg
objects365_v1_00139418.jpg,train,Hat;Person;Trash bin Can,gA90OR6oGPD2OxTgchRa,766b78db3de6de2a04404ccf7d935d52,8IqlCQUz92pfe9BWFgXB,1723237579984,True,https://transform.roboflow.com/8IqlCQUz92pfe9BWFgXB/766b78db3de6de2a04404ccf7d935d52/thumb.jpg,68131,88e41d631559e4d55fa85b0ca810fa3aa91d6f950859f51ae1aba67da2e25144,Hat,images/Hat/objects365_v1_00139418.jpg
objects365_v1_00139419.jpg,train,Hat;Horse;Person,U8vKsYhfAgcS5GsYF2JZ,070c3a3ae476995854b929969d04dc01,8IqlCQUz92pfe9BWFgXB,1723237579984,True,https://transform.roboflow.com/8IqlCQUz92pfe9BWFgXB/070c3a3ae476995854b929969d04dc01/thumb.jpg,106154,d57042709788ee72d0d93d0aaf8ef22bee3f863385a924d680a53bf3bc88b254,Hat,images/Hat/objects365_v1_00139419.jpg
objects365_v1_00139420.jpg,train,Person;Sandals,Ppxh0Lv8g1D0FIaBJRkQ,07c12b6ffb7a8a126d20e1f987ebe6cd,8IqlCQUz92pfe9BWFgXB,1723237579984,True,https://transform.roboflow.com/8IqlCQUz92pfe9BWFgXB/07c12b6ffb7a8a126d20e1f987ebe6cd/thumb.jpg,49297,0f38ca4d73e0fe2c96bd3419d21b15b3cfecf68d3d202b6d07cc860741dace61,Person,images/Person/objects365_v1_00139420.jpg
objects365_v1_00139421.jpg,train,Clock,jD7YuiIFd6EjmV2hrLU2,d3ead6291e118a0aba94da1edbbe130b,8IqlCQUz92pfe9BWFgXB,1723237580214,True,https://transform.roboflow.com/8IqlCQUz92pfe9BWFgXB/d3ead6291e118a0aba94da1edbbe130b/thumb.jpg,43976,8070b5e56042203b6f9608be3ab8330c6c1e2da75d6e74e74b527f11b12abb6e,Clock,images/Clock/objects365_v1_00139421.jpg
objects365_v1_00139422.jpg,train,Person;Street Lights;Umbrella,1b07xP9gZj4fQiMqJG5p,915a81ac9e48008aa28ecebf051b4e2f,8IqlCQUz92pfe9BWFgXB,1723237580214,True,https://transform.roboflow.com/8IqlCQUz92pfe9BWFgXB/915a81ac9e48008aa28ecebf051b4e2f/thumb.jpg,55872,cc30017fd08635caedaa0d8df1b258b01e020c6bf189a67fa1f5e3ddcfa90464,Person,images/Person/objects365_v1_00139422.jpg
objects365_v1_00139423.jpg,train,Book;Chair;Flower;Lamp;Mirror;Monitor-TV;Person;Picture-Frame;Plate;Remote,DfmwX7xjybfBG1ktQPJq,5c20ffe7e0d06dd0c7b58772113bd98d,8IqlCQUz92pfe9BWFgXB,1723237580214,True,https://transform.roboflow.com/8IqlCQUz92pfe9BWFgXB/5c20ffe7e0d06dd0c7b58772113bd98d/thumb.jpg,47159,3795acb0722d90b5029c02df821ba9b43c81377bf50355e951bbee6a910ab2dd,Book,images/Book/objects365_v1_00139423.jpg
objects365_v1_00139425.jpg,train,Car;Chair;Desk;Potted Plant;Street Lights,X4oWDDoe1GPQqX3uT8mL,0f06bc2d6ad5a4f0ee97ad61ee335b27,8IqlCQUz92pfe9BWFgXB,1723237579953,True,https://transform.roboflow.com/8IqlCQUz92pfe9BWFgXB/0f06bc2d6ad5a4f0ee97ad61ee335b27/thumb.jpg,67335,5b4ea49b6447f70e1acf6100b381f90b25a8a1cbdcb2d336a2b4d7a38c5bd7c3,Car,images/Car/objects365_v1_00139425.jpg
objects365_v1_00139427.jpg,train,Book;Bowl-Basin;Cabinet-shelf;Carpet;Chair;Desk;Lamp;Storage box;Trash bin Can,gwLzAVAfCdv8uE5CHkSt,8d3ae55a9c40c9318cfefdccfb7570d5,8IqlCQUz92pfe9BWFgXB,1723237580171,True,https://transform.roboflow.com/8IqlCQUz92pfe9BWFgXB/8d3ae55a9c40c9318cfefdccfb7570d5/thumb.jpg,41768,24dafcbccf690f651ed3d6e77b0c752e44f638581c02c7c8b54d58b128a21b77,Book,images/Book/objects365_v1_00139427.jpg
objects365_v1_00139428.jpg,train,Flower;Person;Plate;Sneakers;Vase;Wine Glass,XvEiTRDbmfMFrXCg5TZf,b481ea02981727267108d1fb97014cf1,8IqlCQUz92pfe9BWFgXB,1723237580164,True,https://transform.roboflow.com/8IqlCQUz92pfe9BWFgXB/b481ea02981727267108d1fb97014cf1/thumb.jpg,52269,36645616c86d1e9f9043c1831dcdcfd659de6d432c1b47682295b3fd591611e2,Flower,images/Flower/objects365_v1_00139428.jpg
objects365_v1_00139430.jpg,train,Bicycle;Handbag-Satchel;Lamp;Person;Street Lights;Umbrella,w5XpxnAzzr9ywl3BDhvP,8c6e4059d5c047d67b4c1650db9b08e9,8IqlCQUz92pfe9BWFgXB,1723237580383,True,https://transform.roboflow.com/8IqlCQUz92pfe9BWFgXB/8c6e4059d5c047d67b4c1650db9b08e9/thumb.jpg,62141,11a02ad575a6b24e8a581ce8746192ec806d9207ef11d3cf8629ad71db99b65a,Bicycle,images/Bicycle/objects365_v1_00139430.jpg
objects365_v1_00139431.jpg,train,Hat;Person;Sneakers,IXBuwbfa7CvJKUEW8S4M,638f9df305bd3ff26406defc83ffcb39,8IqlCQUz92pfe9BWFgXB,1723237580164,True,https://transform.roboflow.com/8IqlCQUz92pfe9BWFgXB/638f9df305bd3ff26406defc83ffcb39/thumb.jpg,70061,72e10434a91f09500b4b85c033c1bfc44b9458a1493181f5f64e8e859a857d9a,Hat,images/Hat/objects365_v1_00139431.jpg
objects365_v1_00139433.jpg,train,Belt;Blackboard-Whiteboard;Book;Bottle;Faucet;Handbag-Satchel;Monitor-TV;Pen-Pencil;Person;Sink,uUwMv2WClqpgJYGnk1NS,3b328ca8138e68d5b9c15e15f7970ec5,8IqlCQUz92pfe9BWFgXB,1723237580171,True,https://transform.roboflow.com/8IqlCQUz92pfe9BWFgXB/3b328ca8138e68d5b9c15e15f7970ec5/thumb.jpg,55345,478f622890a1ea7caedaddc7dc8e5199430d4ddd9c386ee9a49745c22e3a807a,Belt,images/Belt/objects365_v1_00139433.jpg
objects365_v1_00139434.jpg,train,Airplane;Handbag-Satchel;Luggage;Person;Sneakers;Street Lights;Traffic cone;Van,1xXFkLiepbtSQiXPnFzI,729e82122611f17c088ea31b2d699d07,8IqlCQUz92pfe9BWFgXB,1723237580171,True,https://transform.roboflow.com/8IqlCQUz92pfe9BWFgXB/729e82122611f17c088ea31b2d699d07/thumb.jpg,38892,77b08fe45a2b42e82a722526176bbf5e8c483aeac799749fe73411a24b1bd3b1,Airplane,images/Airplane/objects365_v1_00139434.jpg
objects365_v1_00139435.jpg,train,Chair;Couch;Pillow;Potted Plant;Side Table,yyOErAQ8CiVvLvcebeq9,181180f09e056cd24ffb0b8554462903,8IqlCQUz92pfe9BWFgXB,1723237580171,True,https://transform.roboflow.com/8IqlCQUz92pfe9BWFgXB/181180f09e056cd24ffb0b8554462903/thumb.jpg,77349,2e7d8b7573fb10f8f3fc0b45856c914dc2eb08c00e762c34f75a512358fb92b5,Chair,images/Chair/objects365_v1_00139435.jpg
objects365_v1_00139437.jpg,train,Car;Fire Hydrant;SUV;Street Lights;Trash bin Can,vJBGOymJPsX2aCTjEyD3,50ca3941635339117ffa6653c15bcde1,8IqlCQUz92pfe9BWFgXB,1723237580171,True,https://transform.roboflow.com/8IqlCQUz92pfe9BWFgXB/50ca3941635339117ffa6653c15bcde1/thumb.jpg,63513,74aa60cbc7119e966c497eaa7afcd4b2d7e33b68ddf79d688683ed34a7116e1b,Car,images/Car/objects365_v1_00139437.jpg
objects365_v1_00139438.jpg,train,Book;Broccoli;Brush;Cabinet-shelf;Glasses;Lamp;Lemon;Paddle;Plate;Street Lights;Traffic Sign;Zebra,VLLzCu5VXQ6qspxaLM33,4d9cdc1747613a2b080689cd7024703b,8IqlCQUz92pfe9BWFgXB,1723237580376,True,https://transform.roboflow.com/8IqlCQUz92pfe9BWFgXB/4d9cdc1747613a2b080689cd7024703b/thumb.jpg,30002,42d4b43782e4ce7c2c072000dca14dd6f7fd72f0505b5a75e8425a69383fa34f,Book,images/Book/objects365_v1_00139438.jpg
objects365_v1_00139440.jpg,train,Belt;Bottle;Cup;Glasses;Handbag-Satchel;Hat;Person;Slippers;Sneakers;Trash bin Can,txQOYRkQO3HYzWxLpvKe,efc746ac5ae4bc8af735c13850cc4645,8IqlCQUz92pfe9BWFgXB,1723237580171,True,https://transform.roboflow.com/8IqlCQUz92pfe9BWFgXB/efc746ac5ae4bc8af735c13850cc4645/thumb.jpg,60393,98d81ce8eecedf79c691972b77d822dbfee9d92084bb73634556213067959da7,Belt,images/Belt/objects365_v1_00139440.jpg
objects365_v1_00139442.jpg,train,Person;Picture-Frame;Slippers;Sneakers,TMF28D1trOAy4FWAyGRA,e0b87110334318183cc835e5649a3db6,8IqlCQUz92pfe9BWFgXB,1723237580046,True,https://transform.roboflow.com/8IqlCQUz92pfe9BWFgXB/e0b87110334318183cc835e5649a3db6/thumb.jpg,27315,f0fda57155fdae6199337b673b4c9f194a9ba422de415c6a7845fd9a64c1c942,Person,images/Person/objects365_v1_00139442.jpg
objects365_v1_00139445.jpg,train,Lamp;Person;Watch,sbK1MDwAz0VUZ4Z3vjna,58866765a7e8e253fbbcbb49a7666a5d,8IqlCQUz92pfe9BWFgXB,1723237580046,True,https://transform.roboflow.com/8IqlCQUz92pfe9BWFgXB/58866765a7e8e253fbbcbb49a7666a5d/thumb.jpg,47190,061c80e729453755bc886deb1b1ba54b72179c561e1616c63cd1b66567de5460,Lamp,images/Lamp/objects365_v1_00139445.jpg
objects365_v1_00139446.jpg,train,Helmet;Person;Sneakers,m6psuukVRfyv2yyXHDte,10e1e9102bf73fafac14d2569043089f,8IqlCQUz92pfe9BWFgXB,1723237580272,True,https://transform.roboflow.com/8IqlCQUz92pfe9BWFgXB/10e1e9102bf73fafac14d2569043089f/thumb.jpg,79587,d51b559bbc582e29eb75a1caa15b2dee5b0ef441d091729d091607344ac755ac,Helmet,images/Helmet/objects365_v1_00139446.jpg
objects365_v1_00139447.jpg,train,Car;Hat;Laptop;Person;Street Lights;Umbrella,867pMhj2PJdv5hzqDhHn,08ad0f7f563e75849b25d57b7c35e962,8IqlCQUz92pfe9BWFgXB,1723237580214,True,https://transform.roboflow.com/8IqlCQUz92pfe9BWFgXB/08ad0f7f563e75849b25d57b7c35e962/thumb.jpg,67439,75f296a63d2f4becb110a0be4fc803e2f9e34a74de6367ab20efc8ebf027e6ab,Car,images/Car/objects365_v1_00139447.jpg
objects365_v1_00139448.jpg,train,Cow;Horse;Person;Sheep,vBnT4il4YUeInmHkMVNs,115a991813c37c8b182b221677f157bc,8IqlCQUz92pfe9BWFgXB,1723237580214,True,https://transform.roboflow.com/8IqlCQUz92pfe9BWFgXB/115a991813c37c8b182b221677f157bc/thumb.jpg,38638,1a7a46c06a18967d9dc51cc075c99d9850d3e4ccfa01145ca2d7a0e754f98845,Cow,images/Cow/objects365_v1_00139448.jpg
objects365_v1_00139449.jpg,train,Car;Glasses;Hat;Person;Street Lights;Traffic Sign;Volleyball,AQ6hkAjm9GjaPM8Jj8zs,8aa48745355ee291e876ffdda4af1d8e,8IqlCQUz92pfe9BWFgXB,1723237580376,True,https://transform.roboflow.com/8IqlCQUz92pfe9BWFgXB/8aa48745355ee291e876ffdda4af1d8e/thumb.jpg,69513,3d257b12d50ff3b8ed6dd376390b356d9cf274c20a5efedfa539edbe91fc74d4,Car,images/Car/objects365_v1_00139449.jpg
objects365_v1_00139450.jpg,train,Camera;Person;Sneakers;Tie,JQoEsNAnJ2MCmKVdIOj2,af2a4d9c4e3b8f5620ca1e53fbc50055,8IqlCQUz92pfe9BWFgXB,1723237580376,True,https://transform.roboflow.com/8IqlCQUz92pfe9BWFgXB/af2a4d9c4e3b8f5620ca1e53fbc50055/thumb.jpg,55094,b1373f1c480c0cadb2fd1dd9bb8d596d2fec7c195d649294e8bc9556daaf1f52,Camera,images/Camera/objects365_v1_00139450.jpg
objects365_v1_00139452.jpg,train,Boots;Camera;Cow;Hat;Head Phone;Helmet;Microphone;Person,1CXiXLCZkrd28UMa6qox,194c1799c2ad506641c1e0eb8171c7dc,8IqlCQUz92pfe9BWFgXB,1723237580046,True,https://transform.roboflow.com/8IqlCQUz92pfe9BWFgXB/194c1799c2ad506641c1e0eb8171c7dc/thumb.jpg,64745,91814ad38f3399e8cefb9600781f0ad8a76ef6246c0d03e71169ac95b286b3d9,Boots,images/Boots/objects365_v1_00139452.jpg
objects365_v1_00139453.jpg,train,Book;Cabinet-shelf;Chair;Converter;Couch;Desk;Lamp;Laptop;Notepaper;Pen-Pencil;Picture-Frame;Pillow;Tape,8ULMxD3nwMgPiWPoBc3s,92f47ec1ec7d5f9c23f3140f91e65d0d,8IqlCQUz92pfe9BWFgXB,1723237580473,True,https://transform.roboflow.com/8IqlCQUz92pfe9BWFgXB/92f47ec1ec7d5f9c23f3140f91e65d0d/thumb.jpg,38782,5231446fbaef927a3db69036cf9711d043669815d43b3221aa09d2fb44c46eac,Book,images/Book/objects365_v1_00139453.jpg
objects365_v1_00139454.jpg,train,Person;Sneakers;Street Lights,TwwTPne3GhsYfbEFkzyK,2d51faa429af41b6ebe7b372a0287f1a,8IqlCQUz92pfe9BWFgXB,1723237580214,True,https://transform.roboflow.com/8IqlCQUz92pfe9BWFgXB/2d51faa429af41b6ebe7b372a0287f1a/thumb.jpg,50571,1bf770b1b76a5639108178613c573b970bb306df1f1af79a308b852d539b79cd,Person,images/Person/objects365_v1_00139454.jpg
objects365_v1_00139455.jpg,train,Boots;Bottle;Cup;Gloves;Hat;Helmet;Horse;Person,j2XfoUzk4u9SG6lxnzfD,527a3d12328baa4daacd579742153e1e,8IqlCQUz92pfe9BWFgXB,1723237580473,True,https://transform.roboflow.com/8IqlCQUz92pfe9BWFgXB/527a3d12328baa4daacd579742153e1e/thumb.jpg,59050,57775ef9a52564c8f08abf43019d303a7571b211fd051fdbba468502b306afe3,Boots,images/Boots/objects365_v1_00139455.jpg
objects365_v1_00139456.jpg,train,Boat;Chair;Handbag-Satchel;Hat;Person;Pickup Truck;Slippers;Sneakers,qyVkw5XeOqFMmi8m59LC,d5be4d7e857d171349bf4b50ff12dae9,8IqlCQUz92pfe9BWFgXB,1723237580473,True,https://transform.roboflow.com/8IqlCQUz92pfe9BWFgXB/d5be4d7e857d171349bf4b50ff12dae9/thumb.jpg,66764,47faeaaff6286778d6ade69f49f1554992b9f612e2166c040aa728d38851120b,Boat,images/Boat/objects365_v1_00139456.jpg
objects365_v1_00139457.jpg,train,Glasses;Person;Picture-Frame;Tie,4Q1rCT2QMyrKHuLFbAAD,50c37c34ccb93e76a4379a4f2cc48180,8IqlCQUz92pfe9BWFgXB,1723237580473,True,https://transform.roboflow.com/8IqlCQUz92pfe9BWFgXB/50c37c34ccb93e76a4379a4f2cc48180/thumb.jpg,45590,41cbc31d71362b5b19f224688b8b1982174cd3979f9ea25241efe1dcbb7ff9ad,Glasses,images/Glasses/objects365_v1_00139457.jpg
objects365_v1_00139458.jpg,train,Airplane;Horse;Person,GU6yiNVz5Nf0vsrZ47NV,b419a2ddebea896d2e71b59e9332200b,8IqlCQUz92pfe9BWFgXB,1723237580682,True,https://transform.roboflow.com/8IqlCQUz92pfe9BWFgXB/b419a2ddebea896d2e71b59e9332200b/thumb.jpg,23808,3c9f633118ddeeec190610f23d8ffda123fb975a6820a168556298cdcb4eadd2,Airplane,images/Airplane/objects365_v1_00139458.jpg
objects365_v1_00139459.jpg,train,Lamp;Person,BqONLGJTZjyze54PpCAU,ea750f23d343bfef3aae17468dd84eae,8IqlCQUz92pfe9BWFgXB,1723237580214,True,https://transform.roboflow.com/8IqlCQUz92pfe9BWFgXB/ea750f23d343bfef3aae17468dd84eae/thumb.jpg,44944,d4102f9f281a3eedf2abb8be13d0cf7733371c2a48063be7c7491776039cc587,Lamp,images/Lamp/objects365_v1_00139459.jpg
objects365_v1_00139460.jpg,train,Glasses;Handbag-Satchel;Hat;Lamp;Person;Sneakers;Umbrella,DqhYJL2KENnyWsaJe4Za,ba7f65d8236336a75352d44df17732d2,8IqlCQUz92pfe9BWFgXB,1723237580272,True,https://transform.roboflow.com/8IqlCQUz92pfe9BWFgXB/ba7f65d8236336a75352d44df17732d2/thumb.jpg,62348,59762c313a4ec251ccf509a837e9011028809f8dc5504b2ee5b7b5db33de61e8,Glasses,images/Glasses/objects365_v1_00139460.jpg
objects365_v1_00139462.jpg,train,Backpack;Helmet;Person;Sneakers,5xGgsnA88V51N2vVOZxE,f8f55933c47a5fd00e64e51158beb6e4,8IqlCQUz92pfe9BWFgXB,1723237580272,True,https://transform.roboflow.com/8IqlCQUz92pfe9BWFgXB/f8f55933c47a5fd00e64e51158beb6e4/thumb.jpg,96946,4a554b3364dae40055d6b81103c968d623c0077ddc26cddcc23a080c4f395eb6,Backpack,images/Backpack/objects365_v1_00139462.jpg
objects365_v1_00139466.jpg,train,Backpack;Person,prAZoKKRckzWZthzuqvd,41ac01a2dcf05470035c005592cb4488,8IqlCQUz92pfe9BWFgXB,1723237580383,True,https://transform.roboflow.com/8IqlCQUz92pfe9BWFgXB/41ac01a2dcf05470035c005592cb4488/thumb.jpg,61722,5064c3e5e3bd4989bdba10c05abd47d2ba8bc6ccea02a55fb70b5336bdc4ec70,Backpack,images/Backpack/objects365_v1_00139466.jpg
objects365_v1_00139467.jpg,train,Backpack;Chair;Clock;Handbag-Satchel;Lamp;Leather Shoes;Luggage;Monitor-TV;Person;Potted Plant;Sneakers,D2yzA4BHGBWVqvum4lhO,325b9db10e45462a7c3abbc2466d8793,8IqlCQUz92pfe9BWFgXB,1723237580383,True,https://transform.roboflow.com/8IqlCQUz92pfe9BWFgXB/325b9db10e45462a7c3abbc2466d8793/thumb.jpg,54392,035132ac76b4eaae0722a3b16599ce05e90188fa0d6b9336afa270cefd5279b7,Backpack,images/Backpack/objects365_v1_00139467.jpg
objects365_v1_00139468.jpg,train,Backpack;Boots;Canned;Gloves;Helmet;Person;Sneakers,U9OZtEGn7zNe4tGGPfT1,fb3ecbaa746f6e465ef08290250f0a35,8IqlCQUz92pfe9BWFgXB,1723237580383,True,https://transform.roboflow.com/8IqlCQUz92pfe9BWFgXB/fb3ecbaa746f6e465ef08290250f0a35/thumb.jpg,59130,07326aeb40cf2bc5d8d7d299e386984d4440dab4ca705a71fa7c6c762a09d259,Backpack,images/Backpack/objects365_v1_00139468.jpg
objects365_v1_00139469.jpg,train,Boat;Car;Paddle;Person;Truck,GAm38b8WYWFmAkhmYpnl,54635815c28d79dd67d159e69f43fc77,8IqlCQUz92pfe9BWFgXB,1723237580642,True,https://transform.roboflow.com/8IqlCQUz92pfe9BWFgXB/54635815c28d79dd67d159e69f43fc77/thumb.jpg,75719,7fc98f2a69a405e15ec73c05d2e331b20d9369042a8a4ecd3f83673fc461918b,Boat,images/Boat/objects365_v1_00139469.jpg
objects365_v1_00139470.jpg,train,Bench;Bus;Car;Person;Sneakers;Street Lights,Lyxex7vrmjVWR3jdoV2W,3256139a1574493b74a6d0ba2e42786d,8IqlCQUz92pfe9BWFgXB,1723237580383,True,https://transform.roboflow.com/8IqlCQUz92pfe9BWFgXB/3256139a1574493b74a6d0ba2e42786d/thumb.jpg,54061,45eb71c8966e6f0a6fa9548be6419e10934735caf43d1bc05e41a129e9dd4805,Bench,images/Bench/objects365_v1_00139470.jpg
objects365_v1_00139471.jpg,train,Car;SUV;Street Lights;Van,xPGDLhopYIDcHwmheFkQ,cd6a3d58f611258204ba799a04bdb44b,8IqlCQUz92pfe9BWFgXB,1723237580376,True,https://transform.roboflow.com/8IqlCQUz92pfe9BWFgXB/cd6a3d58f611258204ba799a04bdb44b/thumb.jpg,46415,a82c76f2fe8ddfdacdd2db63f3a17a8e877878e5d75cd8ddba3ac3151d56fde6,Car,images/Car/objects365_v1_00139471.jpg
objects365_v1_00139472.jpg,train,Belt;Bottle;Cup;Glasses;Handbag-Satchel;Hat;Person;Slippers;Sneakers;Umbrella,Iyk72rdLMDbLpSEQUtgQ,bc7253baed4703a05616b6b26afd2720,8IqlCQUz92pfe9BWFgXB,1723237580376,True,https://transform.roboflow.com/8IqlCQUz92pfe9BWFgXB/bc7253baed4703a05616b6b26afd2720/thumb.jpg,66366,ab7aad5bbbc9f4fa9740aed4d8199dc2e4ebadb7284311101df122c0a9521246,Belt,images/Belt/objects365_v1_00139472.jpg
objects365_v1_00139473.jpg,train,Person;Pumpkin;Umbrella,e1bzq7OXubP1hBgSfcAA,f4b6653722385af8612874ba4b3c54f0,8IqlCQUz92pfe9BWFgXB,1723237580376,True,https://transform.roboflow.com/8IqlCQUz92pfe9BWFgXB/f4b6653722385af8612874ba4b3c54f0/thumb.jpg,87296,304bd5a7075203a92ebb4662c6aaac641dcb9727895c28bf8deca70da455aab3,Person,images/Person/objects365_v1_00139473.jpg
objects365_v1_00139474.jpg,train,Sheep,IdjfDFYJ9z01VFX7KNSN,c6271e06842e94a7d859d693ad7c8df3,8IqlCQUz92pfe9BWFgXB,1723237580272,True,https://transform.roboflow.com/8IqlCQUz92pfe9BWFgXB/c6271e06842e94a7d859d693ad7c8df3/thumb.jpg,71681,b3136bc463aa010635e96807c4e834c9d977aa6aea2fd8f4c0367c670647c338,Sheep,images/Sheep/objects365_v1_00139474.jpg
objects365_v1_00139475.jpg,train,Boots;High Heels;Leather Shoes;Other Shoes;Sneakers,nzbfdPGXaGerQ2ij30M6,552c031a3c0ceed844b169ee9ae7ee36,8IqlCQUz92pfe9BWFgXB,1723237580272,True,https://transform.roboflow.com/8IqlCQUz92pfe9BWFgXB/552c031a3c0ceed844b169ee9ae7ee36/thumb.jpg,62068,a7e21f80ab2619349517c03b775340a3ac0d017b07487a672a9b9596676e6cfa,Boots,images/Boots/objects365_v1_00139475.jpg
objects365_v1_00139476.jpg,train,Faucet;Lamp;Mirror;Sink;Towel,zYxkePcikdvSiJPWp6fi,c847c7e0bd93299e0a5b477041aa701a,8IqlCQUz92pfe9BWFgXB,1723237580272,True,https://transform.roboflow.com/8IqlCQUz92pfe9BWFgXB/c847c7e0bd93299e0a5b477041aa701a/thumb.jpg,34194,2876ea8eb59d9576a804607210d43cda67e80507f59174f1b88d7f6ec8515354,Faucet,images/Faucet/objects365_v1_00139476.jpg
objects365_v1_00139477.jpg,train,Baseball Glove;Belt;Hat;Person;Sneakers,TKUyHWuAbCvgwKOGFOWe,f4e757d0b1d0db8545068d3ff319df13,8IqlCQUz92pfe9BWFgXB,1723237580523,True,https://transform.roboflow.com/8IqlCQUz92pfe9BWFgXB/f4e757d0b1d0db8545068d3ff319df13/thumb.jpg,51977,06e88a77488a41942c2af5409ef3fd5c78d51ed495cf569dfcbfe9b4a8ce4fc9,Baseball Glove,images/Baseball-Glove/objects365_v1_00139477.jpg
objects365_v1_00139480.jpg,train,Boots;Bracelet;Hat;Necklace;Person;Sneakers,gZbUVaSoJXn9uWLyoEjP,7d2a4bd77160ab7ff2a142eb30929cd2,8IqlCQUz92pfe9BWFgXB,1723237580523,True,https://transform.roboflow.com/8IqlCQUz92pfe9BWFgXB/7d2a4bd77160ab7ff2a142eb30929cd2/thumb.jpg,43254,eb404d2afd486b8027cec0ef62c82248f1d2ea7cf7aefb8c48d9cae7f2c3152a,Boots,images/Boots/objects365_v1_00139480.jpg
objects365_v1_00139481.jpg,train,Book;Bottle;Cup;Lamp;Laptop,RTxgcQ3f4c6DXFjoB1nb,0a40cb866a7d74b3e483fcfc9482a65e,8IqlCQUz92pfe9BWFgXB,1723237580523,True,https://transform.roboflow.com/8IqlCQUz92pfe9BWFgXB/0a40cb866a7d74b3e483fcfc9482a65e/thumb.jpg,45913,134e8e08e0688f7074b06f6cd1723a8b89d5d970ffe63608ada1eae6f690991c,Book,images/Book/objects365_v1_00139481.jpg
objects365_v1_00139483.jpg,train,Bowl-Basin;Plate;Pot;Scissors;Spoon,KdOpIPKqReyvP9nmb3Wa,5a0af795ef202790d508e40e1f7453fc,8IqlCQUz92pfe9BWFgXB,1723237580383,True,https://transform.roboflow.com/8IqlCQUz92pfe9BWFgXB/5a0af795ef202790d508e40e1f7453fc/thumb.jpg,85389,16694b7a4ce4d5aa56e9ffeb5aa678e50f55dc4416ed9fdd6f38e531bf59413d,Bowl-Basin,images/Bowl-Basin/objects365_v1_00139483.jpg
objects365_v1_00139484.jpg,train,Cabinet-shelf;Car;Desk;Person;Picture-Frame;Stool;Street Lights;Traffic Sign;Trash bin Can,JMzleym2FT7BKC5ixgth,f76f8388af75d8cc89647b208a245f61,8IqlCQUz92pfe9BWFgXB,1723237580383,True,https://transform.roboflow.com/8IqlCQUz92pfe9BWFgXB/f76f8388af75d8cc89647b208a245f61/thumb.jpg,65876,3cdd587c2bb205eb46cf4c2d4bf408a4b775c3bb0f196028bbe8eac190a6334e,Cabinet-shelf,images/Cabinet-shelf/objects365_v1_00139484.jpg
objects365_v1_00139485.jpg,train,Chair;Couch;Desk;Lamp;Pillow;Potted Plant;Stool,Vhbp7HMo9kXEKrJ5HGbd,6afb14fed7e42a44234ab6ae22335271,8IqlCQUz92pfe9BWFgXB,1723237580642,True,https://transform.roboflow.com/8IqlCQUz92pfe9BWFgXB/6afb14fed7e42a44234ab6ae22335271/thumb.jpg,50166,eca2e588bf1ba36235ec2f9664e95049ebc8e544f58c209d771e08198ccbe13c,Chair,images/Chair/objects365_v1_00139485.jpg
objects365_v1_00139486.jpg,train,Flag;Street Lights,STrUIezKor2SInFLka2D,53209929ab90dc01d65785500bf9c99d,8IqlCQUz92pfe9BWFgXB,1723237580636,True,https://transform.roboflow.com/8IqlCQUz92pfe9BWFgXB/53209929ab90dc01d65785500bf9c99d/thumb.jpg,62400,0ae5d87269c263ffbfec8304a05cbf64194f8f49a53ae070fac74bfe2997f79f,Flag,images/Flag/objects365_v1_00139486.jpg
objects365_v1_00139488.jpg,train,Deer;Mirror;Person;Picture-Frame,Dt1GjbaaY7hm8aEgWQvj,50e590c91832eaddabd17cbd4d1f5068,8IqlCQUz92pfe9BWFgXB,1723237580636,True,https://transform.roboflow.com/8IqlCQUz92pfe9BWFgXB/50e590c91832eaddabd17cbd4d1f5068/thumb.jpg,78009,c44fe4fe17cf4cfa26813da65d3832ecc2802a671d4365bfd4d3d7ba949bc2de,Deer,images/Deer/objects365_v1_00139488.jpg
objects365_v1_00139489.jpg,train,Bottle;Cup;Glasses;Gloves;Person,GoNCbkaXCPsrF31aN47h,b13ecc6edccbf935e00d50546e966da9,8IqlCQUz92pfe9BWFgXB,1723237580376,True,https://transform.roboflow.com/8IqlCQUz92pfe9BWFgXB/b13ecc6edccbf935e00d50546e966da9/thumb.jpg,52372,4a78b5a37ba696b04ae99ea5e6437f18126cb5f3f8271c4400bfa846508b6d16,Bottle,images/Bottle/objects365_v1_00139489.jpg
objects365_v1_00139491.jpg,train,Bench;Carriage;Hat;Horse;Person;Sneakers;Surveillance Camera;Tie,edUOqkCROwS4uyJx171g,7b6973c7f7315a6564d2c26e586d23b6,8IqlCQUz92pfe9BWFgXB,1723237580376,True,https://transform.roboflow.com/8IqlCQUz92pfe9BWFgXB/7b6973c7f7315a6564d2c26e586d23b6/thumb.jpg,79304,0a7dfde8b5240a97c1bb3605fde12ea17fb4fa851f40635363eed0c5bfc6c85c,Bench,images/Bench/objects365_v1_00139491.jpg
objects365_v1_00139493.jpg,train,Glasses;Hat;High Heels;Leather Shoes;Person;Shovel,kh2Z5wHriiPBj2r4aSF0,26095aff977a6f5184dee0d1bea2f067,8IqlCQUz92pfe9BWFgXB,1723237580642,True,https://transform.roboflow.com/8IqlCQUz92pfe9BWFgXB/26095aff977a6f5184dee0d1bea2f067/thumb.jpg,56637,3d9feeba8799d6f9be73bd1971872aa42d196c7fc1f03ea9f3caf4f02f319689,Glasses,images/Glasses/objects365_v1_00139493.jpg
objects365_v1_00139494.jpg,train,Vase,02um3pSwLKQgi2VlWs6g,0d92ee736833b11b347e064ba842c7ba,8IqlCQUz92pfe9BWFgXB,1723237580642,True,https://transform.roboflow.com/8IqlCQUz92pfe9BWFgXB/0d92ee736833b11b347e064ba842c7ba/thumb.jpg,79552,e5ca2c0a0871cd7c7986b6fb155294a9c7891966fde3cbf024de6a00023fd7f2,Vase,images/Vase/objects365_v1_00139494.jpg
objects365_v1_00139495.jpg,train,Boat;Bus;Car;Crane;Person;Street Lights;Traffic Sign;Train,g7eOjWjR6VGi9gewbfne,ef6be4cdcd228cce480d14c5f7994d66,8IqlCQUz92pfe9BWFgXB,1723237580642,True,https://transform.roboflow.com/8IqlCQUz92pfe9BWFgXB/ef6be4cdcd228cce480d14c5f7994d66/thumb.jpg,64711,a1e0ac0ea75af76979392e20d704ec3188270d6abdeaddab6e0957f18b049551,Boat,images/Boat/objects365_v1_00139495.jpg
objects365_v1_00139496.jpg,train,Book;Cabinet-shelf;Person;Sailboat,Hh9HnWStG67fQD9l86Z6,af4d5c3497804908211f018374baabc7,8IqlCQUz92pfe9BWFgXB,1723237580473,True,https://transform.roboflow.com/8IqlCQUz92pfe9BWFgXB/af4d5c3497804908211f018374baabc7/thumb.jpg,64121,ee9b26ba8fa2d1e0ab5c34506a314302a3c82a64b30f62900d48e68a74fce1eb,Book,images/Book/objects365_v1_00139496.jpg
objects365_v1_00139498.jpg,train,Boat;Lifesaver;Sailboat;Wild Bird,7sFZMz75hQHXYKk3hAHc,db21b5f6bc9f916272021df37c49f4c5,8IqlCQUz92pfe9BWFgXB,1723237580523,True,https://transform.roboflow.com/8IqlCQUz92pfe9BWFgXB/db21b5f6bc9f916272021df37c49f4c5/thumb.jpg,76460,edff0d1a969bc186f4a976fc09f1561b5bd5ff6d8786bc66965267e26ed68bf9,Boat,images/Boat/objects365_v1_00139498.jpg
objects365_v1_00139499.jpg,train,Boat;Car;Handbag-Satchel;Monitor-TV;Person;Sports Car,IeII9FOs3wjQ7lU0zbbj,db62fb2c9a69f9bf01060a707fe64c14,8IqlCQUz92pfe9BWFgXB,1723237580523,True,https://transform.roboflow.com/8IqlCQUz92pfe9BWFgXB/db62fb2c9a69f9bf01060a707fe64c14/thumb.jpg,45495,9400b9b98ccadefad26e07b28f034ed7b887c7b18a0c847b8d84387601ebbad0,Boat,images/Boat/objects365_v1_00139499.jpg
objects365_v1_00139500.jpg,train,Bottle;Chair;Hat;Person;Sneakers;Street Lights,KVv83Q1VRzvG6rtfi6Xl,898d150e9e5015e12f7cf3a0d5703b60,8IqlCQUz92pfe9BWFgXB,1723237580523,True,https://transform.roboflow.com/8IqlCQUz92pfe9BWFgXB/898d150e9e5015e12f7cf3a0d5703b60/thumb.jpg,69640,00b8aa1faf2cec1a123a5a4a1dc85eb77901cba47f89b9f47def27e767dc20b6,Bottle,images/Bottle/objects365_v1_00139500.jpg
objects365_v1_00139501.jpg,train,Boat;Hat;Helmet;Paddle;Person,u9sTPA5dTq42AnkqQrK7,da477a28d7d760a91d98cfe3f53c88e3,8IqlCQUz92pfe9BWFgXB,1723237580523,True,https://transform.roboflow.com/8IqlCQUz92pfe9BWFgXB/da477a28d7d760a91d98cfe3f53c88e3/thumb.jpg,50274,4dba301016be13f6e63d1cb5b0e3fb4e0f696cf2df0070545c342b16c03304d7,Boat,images/Boat/objects365_v1_00139501.jpg
objects365_v1_00139502.jpg,train,Cabinet-shelf;Carpet;Chair;Couch;Cup;Lamp;Monitor-TV;Picture-Frame;Pillow,C4qYKVCrXzJVqTneITS9,b4837bfc078d83307d201a966eb52e71,8IqlCQUz92pfe9BWFgXB,1723237580756,True,https://transform.roboflow.com/8IqlCQUz92pfe9BWFgXB/b4837bfc078d83307d201a966eb52e71/thumb.jpg,42522,25fa9e4260ee61a355990d31e479d87bbf5f295ed8ec481509298e8b0be040a8,Cabinet-shelf,images/Cabinet-shelf/objects365_v1_00139502.jpg
objects365_v1_00139503.jpg,train,Chair;Desk,43JIHYTm0FyvamvO13TZ,be5377d6e33d13fcab74d27e21077450,8IqlCQUz92pfe9BWFgXB,1723237580756,True,https://transform.roboflow.com/8IqlCQUz92pfe9BWFgXB/be5377d6e33d13fcab74d27e21077450/thumb.jpg,114764,0b10ccb1467e6c9c06dc1053c4e746ef35174dab867f3aa2bc4ce39ee32df3ca,Chair,images/Chair/objects365_v1_00139503.jpg
objects365_v1_00139505.jpg,train,Bus;Car;Person;Street Lights;Traffic Light;Train;Truck;Van,lE328NFEYFgm18WDr4JW,6a4e7f3d24be3bfef9a695708a8aee1b,8IqlCQUz92pfe9BWFgXB,1723237580682,True,https://transform.roboflow.com/8IqlCQUz92pfe9BWFgXB/6a4e7f3d24be3bfef9a695708a8aee1b/thumb.jpg,48606,f94a463f459548410287fae1e2c2cbdafa58c33925d5b657adb26b13698c30b0,Bus,images/Bus/objects365_v1_00139505.jpg
objects365_v1_00139506.jpg,train,Clock;Cup;Flower;Lamp;Potted Plant,T4rUCDYDxLgeXmIR2IsE,fa2e008c6d4b074ff6723bc09c7f92fd,8IqlCQUz92pfe9BWFgXB,1723237580682,True,https://transform.roboflow.com/8IqlCQUz92pfe9BWFgXB/fa2e008c6d4b074ff6723bc09c7f92fd/thumb.jpg,48700,6df55a3637d7fe4970741a75459eaf1826465c8c46f55534f76dbf2b46c8bf2b,Clock,images/Clock/objects365_v1_00139506.jpg
objects365_v1_00139507.jpg,train,Boat;Glasses;Hat;Paddle;Person;Sailboat;Train,kcqKr0PJJwAawRGfBcDK,0723d83bc8b8986a0fa3a326f0617819,8IqlCQUz92pfe9BWFgXB,1723237580682,True,https://transform.roboflow.com/8IqlCQUz92pfe9BWFgXB/0723d83bc8b8986a0fa3a326f0617819/thumb.jpg,95244,c9f30dbfdf30346be04efcaf86b68478077b81e17829fe4d8bbb8c6d4ff480f4,Boat,images/Boat/objects365_v1_00139507.jpg
objects365_v1_00139508.jpg,train,Chair;Hat;Lamp;Person;Ring,2lVtzQcgcEniOMusIRvt,b556fb0d9ba923751ae1576df05fb3bd,8IqlCQUz92pfe9BWFgXB,1723237580682,True,https://transform.roboflow.com/8IqlCQUz92pfe9BWFgXB/b556fb0d9ba923751ae1576df05fb3bd/thumb.jpg,49247,2432c9f1bb2c558ada13d55a97b937454ab9beb544b2231b912851c1493ef11f,Chair,images/Chair/objects365_v1_00139508.jpg
objects365_v1_00139509.jpg,train,Bottle;Bowl-Basin;Cup;Knife;Lamp;Person;Plate,Zo0wHvixOpzQ2ASDf75x,d202f257f3efef5a1a019d60fbf14556,8IqlCQUz92pfe9BWFgXB,1723237580682,True,https://transform.roboflow.com/8IqlCQUz92pfe9BWFgXB/d202f257f3efef5a1a019d60fbf14556/thumb.jpg,59881,f189fef01ac18949a2acf12e7dd99994d6e7c32dc1334ee58ddb2005d9168361,Bottle,images/Bottle/objects365_v1_00139509.jpg
objects365_v1_00139510.jpg,train,Glasses;Gloves;Helmet;Person;Shovel;Sneakers,c8U5yv5WEZOea8VZLTT3,d375f42fd1bfe2d95e2c2281c42b7b8d,8IqlCQUz92pfe9BWFgXB,1723237580682,True,https://transform.roboflow.com/8IqlCQUz92pfe9BWFgXB/d375f42fd1bfe2d95e2c2281c42b7b8d/thumb.jpg,52681,649db4b0c4ddcc09b9630eb0a08d75417f875227904f25d1c7cf7bf7abeb59ca,Glasses,images/Glasses/objects365_v1_00139510.jpg
objects365_v1_00139512.jpg,train,Bottle;Bowl-Basin;Chair;Chopsticks;Cup;Glasses;Necklace;Pasta;Person;Plate;Spoon,le6CDo5FCfO1xqO7Ho3Y,382b34e52d6400265c15857915a0d33e,8IqlCQUz92pfe9BWFgXB,1723237580756,True,https://transform.roboflow.com/8IqlCQUz92pfe9BWFgXB/382b34e52d6400265c15857915a0d33e/thumb.jpg,58758,6a43cace021bb91b09771a963ac9b5d0609e86f56b4e7d68be596c6cb07e8aaf,Bottle,images/Bottle/objects365_v1_00139512.jpg
objects365_v1_00139513.jpg,train,Handbag-Satchel;Hat;Person;Sneakers;Stroller,kR0YUufxQk9OJrgOH6kv,0e03c186ebaac93abf5bbc232f754596,8IqlCQUz92pfe9BWFgXB,1723237580756,True,https://transform.roboflow.com/8IqlCQUz92pfe9BWFgXB/0e03c186ebaac93abf5bbc232f754596/thumb.jpg,71519,3d4112061c9f49b7e2f82d4fcb6fca585d5d3c7be3e45ea0167b04d858ede7cc,Handbag-Satchel,images/Handbag-Satchel/objects365_v1_00139513.jpg
objects365_v1_00139515.jpg,train,Boots;Glasses;Gloves;Hat;Person;Sneakers;Stroller,2swwApDk0ZremM37K6qd,bfd13a9b92530fcb5e4a0f0a60b9a277,8IqlCQUz92pfe9BWFgXB,1723237580756,True,https://transform.roboflow.com/8IqlCQUz92pfe9BWFgXB/bfd13a9b92530fcb5e4a0f0a60b9a277/thumb.jpg,54047,eb18512869b701e9f72af782ce77e204003c9b90d536b75c077271b08dca985e,Boots,images/Boots/objects365_v1_00139515.jpg
objects365_v1_00139516.jpg,train,Basketball;Desk;Person;Sneakers,X91nu7EFyR5kt6VZJowJ,4c47dff5417ef6d1cc3f6ce8606456d8,8IqlCQUz92pfe9BWFgXB,1723237580636,True,https://transform.roboflow.com/8IqlCQUz92pfe9BWFgXB/4c47dff5417ef6d1cc3f6ce8606456d8/thumb.jpg,63547,cc1df41563cd73d54823247a62cfa1e812f8933eb9dfd366b27c091d88401da5,Basketball,images/Basketball/objects365_v1_00139516.jpg
objects365_v1_00139517.jpg,train,Bed;Lamp;Mirror;Nightstand;Power outlet,kVBM4T6OOAkj8wwTHZnu,0d1a0451bbc46deb3b52a3e03ac326dc,8IqlCQUz92pfe9BWFgXB,1723237580756,True,https://transform.roboflow.com/8IqlCQUz92pfe9BWFgXB/0d1a0451bbc46deb3b52a3e03ac326dc/thumb.jpg,45443,0e47b54a788846159203cb36244a9c84a63333a42ee160a8b60c000a96183893,Bed,images/Bed/objects365_v1_00139517.jpg
objects365_v1_00139519.jpg,train,Blackboard-Whiteboard;Board Eraser;Chair;Converter;Desk;Glasses;Laptop;Marker;Monitor-TV;Person,VN3Xv9lTzRiklOfg5A6X,8511789222133df0324ef0028bf53351,8IqlCQUz92pfe9BWFgXB,1723237581058,True,https://transform.roboflow.com/8IqlCQUz92pfe9BWFgXB/8511789222133df0324ef0028bf53351/thumb.jpg,46280,fa829db08ee05aeba142fe96c35c69cc517b7b28ab92d70451785af78a119ebb,Blackboard-Whiteboard,images/Blackboard-Whiteboard/objects365_v1_00139519.jpg
objects365_v1_00139520.jpg,train,Boots;Person;Sneakers,1AYnRiiTZhniN6GxFGs5,db243c27f5efffb2570c4aa25ad0d74f,8IqlCQUz92pfe9BWFgXB,1723237581058,True,https://transform.roboflow.com/8IqlCQUz92pfe9BWFgXB/db243c27f5efffb2570c4aa25ad0d74f/thumb.jpg,56525,9a6b2170ce70afd27d760e70450c0834f67185f00d45d88536629aa27a469073,Boots,images/Boots/objects365_v1_00139520.jpg
objects365_v1_00139521.jpg,train,Carpet;Chair;Couch;Desk;Lamp;Pillow;Potted Plant;Vase,ZQliKH3KGjOayTOeS8Rk,ced93d198b3175d5563ba0df697c48df,8IqlCQUz92pfe9BWFgXB,1723237580636,True,https://transform.roboflow.com/8IqlCQUz92pfe9BWFgXB/ced93d198b3175d5563ba0df697c48df/thumb.jpg,54514,237ad44088e780a3ec910db6e710f5e7141c6e8e7027ae63c31b263330724a6d,Carpet,images/Carpet/objects365_v1_00139521.jpg
objects365_v1_00139522.jpg,train,Chair;Monitor-TV;Person,JkiqEjrokyqC8kBMCKFb,26c4eb533522c98739470b833ad6e7f1,8IqlCQUz92pfe9BWFgXB,1723237580636,True,https://transform.roboflow.com/8IqlCQUz92pfe9BWFgXB/26c4eb533522c98739470b833ad6e7f1/thumb.jpg,81737,429f2ca406ca2adb42e464a9d3d56124d571dfbb9252bce5a8348d788d37389c,Chair,images/Chair/objects365_v1_00139522.jpg
objects365_v1_00139533.jpg,train,Bicycle;Boots;Bottle;Cabinet-shelf;Car;Cup;Handbag-Satchel;Hat;Leather Shoes;Person;Ring;Sneakers,R80GEatevomGdujH7N27,cc8e69b95967132e4c9757d500fb3330,8IqlCQUz92pfe9BWFgXB,1723237580642,True,https://transform.roboflow.com/8IqlCQUz92pfe9BWFgXB/cc8e69b95967132e4c9757d500fb3330/thumb.jpg,72097,dc69dd2b4aad3cc96b7f727e9946e1ffe35f4b8563e0f46242360d1e24111d45,Bicycle,images/Bicycle/objects365_v1_00139533.jpg
objects365_v1_00139534.jpg,train,Bottle;Lamp;Person;Picture-Frame,gd4fKcWXpN1j0RiSQJYg,c5bb0d6a6a30d0d75faa7653be463263,8IqlCQUz92pfe9BWFgXB,1723237580863,True,https://transform.roboflow.com/8IqlCQUz92pfe9BWFgXB/c5bb0d6a6a30d0d75faa7653be463263/thumb.jpg,65492,ce6f798aaf7eb550b8d69078bc07874094ac130737c44e12b53ee81e270c8eb0,Bottle,images/Bottle/objects365_v1_00139534.jpg
objects365_v1_00139535.jpg,train,Book;Bottle;Glasses;Lamp;Monitor-TV;Pen-Pencil;Person;Wine Glass,aKwYhyryLtSUZSpD3ruW,bdf3d311672efb05c6dd756eaaa3aad5,8IqlCQUz92pfe9BWFgXB,1723237580863,True,https://transform.roboflow.com/8IqlCQUz92pfe9BWFgXB/bdf3d311672efb05c6dd756eaaa3aad5/thumb.jpg,34767,f4e793b05ba53c251cd444573604f1bc31e01f6051eaabc0ef47ce212a9bf749,Book,images/Book/objects365_v1_00139535.jpg
objects365_v1_00139536.jpg,train,Bracelet;Glasses;High Heels;Microphone;Person;Sneakers;Trolley;Truck,O26ohklaMqhnhQYmQ4PF,6bc315616f24cc043fb12f26c985289d,8IqlCQUz92pfe9BWFgXB,1723237580970,True,https://transform.roboflow.com/8IqlCQUz92pfe9BWFgXB/6bc315616f24cc043fb12f26c985289d/thumb.jpg,70015,6218539b8eca4feec2812feaa8f630a7025421779516774ba6554f6aaacb163a,Bracelet,images/Bracelet/objects365_v1_00139536.jpg
objects365_v1_00139537.jpg,train,Belt;Blackboard-Whiteboard;Bottle;Bracelet;Cup;Folder;Hat;Lamp;Leather Shoes;Monitor-TV;Person;Picture-Frame;Sneakers;Tie,1otIJxCljRP4zwI5bxB5,eb5670c6d77d5f5956f505aaab082921,8IqlCQUz92pfe9BWFgXB,1723237580970,True,https://transform.roboflow.com/8IqlCQUz92pfe9BWFgXB/eb5670c6d77d5f5956f505aaab082921/thumb.jpg,84132,711e10760dbdea051acbe73fcd4ba038fb83b9b4252e7f0864f2bbb58a468dfe,Belt,images/Belt/objects365_v1_00139537.jpg
objects365_v1_00139538.jpg,train,Bottle;Cabinet-shelf;Desk;Pen-Pencil;Person,67ppsFXZwJulrIPiQiNq,f938a6504f4c2773ae57b0db3d6acc77,8IqlCQUz92pfe9BWFgXB,1723237580970,True,https://transform.roboflow.com/8IqlCQUz92pfe9BWFgXB/f938a6504f4c2773ae57b0db3d6acc77/thumb.jpg,51385,bc86ea32fed87b4f66a8a87160c22bceeaf9c8eec14a866168bdf606683eccd3,Bottle,images/Bottle/objects365_v1_00139538.jpg
objects365_v1_00139540.jpg,train,Bench;Chair;Handbag-Satchel;Person;Trash bin Can;Umbrella,2njkLZ2GorvffMi5n8fy,4ca07b89eaf379e43489ff643860a304,8IqlCQUz92pfe9BWFgXB,1723237580970,True,https://transform.roboflow.com/8IqlCQUz92pfe9BWFgXB/4ca07b89eaf379e43489ff643860a304/thumb.jpg,92801,00aa1eb78a94d3212aa2440d82ef544a52e2175e31020abade6238087b767b6d,Bench,images/Bench/objects365_v1_00139540.jpg
objects365_v1_00139543.jpg,train,Bench;Carriage;Hat;Horse;Leather Shoes;Person;Sneakers,yCdo4yq2bd4QckOw7s3y,0e10061bc5b7e6b1d99dd5209106bed7,8IqlCQUz92pfe9BWFgXB,1723237580970,True,https://transform.roboflow.com/8IqlCQUz92pfe9BWFgXB/0e10061bc5b7e6b1d99dd5209106bed7/thumb.jpg,79185,5f7aa1501cb8632ca03ba87f120b0dc98e501c38f1de5e57e00684cbd5708ff7,Bench,images/Bench/objects365_v1_00139543.jpg
objects365_v1_00139544.jpg,train,Car;Person;Ring;Sandals;Sneakers,dbEx82ApQXdQyRlo19qf,8245370f592ca5577d6129efe5cbca69,8IqlCQUz92pfe9BWFgXB,1723237580970,True,https://transform.roboflow.com/8IqlCQUz92pfe9BWFgXB/8245370f592ca5577d6129efe5cbca69/thumb.jpg,81753,5c56711fe84a18c7bb2604922ac67c67ba7fef99cfc5275b3e1a872b62872e51,Car,images/Car/objects365_v1_00139544.jpg
objects365_v1_00139545.jpg,train,Chair;Desk;Person,b6v8bgCB7YMxFPASDAMe,4ba29ece0f83af3dfc73bded2bab63d3,8IqlCQUz92pfe9BWFgXB,1723237580636,True,https://transform.roboflow.com/8IqlCQUz92pfe9BWFgXB/4ba29ece0f83af3dfc73bded2bab63d3/thumb.jpg,66404,21165f6c4f74c8036f4942c192ed3edf2abf81d8adfd8b74580b2273ba42be61,Chair,images/Chair/objects365_v1_00139545.jpg
objects365_v1_00139547.jpg,train,Person;Street Lights,tihzE2y4ewhwXtjoRGEi,f4f87cf083a69d9d6fd31fe4309d2484,8IqlCQUz92pfe9BWFgXB,1723237580864,True,https://transform.roboflow.com/8IqlCQUz92pfe9BWFgXB/f4f87cf083a69d9d6fd31fe4309d2484/thumb.jpg,64911,ccb4dce98f6e29e3d0e5e9a9737fcf45104ba60b9b132f236c2a6e89f8402bd2,Person,images/Person/objects365_v1_00139547.jpg
objects365_v1_00139548.jpg,train,Bench;Handbag-Satchel;Paddle;Person,zVdQpR66yChDd3iB9SkI,1e6d76f00c2905d06fa8a7e836cc0356,8IqlCQUz92pfe9BWFgXB,1723237580864,True,https://transform.roboflow.com/8IqlCQUz92pfe9BWFgXB/1e6d76f00c2905d06fa8a7e836cc0356/thumb.jpg,82019,e49321889b5307e037190262f78ea391d0533dcc3cf0b8a4e8f78eb27d0637e3,Bench,images/Bench/objects365_v1_00139548.jpg
objects365_v1_00139549.jpg,train,Bottle;Car;Chair;Cup;Desk;Glasses;Handbag-Satchel;Hat;Person;Ring;Sandals;Slippers;Sneakers;Soccer;Stroller,Y5dj65KRCW4uY76vdKTa,f39411ac02fe827fdb7ffdfec667590f,8IqlCQUz92pfe9BWFgXB,1723237581058,True,https://transform.roboflow.com/8IqlCQUz92pfe9BWFgXB/f39411ac02fe827fdb7ffdfec667590f/thumb.jpg,67607,0a866553b7d099dfbdbacddef458b8cdced25d096a91af4040aabf3c56dd5dd0,Bottle,images/Bottle/objects365_v1_00139549.jpg
objects365_v1_00139550.jpg,train,Person;Skiboard;Sneakers,S9HxlTGwfhg8zI6oyCNp,5cb60201187eac1de148f65a73b53f10,8IqlCQUz92pfe9BWFgXB,1723237581058,True,https://transform.roboflow.com/8IqlCQUz92pfe9BWFgXB/5cb60201187eac1de148f65a73b53f10/thumb.jpg,48248,eea5a58e8619304a8db23fefd5abef2c2ac633cdf0947f134a9b74ff725f4391,Person,images/Person/objects365_v1_00139550.jpg
objects365_v1_00139551.jpg,train,Belt;Handbag-Satchel;Hat;Person;Skateboard;Slippers;Sneakers;Street Lights;Trolley,YG9CZ5Vm51QsEkoMCK7r,a58452f90b274267343747039de5bd15,8IqlCQUz92pfe9BWFgXB,1723237581058,True,https://transform.roboflow.com/8IqlCQUz92pfe9BWFgXB/a58452f90b274267343747039de5bd15/thumb.jpg,76550,9805d0a636e7d45ce924c3b8a102361a21aaf380363f301d646b77b61b4fcf10,Belt,images/Belt/objects365_v1_00139551.jpg
objects365_v1_00139552.jpg,train,Barrel-bucket;Bench;Hat;Person;Sneakers;Speaker;Tripod,bpEESj7RK1UuUHzkAkCN,4d04ec3242f84d833c5bb0c16215bd33,8IqlCQUz92pfe9BWFgXB,1723237580863,True,https://transform.roboflow.com/8IqlCQUz92pfe9BWFgXB/4d04ec3242f84d833c5bb0c16215bd33/thumb.jpg,79971,0c96c67637a0567e6e40afc13af7934318562f0057890ba2d326ae2d9423c90c,Barrel-bucket,images/Barrel-bucket/objects365_v1_00139552.jpg
objects365_v1_00139556.jpg,train,Chair;Umbrella,yl77bzPvLDpbW7dXTy3i,8c2f99e8612a6e2c93ca5d15ed8eae27,8IqlCQUz92pfe9BWFgXB,1723237580863,True,https://transform.roboflow.com/8IqlCQUz92pfe9BWFgXB/8c2f99e8612a6e2c93ca5d15ed8eae27/thumb.jpg,65836,106988ab100c79bda3f38044e3d3252dd23b75d3350d3733e120bdd224835fe6,Chair,images/Chair/objects365_v1_00139556.jpg
objects365_v1_00139558.jpg,train,Bench;Handbag-Satchel;Hat;Leather Shoes;Person;Sneakers,AK9PNPqJxJeETjN4goaQ,04718a28bebbe8a7837bfa17e049d701,8IqlCQUz92pfe9BWFgXB,1723237580863,True,https://transform.roboflow.com/8IqlCQUz92pfe9BWFgXB/04718a28bebbe8a7837bfa17e049d701/thumb.jpg,51281,9372f404a77628586afff80590531f96daa848f0accd23d816e876eeda391475,Bench,images/Bench/objects365_v1_00139558.jpg
objects365_v1_00139559.jpg,train,Pig;Wild Bird,20SJXb1aQsiMAFvmIZBu,8f12c381e708ffbc36bed9fbd23dbc9f,8IqlCQUz92pfe9BWFgXB,1723237581109,True,https://transform.roboflow.com/8IqlCQUz92pfe9BWFgXB/8f12c381e708ffbc36bed9fbd23dbc9f/thumb.jpg,68377,db4130294c240cae1c664aa364783599a447755730855dcc700149fac6866ff0,Pig,images/Pig/objects365_v1_00139559.jpg
objects365_v1_00139560.jpg,train,Bottle;Cup;Flower;Vase,dNqKieIGzzch4RpKj9ms,1bb6869b2057fb22c00107424039b8d3,8IqlCQUz92pfe9BWFgXB,1723237581109,True,https://transform.roboflow.com/8IqlCQUz92pfe9BWFgXB/1bb6869b2057fb22c00107424039b8d3/thumb.jpg,62877,fa24a6f36be43f307b8634c540d9809b496a1f6b2907d1809dcfe696097bd11f,Bottle,images/Bottle/objects365_v1_00139560.jpg
objects365_v1_00139561.jpg,train,Person;Trash bin Can,qcT1yuz1dThnM5G0vq6p,7eb1d2bdd0d5991d5b9660956b1fec7b,8IqlCQUz92pfe9BWFgXB,1723237581109,True,https://transform.roboflow.com/8IqlCQUz92pfe9BWFgXB/7eb1d2bdd0d5991d5b9660956b1fec7b/thumb.jpg,50946,abece42810117e43a5506a1e9905df1f877f7fad76a0b8b3dac6be35881f2f3c,Person,images/Person/objects365_v1_00139561.jpg
objects365_v1_00139562.jpg,train,Cabinet-shelf;Person;Picture-Frame;Sneakers,r754HH85W6f47S1VkTPF,207ee2e097d0773ab55003db4b236461,8IqlCQUz92pfe9BWFgXB,1723237580863,True,https://transform.roboflow.com/8IqlCQUz92pfe9BWFgXB/207ee2e097d0773ab55003db4b236461/thumb.jpg,51734,e39de5f70b3a43c1211bebfb1ca06edcc22aac5220dc2da968b836225a9ce8b7,Cabinet-shelf,images/Cabinet-shelf/objects365_v1_00139562.jpg
objects365_v1_00139564.jpg,train,Chair;Person;Street Lights,MtXeHmY4AZYgE2vNHLvL,1876a78386151e01488d66e5f1fae588,8IqlCQUz92pfe9BWFgXB,1723237581109,True,https://transform.roboflow.com/8IqlCQUz92pfe9BWFgXB/1876a78386151e01488d66e5f1fae588/thumb.jpg,74623,6003d7dd0e556e860157594f0860ccfcb32a2a275f7cf0583c18f3f223e27fe4,Chair,images/Chair/objects365_v1_00139564.jpg
objects365_v1_00139565.jpg,train,Boots;Cup;Gloves;Helmet;Hockey Stick;Person,Dlpnkz7Fu8m20Hnmsr3g,a0a1fed8014a2aa3e1dedbdbbd4e4a2d,8IqlCQUz92pfe9BWFgXB,1723237580864,True,https://transform.roboflow.com/8IqlCQUz92pfe9BWFgXB/a0a1fed8014a2aa3e1dedbdbbd4e4a2d/thumb.jpg,40754,10f8fac51250885f4c7bf4587a4b4d16e7d4dcc2c5dbe78379959652c156725c,Boots,images/Boots/objects365_v1_00139565.jpg
objects365_v1_00139566.jpg,train,Bench;Desk;Potted Plant;Vase,0IJKh3V1a8a7E26LaeiH,e04bf411e0b3e152e67814dfc5958383,8IqlCQUz92pfe9BWFgXB,1723237580864,True,https://transform.roboflow.com/8IqlCQUz92pfe9BWFgXB/e04bf411e0b3e152e67814dfc5958383/thumb.jpg,67492,0485026caedca4b0a9a7ac59b77105d3a756ac4103016033a5028cf57098c2ae,Bench,images/Bench/objects365_v1_00139566.jpg
objects365_v1_00139567.jpg,train,Handbag-Satchel;Person;Sandals;Slippers;Sneakers,xSvJVfGgwlLrhQ9GViYg,2946eed5425508b4f0caed9b361cbf2f,8IqlCQUz92pfe9BWFgXB,1723237580864,True,https://transform.roboflow.com/8IqlCQUz92pfe9BWFgXB/2946eed5425508b4f0caed9b361cbf2f/thumb.jpg,95565,3ec73628641aafdeaeee1d8aa2717a6435916673de8c0376e3cb16af0e2343ea,Handbag-Satchel,images/Handbag-Satchel/objects365_v1_00139567.jpg
objects365_v1_00139568.jpg,train,Cabinet-shelf;Flower;Lamp;Mirror;Person;Picture-Frame;Vase,62bbhvffSqzaKHk1EYo1,bbb318afce7e50428226faf7bf9aacbe,8IqlCQUz92pfe9BWFgXB,1723237580864,True,https://transform.roboflow.com/8IqlCQUz92pfe9BWFgXB/bbb318afce7e50428226faf7bf9aacbe/thumb.jpg,34748,9120859ed630c8b2598659957f986adef038b8f23a8bf752b7403ea90062b3c4,Cabinet-shelf,images/Cabinet-shelf/objects365_v1_00139568.jpg
objects365_v1_00139570.jpg,train,Car;Cell Phone;Chair;Glasses;High Heels;Leather Shoes;Person;Sneakers,42oLhZVckoxUfjwjcxrr,fb33377dfb99a2de9a46e9a8cf5647d9,8IqlCQUz92pfe9BWFgXB,1723237581109,True,https://transform.roboflow.com/8IqlCQUz92pfe9BWFgXB/fb33377dfb99a2de9a46e9a8cf5647d9/thumb.jpg,58137,355aa93e299d4fedd98aa0642f34992ae709d51cbb2ab95235ef78514a6825b2,Car,images/Car/objects365_v1_00139570.jpg
objects365_v1_00139572.jpg,train,Bowl-Basin;Clock;Cup;Glasses;Hat;Lamp;Monitor-TV;Person,Usq61dhpBbtt21k1TCd1,3c595a47fb4f2533fead9f4bf390bcb0,8IqlCQUz92pfe9BWFgXB,1723237581109,True,https://transform.roboflow.com/8IqlCQUz92pfe9BWFgXB/3c595a47fb4f2533fead9f4bf390bcb0/thumb.jpg,58690,1132e937e19decbaa691b0d915a9e9715fab947912539e262b803874f2463418,Bowl-Basin,images/Bowl-Basin/objects365_v1_00139572.jpg
objects365_v1_00139573.jpg,train,Flower;Lamp;Person,8ENWGObZ7434OYvoqwwj,5e34c3ea111788b0f01e1567e96bada6,8IqlCQUz92pfe9BWFgXB,1723237581215,True,https://transform.roboflow.com/8IqlCQUz92pfe9BWFgXB/5e34c3ea111788b0f01e1567e96bada6/thumb.jpg,81853,ac8b3fb3b295fe3d36a1b60b2effafd4f6d3ef9b8ad6fefeb14154ca1eae34fe,Flower,images/Flower/objects365_v1_00139573.jpg
objects365_v1_00139576.jpg,train,Bracelet;Car;Helmet;Person;SUV;Sneakers;Street Lights;Van,MnA0a5bUurXzDJGW5l4D,3552cc4cbe47f021ed7bcb8bf8631b9b,8IqlCQUz92pfe9BWFgXB,1723237581215,True,https://transform.roboflow.com/8IqlCQUz92pfe9BWFgXB/3552cc4cbe47f021ed7bcb8bf8631b9b/thumb.jpg,86313,c10f35e5f6f62c23b6374e1a4fa17caf4845d0ebed8cab4c5dd881ca0f38e9f3,Bracelet,images/Bracelet/objects365_v1_00139576.jpg
objects365_v1_00139577.jpg,train,Guitar;Hat;Lamp;Microphone;Person;Sneakers;Stool,W0XWGSV3VGOUMTxOcQm5,ec0175f49f3e311a9d08adc6d7b9887c,8IqlCQUz92pfe9BWFgXB,1723237580864,True,https://transform.roboflow.com/8IqlCQUz92pfe9BWFgXB/ec0175f49f3e311a9d08adc6d7b9887c/thumb.jpg,41201,55b01b0d3f71ed9f9deb22202ab26dab92f02ae06c9ce68931e04a846a2e5690,Guitar,images/Guitar/objects365_v1_00139577.jpg
objects365_v1_00139578.jpg,train,Camera;Handbag-Satchel;Person;Slippers,5K2c5FJxWiSrdTRKY6fz,bff1398270d752c0c033a642ab12e2cd,8IqlCQUz92pfe9BWFgXB,1723237581087,True,https://transform.roboflow.com/8IqlCQUz92pfe9BWFgXB/bff1398270d752c0c033a642ab12e2cd/thumb.jpg,56769,dd4ef72162f59802a1a70d0b8893d410a4d1667d1a92648374d5257f3a7537b6,Camera,images/Camera/objects365_v1_00139578.jpg
objects365_v1_00139582.jpg,train,Flag;Speaker,3l6Y4XRUIUuxQiQHnMqB,d71b76c2cfced1c2963ba9b478989043,8IqlCQUz92pfe9BWFgXB,1723237581087,True,https://transform.roboflow.com/8IqlCQUz92pfe9BWFgXB/d71b76c2cfced1c2963ba9b478989043/thumb.jpg,83614,6545f34f87874fa4993782da7582d616f1f464de8e16f1ac99b2f92731ddb80a,Flag,images/Flag/objects365_v1_00139582.jpg
objects365_v1_00139584.jpg,train,Barrel-bucket;Desk;Potted Plant;Stool;Umbrella,piDD1LvnMqHUDsUX4d9h,87dae9defe94d384af05ee0d73c8b9b8,8IqlCQUz92pfe9BWFgXB,1723237581087,True,https://transform.roboflow.com/8IqlCQUz92pfe9BWFgXB/87dae9defe94d384af05ee0d73c8b9b8/thumb.jpg,96578,6b9abaf2c2bbdf9ca241368a097fb2ec063b92af64d8d6c28448a2c3691e9e04,Barrel-bucket,images/Barrel-bucket/objects365_v1_00139584.jpg
objects365_v1_00139586.jpg,train,Car;Chair;Leather Shoes;Person;SUV;Tie,lFIiYfW9CgwbC2zRxEne,f0725939bba8853cda173590193058d5,8IqlCQUz92pfe9BWFgXB,1723237581087,True,https://transform.roboflow.com/8IqlCQUz92pfe9BWFgXB/f0725939bba8853cda173590193058d5/thumb.jpg,82718,8e229b80a76656a53152fc832214faeba0508b08c800fcea0641079de6e37653,Car,images/Car/objects365_v1_00139586.jpg
objects365_v1_00139587.jpg,train,Book;Chair;Clock;Desk;Person;Sneakers;Tie;Watch,qxCQw9yPdnaRYIK4Hul2,d4298b6fd925e1a1261c846029432d0d,8IqlCQUz92pfe9BWFgXB,1723237581087,True,https://transform.roboflow.com/8IqlCQUz92pfe9BWFgXB/d4298b6fd925e1a1261c846029432d0d/thumb.jpg,58238,cc92dff44f34ce6d7153089a590f414d2b4624c4532f72151886769057e21df2,Book,images/Book/objects365_v1_00139587.jpg
objects365_v1_00139591.jpg,train,Bracelet;Chair;Hat;Person;Slippers;Sneakers,96pOV29MuLZwUG6OYR9n,5fe414ca389ab7acc9bd36cde72b1bf0,8IqlCQUz92pfe9BWFgXB,1723237581087,True,https://transform.roboflow.com/8IqlCQUz92pfe9BWFgXB/5fe414ca389ab7acc9bd36cde72b1bf0/thumb.jpg,57543,b5fad41648ad7f82e3876555275600ebe529855355fa3c49e656f1e2b3bf26f4,Bracelet,images/Bracelet/objects365_v1_00139591.jpg
objects365_v1_00139592.jpg,train,Chair;Flower;Person;Piano;Vase,2xG6xVZ5R2PdTF82qNcY,452335eab0730e28b4adc3c37036103d,8IqlCQUz92pfe9BWFgXB,1723237581215,True,https://transform.roboflow.com/8IqlCQUz92pfe9BWFgXB/452335eab0730e28b4adc3c37036103d/thumb.jpg,40333,a82f2fb9bd7c8b82bb284df9e276598afa0a28015e188dac9f85bb97251bc853,Chair,images/Chair/objects365_v1_00139592.jpg
objects365_v1_00139596.jpg,train,Bottle;Bracelet;High Heels;Person;Picture-Frame;Sandals,k7aDDGAV611bEU5mlXAw,3f1950f06d32c31bb9158e4064e51e56,8IqlCQUz92pfe9BWFgXB,1723237581058,True,https://transform.roboflow.com/8IqlCQUz92pfe9BWFgXB/3f1950f06d32c31bb9158e4064e51e56/thumb.jpg,49568,304061afc79738c8ba20d516067e69b2813fb4845a13ce921bc894ee617d03a4,Bottle,images/Bottle/objects365_v1_00139596.jpg
objects365_v1_00139600.jpg,train,Chair;Flower;Glasses;Guitar;Person;Sandals;Slippers;Sneakers;Vase,6qKey2UbqtTE2brNevdF,455ee413117ec5b78c7c972f2de9976c,8IqlCQUz92pfe9BWFgXB,1723237581109,True,https://transform.roboflow.com/8IqlCQUz92pfe9BWFgXB/455ee413117ec5b78c7c972f2de9976c/thumb.jpg,86454,cc046a11ff08b3b78a1f1e0a796db75cf61cef53d9b87219a54af9561b1adce3,Chair,images/Chair/objects365_v1_00139600.jpg
objects365_v1_00139601.jpg,train,Basketball;Person;Sneakers,HJ2Z2PopDsVX530923oQ,3753d947e8255611c4dfa705a4ff4c90,8IqlCQUz92pfe9BWFgXB,1723237581109,True,https://transform.roboflow.com/8IqlCQUz92pfe9BWFgXB/3753d947e8255611c4dfa705a4ff4c90/thumb.jpg,30361,5c7232b2c5f0f0613d3b4780390c41bfb2841efc547460b431e5427a671582c0,Basketball,images/Basketball/objects365_v1_00139601.jpg
objects365_v1_00486630.jpg,train,Bottle;Cabinet-shelf;Chair;Cup;Person;Picture-Frame;Refrigerator,tUsmwxcwDRbW6GZ0ury9,6b674a6dfb8b2df1e5412065187683c7,8IqlCQUz92pfe9BWFgXB,1723237573348,True,https://transform.roboflow.com/8IqlCQUz92pfe9BWFgXB/6b674a6dfb8b2df1e5412065187683c7/thumb.jpg,53715,4d557029f267f881d504edd50604aed64f34c9f6664791501a8b202244c8788b,Bottle,images/Bottle/objects365_v1_00486630.jpg
objects365_v1_00486631.jpg,train,Hat;Monitor-TV;Person,sezze2v5OF5AbDmXL8TA,9ccc2f90fd68efd54d6ef44ba2789650,8IqlCQUz92pfe9BWFgXB,1723237573083,True,https://transform.roboflow.com/8IqlCQUz92pfe9BWFgXB/9ccc2f90fd68efd54d6ef44ba2789650/thumb.jpg,35150,7988b3c126d416703c8ed9a051564eba219a3ae3f80c8c07b5eac1eb24ee90a2,Hat,images/Hat/objects365_v1_00486631.jpg
objects365_v1_00486633.jpg,train,Chair,ycdLUoHFeIEoIwokj0NP,6354cd4726cae7e7c209aa1f39fd07cf,8IqlCQUz92pfe9BWFgXB,1723237573348,True,https://transform.roboflow.com/8IqlCQUz92pfe9BWFgXB/6354cd4726cae7e7c209aa1f39fd07cf/thumb.jpg,77406,79a129c252b88eca3de0e08ed1c8c5cb716ce066aec9c32b732bf973a8dc5a39,Chair,images/Chair/objects365_v1_00486633.jpg
objects365_v1_00486634.jpg,train,Bottle;Flower;Fork;Plate;Vase;Wine Glass,C4CicfEff1erqEAXpXJ7,78a6294e51c218beb98abbe2917246e6,8IqlCQUz92pfe9BWFgXB,1723237573223,True,https://transform.roboflow.com/8IqlCQUz92pfe9BWFgXB/78a6294e51c218beb98abbe2917246e6/thumb.jpg,47484,66f0e67a0e4ad35e48b6dff5ce1409e6867c7a89c7c9aab73fd98d554f761db5,Bottle,images/Bottle/objects365_v1_00486634.jpg
objects365_v1_00486635.jpg,train,Camera;Handbag-Satchel;Person;Potted Plant,fsg2G9soakGSHkEtNQWe,37ad8003816328f0ff4bd607c429b02d,8IqlCQUz92pfe9BWFgXB,1723237573223,True,https://transform.roboflow.com/8IqlCQUz92pfe9BWFgXB/37ad8003816328f0ff4bd607c429b02d/thumb.jpg,43524,e3b45d2806a9836285afefdd4686a71fb2713c94f94242c0eb641d3f9ec94dd1,Camera,images/Camera/objects365_v1_00486635.jpg
objects365_v1_00486636.jpg,train,Book;Clock;Converter;Couch;Keyboard;Monitor-TV;Mouse;Person;Power outlet;Surveillance Camera;Telephone,E1oOLwC4jEfirg5x0s0L,7c0e6b47821bd878e5fd177d89fb5baa,8IqlCQUz92pfe9BWFgXB,1723237572962,True,https://transform.roboflow.com/8IqlCQUz92pfe9BWFgXB/7c0e6b47821bd878e5fd177d89fb5baa/thumb.jpg,45626,abc550298cdb6b0a5142a3d6ddad2e0609e3d990b4e23c985e4e19b77ad48ded,Book,images/Book/objects365_v1_00486636.jpg
objects365_v1_00486637.jpg,train,Gloves;Hat;Person;Sneakers,DnLEVfOjdrXzadO3mqV9,f96b29a186b423d0b91c50fb765ba04a,8IqlCQUz92pfe9BWFgXB,1723237573544,True,https://transform.roboflow.com/8IqlCQUz92pfe9BWFgXB/f96b29a186b423d0b91c50fb765ba04a/thumb.jpg,46131,828e871b957450325ed85b3889b53422dd2ba8c79d8497fcd577560b3dc1fae0,Gloves,images/Gloves/objects365_v1_00486637.jpg
objects365_v1_00486700.jpg,train,Airplane;Bottle;Chair;Person;Stool,9QUGCMBJqrOJHO7w75wM,a0418d7159c74e9fa67003cf190de871,8IqlCQUz92pfe9BWFgXB,1723237573022,True,https://transform.roboflow.com/8IqlCQUz92pfe9BWFgXB/a0418d7159c74e9fa67003cf190de871/thumb.jpg,56137,09b1637e19ab63b867d5d27c5c81613a3feb7a428929c9651539fc65773279d7,Airplane,images/Airplane/objects365_v1_00486700.jpg
objects365_v1_00486701.jpg,train,Bed;Bowl-Basin;Cabinet-shelf;Carpet;Cup;Hanger;Lamp;Picture-Frame;Pillow;Side Table;Storage box;Towel,EVrsDsWMpyU9Th8C4YND,d938d8f8697082a406cfa3e8e170e7b2,8IqlCQUz92pfe9BWFgXB,1723237573239,True,https://transform.roboflow.com/8IqlCQUz92pfe9BWFgXB/d938d8f8697082a406cfa3e8e170e7b2/thumb.jpg,36951,4b28da5deb78ed9df7e4ef4633dafb0be14eb88a6986f7ca61d017554094e957,Bed,images/Bed/objects365_v1_00486701.jpg
objects365_v1_00486702.jpg,train,Chair;Lamp;Mirror;Person;Piano;Picture-Frame;Radiator;Sneakers,jUmYfhS3lDk8BBlzGLkr,7c3154685ce217aa44947310b92762ab,8IqlCQUz92pfe9BWFgXB,1723237573022,True,https://transform.roboflow.com/8IqlCQUz92pfe9BWFgXB/7c3154685ce217aa44947310b92762ab/thumb.jpg,50598,43bd49374e118664fc044be46be59740e57efa23607d45448b461452d9300e57,Chair,images/Chair/objects365_v1_00486702.jpg
objects365_v1_00486703.jpg,train,Handbag-Satchel;Leather Shoes;Person;Sneakers,agSufSCOHg2Y4G5TWGNy,782bd8998f39d841c37449366769db02,8IqlCQUz92pfe9BWFgXB,1723237573022,True,https://transform.roboflow.com/8IqlCQUz92pfe9BWFgXB/782bd8998f39d841c37449366769db02/thumb.jpg,50504,353346ca7ef88ef2afe4ed54edf4d901eb6e12d1bd41c9512c01d6b9653bee4e,Handbag-Satchel,images/Handbag-Satchel/objects365_v1_00486703.jpg
objects365_v1_00486704.jpg,train,Bracelet;Ice cream;Necklace;Person;Ring,0ZepACaOPHjUJJgUrWFb,6212227a88232730abe9f5b4f7ff365c,8IqlCQUz92pfe9BWFgXB,1723237573239,True,https://transform.roboflow.com/8IqlCQUz92pfe9BWFgXB/6212227a88232730abe9f5b4f7ff365c/thumb.jpg,68538,dd683902b3d891dcdb11a48d6e64064aa350319655977dccb6a7434392129f71,Bracelet,images/Bracelet/objects365_v1_00486704.jpg
objects365_v1_00486705.jpg,train,Horse,Yypie7BWETvwV0pjvUk9,fca292791e898153dab8b0d4f46bcdcb,8IqlCQUz92pfe9BWFgXB,1723237573239,True,https://transform.roboflow.com/8IqlCQUz92pfe9BWFgXB/fca292791e898153dab8b0d4f46bcdcb/thumb.jpg,60446,a309d2ed8363146b660e5fd987a6534f7ebe1667c23b2000160cb4801fa16c20,Horse,images/Horse/objects365_v1_00486705.jpg
objects365_v1_00486706.jpg,train,Basket;Cabinet-shelf;Carpet;Lamp,qFQXXQBlp5PoDWtvwDBc,f72ec781391c20b00a3610d44d8c20e2,8IqlCQUz92pfe9BWFgXB,1723237573239,True,https://transform.roboflow.com/8IqlCQUz92pfe9BWFgXB/f72ec781391c20b00a3610d44d8c20e2/thumb.jpg,55073,e34c5010f405a52ffb19ecf59ef3250c8cd103cba08fc96b5e93cdeefb903249,Basket,images/Basket/objects365_v1_00486706.jpg
objects365_v1_00486708.jpg,train,Lamp;Monitor-TV;Person;Speaker,mB7FIpzcP8PCV74IL7xu,2fef960bef333f85cb9b1404f1c22f51,8IqlCQUz92pfe9BWFgXB,1723237573544,True,https://transform.roboflow.com/8IqlCQUz92pfe9BWFgXB/2fef960bef333f85cb9b1404f1c22f51/thumb.jpg,66942,51514a013aea0cf664c6204d0820dd7f13142fa4de1f74e4240fd1e01e06cfc8,Lamp,images/Lamp/objects365_v1_00486708.jpg
objects365_v1_00486709.jpg,train,Gloves;Helmet;Mask;Person;Sneakers,QAqTnxwN6wcoe7cWvE5Y,2134bf858c0cd0ac8a3e4276285928d2,8IqlCQUz92pfe9BWFgXB,1723237573124,True,https://transform.roboflow.com/8IqlCQUz92pfe9BWFgXB/2134bf858c0cd0ac8a3e4276285928d2/thumb.jpg,62234,8b4656681315bab69e96404cbc8930f83a095aeaaa69da37ac8b68325558edfd,Gloves,images/Gloves/objects365_v1_00486709.jpg
objects365_v1_00486710.jpg,train,Backpack;Hat;Person;Sneakers,RZTNNuVpqiNyfHcxXASM,0a1d7e9aeef41a51a057641f7f73cbaa,8IqlCQUz92pfe9BWFgXB,1723237573335,True,https://transform.roboflow.com/8IqlCQUz92pfe9BWFgXB/0a1d7e9aeef41a51a057641f7f73cbaa/thumb.jpg,44831,4f4f5838062745da36cf4f59bc178abbc95be8ab06ad10acf2352833dbc08133,Backpack,images/Backpack/objects365_v1_00486710.jpg
objects365_v1_00486711.jpg,train,Chair;Person;Stool;Street Lights;Truck,RaNlVIbln89JXXvWWbE3,934774e5426b997a541c1e981d74e3ca,8IqlCQUz92pfe9BWFgXB,1723237573335,True,https://transform.roboflow.com/8IqlCQUz92pfe9BWFgXB/934774e5426b997a541c1e981d74e3ca/thumb.jpg,49429,7885636fcc5841592b5deac9f63e0849fd16b3b62df51870d37c9b1e2a4f381d,Chair,images/Chair/objects365_v1_00486711.jpg
objects365_v1_00486712.jpg,train,Bench;Chair;Desk;Flag;Flower;Lamp;Pillow;Potted Plant;Trash bin Can;Umbrella;Vase,HFveloNEjqTkNMI9URXs,63bcb43ba4ef63dbcb42412f70c389e0,8IqlCQUz92pfe9BWFgXB,1723237573720,True,https://transform.roboflow.com/8IqlCQUz92pfe9BWFgXB/63bcb43ba4ef63dbcb42412f70c389e0/thumb.jpg,99590,90dc668b89bb63aa55602615c0acd128d2b247274fe895bca0c731c46bd16f32,Bench,images/Bench/objects365_v1_00486712.jpg
objects365_v1_00486713.jpg,train,Belt;Car;Handbag-Satchel;Lamp;Person;Slippers;Sneakers;Street Lights;Stroller,PKoaqJmGIZ3fVGxIrGVr,a35bafc858d878df1721623c72d56e4c,8IqlCQUz92pfe9BWFgXB,1723237573335,True,https://transform.roboflow.com/8IqlCQUz92pfe9BWFgXB/a35bafc858d878df1721623c72d56e4c/thumb.jpg,54330,a068d11034c5cbbb547155108b2fda5ac4c00d58fef20d268f4fb0795b1502b9,Belt,images/Belt/objects365_v1_00486713.jpg
objects365_v1_00486715.jpg,train,Book;Carpet;Chair;Couch;Cup;Desk;Laptop;Pen-Pencil;Storage box,dL1uij3Xbvi7gqFynMNk,354764e4a4e730f3b1b7893da4c3594b,8IqlCQUz92pfe9BWFgXB,1723237573335,True,https://transform.roboflow.com/8IqlCQUz92pfe9BWFgXB/354764e4a4e730f3b1b7893da4c3594b/thumb.jpg,44681,21596a52f026a02da37e16fb0d26ccb8251aef075cac1c1fd52bf7fb044acd68,Book,images/Book/objects365_v1_00486715.jpg
objects365_v1_00486716.jpg,train,Airplane;Car;Flag;Glasses;Person,mA6NHV5yflWDuMSxUGeq,8375e9238a97029130935bbc63a833c6,8IqlCQUz92pfe9BWFgXB,1723237572887,True,https://transform.roboflow.com/8IqlCQUz92pfe9BWFgXB/8375e9238a97029130935bbc63a833c6/thumb.jpg,68987,cd1972e87c999cdbbbf5cdb1bc92a6118fe146533c18d7c4a83bb4d530e9ab40,Airplane,images/Airplane/objects365_v1_00486716.jpg
objects365_v1_00486717.jpg,train,Bed;Desk;Lamp;Nightstand;Pillow;Stool,0fjPzXo4axTEXOb21uCp,d626ba78fa4f0ed02e6c85cb39e6dbfe,8IqlCQUz92pfe9BWFgXB,1723237572887,True,https://transform.roboflow.com/8IqlCQUz92pfe9BWFgXB/d626ba78fa4f0ed02e6c85cb39e6dbfe/thumb.jpg,60812,c7a091ba21ae291e03e6b2b6a7cb9483dfa02ba3b494021f107a90c3e35fc896,Bed,images/Bed/objects365_v1_00486717.jpg
objects365_v1_00486718.jpg,train,Desk;Glasses;Lamp;Person,zdiPW6I53wDG2aAw0jFn,8ce16be14de7fcab2f50dfd33debe200,8IqlCQUz92pfe9BWFgXB,1723237572887,True,https://transform.roboflow.com/8IqlCQUz92pfe9BWFgXB/8ce16be14de7fcab2f50dfd33debe200/thumb.jpg,60410,7a34e8603aa1205ac9472c3942c52a9020739af52cbbd66f43dfe742c5e14a8c,Desk,images/Desk/objects365_v1_00486718.jpg
objects365_v1_00486719.jpg,train,Bench;Bicycle;Flag;Glasses;Handbag-Satchel;Person;Ring;Sneakers;Umbrella;Watch,6VVYtpfbI97ZpJVeGLxm,fe7c62eb8c1857979c87b53442512f81,8IqlCQUz92pfe9BWFgXB,1723237573083,True,https://transform.roboflow.com/8IqlCQUz92pfe9BWFgXB/fe7c62eb8c1857979c87b53442512f81/thumb.jpg,70715,c191fb110131ee1d07dd3b7dbfa2773e437e0940ea1c3f5459594c682c46f679,Bench,images/Bench/objects365_v1_00486719.jpg
objects365_v1_00486721.jpg,train,Glasses;Hat;Necklace;Person,tRS9yLSSoAoqtAvjKG4f,c1167c7fcfb31aa5e0a1e2d68e05c466,8IqlCQUz92pfe9BWFgXB,1723237573083,True,https://transform.roboflow.com/8IqlCQUz92pfe9BWFgXB/c1167c7fcfb31aa5e0a1e2d68e05c466/thumb.jpg,48813,85b3de36354845d995b1641cc30d3c1291d90365cf16b293e276b8cef2226f8f,Glasses,images/Glasses/objects365_v1_00486721.jpg
objects365_v1_00486722.jpg,train,Chair;Desk;Monitor-TV;Trash bin Can,ggnPQ0wMIUKEHLPFSFPf,fb21d133dcd8d3cb5a44d0949087fb87,8IqlCQUz92pfe9BWFgXB,1723237572962,True,https://transform.roboflow.com/8IqlCQUz92pfe9BWFgXB/fb21d133dcd8d3cb5a44d0949087fb87/thumb.jpg,51597,db9eced9736938edcad72e7801396c9f97abd312f6a2bd4fab24f504ef271e2a,Chair,images/Chair/objects365_v1_00486722.jpg
objects365_v1_00486723.jpg,train,Book;Cabinet-shelf;Chair;Couch;Cup;Desk;Handbag-Satchel;Lamp;Monitor-TV;Pen-Pencil;Person;Pillow;Remote;Speaker;Tape,yA5Mu0ivw1ipd6EZE2MW,7a6d769bf7ae867ebc918d07c69f3793,8IqlCQUz92pfe9BWFgXB,1723237572962,True,https://transform.roboflow.com/8IqlCQUz92pfe9BWFgXB/7a6d769bf7ae867ebc918d07c69f3793/thumb.jpg,40540,fd33fb6e65be966c415eed080b6354f5431f1f54e82024313c30e2269515da71,Book,images/Book/objects365_v1_00486723.jpg
objects365_v1_00486724.jpg,train,Car;Chair;Flower;Lamp;Person;Picture-Frame;Potted Plant,SB7vfAzFX8XN7uapyIS8,84e9729b6d17043b9593bd371674b4af,8IqlCQUz92pfe9BWFgXB,1723237573223,True,https://transform.roboflow.com/8IqlCQUz92pfe9BWFgXB/84e9729b6d17043b9593bd371674b4af/thumb.jpg,57224,40e8e8619ad5a5c6b04784c3fa5f8e4adb20de5d59b2841437021e7cc422d00b,Car,images/Car/objects365_v1_00486724.jpg
objects365_v1_00486725.jpg,train,Bowl-Basin;Cabinet-shelf;Carpet;Chair;Cup;Desk;Plate;Potted Plant;Stool,Aa2rlwwwf3GV1Wah4r8k,921e677b7e6e87d89259cb8e8c1c4413,8IqlCQUz92pfe9BWFgXB,1723237573223,True,https://transform.roboflow.com/8IqlCQUz92pfe9BWFgXB/921e677b7e6e87d89259cb8e8c1c4413/thumb.jpg,38073,b2b332a6ce78ab38ee21b6069fbfc5a8e9d61f0554bf7334533f71d3c9fdea24,Bowl-Basin,images/Bowl-Basin/objects365_v1_00486725.jpg
objects365_v1_00486790.jpg,train,Baseball;Baseball Glove;Belt;Hat;Person;Sneakers,KF8ZxJtlKyQ1Jd5bQ11g,7e6846e607b2a64fe0e4eaa49bb041e6,8IqlCQUz92pfe9BWFgXB,1723237578684,True,https://transform.roboflow.com/8IqlCQUz92pfe9BWFgXB/7e6846e607b2a64fe0e4eaa49bb041e6/thumb.jpg,50037,fc2c306ae4e3d5036dc9ccfa3ecf8c3db3df64538ffe509730595eed62e176de,Baseball,images/Baseball/objects365_v1_00486790.jpg
objects365_v1_00486791.jpg,train,Cabinet-shelf;Person,Ms9g9PKPuaWYqaZgrrJY,25f9420c1108d15108228b086f98883b,8IqlCQUz92pfe9BWFgXB,1723237578847,True,https://transform.roboflow.com/8IqlCQUz92pfe9BWFgXB/25f9420c1108d15108228b086f98883b/thumb.jpg,56008,24032b20b59f2a4ed6836120f2b05e82ac4f81589541738a0300832b3492cd1d,Cabinet-shelf,images/Cabinet-shelf/objects365_v1_00486791.jpg
objects365_v1_00486792.jpg,train,Book;Bracelet;Cabinet-shelf;Fan;Hat;Lamp;Necklace;Person;Picture-Frame;Speaker,ZHfT7NsvaMxVn84p2dSg,dc20e9db637801f5d3fc8941be9cab3d,8IqlCQUz92pfe9BWFgXB,1723237578684,True,https://transform.roboflow.com/8IqlCQUz92pfe9BWFgXB/dc20e9db637801f5d3fc8941be9cab3d/thumb.jpg,47031,62878c8e348147234d55cd11334a2ead6b38297f93bf663964977365a8790977,Book,images/Book/objects365_v1_00486792.jpg
objects365_v1_00486793.jpg,train,Book;Chair;Cup;Desk;Lamp;Laptop;Pen-Pencil;Person;Ring,IXgibZuPZjY7hyeJkVXI,8ed4e8e15323d949e71a63420c88b994,8IqlCQUz92pfe9BWFgXB,1723237578717,True,https://transform.roboflow.com/8IqlCQUz92pfe9BWFgXB/8ed4e8e15323d949e71a63420c88b994/thumb.jpg,58458,990a720e55430c6630895f1b93f59d7886e7afef1896f82f8c48ecb270e80b4e,Book,images/Book/objects365_v1_00486793.jpg
objects365_v1_00486826.jpg,train,Belt;Chair;High Heels;Leather Shoes;Person,2eA1n7qCGeLGt8q47D4H,3e588417be4b81073e700f9109f97da6,8IqlCQUz92pfe9BWFgXB,1723237578753,True,https://transform.roboflow.com/8IqlCQUz92pfe9BWFgXB/3e588417be4b81073e700f9109f97da6/thumb.jpg,48770,46ae04dbe3b5796e0265c3f526bca607904d4efbeca6c3a6935f601eff63f438,Belt,images/Belt/objects365_v1_00486826.jpg
objects365_v1_00486829.jpg,train,Boat;Crane;Flag;Person;Street Lights;Umbrella,gSjnmH8A6hcKM9A8jvxl,c05e406c3b65cfa711501ce6b7cfdc43,8IqlCQUz92pfe9BWFgXB,1723237578847,True,https://transform.roboflow.com/8IqlCQUz92pfe9BWFgXB/c05e406c3b65cfa711501ce6b7cfdc43/thumb.jpg,62975,a6f14b473af2abb848ecdf5c10fb0b24c39af1d5079e39b8c79e34637bc104e5,Boat,images/Boat/objects365_v1_00486829.jpg
objects365_v1_00486831.jpg,train,Bed;Carpet;Chair;Couch;Lamp;Person;Pillow,M9CJTS11HmTVgJRebI3y,395080e3379a272966db851c521bff37,8IqlCQUz92pfe9BWFgXB,1723237578996,True,https://transform.roboflow.com/8IqlCQUz92pfe9BWFgXB/395080e3379a272966db851c521bff37/thumb.jpg,61648,113f6bb974efd3f0ef57d53582143b57c758b5f01788367872b45060b1625cda,Bed,images/Bed/objects365_v1_00486831.jpg
objects365_v1_00486832.jpg,train,Boots;Person,7mrKAoyo1TqHXD4yYvJV,6639cdddb38e3185c3589c9a955b8d30,8IqlCQUz92pfe9BWFgXB,1723237578842,True,https://transform.roboflow.com/8IqlCQUz92pfe9BWFgXB/6639cdddb38e3185c3589c9a955b8d30/thumb.jpg,42369,d371692a8415ab4cb092c0e13888bf981d2e2c8b9b84e1c1ef14aeaf83d43247,Boots,images/Boots/objects365_v1_00486832.jpg
objects365_v1_00486835.jpg,train,Chair;Desk;Person;Picture-Frame,tgtMxiFW5OELPdb9MCiL,6bab6feee019907e7b87d1a4cd0b0386,8IqlCQUz92pfe9BWFgXB,1723237578842,True,https://transform.roboflow.com/8IqlCQUz92pfe9BWFgXB/6bab6feee019907e7b87d1a4cd0b0386/thumb.jpg,54992,79ae19dcbb0f98047e3644d707f96eb53c86733ccfb5761c77ac336df7369496,Chair,images/Chair/objects365_v1_00486835.jpg
objects365_v1_00486836.jpg,train,Handbag-Satchel;Person;Sneakers,RVqVR06Cadw98Fh6tjIj,5fbcf24c791a0a3d7483a1a00fa6791c,8IqlCQUz92pfe9BWFgXB,1723237578842,True,https://transform.roboflow.com/8IqlCQUz92pfe9BWFgXB/5fbcf24c791a0a3d7483a1a00fa6791c/thumb.jpg,51436,ccae9eb09cfad2adf11c06b979d42c404ff71eaf3dcec577eb0bf893456b0505,Handbag-Satchel,images/Handbag-Satchel/objects365_v1_00486836.jpg
objects365_v1_00486837.jpg,train,Chair;Leather Shoes;Person;Tie,TVaOQ48BVg42ImaR1IBZ,b513900df03d84fe80205a278c566a47,8IqlCQUz92pfe9BWFgXB,1723237578842,True,https://transform.roboflow.com/8IqlCQUz92pfe9BWFgXB/b513900df03d84fe80205a278c566a47/thumb.jpg,53132,d40241e5022d0daa23c6f4dcf9c3124193ecb2c8acc48fb0db56b2ba4f0cfd4d,Chair,images/Chair/objects365_v1_00486837.jpg
objects365_v1_00486841.jpg,train,Dog;Hat;Person;Sneakers,TEGCSSSvmxP3EX0t9vtJ,7d4a549405914bc0917121d26fbb6b22,8IqlCQUz92pfe9BWFgXB,1723237578847,True,https://transform.roboflow.com/8IqlCQUz92pfe9BWFgXB/7d4a549405914bc0917121d26fbb6b22/thumb.jpg,70073,04316c1ffe49d558186c0c367982e2804d6d0757a628acf4a7986e7a2dff912b,Dog,images/Dog/objects365_v1_00486841.jpg
objects365_v1_00486842.jpg,train,Bracelet;Hat;Person;Slide;Sneakers,9EwEcet2mBwdTBsxYcEi,c870dbddf456e6b52e31a88860fc6255,8IqlCQUz92pfe9BWFgXB,1723237578871,True,https://transform.roboflow.com/8IqlCQUz92pfe9BWFgXB/c870dbddf456e6b52e31a88860fc6255/thumb.jpg,57034,4838c3394b102777b9b1df59cfa79f66044bdf1dbe921f3b25fbad8238cb3f00,Bracelet,images/Bracelet/objects365_v1_00486842.jpg
objects365_v1_00486843.jpg,train,Belt;Cymbal;Drum;Glasses;Guitar;Lamp;Person;Speaker;Tripod,voIJDKp0DPDKEHS5ETq0,721256fca20c63718fcafa35e12a4b17,8IqlCQUz92pfe9BWFgXB,1723237578871,True,https://transform.roboflow.com/8IqlCQUz92pfe9BWFgXB/721256fca20c63718fcafa35e12a4b17/thumb.jpg,60224,6fed5338e1bb1ed5abaf601651134372ddbbe14d8dc29d8c0fb2668f8965103c,Belt,images/Belt/objects365_v1_00486843.jpg
objects365_v1_00486844.jpg,train,Bottle;Cabinet-shelf;Cup;Desk;Paint Brush;Pear;Person,JRYbYUWAGObSizPJXYix,460fc127f72e3a4b13e702a34d1827aa,8IqlCQUz92pfe9BWFgXB,1723237578935,True,https://transform.roboflow.com/8IqlCQUz92pfe9BWFgXB/460fc127f72e3a4b13e702a34d1827aa/thumb.jpg,46506,92506832f0d6aa360c9cb2d0fa19240c712ad7e6c8070687ada8db91ef15ae1f,Bottle,images/Bottle/objects365_v1_00486844.jpg
objects365_v1_00486846.jpg,train,Bed;Book;Carpet;Lamp;Nightstand;Person;Picture-Frame;Pillow;Stuffed Toy;Towel,2QeEsIq1vIIcT2JRi9Ch,cd2c2aa5c52706cf6fef8bca1cfdaf20,8IqlCQUz92pfe9BWFgXB,1723237578935,True,https://transform.roboflow.com/8IqlCQUz92pfe9BWFgXB/cd2c2aa5c52706cf6fef8bca1cfdaf20/thumb.jpg,58844,87991acd5e5c2f1b0e56a1f04c492bbb2a4949d37b64b71684b618f4352c5cea,Bed,images/Bed/objects365_v1_00486846.jpg
objects365_v1_00486847.jpg,train,Glasses;Gloves;Helmet;Person;Sneakers,EjegeMQvjeBoe1tEF4FY,aae7bdc558c0f482ae82c86de17b2bfc,8IqlCQUz92pfe9BWFgXB,1723237578842,True,https://transform.roboflow.com/8IqlCQUz92pfe9BWFgXB/aae7bdc558c0f482ae82c86de17b2bfc/thumb.jpg,54193,0995764500d1b61834eeb99ce3e189ba2592be4519519a322044e00859baf8ac,Glasses,images/Glasses/objects365_v1_00486847.jpg
objects365_v1_00486848.jpg,train,Book;Bottle;Bowl-Basin;Cabinet-shelf;Candle;Chair;Cup;Desk;Person;Picture-Frame;Plate;Wine Glass,l1oYAUDOAg3pfIMr4LRW,f5ba1fffa16cdee85a42ede6e919921f,8IqlCQUz92pfe9BWFgXB,1723237579009,True,https://transform.roboflow.com/8IqlCQUz92pfe9BWFgXB/f5ba1fffa16cdee85a42ede6e919921f/thumb.jpg,70487,ae6cc2a821d17a2afdbfaec8d792761f6259e8b0d8bb4ddc6f7aedc2f5692ea9,Book,images/Book/objects365_v1_00486848.jpg
objects365_v1_00486850.jpg,train,Handbag-Satchel;Lamp;Person;Potted Plant;Sneakers;Trolley,P3xs1CPhjrGZrhz0nnKz,c7b70b7d784ea0645789e060ba44a393,8IqlCQUz92pfe9BWFgXB,1723237579009,True,https://transform.roboflow.com/8IqlCQUz92pfe9BWFgXB/c7b70b7d784ea0645789e060ba44a393/thumb.jpg,70007,504534ec267514cd73dc23cddf5d53b4c34c10968989fcfad6025c76eeb9d19e,Handbag-Satchel,images/Handbag-Satchel/objects365_v1_00486850.jpg
objects365_v1_00486851.jpg,train,Book;Cabinet-shelf;Chair;Couch;Desk;Lamp;Pen-Pencil;Picture-Frame;Power outlet;Trash bin Can,7IB45dPMLRrjxye5hQ5f,aba0959f71bc0b53084afb17b381ed29,8IqlCQUz92pfe9BWFgXB,1723237579009,True,https://transform.roboflow.com/8IqlCQUz92pfe9BWFgXB/aba0959f71bc0b53084afb17b381ed29/thumb.jpg,54917,dda82a08e1738f9e6c2b75e2707cdbd5f3598b83b87078cae679a16984f7e421,Book,images/Book/objects365_v1_00486851.jpg
objects365_v1_00486868.jpg,train,Person,xBOIujNpLkoxfZ6LTiyG,5c2bd4239b8da9d142b59d9bb2b88920,8IqlCQUz92pfe9BWFgXB,1723237579036,True,https://transform.roboflow.com/8IqlCQUz92pfe9BWFgXB/5c2bd4239b8da9d142b59d9bb2b88920/thumb.jpg,56322,560c9c368676c9351fec2936e14ca091630a483a224625d8bb6233ef5a4f21c0,Person,images/Person/objects365_v1_00486868.jpg
objects365_v1_00486871.jpg,train,Cabinet-shelf;Hat;Person;Sneakers,rBngzCRrw7OpD1ey1DoM,932dc0501cb209921910fac534ed8cfe,8IqlCQUz92pfe9BWFgXB,1723237578871,True,https://transform.roboflow.com/8IqlCQUz92pfe9BWFgXB/932dc0501cb209921910fac534ed8cfe/thumb.jpg,83652,a9d6552a89a37c8f069a0b12c635d6251bd6b5c0d6b6201332d4bc2f92234661,Cabinet-shelf,images/Cabinet-shelf/objects365_v1_00486871.jpg
objects365_v1_00486872.jpg,train,Bicycle;Bottle;Bracelet;Car;Handbag-Satchel;Lamp;Person;Sneakers,1OFkiM5vdM2PRNLVOUv9,1cad4ac584c0d9649f3cfb8bc75ee6e2,8IqlCQUz92pfe9BWFgXB,1723237578871,True,https://transform.roboflow.com/8IqlCQUz92pfe9BWFgXB/1cad4ac584c0d9649f3cfb8bc75ee6e2/thumb.jpg,49687,325bfb5b0462b260deab0e9d6d310a4f71fb098ade3340cdce0032e498c6e558,Bicycle,images/Bicycle/objects365_v1_00486872.jpg
objects365_v1_00486874.jpg,train,Car;Chair;Leather Shoes;Person;Potted Plant;Sports Car;Trash bin Can;Van,DhEb7rRqzjzgGpP1n0Td,a38db62c350bbb3e4e14198d24adffde,8IqlCQUz92pfe9BWFgXB,1723237579164,True,https://transform.roboflow.com/8IqlCQUz92pfe9BWFgXB/a38db62c350bbb3e4e14198d24adffde/thumb.jpg,62391,61c5e22c97e738c0487d3b0bd73c09a9b340985aa5770a6610b571a228576fe2,Car,images/Car/objects365_v1_00486874.jpg
objects365_v1_00486875.jpg,train,Glasses;Handbag-Satchel;Person;Sneakers,y2cCfy5qhdKmj1OASY1X,63e9c5cdb0f17c1ddc585cd3cc5381ae,8IqlCQUz92pfe9BWFgXB,1723237578935,True,https://transform.roboflow.com/8IqlCQUz92pfe9BWFgXB/63e9c5cdb0f17c1ddc585cd3cc5381ae/thumb.jpg,56980,8199d570093cd21e461d9aa7f872b86cbcce3e69d96d8ca4b6be02ea15cc21a3,Glasses,images/Glasses/objects365_v1_00486875.jpg
objects365_v1_00486876.jpg,train,Person;Slippers,iDc8g0F1QcMJ172H39X5,c9f319e96279256408511441d7d886d8,8IqlCQUz92pfe9BWFgXB,1723237578847,True,https://transform.roboflow.com/8IqlCQUz92pfe9BWFgXB/c9f319e96279256408511441d7d886d8/thumb.jpg,77594,8ce5e0666d108eb8c753cd4d17a7b927d79660201423abebee237ee722279087,Person,images/Person/objects365_v1_00486876.jpg
objects365_v1_00486877.jpg,train,Cabinet-shelf;Carpet;Desk;Pillow;Radiator;Stuffed Toy,hTeq4aCDvESskXAEWMku,f7388c2ac7c7d3b878cec4f1103b816c,8IqlCQUz92pfe9BWFgXB,1723237578871,True,https://transform.roboflow.com/8IqlCQUz92pfe9BWFgXB/f7388c2ac7c7d3b878cec4f1103b816c/thumb.jpg,46334,5caadb45af3224c5bf1657067e719759328e2a82b04747bd8e8788ae3860253f,Cabinet-shelf,images/Cabinet-shelf/objects365_v1_00486877.jpg
objects365_v1_00486879.jpg,train,Baseball Glove;Belt;Gloves;Helmet;Person;Sneakers,X3OkpB1AP6bsMVGwNIqu,5ba8efb9cf75e30de3afe275eb75e4e6,8IqlCQUz92pfe9BWFgXB,1723237578871,True,https://transform.roboflow.com/8IqlCQUz92pfe9BWFgXB/5ba8efb9cf75e30de3afe275eb75e4e6/thumb.jpg,46302,0b11dc6b2004fb36119ceec232d0a8791269ba606ba23ec1e6a34c5520a5f03f,Baseball Glove,images/Baseball-Glove/objects365_v1_00486879.jpg
objects365_v1_00486880.jpg,train,Boots;Car;Hat;Person;SUV;Street Lights;Traffic cone;Van,uBIlDHRO16o7hvbcc8fu,0e1918cc9546887d3c92e820e6935a20,8IqlCQUz92pfe9BWFgXB,1723237578847,True,https://transform.roboflow.com/8IqlCQUz92pfe9BWFgXB/0e1918cc9546887d3c92e820e6935a20/thumb.jpg,54118,3c7f2938c9f555ae23349c2dea0e805d5c5c3e2d3338e792d4c895da50f69e08,Boots,images/Boots/objects365_v1_00486880.jpg
objects365_v1_00486881.jpg,train,Bench;Chair;Lamp;Person;Potted Plant;Trash bin Can,ZIkmI7lw1a4km5OmZlWD,47e55728099ef14f59c6cd6dd78fe59e,8IqlCQUz92pfe9BWFgXB,1723237579036,True,https://transform.roboflow.com/8IqlCQUz92pfe9BWFgXB/47e55728099ef14f59c6cd6dd78fe59e/thumb.jpg,60854,40908ca9a5c44c7dab9d5344d6aa706af02348faedb5efc0373c079730840860,Bench,images/Bench/objects365_v1_00486881.jpg
objects365_v1_00486882.jpg,train,Bench;Bicycle;Car;Flag;Person;SUV;Stop Sign;Street Lights;Traffic Light;Trash bin Can;Van;Wild Bird,HUda2RdMJlQaYMjrtzPP,fb3e3fdf5f25b9ec52b2346119cb6b79,8IqlCQUz92pfe9BWFgXB,1723237579009,True,https://transform.roboflow.com/8IqlCQUz92pfe9BWFgXB/fb3e3fdf5f25b9ec52b2346119cb6b79/thumb.jpg,63583,507ec22ca7971c983664484404d1e9f42212715b1faed312f9233fa3dc2a1ff1,Bench,images/Bench/objects365_v1_00486882.jpg
objects365_v1_00486884.jpg,train,Bathtub;Carpet;Faucet;Lamp;Towel,7UgBkLCHZuMzBMIzADKR,abc2bf0c95f5be5414572b75f308a9ec,8IqlCQUz92pfe9BWFgXB,1723237579036,True,https://transform.roboflow.com/8IqlCQUz92pfe9BWFgXB/abc2bf0c95f5be5414572b75f308a9ec/thumb.jpg,68646,4c97a674dfd076065c12bf254d6285c8c024ec6dca69408b553a6af0817f228b,Bathtub,images/Bathtub/objects365_v1_00486884.jpg
objects365_v1_00486907.jpg,train,Bench;Lamp;Person;Umbrella,XyGwcldbgFkntCwj34wl,db0607180bad731fb3bbed45f8fcc595,8IqlCQUz92pfe9BWFgXB,1723237579164,True,https://transform.roboflow.com/8IqlCQUz92pfe9BWFgXB/db0607180bad731fb3bbed45f8fcc595/thumb.jpg,55890,5b82dcc956126f678eb216306615507fbb13005ed9dd3ddc83958e4feb4e495f,Bench,images/Bench/objects365_v1_00486907.jpg
objects365_v1_00486908.jpg,train,Boat,jqhauNN7jkc86ABjJ1Lm,146780d9e863a1f8cb9bd076d2af37dc,8IqlCQUz92pfe9BWFgXB,1723237579009,True,https://transform.roboflow.com/8IqlCQUz92pfe9BWFgXB/146780d9e863a1f8cb9bd076d2af37dc/thumb.jpg,84600,c22640714167c0b54771d64b8f6c4659130b8272a7a0f9f36400ac235d356232,Boat,images/Boat/objects365_v1_00486908.jpg
objects365_v1_00486909.jpg,train,Picture-Frame,iAOVaXZ7pMyXAitrX0kS,5c4f253af2ece2514543d1c9f8f2d481,8IqlCQUz92pfe9BWFgXB,1723237578996,True,https://transform.roboflow.com/8IqlCQUz92pfe9BWFgXB/5c4f253af2ece2514543d1c9f8f2d481/thumb.jpg,30441,c6f43820a04b98daf0811decaa65482b3eb2ccf659012f9ea53d97af93cad619,Picture-Frame,images/Picture-Frame/objects365_v1_00486909.jpg
objects365_v1_00486910.jpg,train,Basket;Motorcycle;Pepper;Potted Plant,pV9A9ZrngHeD6uKUPLwZ,0bda1d13f03df7f38a68cc938e27e5e3,8IqlCQUz92pfe9BWFgXB,1723237578996,True,https://transform.roboflow.com/8IqlCQUz92pfe9BWFgXB/0bda1d13f03df7f38a68cc938e27e5e3/thumb.jpg,71830,73c1056d1bafbe1cee57955c6be9f89b1d3510a681c5e021093f4edc634da10d,Basket,images/Basket/objects365_v1_00486910.jpg
objects365_v1_00486912.jpg,train,Book;Cabinet-shelf;Carpet;Cello;Chair;Desk;Guitar;Lamp;Person;Piano;Picture-Frame;Potted Plant;Recorder;Stool,qrQmsYqWtmZjaLI3SqF7,958595e5486861c16ddfc68becafb8fd,8IqlCQUz92pfe9BWFgXB,1723237578996,True,https://transform.roboflow.com/8IqlCQUz92pfe9BWFgXB/958595e5486861c16ddfc68becafb8fd/thumb.jpg,49560,3966f40706cb73ff3ced4f34855e03faacff548ce510663178872deeee05c4c6,Book,images/Book/objects365_v1_00486912.jpg
objects365_v1_00486913.jpg,train,Bottle;Cabinet-shelf;Necklace;Person,yiKSg285Q5Dk9awZEWt8,cb9a9599ece667e35c35e058da84f798,8IqlCQUz92pfe9BWFgXB,1723237579164,True,https://transform.roboflow.com/8IqlCQUz92pfe9BWFgXB/cb9a9599ece667e35c35e058da84f798/thumb.jpg,65107,b36418e12ab7eb2c085770a96824a626b1f1cfa479d7a9d16e3071763f0ad81f,Bottle,images/Bottle/objects365_v1_00486913.jpg
objects365_v1_00486915.jpg,train,Bed;Carpet;Chair;Desk;Lamp;Nightstand;Pillow;Slippers;Telephone;Wine Glass,KrDQvDtBZCSH98Hb8gV1,8c573994af833d1fff691dede2879fb0,8IqlCQUz92pfe9BWFgXB,1723237579164,True,https://transform.roboflow.com/8IqlCQUz92pfe9BWFgXB/8c573994af833d1fff691dede2879fb0/thumb.jpg,36053,145b653a5194c41bdaf5b328fc7e9e9952baf937d481fa57e8dd7173ad6996e7,Bed,images/Bed/objects365_v1_00486915.jpg
objects365_v1_00486916.jpg,train,Bed;Carpet;Picture-Frame;Pillow;Power outlet;Stool,gk0l60wsUU5OETKrK787,6d33a6e4a6f5ade99b4a1903ef7dd9c1,8IqlCQUz92pfe9BWFgXB,1723237579228,True,https://transform.roboflow.com/8IqlCQUz92pfe9BWFgXB/6d33a6e4a6f5ade99b4a1903ef7dd9c1/thumb.jpg,56340,6437e88ab31079189642d6771a790649896fa7b02658992ffce372a864b4aecf,Bed,images/Bed/objects365_v1_00486916.jpg
objects365_v1_00486917.jpg,train,Wild Bird,Cq25oYG4EC6zezOH0nqv,e20c248ef81b08f38f9be92643817992,8IqlCQUz92pfe9BWFgXB,1723237579036,True,https://transform.roboflow.com/8IqlCQUz92pfe9BWFgXB/e20c248ef81b08f38f9be92643817992/thumb.jpg,54867,59b4c224860c70905ae63da1804d4722346c03b72666090b370c55adb899af4b,Wild Bird,images/Wild-Bird/objects365_v1_00486917.jpg
objects365_v1_00486943.jpg,train,Car;Flag;Handbag-Satchel;Lantern;Person;Sneakers;Street Lights,mz0VDkmS4AopbhjV5nt2,b09f30e3eb2af3aa28be2009e1ab9c77,8IqlCQUz92pfe9BWFgXB,1723237579164,True,https://transform.roboflow.com/8IqlCQUz92pfe9BWFgXB/b09f30e3eb2af3aa28be2009e1ab9c77/thumb.jpg,80784,fad7e6eea8c63249d2bb62c5e1fa252f93291dcc33dc6728e035e3a7cbf554dd,Car,images/Car/objects365_v1_00486943.jpg
objects365_v1_00486944.jpg,train,Bus;Chair;Person;SUV;Street Lights,pw8ocspsi7VbiBSQU80s,d7effda2e1d4789c243354201211ee41,8IqlCQUz92pfe9BWFgXB,1723237579164,True,https://transform.roboflow.com/8IqlCQUz92pfe9BWFgXB/d7effda2e1d4789c243354201211ee41/thumb.jpg,46332,72d9823bdafaccb5fa7ecc32f40c252f4970f3944e4a2954d7ff2bb5cfbb5aea,Bus,images/Bus/objects365_v1_00486944.jpg
objects365_v1_00486945.jpg,train,Cabinet-shelf;Couch;Desk;Mirror;Monitor-TV;Pillow;Side Table,kvTPlFK4WG75CV94RUIO,bbc8f8b593bc025abcc4c36242259d8a,8IqlCQUz92pfe9BWFgXB,1723237579349,True,https://transform.roboflow.com/8IqlCQUz92pfe9BWFgXB/bbc8f8b593bc025abcc4c36242259d8a/thumb.jpg,38767,e7d5d5b6d8cb21b30b88dfded7391e426fc229ca3a5d0a670ddf45fb46ee9e3c,Cabinet-shelf,images/Cabinet-shelf/objects365_v1_00486945.jpg
objects365_v1_00486949.jpg,train,Bracelet;Flag;Microphone;Person;Ring,j3KxDFstT2Fhd12ycQY0,3b105eaf0b8f7993d755d62fcd062611,8IqlCQUz92pfe9BWFgXB,1723237579349,True,https://transform.roboflow.com/8IqlCQUz92pfe9BWFgXB/3b105eaf0b8f7993d755d62fcd062611/thumb.jpg,61340,4e73ed9a1b21a944af87b0bf809d30b99bc71e1179696aa425cb8877c5ad3476,Bracelet,images/Bracelet/objects365_v1_00486949.jpg
objects365_v1_00486950.jpg,train,Gloves;Helmet;Hockey Stick;Person;Sneakers,33EyQQfVesCkW155zCbd,d424198bf09287f0a210f55327ade3c1,8IqlCQUz92pfe9BWFgXB,1723237579155,True,https://transform.roboflow.com/8IqlCQUz92pfe9BWFgXB/d424198bf09287f0a210f55327ade3c1/thumb.jpg,43772,a83eb98420b8877cbf99b2c1a5aaef3114d7a28d0a09f5a62acabe175074040c,Gloves,images/Gloves/objects365_v1_00486950.jpg
objects365_v1_00486951.jpg,train,Chair;Desk;Lamp;Person;Picture-Frame,qkoYC39nukceMaVHedN9,6805b5a8cd42c0065dcd2cfda2fa40c0,8IqlCQUz92pfe9BWFgXB,1723237579155,True,https://transform.roboflow.com/8IqlCQUz92pfe9BWFgXB/6805b5a8cd42c0065dcd2cfda2fa40c0/thumb.jpg,58257,a9a166ceccca0eff04877b127c69719448821fe6006d0613e50491e2d713efde,Chair,images/Chair/objects365_v1_00486951.jpg
objects365_v1_00486952.jpg,train,Glasses;Head Phone;Monitor-TV;Person;Sneakers,lVPTNnA9msRMbIWhdDQP,2933475cbf972d6cfb63807d53a02be1,8IqlCQUz92pfe9BWFgXB,1723237579228,True,https://transform.roboflow.com/8IqlCQUz92pfe9BWFgXB/2933475cbf972d6cfb63807d53a02be1/thumb.jpg,52178,b254ea0edda1b0a1c66f7fcaa286ed1617cc8cd71ea59f236a9d98c7464ca8d6,Glasses,images/Glasses/objects365_v1_00486952.jpg
objects365_v1_00486954.jpg,train,Bracelet;Hat;Person;Sneakers,356a5p5dvXrxsTFQ2LuE,e4019edd418e0b662a8ce399da9b6ea1,8IqlCQUz92pfe9BWFgXB,1723237579349,True,https://transform.roboflow.com/8IqlCQUz92pfe9BWFgXB/e4019edd418e0b662a8ce399da9b6ea1/thumb.jpg,51326,cb5d2a21555922264b599e618ef6f47b24ab23c01907648ed9f630859b049b61,Bracelet,images/Bracelet/objects365_v1_00486954.jpg
objects365_v1_00486955.jpg,train,Blackboard-Whiteboard;Book;Chair;Desk;Lamp;Pen-Pencil,VZzBSkGevO8Poz1UWuTz,41ab2edaedcdbe67792b318fa7acc3c1,8IqlCQUz92pfe9BWFgXB,1723237579349,True,https://transform.roboflow.com/8IqlCQUz92pfe9BWFgXB/41ab2edaedcdbe67792b318fa7acc3c1/thumb.jpg,33193,74cf91c0fe55830da18058e112367b3f15636447a65dbadbffe0d04edebfcf1b,Blackboard-Whiteboard,images/Blackboard-Whiteboard/objects365_v1_00486955.jpg
objects365_v1_00486956.jpg,train,Cabinet-shelf;Cup;Desk;Person,jdVFj4L1blUD5UlYdG7j,f16931a169a5a4a2ab07574aa761cc51,8IqlCQUz92pfe9BWFgXB,1723237579228,True,https://transform.roboflow.com/8IqlCQUz92pfe9BWFgXB/f16931a169a5a4a2ab07574aa761cc51/thumb.jpg,40759,37f3a723b1a19cc81da2035ad851c5b7a58cfb48c10c1b96e2a6d7c15e32d554,Cabinet-shelf,images/Cabinet-shelf/objects365_v1_00486956.jpg
objects365_v1_00486957.jpg,train,Book;Desk;Keyboard;Lamp;Laptop;Monitor-TV;Mouse;Pen-Pencil,k3V0GKsRh5hsbAF6vKWI,5c57c6506a8f23e9df0086ceff86b7db,8IqlCQUz92pfe9BWFgXB,1723237579523,True,https://transform.roboflow.com/8IqlCQUz92pfe9BWFgXB/5c57c6506a8f23e9df0086ceff86b7db/thumb.jpg,35589,84dad6470d653d4236255b9317e70f293868b88ba0055446558ee43753a2b00d,Book,images/Book/objects365_v1_00486957.jpg
objects365_v1_00486958.jpg,train,Chair;SUV,vLyitVlRrLR3NQKokA7B,9de90136a1225e5fda31acb886714baf,8IqlCQUz92pfe9BWFgXB,1723237579228,True,https://transform.roboflow.com/8IqlCQUz92pfe9BWFgXB/9de90136a1225e5fda31acb886714baf/thumb.jpg,46214,83113281db6a212a948e6f80a4e180a2e781f8730ef446307f526168d7fd9273,Chair,images/Chair/objects365_v1_00486958.jpg
objects365_v1_00486959.jpg,train,Chair;Desk;Hat;Storage box;Stuffed Toy,mIPzzsSJFdUrGko4icwY,4721eb1304473efcc28ec083021ed877,8IqlCQUz92pfe9BWFgXB,1723237579228,True,https://transform.roboflow.com/8IqlCQUz92pfe9BWFgXB/4721eb1304473efcc28ec083021ed877/thumb.jpg,79927,71768e7fde6695852cc80c440470d615ec9b757dea75533027c4cd2627d791a6,Chair,images/Chair/objects365_v1_00486959.jpg
objects365_v1_00486960.jpg,train,Bed;Chair;Desk;Lamp;Pillow;Telephone,YdF87WK8kQp3aBPR1OrQ,f353c321dad840f0fb120e3bf47d0964,8IqlCQUz92pfe9BWFgXB,1723237579523,True,https://transform.roboflow.com/8IqlCQUz92pfe9BWFgXB/f353c321dad840f0fb120e3bf47d0964/thumb.jpg,46345,e3d6a66eebea69747b6b4793c74d85b08b2e38ec3b7cfb7f19a30d02066f1b76,Bed,images/Bed/objects365_v1_00486960.jpg
objects365_v1_00486962.jpg,train,Chair;Potted Plant;Umbrella,qSmrds38irObYkiqQsyF,c0e69f12467db22c00ca0742cbe28aee,8IqlCQUz92pfe9BWFgXB,1723237579228,True,https://transform.roboflow.com/8IqlCQUz92pfe9BWFgXB/c0e69f12467db22c00ca0742cbe28aee/thumb.jpg,83420,6cf342181bee0ca7696f96b998cc7a9f922dbc9190669507709d0538bdc7b59f,Chair,images/Chair/objects365_v1_00486962.jpg
objects365_v1_00486963.jpg,train,Backpack;Hanger,cOjd4zaiz3f4CA46Lg63,9df340b6fd7bcdaeb6bec44f829e6109,8IqlCQUz92pfe9BWFgXB,1723237579171,True,https://transform.roboflow.com/8IqlCQUz92pfe9BWFgXB/9df340b6fd7bcdaeb6bec44f829e6109/thumb.jpg,79036,d9f88734f0cfef65f59555af78e99c943a53810957e472f1d424a65bdfca5c3e,Backpack,images/Backpack/objects365_v1_00486963.jpg
objects365_v1_00486964.jpg,train,Bowl-Basin;Chair;Chicken;Desk;Hat;Necklace;Person;Pickup Truck;Picture-Frame;Stool;Storage box;Truck;Umbrella;Vase,czQ17vSHW83O1purGRab,3efbee7778f02cb32e8df9f8f67c9c79,8IqlCQUz92pfe9BWFgXB,1723237579171,True,https://transform.roboflow.com/8IqlCQUz92pfe9BWFgXB/3efbee7778f02cb32e8df9f8f67c9c79/thumb.jpg,76920,713b17128b64113a12114de5b946b5487bafa681fd0c28e9369cbef8508d119a,Bowl-Basin,images/Bowl-Basin/objects365_v1_00486964.jpg
objects365_v1_00486965.jpg,train,Bracelet;Cymbal;Drum;Hat;Microphone;Person;Speaker,RXs9cAnH5UzGdKlTlQxb,8b323848342a85b8fc060c28be62d519,8IqlCQUz92pfe9BWFgXB,1723237579155,True,https://transform.roboflow.com/8IqlCQUz92pfe9BWFgXB/8b323848342a85b8fc060c28be62d519/thumb.jpg,36969,ef3d0fb4777c07399445490f3366b4899d875d6f1d1500f2721a032a5d022078,Bracelet,images/Bracelet/objects365_v1_00486965.jpg
objects365_v1_00486966.jpg,train,Hat;Leather Shoes;Person;Sneakers,0z4O1zzNI048t08vzt4f,78f9a1a0ba487c7533217bd81fb3e0af,8IqlCQUz92pfe9BWFgXB,1723237579155,True,https://transform.roboflow.com/8IqlCQUz92pfe9BWFgXB/78f9a1a0ba487c7533217bd81fb3e0af/thumb.jpg,58372,ba69d864ed6d1b427ec05456323fbad455e0ea9782af726391f68f9c9ba0e31d,Hat,images/Hat/objects365_v1_00486966.jpg
objects365_v1_00486967.jpg,train,Chair;Flower;Potted Plant;Vase,qDwgcPdE4v4EbOSbeyMJ,13a8a8cf60c345f2245be4206edf2bad,8IqlCQUz92pfe9BWFgXB,1723237579155,True,https://transform.roboflow.com/8IqlCQUz92pfe9BWFgXB/13a8a8cf60c345f2245be4206edf2bad/thumb.jpg,79585,a0f6989cba1c84b7d6adfb82253af641d5bbbf034667904e5630a6f41453b2a3,Chair,images/Chair/objects365_v1_00486967.jpg
objects365_v1_00486968.jpg,train,Bathtub;Bed;Carpet;Faucet;Flower;Lamp;Nightstand;Pillow;Towel;Vase,BbsoCTyngeU4MYX8Bg1r,8c3671c984c6679f3355bedb28d2febf,8IqlCQUz92pfe9BWFgXB,1723237579335,True,https://transform.roboflow.com/8IqlCQUz92pfe9BWFgXB/8c3671c984c6679f3355bedb28d2febf/thumb.jpg,47753,e450188bdb54065ca45306adf9ad340a00d9fda5600c7f226175e6d8102755f5,Bathtub,images/Bathtub/objects365_v1_00486968.jpg
objects365_v1_00486969.jpg,train,Car;Fire Hydrant;Flag;Person;Street Lights;Traffic Light;Traffic Sign,QxeVXJPk9Pco8xZejuy1,bb99d240b045884e48c9f8406f54bf43,8IqlCQUz92pfe9BWFgXB,1723237579155,True,https://transform.roboflow.com/8IqlCQUz92pfe9BWFgXB/bb99d240b045884e48c9f8406f54bf43/thumb.jpg,61655,772227742df40dea4b7129d2053d9fa7e5cf1165d5d386e870bc45ac04f5d736,Car,images/Car/objects365_v1_00486969.jpg
objects365_v1_00486976.jpg,train,Bench;Desk;Glasses;Gloves;Lamp;Necklace;Person;Potted Plant,Cei3mbKOlORLNmQsRlKG,75ad870bc354e034ea6b93b278e38263,8IqlCQUz92pfe9BWFgXB,1723237579171,True,https://transform.roboflow.com/8IqlCQUz92pfe9BWFgXB/75ad870bc354e034ea6b93b278e38263/thumb.jpg,78571,2e062b89f3a15cd906653be56c44990574b0b88d116836b801ed87e3080c102f,Bench,images/Bench/objects365_v1_00486976.jpg
objects365_v1_00486978.jpg,train,Bench;Chair;Fan;Lamp;Pickup Truck,CcZBSOzPy2DQkR3lF2hL,c2e7cb65fef81671292b99b94be44b36,8IqlCQUz92pfe9BWFgXB,1723237579171,True,https://transform.roboflow.com/8IqlCQUz92pfe9BWFgXB/c2e7cb65fef81671292b99b94be44b36/thumb.jpg,57004,ff5edfb012a0665094f5987332198dde0967a54f2fa77b2b9352a7f1c5204c76,Bench,images/Bench/objects365_v1_00486978.jpg
objects365_v1_00486980.jpg,train,Book;Cabinet-shelf;Chair;Clock;Desk;Extension Cord;Lamp;Pen-Pencil;Person;Picture-Frame;Scissors;Storage box,9i3tHeilMW2TmLVnaqk8,bb9be85de8ba295e9fba7b4598ca9615,8IqlCQUz92pfe9BWFgXB,1723237579171,True,https://transform.roboflow.com/8IqlCQUz92pfe9BWFgXB/bb9be85de8ba295e9fba7b4598ca9615/thumb.jpg,57104,f15af3e13981233053a5865315810edadea587cb771bf5eb94b6fcbf55d199ee,Book,images/Book/objects365_v1_00486980.jpg
objects365_v1_00486981.jpg,train,Cow,AFNqxekriFpG6txUg7r1,49a3298c4d4aa4155cd8d5112abcf8f2,8IqlCQUz92pfe9BWFgXB,1723237579315,True,https://transform.roboflow.com/8IqlCQUz92pfe9BWFgXB/49a3298c4d4aa4155cd8d5112abcf8f2/thumb.jpg,71725,0e17da782f4a8a3e5c916ff1329980ad70b89966ac047512b23541f894882a6e,Cow,images/Cow/objects365_v1_00486981.jpg
objects365_v1_00486982.jpg,train,Book;Cabinet-shelf;Desk;Induction Cooker;Microwave;Oven,YY7RAAmUPIT9uioKnpxQ,94826ecb50d48684bb4ecce3665d6632,8IqlCQUz92pfe9BWFgXB,1723237579155,True,https://transform.roboflow.com/8IqlCQUz92pfe9BWFgXB/94826ecb50d48684bb4ecce3665d6632/thumb.jpg,27624,1dfdbbb68e4a517ddb1940ae053cf2a11bc15f3fe8cdda9812706b82806b0924,Book,images/Book/objects365_v1_00486982.jpg
objects365_v1_00486984.jpg,train,Bench;Person;Sneakers,3yVPxqv17p6UmfgTtsTc,fff12dec5f14864921c552792f28cbfa,8IqlCQUz92pfe9BWFgXB,1723237579335,True,https://transform.roboflow.com/8IqlCQUz92pfe9BWFgXB/fff12dec5f14864921c552792f28cbfa/thumb.jpg,45702,7eb48631306b69af57d398114f3342d39b3f4d6b1dc6a07b16c953efd5ff17d0,Bench,images/Bench/objects365_v1_00486984.jpg
objects365_v1_00486985.jpg,train,Hat;Person,39QQTaLA0IeZadSJnENQ,08301a0943be761da6f8f052ce2f61aa,8IqlCQUz92pfe9BWFgXB,1723237579583,True,https://transform.roboflow.com/8IqlCQUz92pfe9BWFgXB/08301a0943be761da6f8f052ce2f61aa/thumb.jpg,60785,56141cfd64c7e9e51a239867fcd77b0bb6c6274e090067e2d0c467366698281c,Hat,images/Hat/objects365_v1_00486985.jpg
objects365_v1_00486986.jpg,train,Helmet;Person;Surveillance Camera,mTqZpLZlhnpMWjfJ5PEs,13a6ea0645703b76bb1f11f5d1b71b15,8IqlCQUz92pfe9BWFgXB,1723237579335,True,https://transform.roboflow.com/8IqlCQUz92pfe9BWFgXB/13a6ea0645703b76bb1f11f5d1b71b15/thumb.jpg,48683,b02bfd213062e4379e97f0d41ff8d163454e68f3699cf87400cf1737e949a04d,Helmet,images/Helmet/objects365_v1_00486986.jpg
objects365_v1_00486988.jpg,train,Hat;Leather Shoes;Person;Sneakers;Stool,2cVPKnxthqGPWNa19HSc,f0210707256260ace23e65367a11568e,8IqlCQUz92pfe9BWFgXB,1723237579335,True,https://transform.roboflow.com/8IqlCQUz92pfe9BWFgXB/f0210707256260ace23e65367a11568e/thumb.jpg,49553,5ec6d4b923e877f5bf36d9da6598cf6d170b242ae3e54a5328fc89aa75adfa21,Hat,images/Hat/objects365_v1_00486988.jpg
objects365_v1_00486989.jpg,train,Blackboard-Whiteboard;Cabinet-shelf;Car;Chair;Hat;Parking meter;Person;Potted Plant;Traffic Sign;Trash bin Can,XmsxI3TWfCwhaef1xViC,d7e9daebdf3ba34eb2772dea92b3eaa4,8IqlCQUz92pfe9BWFgXB,1723237579568,True,https://transform.roboflow.com/8IqlCQUz92pfe9BWFgXB/d7e9daebdf3ba34eb2772dea92b3eaa4/thumb.jpg,78367,7afec755f08b8e4996201de90abb96890e015b3a325893d55987815e4e9ad518,Blackboard-Whiteboard,images/Blackboard-Whiteboard/objects365_v1_00486989.jpg
objects365_v1_00486991.jpg,train,Bench;Chair;Couch;Lamp;Mirror,91MTZO3wN0ZkUydUQ5Lg,d273405fc5343737817886c3661ad730,8IqlCQUz92pfe9BWFgXB,1723237579568,True,https://transform.roboflow.com/8IqlCQUz92pfe9BWFgXB/d273405fc5343737817886c3661ad730/thumb.jpg,41610,9b283f401cf10ba5be85ebebcc371e0d45974c75555b4cc898b21add7226dc6f,Bench,images/Bench/objects365_v1_00486991.jpg
objects365_v1_00486993.jpg,train,Belt;Person;Slippers;Sneakers,8sZJJ8k4hVQcnIpXXaYK,95e70da8c71cb4d097bd2279ae9aaabc,8IqlCQUz92pfe9BWFgXB,1723237579523,True,https://transform.roboflow.com/8IqlCQUz92pfe9BWFgXB/95e70da8c71cb4d097bd2279ae9aaabc/thumb.jpg,69558,530b0d161fe0eb155eb1eb883f1a223d9a7cb6264c4815ecc00df4ce9df30ad0,Belt,images/Belt/objects365_v1_00486993.jpg
objects365_v1_00486995.jpg,train,Backpack;Bracelet;Glasses;Hat;Person;Sneakers,AwZQqL3wtoCCURsfVYKD,a0fdfb5c15e98d53455f551656b74dee,8IqlCQUz92pfe9BWFgXB,1723237579523,True,https://transform.roboflow.com/8IqlCQUz92pfe9BWFgXB/a0fdfb5c15e98d53455f551656b74dee/thumb.jpg,50022,d7bb3a53ed35e9bd73846eed54810375fb947a34dd4b4fd17c463c2f56eb7d06,Backpack,images/Backpack/objects365_v1_00486995.jpg
objects365_v1_00486996.jpg,train,Bottle;Bowl-Basin;Bread;Cabinet-shelf;Cup;Hat;Person;Plate;Pot,Cs0uq3lF7sRQLcmCGap4,4ccc0511ad4ffb83aebefe4c3d48b75b,8IqlCQUz92pfe9BWFgXB,1723237579523,True,https://transform.roboflow.com/8IqlCQUz92pfe9BWFgXB/4ccc0511ad4ffb83aebefe4c3d48b75b/thumb.jpg,42085,0149ed719c69820c2d993c5f3c88f94ab04ff79958b0c1f2f3d75b4befbfbb89,Bottle,images/Bottle/objects365_v1_00486996.jpg
objects365_v1_00486997.jpg,train,Lamp;Person,uFChRESOZWt18afl7Qa7,538300361a4ddb0af347d6227d4747a8,8IqlCQUz92pfe9BWFgXB,1723237579523,True,https://transform.roboflow.com/8IqlCQUz92pfe9BWFgXB/538300361a4ddb0af347d6227d4747a8/thumb.jpg,32046,5b63e524de7ed0c64c1255b7fd6c3dd0b3bd723e355dc145e62e9751bcc742ca,Lamp,images/Lamp/objects365_v1_00486997.jpg
objects365_v1_00487018.jpg,train,Bed;Cabinet-shelf;Chair;Nightstand;Pillow;Stool,ko4fiDvYo2WMRNZpcSqH,cc5f5d752d1a34b7912331f8390a40bc,8IqlCQUz92pfe9BWFgXB,1723237579349,True,https://transform.roboflow.com/8IqlCQUz92pfe9BWFgXB/cc5f5d752d1a34b7912331f8390a40bc/thumb.jpg,28892,034b22b97f1c7d0da2f7c0fd5f1096cf1dcaa1b13a052b7f14f6d7bbb2eceacc,Bed,images/Bed/objects365_v1_00487018.jpg
objects365_v1_00487019.jpg,train,Boots;Bracelet;Gloves;Handbag-Satchel;Helmet;High Heels;Horse;Necklace;Person;Sandals,oKXZ1L5MwUg3dGCsw5CX,7ad6cfbdd04a22b466050750d49ca8ac,8IqlCQUz92pfe9BWFgXB,1723237579583,True,https://transform.roboflow.com/8IqlCQUz92pfe9BWFgXB/7ad6cfbdd04a22b466050750d49ca8ac/thumb.jpg,50473,748484270f045d9b35b17c1e9c5c29e2f38a896f444415ee790bff4bd49910d0,Boots,images/Boots/objects365_v1_00487019.jpg
objects365_v1_00487020.jpg,train,Bottle;Cabinet-shelf;Canned;Hanger;Lamp;Person;Picture-Frame,BY4ySSQMEvkwIy2Oo2ri,822e8b1144d6ec013dc51a7376e9e52e,8IqlCQUz92pfe9BWFgXB,1723237579583,True,https://transform.roboflow.com/8IqlCQUz92pfe9BWFgXB/822e8b1144d6ec013dc51a7376e9e52e/thumb.jpg,81761,fb53d741c2cd94f6aa5ced23aaf155ab89dddcf28942854eaef4c2fee6f8e574,Bottle,images/Bottle/objects365_v1_00487020.jpg
objects365_v1_00487021.jpg,train,Boat;Boots;Bracelet;Person,H7xWHFwj5OrkfH6YBCyE,57c33a4e1bed8bd434bd8e42b807e3d6,8IqlCQUz92pfe9BWFgXB,1723237579583,True,https://transform.roboflow.com/8IqlCQUz92pfe9BWFgXB/57c33a4e1bed8bd434bd8e42b807e3d6/thumb.jpg,42975,eb68fffb296ea3cf9e5749a2aa2edddfca775f1cdc96f6d2698dde4d1c15a767,Boat,images/Boat/objects365_v1_00487021.jpg
objects365_v1_00487024.jpg,train,Bed;Book;Cabinet-shelf;Carpet;Chair;Lamp;Nightstand;Pillow;Potted Plant;Side Table,G1zRdGeKWAj84YxraIVi,66d06b985a60668b52ed56273e3afaaa,8IqlCQUz92pfe9BWFgXB,1723237579583,True,https://transform.roboflow.com/8IqlCQUz92pfe9BWFgXB/66d06b985a60668b52ed56273e3afaaa/thumb.jpg,40916,aaa160d39667e6920f6df9b09f2feee050c43e28696fbcd00adef49aca5f4f9f,Bed,images/Bed/objects365_v1_00487024.jpg
objects365_v1_00487025.jpg,train,Glasses;Person;Sneakers,eJ3pOSfCMdzwBFwZNOZS,6899c6a8cec8d0965b061d04b2f4a5bd,8IqlCQUz92pfe9BWFgXB,1723237579315,True,https://transform.roboflow.com/8IqlCQUz92pfe9BWFgXB/6899c6a8cec8d0965b061d04b2f4a5bd/thumb.jpg,78913,3097d4dcf4f85e8ebdd8d96dfa27046543124599165ea2d157f66e77bad0a1ae,Glasses,images/Glasses/objects365_v1_00487025.jpg
objects365_v1_00487026.jpg,train,Cabinet-shelf;Handbag-Satchel;Hanger;Lamp;Leather Shoes;Luggage;Person;Sneakers;Stool,EV0k5AIHqM16a4x5kxye,d9535f6e91d66993418fe2e3b934486d,8IqlCQUz92pfe9BWFgXB,1723237579315,True,https://transform.roboflow.com/8IqlCQUz92pfe9BWFgXB/d9535f6e91d66993418fe2e3b934486d/thumb.jpg,60164,f179c3928ac251b880b5df0c4cf1f670f24f00e331e8750d15c85753c2468d98,Cabinet-shelf,images/Cabinet-shelf/objects365_v1_00487026.jpg
objects365_v1_00487027.jpg,train,Other Fish,awdAFbBkekEWwVUU78p8,2d7a2eae9744e52561fa671304cc2ab8,8IqlCQUz92pfe9BWFgXB,1723237579568,True,https://transform.roboflow.com/8IqlCQUz92pfe9BWFgXB/2d7a2eae9744e52561fa671304cc2ab8/thumb.jpg,95958,a79cce6543ab97c7f498f25a7716cb12a1eaa4c51011180b8de777866e8c3426,Other Fish,images/Other-Fish/objects365_v1_00487027.jpg
objects365_v1_00487028.jpg,train,Bed;Chair;Lamp;Nightstand;Picture-Frame;Pillow;Radiator,iPB1nf45glHBInjszY60,e46fc3840701eb73bffe4a5f9b62e792,8IqlCQUz92pfe9BWFgXB,1723237579772,True,https://transform.roboflow.com/8IqlCQUz92pfe9BWFgXB/e46fc3840701eb73bffe4a5f9b62e792/thumb.jpg,38181,19a143cdef0152e286ea414d456558988d0fbf4c26a33da81a5a484f516d9e0b,Bed,images/Bed/objects365_v1_00487028.jpg
objects365_v1_00487029.jpg,train,Bottle;Cabinet-shelf;Cup;Faucet;Mirror;Power outlet;Sink;Toilet;Toiletry;Towel,JRaM4Lh3OJm3uEjs51FF,7a435f91eaeb3a08ffc81fc4c2bba55e,8IqlCQUz92pfe9BWFgXB,1723237579772,True,https://transform.roboflow.com/8IqlCQUz92pfe9BWFgXB/7a435f91eaeb3a08ffc81fc4c2bba55e/thumb.jpg,35362,40121cded2437a41b66b3ee5dbb32cb5f078a651396bfa2a2803a5037d546ee4,Bottle,images/Bottle/objects365_v1_00487029.jpg
objects365_v1_00487030.jpg,train,Camera;Handbag-Satchel;Lamp;Lantern;Person,W8AsTniX1Y2fIturrQRl,2be04f0e924f851ee4de2fd105e7b6cf,8IqlCQUz92pfe9BWFgXB,1723237579315,True,https://transform.roboflow.com/8IqlCQUz92pfe9BWFgXB/2be04f0e924f851ee4de2fd105e7b6cf/thumb.jpg,71594,3ee9fa947a86abc52bd845f2031f65e101075a648149cf9b1e2217b273e2009b,Camera,images/Camera/objects365_v1_00487030.jpg
objects365_v1_00487031.jpg,train,Chair;Desk;Lamp;Potted Plant;Umbrella,8i9wJ0AntAO0DmLCa17Q,b245d03a5c63ccf34d8b3f0e993abb20,8IqlCQUz92pfe9BWFgXB,1723237579492,True,https://transform.roboflow.com/8IqlCQUz92pfe9BWFgXB/b245d03a5c63ccf34d8b3f0e993abb20/thumb.jpg,56062,65ff9e7c03b7803f1a02e628c2141db19b5d09978d4668fce1ed64c60659a98e,Chair,images/Chair/objects365_v1_00487031.jpg
objects365_v1_00487032.jpg,train,Baseball;Baseball Glove;Belt;Hat;Person;Sneakers,6bzfBaRKYZjAJteJWr7R,7354375800162da299f1f4021757ee31,8IqlCQUz92pfe9BWFgXB,1723237579492,True,https://transform.roboflow.com/8IqlCQUz92pfe9BWFgXB/7354375800162da299f1f4021757ee31/thumb.jpg,66122,957376f3032af4fa707b3b7cc809ccc13c755b866a9fa9d836cbdb0d25ca5a13,Baseball,images/Baseball/objects365_v1_00487032.jpg
objects365_v1_00487033.jpg,train,Gloves;Helmet;Person;Sneakers,0pBCM68Sb1laVH8DeUzg,b2608f665d044777ddc75b10d4b419b1,8IqlCQUz92pfe9BWFgXB,1723237579315,True,https://transform.roboflow.com/8IqlCQUz92pfe9BWFgXB/b2608f665d044777ddc75b10d4b419b1/thumb.jpg,69248,6272ffda6cb6f59ae14270b1d415eff6dcb6c7f55db95e1fa068f6ba8ffafd1f,Gloves,images/Gloves/objects365_v1_00487033.jpg
objects365_v1_00487034.jpg,train,Car;Fire Truck;Person;SUV;Stop Sign;Street Lights,SV4nd6weGlZgBlAaKSfY,e6271174b233772724ede03b34a2d075,8IqlCQUz92pfe9BWFgXB,1723237579568,True,https://transform.roboflow.com/8IqlCQUz92pfe9BWFgXB/e6271174b233772724ede03b34a2d075/thumb.jpg,69663,537607e6f28f22192a25caa7859f7fe1a23f9ceb20d9c02fb678724f7dc3e09a,Car,images/Car/objects365_v1_00487034.jpg
objects365_v1_00487035.jpg,train,Basket;Bed;Binoculars;Book;Bottle;Cabinet-shelf;Carpet;Chair;Cup;Hat;Lifesaver;Monitor-TV;Person;Picture-Frame;Pillow;Sailboat;Sandals,P4Bhe05Z7gEQJ9cTxAtn,cf4b1983d803f99d8fdbcef03aa00851,8IqlCQUz92pfe9BWFgXB,1723237579568,True,https://transform.roboflow.com/8IqlCQUz92pfe9BWFgXB/cf4b1983d803f99d8fdbcef03aa00851/thumb.jpg,47583,2f009740d910eb9344489519441417dc282846e61796b8e520a9fc366837fffa,Basket,images/Basket/objects365_v1_00487035.jpg
objects365_v1_00487036.jpg,train,Cello;Guitar;Leather Shoes;Microphone;Person;Speaker,B2ryfzwZkCDdT69w1S4n,ceb889994ac557804ae3557b129d0969,8IqlCQUz92pfe9BWFgXB,1723237579568,True,https://transform.roboflow.com/8IqlCQUz92pfe9BWFgXB/ceb889994ac557804ae3557b129d0969/thumb.jpg,50381,ef7cf1a896f79f561a7215fd33dd30cc20d484fab34d0d1c95ae6f0e4ded8744,Cello,images/Cello/objects365_v1_00487036.jpg
objects365_v1_00487037.jpg,train,Bowl-Basin;Cabinet-shelf;Canned;Lamp;Microwave;Picture-Frame,h0aDyULk1pnqaxdNMUTD,2f7b3ae6fec5bc059141976902b0ff09,8IqlCQUz92pfe9BWFgXB,1723237579769,True,https://transform.roboflow.com/8IqlCQUz92pfe9BWFgXB/2f7b3ae6fec5bc059141976902b0ff09/thumb.jpg,31899,c0ce9ff9e2fea8326e728d4425564e4785a45ed0a9cf87afe9d13b06d3538243,Bowl-Basin,images/Bowl-Basin/objects365_v1_00487037.jpg
objects365_v1_00487038.jpg,train,Bench;Car;Flower;Handbag-Satchel;Person;Street Lights;Trash bin Can;Vase,HNXmlrnLf1WExdCjQET4,b60e83864134d919f42fd1ef1dd8b965,8IqlCQUz92pfe9BWFgXB,1723237579769,True,https://transform.roboflow.com/8IqlCQUz92pfe9BWFgXB/b60e83864134d919f42fd1ef1dd8b965/thumb.jpg,52871,58c0305dc771577a62dd07e36ebdc4495de4cd00a6ffaf61211478d26b22c0fa,Bench,images/Bench/objects365_v1_00487038.jpg
objects365_v1_00487039.jpg,train,Barrel-bucket;Car;Cup;Glasses;Hat;Motorcycle;Person;Sneakers;Trash bin Can,vQdodllLX7UtLwiYC5Rf,76c2eb98f25510abcb5251660786574e,8IqlCQUz92pfe9BWFgXB,1723237579769,True,https://transform.roboflow.com/8IqlCQUz92pfe9BWFgXB/76c2eb98f25510abcb5251660786574e/thumb.jpg,40263,e726186397a10dea57fab75cf640025a5cb2618828a74b4b8ad051b82eb28686,Barrel-bucket,images/Barrel-bucket/objects365_v1_00487039.jpg
objects365_v1_00487040.jpg,train,Book;Cup;Glasses;Microphone;Pen-Pencil;Person;Tie,kQotElHjqZ6pHbQkXB7X,b8baeedef041c71b039dfd279bfd0db9,8IqlCQUz92pfe9BWFgXB,1723237579772,True,https://transform.roboflow.com/8IqlCQUz92pfe9BWFgXB/b8baeedef041c71b039dfd279bfd0db9/thumb.jpg,59438,fdcb64358a916752882953b8a08e5fb1f99a61d1e7782a79996c77ad55226713,Book,images/Book/objects365_v1_00487040.jpg
objects365_v1_00487041.jpg,train,Bathtub;Cabinet-shelf;Chair;Faucet;Lamp;Mirror;Person;Picture-Frame;Sink;Stool;Trash bin Can,nQgEdwKsjBlI3MXJjLHP,b32f207005bb19c1835d92e0381de14a,8IqlCQUz92pfe9BWFgXB,1723237579772,True,https://transform.roboflow.com/8IqlCQUz92pfe9BWFgXB/b32f207005bb19c1835d92e0381de14a/thumb.jpg,47470,a5dc112ba8e0392f46fa01e721a5a65a43d1219b18146e4d69ea30cd368934ad,Bathtub,images/Bathtub/objects365_v1_00487041.jpg
objects365_v1_00487042.jpg,train,Car;Fire Extinguisher;Fire Truck;Ladder;Street Lights;Trash bin Can;Van,efymMIpRPlfQou7q3s0y,929655c655a60ec6c32d551d354915ee,8IqlCQUz92pfe9BWFgXB,1723237579982,True,https://transform.roboflow.com/8IqlCQUz92pfe9BWFgXB/929655c655a60ec6c32d551d354915ee/thumb.jpg,46048,a06fa3f3e928b6d0d9470be3b364358bbbe76e85418124ffc7e41cbf4a842694,Car,images/Car/objects365_v1_00487042.jpg
objects365_v1_00487043.jpg,train,Person,KREVKXXar9v9fNuFwdqS,be3a8bc8eabf5378c54e6747b54da01d,8IqlCQUz92pfe9BWFgXB,1723237579982,True,https://transform.roboflow.com/8IqlCQUz92pfe9BWFgXB/be3a8bc8eabf5378c54e6747b54da01d/thumb.jpg,24862,8c2d744692b5ba37d18fef262942729f39e6d17e7f78ef964848c11a2bb46363,Person,images/Person/objects365_v1_00487043.jpg
objects365_v1_00487047.jpg,train,Basket;Book;Cabinet-shelf;Chair;Desk;Keyboard;Lamp;Monitor-TV;Mouse;Picture-Frame;Potted Plant;Storage box,0QtjmdTPW7uwqJxz1HA4,d235d3fa7adfc3632ac54f709030dcef,8IqlCQUz92pfe9BWFgXB,1723237579492,True,https://transform.roboflow.com/8IqlCQUz92pfe9BWFgXB/d235d3fa7adfc3632ac54f709030dcef/thumb.jpg,41536,ff2ce449cc1415721313f46f7f73411682a1a543deb0cb41f0644e82bf012da6,Basket,images/Basket/objects365_v1_00487047.jpg
objects365_v1_00487048.jpg,train,Bottle;Chair;Cup;Desk;Fork;Handbag-Satchel;Person;Spoon;Umbrella;Wine Glass,jad4jYe1piBk1YTw9AOn,47413ff4541ee2358cc9fbcab88a3dc8,8IqlCQUz92pfe9BWFgXB,1723237579492,True,https://transform.roboflow.com/8IqlCQUz92pfe9BWFgXB/47413ff4541ee2358cc9fbcab88a3dc8/thumb.jpg,80964,feb57a71dd2fca02c81eeb0388081caa0e0cf68ee7de01b4f18b0afaf5138cfc,Bottle,images/Bottle/objects365_v1_00487048.jpg
objects365_v1_00487051.jpg,train,Gloves;Helmet;Hockey Stick;Person;Sneakers,NSyk68wkGtfy9Ame6zav,db771deed54d2650b988fcc7bd2763d9,8IqlCQUz92pfe9BWFgXB,1723237579492,True,https://transform.roboflow.com/8IqlCQUz92pfe9BWFgXB/db771deed54d2650b988fcc7bd2763d9/thumb.jpg,118939,f2b472384fcf7a7f9c3d089388f138e4e7aa04d34acef71cdd7ebde7ad67d3f2,Gloves,images/Gloves/objects365_v1_00487051.jpg
objects365_v1_00487052.jpg,train,Car;Fire Hydrant;Person;Potted Plant;SUV;Street Lights;Traffic Light;Traffic Sign,DmtrX9L19JQDgwRxBTB2,bcd0c9aa996685ccfd7fd9217c926350,8IqlCQUz92pfe9BWFgXB,1723237579492,True,https://transform.roboflow.com/8IqlCQUz92pfe9BWFgXB/bcd0c9aa996685ccfd7fd9217c926350/thumb.jpg,66541,deb6d766da148bc1881747a74c76fefd2efe9f1d022dbf21411a5bf294dfe8ed,Car,images/Car/objects365_v1_00487052.jpg
objects365_v1_00487054.jpg,train,Boots;Glasses;Gloves;Hat;Person,rvPx36U9yOri9dfk8wvx,938ff82b6b6b4a503454773024b2dc08,8IqlCQUz92pfe9BWFgXB,1723237579769,True,https://transform.roboflow.com/8IqlCQUz92pfe9BWFgXB/938ff82b6b6b4a503454773024b2dc08/thumb.jpg,44013,f8cd7f0fa5208ebf474ee2935e7e9eb48b93a0d134360b6c75195cc2d2a41359,Boots,images/Boots/objects365_v1_00487054.jpg
objects365_v1_00487056.jpg,train,Faucet;Mirror;Sink;Toilet;Towel,9sEjfyZwz7X7obFDcqsw,5eed16f6f4efaa573e847f75074b21c7,8IqlCQUz92pfe9BWFgXB,1723237579829,True,https://transform.roboflow.com/8IqlCQUz92pfe9BWFgXB/5eed16f6f4efaa573e847f75074b21c7/thumb.jpg,42342,519d97918aa48b45daa1df8f6db4103fedebec74e8c7b0d95cd4be6c219d9b09,Faucet,images/Faucet/objects365_v1_00487056.jpg
objects365_v1_00487057.jpg,train,Book;Chair;Desk;Head Phone;Monitor-TV;Mouse;Person;Ring;Speaker,dBW9cAaiqLfpfVbjx3Y6,29f73b698b8afced9afd29a09f13985d,8IqlCQUz92pfe9BWFgXB,1723237579829,True,https://transform.roboflow.com/8IqlCQUz92pfe9BWFgXB/29f73b698b8afced9afd29a09f13985d/thumb.jpg,58293,9e8a2e9c30de160c3ab7fafe0039cf0034ad08fd5ee665488c325f9848c14554,Book,images/Book/objects365_v1_00487057.jpg
objects365_v1_00487059.jpg,train,Cell Phone;Necklace;Person;Stuffed Toy,DDVFC3GSrJUIUwgVpeVd,3116fe6fbc9b383d26c3f07e57533fdf,8IqlCQUz92pfe9BWFgXB,1723237579829,True,https://transform.roboflow.com/8IqlCQUz92pfe9BWFgXB/3116fe6fbc9b383d26c3f07e57533fdf/thumb.jpg,50032,5dc668fe1d223020898bac468f8b17445de25ac1ccf8dfd7f694add384ed28a5,Cell Phone,images/Cell-Phone/objects365_v1_00487059.jpg
objects365_v1_00487060.jpg,train,Bed;Bench;Desk;Fan;Lamp;Nightstand;Person;Picture-Frame;Pillow,O0mGUxRmCjX1W3OLXjJZ,6eb7893106189812e43a6ce4b28a8731,8IqlCQUz92pfe9BWFgXB,1723237579829,True,https://transform.roboflow.com/8IqlCQUz92pfe9BWFgXB/6eb7893106189812e43a6ce4b28a8731/thumb.jpg,40832,c8fdd9a3023817a8dada9ff27555c9ec9d7314ff438313ff97422f9631586875,Bed,images/Bed/objects365_v1_00487060.jpg
objects365_v1_00487061.jpg,train,Bed;Bottle;Chair;Desk;Picture-Frame;Pillow,uwX5xT5dgwrwMMgk6kdr,da7c47a886c4c542ff1f9701d99c38bf,8IqlCQUz92pfe9BWFgXB,1723237579829,True,https://transform.roboflow.com/8IqlCQUz92pfe9BWFgXB/da7c47a886c4c542ff1f9701d99c38bf/thumb.jpg,59733,074580c3de8e4a67ec317a4f3162a6b3b244e9f84a2fffde3d61a205e1e2f886,Bed,images/Bed/objects365_v1_00487061.jpg
objects365_v1_00487062.jpg,train,Airplane;Chair;Helmet;Person;Sneakers;Sports Car,k44cEcIvMo77Ga3LiRuR,29488c25aa5aca51093df9678c6a7a70,8IqlCQUz92pfe9BWFgXB,1723237579982,True,https://transform.roboflow.com/8IqlCQUz92pfe9BWFgXB/29488c25aa5aca51093df9678c6a7a70/thumb.jpg,50070,d4173108d868ee237dede704a8d037cfd82fdd4e5f4ba359a0477892cece6b0e,Airplane,images/Airplane/objects365_v1_00487062.jpg
objects365_v1_00487063.jpg,train,Boots;Helmet;Machinery Vehicle;Microphone;Person;Tripod,P0W6P9igFVEiDNS1fjsA,6f6297b034ca98b496a70b31739aaa23,8IqlCQUz92pfe9BWFgXB,1723237579829,True,https://transform.roboflow.com/8IqlCQUz92pfe9BWFgXB/6f6297b034ca98b496a70b31739aaa23/thumb.jpg,73032,071ad73a14c7e9f48638518297a1eeee0fef0531854c6eb6126a30d48bd305ad,Boots,images/Boots/objects365_v1_00487063.jpg
objects365_v1_00487064.jpg,train,Car;Handbag-Satchel;Person;Truck,1tJrzEKrgJcAlqBf7ilC,246892b92ba72dbc2fd1d12213f93a13,8IqlCQUz92pfe9BWFgXB,1723237580046,True,https://transform.roboflow.com/8IqlCQUz92pfe9BWFgXB/246892b92ba72dbc2fd1d12213f93a13/thumb.jpg,61526,b77e5d8e19a009e76bf333edfdb5ea86818862377f72379e415098aa0bf86831,Car,images/Car/objects365_v1_00487064.jpg
objects365_v1_00487065.jpg,train,Barrel-bucket;Gloves;Hat;Helmet;Person;Sneakers,ZBxXDH9uRlTOxSueqk3Q,9544acc1c49ee8af7495c47bb72db9f5,8IqlCQUz92pfe9BWFgXB,1723237580046,True,https://transform.roboflow.com/8IqlCQUz92pfe9BWFgXB/9544acc1c49ee8af7495c47bb72db9f5/thumb.jpg,65063,49b24944749a813979c4cfd3f4bf7db27702a7a556a647638ba39e6b6fdbcf43,Barrel-bucket,images/Barrel-bucket/objects365_v1_00487065.jpg
objects365_v1_00487066.jpg,train,Bed;Carpet;Lamp;Nightstand;Pillow;Towel,JXpIIDVdmFA6ExYC3spJ,ba7afecf1fc8afd11d5523b50982209b,8IqlCQUz92pfe9BWFgXB,1723237579982,True,https://transform.roboflow.com/8IqlCQUz92pfe9BWFgXB/ba7afecf1fc8afd11d5523b50982209b/thumb.jpg,53829,defddea368fa44d933dc21b4d573a24ad4888969c358ad189b1da58924ada410,Bed,images/Bed/objects365_v1_00487066.jpg
objects365_v1_00487067.jpg,train,Glasses;Person;Stool,f4LYEtUmxe1BeSLxtQ6Q,0f5189fa05f17e03df9879d70e776d05,8IqlCQUz92pfe9BWFgXB,1723237579982,True,https://transform.roboflow.com/8IqlCQUz92pfe9BWFgXB/0f5189fa05f17e03df9879d70e776d05/thumb.jpg,45720,1ffba8d7c6ea62a2937e777eac68cef8e99d4a70385032cc356bf443d1289d0a,Glasses,images/Glasses/objects365_v1_00487067.jpg
objects365_v1_00487070.jpg,train,Car;Chair;Handbag-Satchel;Lamp;Person;Sneakers;Van,EpyMqYTHcS9uYuYXLPwV,2ee56ee03e342217954b8957137f6172,8IqlCQUz92pfe9BWFgXB,1723237580164,True,https://transform.roboflow.com/8IqlCQUz92pfe9BWFgXB/2ee56ee03e342217954b8957137f6172/thumb.jpg,54768,7ab262896193651d48ac2f7ed64eda5cfb36dd7687c4d4e54e02723445d79ecd,Car,images/Car/objects365_v1_00487070.jpg
objects365_v1_00487071.jpg,train,Person,SQ086mrZKvpvpo45lk7R,7a25d5f5ad3150ee240db6daddd6e3af,8IqlCQUz92pfe9BWFgXB,1723237579982,True,https://transform.roboflow.com/8IqlCQUz92pfe9BWFgXB/7a25d5f5ad3150ee240db6daddd6e3af/thumb.jpg,77875,8bd0f8f1871b94638200fe13208fa245ef098ec27f70c66f6af0e4c64fb75c1c,Person,images/Person/objects365_v1_00487071.jpg
objects365_v1_00487072.jpg,train,Air Conditioner;Bracelet;Flag;Flower;Person;Potted Plant;Vase,K7QTSQ2vN5qIB9EGyHQM,3088fdefc9dd06a73c39bbdc8e52ce7d,8IqlCQUz92pfe9BWFgXB,1723237579984,True,https://transform.roboflow.com/8IqlCQUz92pfe9BWFgXB/3088fdefc9dd06a73c39bbdc8e52ce7d/thumb.jpg,108887,0ad315900d2be5f4f34886c41fe7807a534401947785a64b52af2265dbe8b9e8,Air Conditioner,images/Air-Conditioner/objects365_v1_00487072.jpg
objects365_v1_00487073.jpg,train,Chair;Handbag-Satchel;Monitor-TV;Person;Sneakers,bVImJD3FUUXYHZJGW2gK,402256a51851571dfb2e996f1f8ebf68,8IqlCQUz92pfe9BWFgXB,1723237579769,True,https://transform.roboflow.com/8IqlCQUz92pfe9BWFgXB/402256a51851571dfb2e996f1f8ebf68/thumb.jpg,92259,da9b9ba472b877ada59b2a8c1da0c9aee4addbc885dbf4e3edc8cf2be7e52616,Chair,images/Chair/objects365_v1_00487073.jpg
objects365_v1_00487074.jpg,train,Backpack;Bottle;Carpet;Chair;Cup;Desk;Handbag-Satchel;Hanger;Lamp;Laptop;Monitor-TV,OCuNnH1MZ8ply1JqEpGT,752df6d1be058002d143334f215170c8,8IqlCQUz92pfe9BWFgXB,1723237579769,True,https://transform.roboflow.com/8IqlCQUz92pfe9BWFgXB/752df6d1be058002d143334f215170c8/thumb.jpg,71185,7f7cb81fb12a298196a3403457739128a6cc1114f77518abdbbe6ca3b4bcccca,Backpack,images/Backpack/objects365_v1_00487074.jpg
objects365_v1_00487075.jpg,train,Clock;Flower;Potted Plant;Vase,7KjHJqWQbV4ENPrSUIJ9,c775328cbd48dae5409805290a897a19,8IqlCQUz92pfe9BWFgXB,1723237579769,True,https://transform.roboflow.com/8IqlCQUz92pfe9BWFgXB/c775328cbd48dae5409805290a897a19/thumb.jpg,100925,a5a5b0910ebae8f813190757de6c096138fb53ce7818ee925c0ee4ee9d2d0bb4,Clock,images/Clock/objects365_v1_00487075.jpg
objects365_v1_00487076.jpg,train,Book;Bracelet;Cabinet-shelf;Cup;Desk;Paint Brush;Pen-Pencil;Person,X0G8AtheD4ocOFyjqj1I,c5604121db475ff19f44e725cf027ca5,8IqlCQUz92pfe9BWFgXB,1723237579769,True,https://transform.roboflow.com/8IqlCQUz92pfe9BWFgXB/c5604121db475ff19f44e725cf027ca5/thumb.jpg,52657,1d35f603b2fb77a92d55b7fc1e07cacc9d657abadccaf8941d991aa46b27a3c8,Book,images/Book/objects365_v1_00487076.jpg
objects365_v1_00487077.jpg,train,Chair;Desk,LtJkn3mCLFvm3jcmp6fF,94729a178ee5cad433f15bda9b49688d,8IqlCQUz92pfe9BWFgXB,1723237579953,True,https://transform.roboflow.com/8IqlCQUz92pfe9BWFgXB/94729a178ee5cad433f15bda9b49688d/thumb.jpg,105894,04d20c8f7da06c613bdc511c33f9f7e85776c10b20a49869bcb9b0b9e8ff842e,Chair,images/Chair/objects365_v1_00487077.jpg
objects365_v1_00487078.jpg,train,Desk;Hat;Knife;Person;Ring,IdNnNoABPlpu79G7b0Il,5ceec9fa3d3ceacc74d6a8a29f790991,8IqlCQUz92pfe9BWFgXB,1723237579953,True,https://transform.roboflow.com/8IqlCQUz92pfe9BWFgXB/5ceec9fa3d3ceacc74d6a8a29f790991/thumb.jpg,56099,76e438eecad8a3f4f619f4f998f993e30f016a5a09c01010caea5e0b3ab29893,Desk,images/Desk/objects365_v1_00487078.jpg
objects365_v1_00487080.jpg,train,Baseball Glove;Bench;Hat;Helmet;Person;Sneakers,VBFW93HD27TRatdtsfKh,f3ea8366db31626668ec90ad775a1e25,8IqlCQUz92pfe9BWFgXB,1723237579953,True,https://transform.roboflow.com/8IqlCQUz92pfe9BWFgXB/f3ea8366db31626668ec90ad775a1e25/thumb.jpg,38284,6af314f08e8d720d5bf2f793abbe72ac17871dd583eb1ddd2aa6e6e2473f284a,Baseball Glove,images/Baseball-Glove/objects365_v1_00487080.jpg
objects365_v1_00487081.jpg,train,Bench;Carpet;Chair;Desk;Flower;Monitor-TV;Person;Picture-Frame;Telephone;Vase,uNacqdTn3wZyG5EvnvUk,3123d98b58c81022384b0dce2f518f52,8IqlCQUz92pfe9BWFgXB,1723237579953,True,https://transform.roboflow.com/8IqlCQUz92pfe9BWFgXB/3123d98b58c81022384b0dce2f518f52/thumb.jpg,57900,949e6879f14013f32bf2ce0014efb683d47e9cb1614106ba10ed4ccda5968388,Bench,images/Bench/objects365_v1_00487081.jpg
objects365_v1_00487082.jpg,train,Bench;Car;Dog;Glasses;Handbag-Satchel;Hat;Person;Watch,NgJ4fm6aPKSyhORXRUGa,eb962f2a952e9704bb29994931c8ed53,8IqlCQUz92pfe9BWFgXB,1723237579953,True,https://transform.roboflow.com/8IqlCQUz92pfe9BWFgXB/eb962f2a952e9704bb29994931c8ed53/thumb.jpg,51807,3b67d934ab9af62ad8e26b1607c12ceeac22f0c15e8ff4fab596abe3df51ead2,Bench,images/Bench/objects365_v1_00487082.jpg
objects365_v1_00487083.jpg,train,Camera;Handbag-Satchel;Hat;Lamp;Person,mzRbwlftEJ6rh9YY2Ogj,e3fe8ae2233ebb506d4abeb529553c7e,8IqlCQUz92pfe9BWFgXB,1723237579953,True,https://transform.roboflow.com/8IqlCQUz92pfe9BWFgXB/e3fe8ae2233ebb506d4abeb529553c7e/thumb.jpg,51058,ff5c5a5c3a40a0265f7359bb20b1bb49c3a426ef51092514d543413459d56643,Camera,images/Camera/objects365_v1_00487083.jpg
objects365_v1_00487084.jpg,train,Cabinet-shelf;Chair;Glasses;Hat;Lamp;Person;Picture-Frame,zYtM4Gmo5kgY8k0JqTub,1d6fb9cfebc42a624b705c9dbf0add4a,8IqlCQUz92pfe9BWFgXB,1723237580164,True,https://transform.roboflow.com/8IqlCQUz92pfe9BWFgXB/1d6fb9cfebc42a624b705c9dbf0add4a/thumb.jpg,63316,eb6dafedb5d860b59d3c9791b5dca11c9d9568d23fab84ac5d43c3ab246011b4,Cabinet-shelf,images/Cabinet-shelf/objects365_v1_00487084.jpg
objects365_v1_00487086.jpg,train,Barrel-bucket;Flower;Ladder;Street Lights;Vase,lTRrOu6yQSGCPbIhGocl,371dfc7db6a88ec41c87d78d57cd344a,8IqlCQUz92pfe9BWFgXB,1723237580164,True,https://transform.roboflow.com/8IqlCQUz92pfe9BWFgXB/371dfc7db6a88ec41c87d78d57cd344a/thumb.jpg,61859,362c89eedbfcd12787e6fdf53796f615766cbd9c1c86dedd47d0eef53fff98a2,Barrel-bucket,images/Barrel-bucket/objects365_v1_00487086.jpg
objects365_v1_00487088.jpg,train,Chair;Person,UmbKpwr2krDsHOGaEfxX,20a9aa50693d50b8306c421cf8613fc8,8IqlCQUz92pfe9BWFgXB,1723237579984,True,https://transform.roboflow.com/8IqlCQUz92pfe9BWFgXB/20a9aa50693d50b8306c421cf8613fc8/thumb.jpg,37633,1b4667df6b69ade593563fecd2a9db00350917c0148ff6dd5ee4c9998c50c785,Chair,images/Chair/objects365_v1_00487088.jpg
objects365_v1_00487089.jpg,train,Bracelet;Person,526KV6W9ernLLApjcqhB,953b05de616c8c928ebd659ea7c0564b,8IqlCQUz92pfe9BWFgXB,1723237579984,True,https://transform.roboflow.com/8IqlCQUz92pfe9BWFgXB/953b05de616c8c928ebd659ea7c0564b/thumb.jpg,51211,6e8a9471080230c0590072d3e5b2267770a783e8887a9957eaf11bd8b2337d3d,Bracelet,images/Bracelet/objects365_v1_00487089.jpg
objects365_v1_00487090.jpg,train,Belt;Book;Chair;Cup;Desk;Lamp;Laptop;Person;Picture-Frame;Power outlet,Sq7JOu3ARXObHVixLUTM,03eaaa821160f6ccca6ed28df37be840,8IqlCQUz92pfe9BWFgXB,1723237579984,True,https://transform.roboflow.com/8IqlCQUz92pfe9BWFgXB/03eaaa821160f6ccca6ed28df37be840/thumb.jpg,51871,d87f50f681298d972ad9c25fd72bbfeead411fcc7d3a47082cfd587f5d335c90,Belt,images/Belt/objects365_v1_00487090.jpg
objects365_v1_00487091.jpg,train,Camera;Glasses;Gloves;Hat;Person,fG3qZOoWkjKdQNupc5Il,4206c3c75dfb635a4755d7a698856f86,8IqlCQUz92pfe9BWFgXB,1723237580214,True,https://transform.roboflow.com/8IqlCQUz92pfe9BWFgXB/4206c3c75dfb635a4755d7a698856f86/thumb.jpg,86388,12b79b72cb152005312faed40edf307fb95577de3ee060d69e442d392db7c0e7,Camera,images/Camera/objects365_v1_00487091.jpg
objects365_v1_00487093.jpg,train,Bench;Candle;Lamp;Person,HpLefS3uU9xDgSceEdyX,abcb30e5ad04ccdeeb14623d0c71f623,8IqlCQUz92pfe9BWFgXB,1723237579984,True,https://transform.roboflow.com/8IqlCQUz92pfe9BWFgXB/abcb30e5ad04ccdeeb14623d0c71f623/thumb.jpg,96630,2f8e6546237c9a69780fd61fa5ffb1ac0660fd65f0c4b8ee239b1e7619dc4921,Bench,images/Bench/objects365_v1_00487093.jpg
objects365_v1_00487094.jpg,train,Chair,CkdzY1GuyXJQAW6LfL7D,038653985569080fcb6b6186623d53f4,8IqlCQUz92pfe9BWFgXB,1723237580214,True,https://transform.roboflow.com/8IqlCQUz92pfe9BWFgXB/038653985569080fcb6b6186623d53f4/thumb.jpg,46074,30007f063ddaff7654b4dd07f57530d4b325e20023b3f30ae971fef70b40e687,Chair,images/Chair/objects365_v1_00487094.jpg
objects365_v1_00487095.jpg,train,Handbag-Satchel;Lamp;Leather Shoes;Person;Sneakers,IgWw8Y2hsGzLpg5DJFdi,e2d55fdbe42609102cbebc26bf1b8eff,8IqlCQUz92pfe9BWFgXB,1723237580214,True,https://transform.roboflow.com/8IqlCQUz92pfe9BWFgXB/e2d55fdbe42609102cbebc26bf1b8eff/thumb.jpg,68553,3276eb31e93365c68084bd3f876ba99430b1007e3c07a0099ab2320c8c5a04ca,Handbag-Satchel,images/Handbag-Satchel/objects365_v1_00487095.jpg
objects365_v1_00487096.jpg,train,Glasses;Handbag-Satchel;Hat;Leather Shoes;Person;Ring;Sneakers,dipQMw4Em9iNxhB7OXht,f46feb932190c353c60a86badd9029fe,8IqlCQUz92pfe9BWFgXB,1723237580171,True,https://transform.roboflow.com/8IqlCQUz92pfe9BWFgXB/f46feb932190c353c60a86badd9029fe/thumb.jpg,49424,89f4320e9894947013e64e2dbb35a3af4502f9521478f2c88c16b81d27ff3353,Glasses,images/Glasses/objects365_v1_00487096.jpg
objects365_v1_00487097.jpg,train,Book;Converter;Glasses;Monitor-TV;Necklace;Person;Sneakers,fIwDJ8FvAr5N93KXcurU,239b4d7cb1afb8f32c42dfd372083e2a,8IqlCQUz92pfe9BWFgXB,1723237580164,True,https://transform.roboflow.com/8IqlCQUz92pfe9BWFgXB/239b4d7cb1afb8f32c42dfd372083e2a/thumb.jpg,57129,b9cc0b2cfe20db90326244514e22e9001eef26582dfdd9163ac8182fea390582,Book,images/Book/objects365_v1_00487097.jpg
objects365_v1_00487098.jpg,train,Bathtub;Cabinet-shelf;Carpet;Faucet;Mirror;Sink;Toiletry;Towel,44GekYQKETaaIt1ACZUx,0bfc32b9ee6622c30f8d677984f836d4,8IqlCQUz92pfe9BWFgXB,1723237580164,True,https://transform.roboflow.com/8IqlCQUz92pfe9BWFgXB/0bfc32b9ee6622c30f8d677984f836d4/thumb.jpg,33687,6617c76af57585b7bf3ae0ac4e87ad10be4f24d32190bf2aacd05588ebb5cfc2,Bathtub,images/Bathtub/objects365_v1_00487098.jpg
objects365_v1_00487099.jpg,train,Bench;Chair;Desk;Flower;Person;Picture-Frame;Vase,t0c0iLGggfuv4hdQe7Y2,cd50f3044b8da19a37c4fd27433f47d4,8IqlCQUz92pfe9BWFgXB,1723237580171,True,https://transform.roboflow.com/8IqlCQUz92pfe9BWFgXB/cd50f3044b8da19a37c4fd27433f47d4/thumb.jpg,55798,f8f313c7a9d0d693502b21d49a5f8e2cc649cd56e161372d937b6b87d05faeeb,Bench,images/Bench/objects365_v1_00487099.jpg
objects365_v1_00487100.jpg,train,Book;Cabinet-shelf;Flag;Lamp;Person;Ring,4RIk9P045hd9yzgLoGOx,d7e4c13f7fa603b1f7b2d6c7a0935f0d,8IqlCQUz92pfe9BWFgXB,1723237580171,True,https://transform.roboflow.com/8IqlCQUz92pfe9BWFgXB/d7e4c13f7fa603b1f7b2d6c7a0935f0d/thumb.jpg,60396,374906553a0ecb65575397a4d28d6d1451659c8cb7496155ebf6b4c46262c0e9,Book,images/Book/objects365_v1_00487100.jpg
objects365_v1_00487102.jpg,train,Gloves;Hat;Person;Sneakers,fgw3SQyMusHnIQGsmDQu,26034b3cc4c36d9964997ed07d6b2e20,8IqlCQUz92pfe9BWFgXB,1723237580171,True,https://transform.roboflow.com/8IqlCQUz92pfe9BWFgXB/26034b3cc4c36d9964997ed07d6b2e20/thumb.jpg,44326,6e8297e22c61f6e3553b10161c4f7914291911b1854073f7b7f6961a064b71cd,Gloves,images/Gloves/objects365_v1_00487102.jpg
objects365_v1_00487103.jpg,train,Book;Cabinet-shelf;Carpet;Cup;Monitor-TV;Person;Picture-Frame;Wine Glass,5FWIVkAJjeKBxNPJ7RXS,70508cedf30fe0c6c16f057d7030b14b,8IqlCQUz92pfe9BWFgXB,1723237580171,True,https://transform.roboflow.com/8IqlCQUz92pfe9BWFgXB/70508cedf30fe0c6c16f057d7030b14b/thumb.jpg,52058,5c1371d3c53c5e7daf2d7343f01781ba0b14b907cdf8347016df790ad430be10,Book,images/Book/objects365_v1_00487103.jpg
objects365_v1_00487104.jpg,train,Flag;Hat;Person;Sneakers,2sWMx1ZcNSXzbeN96sg0,c86cc071d1f59e5414533eb29bd0516c,8IqlCQUz92pfe9BWFgXB,1723237580171,True,https://transform.roboflow.com/8IqlCQUz92pfe9BWFgXB/c86cc071d1f59e5414533eb29bd0516c/thumb.jpg,76565,b4ba0eadea58a9d0ae0fe776815f99a7ffe44131cbd98fdffd067bb9eb284fc7,Flag,images/Flag/objects365_v1_00487104.jpg
objects365_v1_00487105.jpg,train,Car;Chair;Glasses;Leather Shoes;Person;Sandals;Tie;Tripod,MyCyAE4gmax0GbHsudC6,10467cc324d730c9a40b97dea9acf22e,8IqlCQUz92pfe9BWFgXB,1723237580046,True,https://transform.roboflow.com/8IqlCQUz92pfe9BWFgXB/10467cc324d730c9a40b97dea9acf22e/thumb.jpg,52554,bb05a891931086871615c6620ab37de776b234c0cab0e9ed7840f76a0e84a220,Car,images/Car/objects365_v1_00487105.jpg
objects365_v1_00487106.jpg,train,Backpack;Belt;Bottle;Camera;Cell Phone;Glasses;Person,R7z64uHQaXoAMZJORsU4,21d32d7e438b7fe30369c558f377f689,8IqlCQUz92pfe9BWFgXB,1723237580046,True,https://transform.roboflow.com/8IqlCQUz92pfe9BWFgXB/21d32d7e438b7fe30369c558f377f689/thumb.jpg,53378,f1c39ebbcdeafa13581deca66f8d40fc27b68b645d827bb0666a460a337293f2,Backpack,images/Backpack/objects365_v1_00487106.jpg
objects365_v1_00487107.jpg,train,Airplane;Backpack;Boots;Bottle;Glasses;Hat;Person;Rickshaw;Sneakers,ZbLixWDtv0BkWOjmnibd,88d23cb1a489adc2d9cb964027935ae2,8IqlCQUz92pfe9BWFgXB,1723237580046,True,https://transform.roboflow.com/8IqlCQUz92pfe9BWFgXB/88d23cb1a489adc2d9cb964027935ae2/thumb.jpg,51982,74f4e9383300f4497082214a6df9273229564d9f21672bce3ef79a9047b1e814,Airplane,images/Airplane/objects365_v1_00487107.jpg
objects365_v1_00487108.jpg,train,Airplane;Gloves;Handbag-Satchel;Helmet;Leather Shoes;Person,Pg1GCVMDPIXLz58eakkq,06967d36ab59b81401afc5daba133b68,8IqlCQUz92pfe9BWFgXB,1723237580214,True,https://transform.roboflow.com/8IqlCQUz92pfe9BWFgXB/06967d36ab59b81401afc5daba133b68/thumb.jpg,69683,7e5a4a7e9d301bfe4b56aef2e3d5d28fb14408a905208e2a82a834bd1250a4dc,Airplane,images/Airplane/objects365_v1_00487108.jpg
objects365_v1_00487110.jpg,train,Bench;Flower,w3ld04mTZnZp31PA1jDI,7c300d9b9d657ecd1bcbcc163e542ea0,8IqlCQUz92pfe9BWFgXB,1723237580214,True,https://transform.roboflow.com/8IqlCQUz92pfe9BWFgXB/7c300d9b9d657ecd1bcbcc163e542ea0/thumb.jpg,56562,bb0e865c5c64ca4ec4108e4694223aaef65440f88fbdc8afde74a9f1c0668a0c,Bench,images/Bench/objects365_v1_00487110.jpg
objects365_v1_00487111.jpg,train,Belt;Bus;Car;Desk;Handbag-Satchel;Hat;Leather Shoes;Person;Sneakers;Street Lights;Tie;Traffic Light,IKoaX5ZjEq57eT53bwT3,80b3f66b14d1a768b4f0e76fa348a587,8IqlCQUz92pfe9BWFgXB,1723237580376,True,https://transform.roboflow.com/8IqlCQUz92pfe9BWFgXB/80b3f66b14d1a768b4f0e76fa348a587/thumb.jpg,59498,ba8cbd47bde1f14804d906cedf2216089a1424d64654c26ac34edf1de0a14b27,Belt,images/Belt/objects365_v1_00487111.jpg
objects365_v1_00487113.jpg,train,Bed;Book;Chair;Desk;Lamp;Picture-Frame;Pillow;Telephone,tdrVNdgZxMujU3vmhDAD,c055207d1bf57df14e3d5a2587e4d815,8IqlCQUz92pfe9BWFgXB,1723237580376,True,https://transform.roboflow.com/8IqlCQUz92pfe9BWFgXB/c055207d1bf57df14e3d5a2587e4d815/thumb.jpg,36237,7295e35b1f597e46a3c59849a11b86123d37d9516e126b9b62e005bc71c85022,Bed,images/Bed/objects365_v1_00487113.jpg
objects365_v1_00487114.jpg,train,Bed;Person;Stuffed Toy,so64dCjCXm8E0CNzRupk,e8dba729824d40d11ed4666de3739612,8IqlCQUz92pfe9BWFgXB,1723237580046,True,https://transform.roboflow.com/8IqlCQUz92pfe9BWFgXB/e8dba729824d40d11ed4666de3739612/thumb.jpg,44194,e8dec03100b41d103784f42417baa9edd4b4e2ef424f25e3daf1a705f0b56e71,Bed,images/Bed/objects365_v1_00487114.jpg
objects365_v1_00487116.jpg,train,Gun;Person,qcgyKsMCU9R1jRneBhtL,b7a78c222c472c36d34168533805e5ed,8IqlCQUz92pfe9BWFgXB,1723237580473,True,https://transform.roboflow.com/8IqlCQUz92pfe9BWFgXB/b7a78c222c472c36d34168533805e5ed/thumb.jpg,56021,34b36cd88d287ef578b52c1d282e39b83788d7de1c642a8f0c8d0744ebc7e0c1,Gun,images/Gun/objects365_v1_00487116.jpg
objects365_v1_00487119.jpg,train,Bottle;Guitar;Microphone;Person;Sneakers;Speaker,WrVsAIXGis3dI9X8eB7a,c14e9891397a3504e2b4d9f1e8788738,8IqlCQUz92pfe9BWFgXB,1723237580473,True,https://transform.roboflow.com/8IqlCQUz92pfe9BWFgXB/c14e9891397a3504e2b4d9f1e8788738/thumb.jpg,28628,72ed78497f1b59f4dc426ba2705c94f575f13000f59108e5d7a50a77a0629ca6,Bottle,images/Bottle/objects365_v1_00487119.jpg
objects365_v1_00487120.jpg,train,Cake,mwCzKixJpdtfmGIwLfW2,0bff1ec2ab8f7d0d9223f20dae41f1e9,8IqlCQUz92pfe9BWFgXB,1723237580473,True,https://transform.roboflow.com/8IqlCQUz92pfe9BWFgXB/0bff1ec2ab8f7d0d9223f20dae41f1e9/thumb.jpg,39542,b29e54c4a23ab16018c10d547d4f0e9c7d4e064621a2353581298650580cb5c0,Cake,images/Cake/objects365_v1_00487120.jpg
objects365_v1_00487121.jpg,train,Bicycle;Bracelet;Car;Chair;Gas stove;Hat;Person;Tea pot;Truck,d6jPMpwXqx3BTDTzHmPA,bd24290baf13bf87af2b31446ed472db,8IqlCQUz92pfe9BWFgXB,1723237580473,True,https://transform.roboflow.com/8IqlCQUz92pfe9BWFgXB/bd24290baf13bf87af2b31446ed472db/thumb.jpg,68418,c3bb6734ceb4b0b020f9620a416d36455af4799bedd9b626906426eee91b38d8,Bicycle,images/Bicycle/objects365_v1_00487121.jpg
objects365_v1_00487122.jpg,train,Chair;Potted Plant,xUp5s6naIcwvNGfVdhk3,bdfc6fe47d2744d7cb90d909667324de,8IqlCQUz92pfe9BWFgXB,1723237580473,True,https://transform.roboflow.com/8IqlCQUz92pfe9BWFgXB/bdfc6fe47d2744d7cb90d909667324de/thumb.jpg,65751,2b4dccf6865209dfd9a863b986eb7d5037c52edd83c59fbc6c5be5a220cfa77f,Chair,images/Chair/objects365_v1_00487122.jpg
objects365_v1_00487127.jpg,train,Gloves;Helmet;Hockey Stick;Person;Sneakers,HjaCYtcgqrsaJXyNfiS8,ee66af184b71d0d994e80104560834f5,8IqlCQUz92pfe9BWFgXB,1723237580272,True,https://transform.roboflow.com/8IqlCQUz92pfe9BWFgXB/ee66af184b71d0d994e80104560834f5/thumb.jpg,47106,8c2ee37ba0db36f74cd30262ebffe341d55716440e76156fb75cff0750a6671c,Gloves,images/Gloves/objects365_v1_00487127.jpg
objects365_v1_00487128.jpg,train,Car;Chair;Glasses;Hat;Person;Slippers;Sneakers;Van,ZC6Cr9gIJU4QsEzCUaUm,7cc533eac1b873168a374fbbf722c867,8IqlCQUz92pfe9BWFgXB,1723237580383,True,https://transform.roboflow.com/8IqlCQUz92pfe9BWFgXB/7cc533eac1b873168a374fbbf722c867/thumb.jpg,79088,4ab6e49d2c8b53707a2ad4441208957c06f075294f1b5b8eacbecbbaa53299ba,Car,images/Car/objects365_v1_00487128.jpg
objects365_v1_00487129.jpg,train,Chair;Lamp;Person;Potted Plant;Speaker,0TfX1jlZMPIuO19ZtycU,52e43cba8eaf4b208281d8d72fc9722e,8IqlCQUz92pfe9BWFgXB,1723237580383,True,https://transform.roboflow.com/8IqlCQUz92pfe9BWFgXB/52e43cba8eaf4b208281d8d72fc9722e/thumb.jpg,128493,65f141579ed0bedcb47459109820baf717f163cdf92f40142e13348fdb3c4ef9,Chair,images/Chair/objects365_v1_00487129.jpg
objects365_v1_00487130.jpg,train,Bracelet;Camera;Handbag-Satchel;Person,Hxpi50qIuP6xiyyVezMu,54cbc9a5783a25f260e8c91334653c8a,8IqlCQUz92pfe9BWFgXB,1723237580383,True,https://transform.roboflow.com/8IqlCQUz92pfe9BWFgXB/54cbc9a5783a25f260e8c91334653c8a/thumb.jpg,39083,3aae09f7fd2e6930935927512b99d63c8fadaf39c074a035c3b4052af9fc91b5,Bracelet,images/Bracelet/objects365_v1_00487130.jpg
objects365_v1_00487131.jpg,train,Belt;Cabinet-shelf;Person;Sneakers;Storage box;Trash bin Can,lydePRcIPGVcRMluHz0V,71f5bd57a823a9afc2b2a734b5dffca3,8IqlCQUz92pfe9BWFgXB,1723237580642,True,https://transform.roboflow.com/8IqlCQUz92pfe9BWFgXB/71f5bd57a823a9afc2b2a734b5dffca3/thumb.jpg,56718,344619c912d5c217e6ad6fdd8360404bdda4c39debad4ba9cf7c8476a09c8cd6,Belt,images/Belt/objects365_v1_00487131.jpg
objects365_v1_00487132.jpg,train,Handbag-Satchel;Hat;Lantern;Person;Sneakers;Stuffed Toy,Rl6pRQAQn6ywuVx5ObCZ,9b2ff7d4575b3f2e0a812fad5b9a9da9,8IqlCQUz92pfe9BWFgXB,1723237580383,True,https://transform.roboflow.com/8IqlCQUz92pfe9BWFgXB/9b2ff7d4575b3f2e0a812fad5b9a9da9/thumb.jpg,60350,dc73685360bf2e730bd835e0989d8ff8ee86a77a289ffde84e4aa80a994f1e84,Handbag-Satchel,images/Handbag-Satchel/objects365_v1_00487132.jpg
objects365_v1_00487134.jpg,train,Chair;Flower;Napkin;Plate;Spoon;Vase;Wine Glass,SHLNzA7AKaf5Ucl5Qe9k,ec2e0ff7cbfd343ef420c37742ba656c,8IqlCQUz92pfe9BWFgXB,1723237580376,True,https://transform.roboflow.com/8IqlCQUz92pfe9BWFgXB/ec2e0ff7cbfd343ef420c37742ba656c/thumb.jpg,62416,2e4fd79f79ccec9f0245bdcb8817b9802ad46e29a8f863ae4fe9efa32be934fa,Chair,images/Chair/objects365_v1_00487134.jpg
objects365_v1_00487135.jpg,train,Bench;Bracelet;Handbag-Satchel;Leather Shoes;Motorcycle;Person;Trolley,vgv5ptvZGcXEnxF1fvoa,88af95ff781953db3e525045eea7c0bf,8IqlCQUz92pfe9BWFgXB,1723237580636,True,https://transform.roboflow.com/8IqlCQUz92pfe9BWFgXB/88af95ff781953db3e525045eea7c0bf/thumb.jpg,69006,4e979d55e15ac68a53faed5c396c1273217e76a9dc2a06f8f95be3c40b1dbb30,Bench,images/Bench/objects365_v1_00487135.jpg
objects365_v1_00487136.jpg,train,Bowl-Basin;Cake;Candy;Cup;Grape;Kiwi fruit;Lettuce;Orange-Tangerine;Person;Plate;Spoon;Strawberry;Toilet Paper,jjw3Bo9zUw6HWwLcxW2t,e534160c9806056e56c4844a2260cc9e,8IqlCQUz92pfe9BWFgXB,1723237580272,True,https://transform.roboflow.com/8IqlCQUz92pfe9BWFgXB/e534160c9806056e56c4844a2260cc9e/thumb.jpg,67507,aa8df961e6b4bfa1e7d85c16063043968c8809490d08d7054c4416df335743fe,Bowl-Basin,images/Bowl-Basin/objects365_v1_00487136.jpg
objects365_v1_00487140.jpg,train,Gloves;Person;Sneakers;Soccer,SNUlpphCOUMbYWwAPZjZ,15fed814f8f25fa8c22cccce4478d0d4,8IqlCQUz92pfe9BWFgXB,1723237580272,True,https://transform.roboflow.com/8IqlCQUz92pfe9BWFgXB/15fed814f8f25fa8c22cccce4478d0d4/thumb.jpg,79187,651e5c454a7fd2d42e0d76536d897550adb10a1d044aa361bb69f7a29ddbb200,Gloves,images/Gloves/objects365_v1_00487140.jpg
objects365_v1_00487141.jpg,train,Bench;Bottle;Flag;Glasses;Handbag-Satchel;Hat;Person;Sneakers;Street Lights,2xVlJXArc7mz8x7znmMm,076b2690d867b2c7bbce4a3bd396995c,8IqlCQUz92pfe9BWFgXB,1723237580272,True,https://transform.roboflow.com/8IqlCQUz92pfe9BWFgXB/076b2690d867b2c7bbce4a3bd396995c/thumb.jpg,68643,005c307a46518f0de9815f848fc6aa572954c75ab6c02cebdcfcf07a8d5c3efc,Bench,images/Bench/objects365_v1_00487141.jpg
objects365_v1_00487142.jpg,train,Book;Cell Phone;Chair;Glasses;Person;Umbrella,apE1EIB537jzw7naUDpB,cc3122351db34983947f72ae16ce0a5a,8IqlCQUz92pfe9BWFgXB,1723237580523,True,https://transform.roboflow.com/8IqlCQUz92pfe9BWFgXB/cc3122351db34983947f72ae16ce0a5a/thumb.jpg,53771,fe22a5c4ed68f6a2dd811402c8e9a3b774639ccaed7deb3d47a545ba5c8a21bf,Book,images/Book/objects365_v1_00487142.jpg
objects365_v1_00487143.jpg,train,Airplane;Car;Person;SUV;Street Lights;Truck,znvDYq2CZtu6dtSvyXeP,a78a3ebf4394246e9f32e23fd90815ee,8IqlCQUz92pfe9BWFgXB,1723237580523,True,https://transform.roboflow.com/8IqlCQUz92pfe9BWFgXB/a78a3ebf4394246e9f32e23fd90815ee/thumb.jpg,51017,2ab034896ff77a0da81a90f7647afb67bb47e0005e85bc802d13781b563f9e0b,Airplane,images/Airplane/objects365_v1_00487143.jpg
objects365_v1_00487146.jpg,train,Bracelet;High Heels;Person;Sandals;Sneakers;Street Lights,BZFu4XpFJcABTBvDClNj,02a0f570bcdfb75b6b017f9c4192f3ae,8IqlCQUz92pfe9BWFgXB,1723237580272,True,https://transform.roboflow.com/8IqlCQUz92pfe9BWFgXB/02a0f570bcdfb75b6b017f9c4192f3ae/thumb.jpg,70122,750baded237ad29f66d172739d7a6b743cfedb89b4c2871b28c1a4cd8a6fd560,Bracelet,images/Bracelet/objects365_v1_00487146.jpg
objects365_v1_00487148.jpg,train,Bottle;Cabinet-shelf;Chair;Cup;Desk;Glasses;Hammer;Person;Storage box,fid5iieC6lNBw2IkHD4w,ec80a434c43e32793c1a286ead2a1835,8IqlCQUz92pfe9BWFgXB,1723237580642,True,https://transform.roboflow.com/8IqlCQUz92pfe9BWFgXB/ec80a434c43e32793c1a286ead2a1835/thumb.jpg,62656,6b5753155103f3a7128c0d78dfe95f8d9b5d1ad36370206661fcc362389988c3,Bottle,images/Bottle/objects365_v1_00487148.jpg
objects365_v1_00487149.jpg,train,Golf Club;Hat;Person;Sneakers;Watch,9JNZTIkAu2WKPROUABjn,e06a5148bfb74f1d9b874ddedd18ef8e,8IqlCQUz92pfe9BWFgXB,1723237580642,True,https://transform.roboflow.com/8IqlCQUz92pfe9BWFgXB/e06a5148bfb74f1d9b874ddedd18ef8e/thumb.jpg,82430,0619e5e634b92bad2c1035be06e9fb62bf507317be323b28510a816384120b89,Golf Club,images/Golf-Club/objects365_v1_00487149.jpg
objects365_v1_00487150.jpg,train,Dog;Handbag-Satchel;Hat;Person;Sneakers,1rBPN0S0OR2bzr5xTYCP,9c8facb5b9301175c3b720f741eb7877,8IqlCQUz92pfe9BWFgXB,1723237580636,True,https://transform.roboflow.com/8IqlCQUz92pfe9BWFgXB/9c8facb5b9301175c3b720f741eb7877/thumb.jpg,54214,bc38adccd4b82c42ba162c4d5d012fea78c2635e1778b821fb95c5fbcd53438d,Dog,images/Dog/objects365_v1_00487150.jpg
objects365_v1_00487152.jpg,train,Book;Cabinet-shelf;Handbag-Satchel;Leather Shoes;Person,gcTxg2C9vhi3ig2L4atT,718be6460b69d2a3c1034d2a70ea7f44,8IqlCQUz92pfe9BWFgXB,1723237580636,True,https://transform.roboflow.com/8IqlCQUz92pfe9BWFgXB/718be6460b69d2a3c1034d2a70ea7f44/thumb.jpg,52793,0bd4108c79a46ee364e0a7e147e5f191e074efd52af448e9c2d7b7aabba28f94,Book,images/Book/objects365_v1_00487152.jpg
objects365_v1_00487153.jpg,train,Boat;Lamp,YLEvchxe5uQ5Zf9UmzF1,f147cdbf8c71a0173c59b3af9da37956,8IqlCQUz92pfe9BWFgXB,1723237580376,True,https://transform.roboflow.com/8IqlCQUz92pfe9BWFgXB/f147cdbf8c71a0173c59b3af9da37956/thumb.jpg,101159,f7d779a3abe1ba3931d1c77e39d4c974b61a55bbf98d4e58d0abe1f52db65109,Boat,images/Boat/objects365_v1_00487153.jpg
objects365_v1_00487154.jpg,train,Bottle;Chair;Person,lgPzeBYfUkKnArYWIWCb,5712ceddd3d9536e7e60ad2d75ed6712,8IqlCQUz92pfe9BWFgXB,1723237580642,True,https://transform.roboflow.com/8IqlCQUz92pfe9BWFgXB/5712ceddd3d9536e7e60ad2d75ed6712/thumb.jpg,70265,faabe6f721db4cc12af892a2f8ca80c1ada4681790bd9beca43f805188065802,Bottle,images/Bottle/objects365_v1_00487154.jpg
objects365_v1_00487155.jpg,train,Cabinet-shelf;Chair;Helmet;Monitor-TV;Person;Sneakers;Trash bin Can,79ilX6uoIta0XJtX1CM8,2597c727b785e0b109e0c2ba124fbd2f,8IqlCQUz92pfe9BWFgXB,1723237580642,True,https://transform.roboflow.com/8IqlCQUz92pfe9BWFgXB/2597c727b785e0b109e0c2ba124fbd2f/thumb.jpg,67170,b63430e0c262417319274e899e7792a738d3f6eba5a24ed6ac0da1e63b26b966,Cabinet-shelf,images/Cabinet-shelf/objects365_v1_00487155.jpg
objects365_v1_00487157.jpg,train,Car;Flag;Person;Potted Plant;SUV;Street Lights,SFaSJAMhCfQoAbcNxErY,2946ac4d4e50f6d97a0459fdfa7a3d73,8IqlCQUz92pfe9BWFgXB,1723237580642,True,https://transform.roboflow.com/8IqlCQUz92pfe9BWFgXB/2946ac4d4e50f6d97a0459fdfa7a3d73/thumb.jpg,65627,199330bfbb172d0135f50d65e739cf5392af3cb9b0a4c8b903938282b289a52a,Car,images/Car/objects365_v1_00487157.jpg
objects365_v1_00487159.jpg,train,Cell Phone;Hat;Leather Shoes;Person;Ring,I4xJVSsSNLohRpHJIQt3,30e8bee5f3685ae1e3efe46f501058ac,8IqlCQUz92pfe9BWFgXB,1723237580682,True,https://transform.roboflow.com/8IqlCQUz92pfe9BWFgXB/30e8bee5f3685ae1e3efe46f501058ac/thumb.jpg,44937,23588ea4803b53a7925f8327722b88d0f4d8679417ca2f6ef2260b71f2f44703,Cell Phone,images/Cell-Phone/objects365_v1_00487159.jpg
objects365_v1_00487161.jpg,train,Barrel-bucket;Bottle;Bread;Glasses;Hat;Hot dog;Lamp;Microwave;Person;Picture-Frame;Trash bin Can,knbk1L5waDulvH11t6at,d769c732e62e38cc4f625bf28d2cc891,8IqlCQUz92pfe9BWFgXB,1723237580523,True,https://transform.roboflow.com/8IqlCQUz92pfe9BWFgXB/d769c732e62e38cc4f625bf28d2cc891/thumb.jpg,53823,4db73ab3b3b2e816ef2f0f5301bacde7a1a5724e612e894c9ed61d9d3b1209ef,Barrel-bucket,images/Barrel-bucket/objects365_v1_00487161.jpg
objects365_v1_00487162.jpg,train,Backpack;Handbag-Satchel;Hat;High Heels;Leather Shoes;Person;Train,32TNlkKnJp2kYMkXAfem,3cc2471671e01b256767416e4f519bbe,8IqlCQUz92pfe9BWFgXB,1723237580756,True,https://transform.roboflow.com/8IqlCQUz92pfe9BWFgXB/3cc2471671e01b256767416e4f519bbe/thumb.jpg,54967,d425a1caef4761ee316e520b742a348dcfed075e1d22fd2769eae1344159ac8e,Backpack,images/Backpack/objects365_v1_00487162.jpg
objects365_v1_00487165.jpg,train,Car;Hat;Person;Street Lights,tOgBW1fkhLxLBEC9yWn0,f1e4990382fd46a32e0f6e6efd2bada8,8IqlCQUz92pfe9BWFgXB,1723237580523,True,https://transform.roboflow.com/8IqlCQUz92pfe9BWFgXB/f1e4990382fd46a32e0f6e6efd2bada8/thumb.jpg,57576,4f1a463aed7880825846621898dfd479b813459e4d96bf4093824df0ca398899,Car,images/Car/objects365_v1_00487165.jpg
objects365_v1_00487166.jpg,train,Cabinet-shelf;Handbag-Satchel;Person;Watch,L6I1dq4U3zFwP2LaTkJ3,e75d141d67f74df7cf4f70b5a694f448,8IqlCQUz92pfe9BWFgXB,1723237580756,True,https://transform.roboflow.com/8IqlCQUz92pfe9BWFgXB/e75d141d67f74df7cf4f70b5a694f448/thumb.jpg,52342,3584ac633e0a9c233ce0c99b0674cb0b4856e3a3d31cd360b007b9e2c13586ba,Cabinet-shelf,images/Cabinet-shelf/objects365_v1_00487166.jpg
objects365_v1_00487167.jpg,train,Backpack;Hat;Person;Sneakers,Afr82mUlZXqNLkbYf27h,39e65587ccf7e0022da534739b8f04e3,8IqlCQUz92pfe9BWFgXB,1723237580756,True,https://transform.roboflow.com/8IqlCQUz92pfe9BWFgXB/39e65587ccf7e0022da534739b8f04e3/thumb.jpg,104043,eeb171c67de1e6c7bffc5347ebd84a964fc3f1498dd678a5910bfedce36d1891,Backpack,images/Backpack/objects365_v1_00487167.jpg
objects365_v1_00487169.jpg,train,Bottle;Cabinet-shelf;Cup;Desk;Hammer;Paint Brush;Pen-Pencil;Person;Picture-Frame;Potted Plant;Scissors;Tape Measure-Ruler,XieTQ4ooqhyTrzkPkmZD,764ba38cf5dd020040efa3582e7063dc,8IqlCQUz92pfe9BWFgXB,1723237580682,True,https://transform.roboflow.com/8IqlCQUz92pfe9BWFgXB/764ba38cf5dd020040efa3582e7063dc/thumb.jpg,73948,2ce88aa943273ed852f9ed94c9b65e3cd6f820efe0cd50169fddf6aa84dc09bb,Bottle,images/Bottle/objects365_v1_00487169.jpg
objects365_v1_00487170.jpg,train,Chair;Gloves;Leather Shoes;Monitor-TV;Person;Tripod,zljj1c3nNOc7lZacWaVF,4d0b26a4a82a93745616df688695e3ff,8IqlCQUz92pfe9BWFgXB,1723237580682,True,https://transform.roboflow.com/8IqlCQUz92pfe9BWFgXB/4d0b26a4a82a93745616df688695e3ff/thumb.jpg,61448,290fd73ba65ba114eeb9cb543900566d1d8a808ec2d72990aab29c31c10600d0,Chair,images/Chair/objects365_v1_00487170.jpg
objects365_v1_00487171.jpg,train,Bracelet;Cup;Handbag-Satchel;Person,DDznUHPUerJj6nfU1Afg,97a88868d3389cf36317cd21bbd12eef,8IqlCQUz92pfe9BWFgXB,1723237580682,True,https://transform.roboflow.com/8IqlCQUz92pfe9BWFgXB/97a88868d3389cf36317cd21bbd12eef/thumb.jpg,58355,573f965f6ec32ff3a22badfacffb4b3afe3ed451e0c89e340136b20c02571292,Bracelet,images/Bracelet/objects365_v1_00487171.jpg
objects365_v1_00487172.jpg,train,Car;Handbag-Satchel;High Heels;Luggage;Person;Street Lights,lJ2wsEKBAO57Kp1CiXQz,f62d689c74b3de8bb805b67c7ac8c07b,8IqlCQUz92pfe9BWFgXB,1723237580970,True,https://transform.roboflow.com/8IqlCQUz92pfe9BWFgXB/f62d689c74b3de8bb805b67c7ac8c07b/thumb.jpg,66447,50d866d4b32eeb4d6a0a66bba87f981ea5849b40eb37e141f7d09eaa6c404d27,Car,images/Car/objects365_v1_00487172.jpg
objects365_v1_00487174.jpg,train,Candle;Carpet;Lamp;Person;Stool,hkvZMqJiD0BCUd3NQnuB,2ddd6b54731678ead5399dccec72397f,8IqlCQUz92pfe9BWFgXB,1723237580682,True,https://transform.roboflow.com/8IqlCQUz92pfe9BWFgXB/2ddd6b54731678ead5399dccec72397f/thumb.jpg,75780,c9e272bcd363a4eb95c373a9f2fc72fe9f61330fe28363d5c60707238d232d3e,Candle,images/Candle/objects365_v1_00487174.jpg
objects365_v1_00487175.jpg,train,Bracelet;Cabinet-shelf;Pen-Pencil;Person;Sneakers,id1j4SSPUoM8mcRfkdsV,ef1ce79f2d8f21f66e882cdad799af01,8IqlCQUz92pfe9BWFgXB,1723237581058,True,https://transform.roboflow.com/8IqlCQUz92pfe9BWFgXB/ef1ce79f2d8f21f66e882cdad799af01/thumb.jpg,51523,fc8ba5644728b5259c7091b2c9ac405d4a741b296ef74951ec9ef2d8ab5859e7,Bracelet,images/Bracelet/objects365_v1_00487175.jpg
objects365_v1_00487177.jpg,train,Flag;Person;Trash bin Can;Van,IUo7wThSXFhM2PSg761w,5ea75f58c8e6da40703edd0780090423,8IqlCQUz92pfe9BWFgXB,1723237580756,True,https://transform.roboflow.com/8IqlCQUz92pfe9BWFgXB/5ea75f58c8e6da40703edd0780090423/thumb.jpg,63549,b7eca0386ec4019d638d361f29441154df63baf9427321518bd1c10f2999de16,Flag,images/Flag/objects365_v1_00487177.jpg
objects365_v1_00487178.jpg,train,Book;Chair;Cup;Desk;Glasses;Microphone;Person;Tie,IFYO5ypaYJKMvM4WF5cR,e089739dbd7498224a9cb1c030498045,8IqlCQUz92pfe9BWFgXB,1723237580756,True,https://transform.roboflow.com/8IqlCQUz92pfe9BWFgXB/e089739dbd7498224a9cb1c030498045/thumb.jpg,52179,525d1754380edd30c63837d5e0088db9e6a2e8f5e2fb0083c446b35249af4996,Book,images/Book/objects365_v1_00487178.jpg
objects365_v1_00487179.jpg,train,Flower;Ladder;Person;Vase,bg9VN5UgZ2om0SaJWQ04,98dc16a0d517ac9b4ad7e4b68a11d204,8IqlCQUz92pfe9BWFgXB,1723237580636,True,https://transform.roboflow.com/8IqlCQUz92pfe9BWFgXB/98dc16a0d517ac9b4ad7e4b68a11d204/thumb.jpg,88816,d31d9683cf4b7b7455b8457643dba87bd55f97f63e9de8db66ff86de0caf736f,Flower,images/Flower/objects365_v1_00487179.jpg
objects365_v1_00487180.jpg,train,Book;Chair;Desk;Motorcycle;Person;Picture-Frame;Potted Plant,Y2tltg8tOubIY10tkZYR,edecc25b0a2b512b987caaebd07a551e,8IqlCQUz92pfe9BWFgXB,1723237580756,True,https://transform.roboflow.com/8IqlCQUz92pfe9BWFgXB/edecc25b0a2b512b987caaebd07a551e/thumb.jpg,60896,4a2848535f5d8f6bead2ef38f072e34fdbc41f867acb914f62b9853d3de944b3,Book,images/Book/objects365_v1_00487180.jpg
objects365_v1_00487181.jpg,train,Bench;Bottle;Bracelet;Cup;Desk;Handbag-Satchel;Hat;Person;Plate;Pot;Slippers;Sneakers,Sz5aXqSt8YFlTKTzrdaO,255aaf7ac22f97644b0c11b5deb3d53a,8IqlCQUz92pfe9BWFgXB,1723237581058,True,https://transform.roboflow.com/8IqlCQUz92pfe9BWFgXB/255aaf7ac22f97644b0c11b5deb3d53a/thumb.jpg,78778,e4803c37b0d6334b1135b3eb0f067d6dca03390baee913bfe17cf7f6f182f04b,Bench,images/Bench/objects365_v1_00487181.jpg
objects365_v1_00487182.jpg,train,Cabinet-shelf;Monitor-TV;Person,ruukdA888zN2N5blf6fJ,826648a620af82a35f3f432a699764cb,8IqlCQUz92pfe9BWFgXB,1723237580636,True,https://transform.roboflow.com/8IqlCQUz92pfe9BWFgXB/826648a620af82a35f3f432a699764cb/thumb.jpg,59135,f580afba3a4f9cb7a8d0427f4f74b5196f6b2bef26087042229b9c81c8be5a0f,Cabinet-shelf,images/Cabinet-shelf/objects365_v1_00487182.jpg
objects365_v1_00487193.jpg,train,Chair;Desk;Lamp;Person,GnosOdP5eYWpfHcI08xt,d18173f35437fcd60390201c7483da6f,8IqlCQUz92pfe9BWFgXB,1723237580642,True,https://transform.roboflow.com/8IqlCQUz92pfe9BWFgXB/d18173f35437fcd60390201c7483da6f/thumb.jpg,48601,84340ec5f8e47c9b3044570d225c1607fa6609e4700a53bb162096694cbad39e,Chair,images/Chair/objects365_v1_00487193.jpg
objects365_v1_00487194.jpg,train,Barrel-bucket;Bicycle;Chair;Dog;Flower;Handbag-Satchel;Lamp;Leather Shoes;Person;Vase,DgMiR5hjnBMVJxijaoWc,bea474f7a0cb44f422ac175444444767,8IqlCQUz92pfe9BWFgXB,1723237580863,True,https://transform.roboflow.com/8IqlCQUz92pfe9BWFgXB/bea474f7a0cb44f422ac175444444767/thumb.jpg,65687,21922fbad6d2bd300b476367fa81fc643421867bdbffeac0176f3760c1e7d9fe,Barrel-bucket,images/Barrel-bucket/objects365_v1_00487194.jpg
objects365_v1_00487195.jpg,train,Backpack;Desk;Dog;Handbag-Satchel;Hat;Ladder;Person;Sneakers,JRD6yDqk4eVVDRaxDfzZ,82aaa5f74d5ce6b1c5b94bcce4dd3442,8IqlCQUz92pfe9BWFgXB,1723237580863,True,https://transform.roboflow.com/8IqlCQUz92pfe9BWFgXB/82aaa5f74d5ce6b1c5b94bcce4dd3442/thumb.jpg,81588,a73fd11273ed36a1a249d24b02cb0d081ce8c19a5d3c58ae59be71e585e70e94,Backpack,images/Backpack/objects365_v1_00487195.jpg
objects365_v1_00487196.jpg,train,Backpack;Bicycle;Boots;Handbag-Satchel;Person;Sneakers;Traffic Sign,mzBF9U1D99vE2tzZhtAi,426edc1e9dcf11e8b53435833fa500ce,8IqlCQUz92pfe9BWFgXB,1723237580970,True,https://transform.roboflow.com/8IqlCQUz92pfe9BWFgXB/426edc1e9dcf11e8b53435833fa500ce/thumb.jpg,69869,2d05e2ea216a138c32c1709b2c5054a26cc33f95f2232aea9bb1ed4f5c387ea6,Backpack,images/Backpack/objects365_v1_00487196.jpg
objects365_v1_00487197.jpg,train,Banana;Book;Cabinet-shelf;Chair;Desk;Lamp;Microwave;Mirror;Monitor-TV;Person;Picture-Frame;Potted Plant;Printer,dRiWjEy4v3jBwcTslDDU,dfe781accd240de778ac0a24ee385d4d,8IqlCQUz92pfe9BWFgXB,1723237580970,True,https://transform.roboflow.com/8IqlCQUz92pfe9BWFgXB/dfe781accd240de778ac0a24ee385d4d/thumb.jpg,56116,1a6c42f62e2835e527674bf764f05a9a6fb323aa508ce756da78df7132b13b72,Banana,images/Banana/objects365_v1_00487197.jpg
objects365_v1_00487198.jpg,train,Cabinet-shelf;Cutting-chopping Board;Lamp;Monitor-TV;Person;Power outlet;Scale,9JZyYJF8ySnGakKTKVQr,3bb7bcdfe5112296405083c4597c3f8a,8IqlCQUz92pfe9BWFgXB,1723237580970,True,https://transform.roboflow.com/8IqlCQUz92pfe9BWFgXB/3bb7bcdfe5112296405083c4597c3f8a/thumb.jpg,70486,04069a332849bb7ff42794ac6cb791bf78a25f9259026247eb45fb526199d82f,Cabinet-shelf,images/Cabinet-shelf/objects365_v1_00487198.jpg
objects365_v1_00487199.jpg,train,Bicycle;Bottle;Glasses;Handbag-Satchel;Helmet;Person;Sneakers,3X84qhgU8QQXadlcZpZN,8e92feb1aab025137c3e47ec07525b3f,8IqlCQUz92pfe9BWFgXB,1723237580970,True,https://transform.roboflow.com/8IqlCQUz92pfe9BWFgXB/8e92feb1aab025137c3e47ec07525b3f/thumb.jpg,78215,7b532cc35189789ca3752ab675fa2d51f50852664c612b8edad2ad2d7f45c539,Bicycle,images/Bicycle/objects365_v1_00487199.jpg
objects365_v1_00487200.jpg,train,Book;Cabinet-shelf;Chair;Desk;Lamp;Person,DGGqMLd3An6GMTGcZqz3,acedefb64372da24eef68615ace9a7f4,8IqlCQUz92pfe9BWFgXB,1723237580970,True,https://transform.roboflow.com/8IqlCQUz92pfe9BWFgXB/acedefb64372da24eef68615ace9a7f4/thumb.jpg,59817,ce718a2e36f8a8d7e7ceb561cef50730d7e883fdd11af7527e1f9852d874b9c8,Book,images/Book/objects365_v1_00487200.jpg
objects365_v1_00487201.jpg,train,Camera;Handbag-Satchel;Hat;Person,xTGjQdD8Qx8RPe8mkqZf,a7183310ceab3328ac69bd13aeeaa276,8IqlCQUz92pfe9BWFgXB,1723237580636,True,https://transform.roboflow.com/8IqlCQUz92pfe9BWFgXB/a7183310ceab3328ac69bd13aeeaa276/thumb.jpg,56872,bf6dd8dbaa52e6c38c7c348883aef68a6eeafeaed44c946b74fe321ab850c9d6,Camera,images/Camera/objects365_v1_00487201.jpg
objects365_v1_00487202.jpg,train,Air Conditioner;Bed;Lamp;Picture-Frame;Pillow,3mS9Jj1PFkBSKEEsUpV3,35789cc3d44b15a3cc07a8ebdfb2b7a6,8IqlCQUz92pfe9BWFgXB,1723237580636,True,https://transform.roboflow.com/8IqlCQUz92pfe9BWFgXB/35789cc3d44b15a3cc07a8ebdfb2b7a6/thumb.jpg,60017,215b14f9caf212f1e7a93c34246bf68718c94ab198b277db6bee44c4a9db11bf,Air Conditioner,images/Air-Conditioner/objects365_v1_00487202.jpg
objects365_v1_00487206.jpg,train,Person;Sports Car,KlhJG5p9r3wqGPzMNSA1,7596019f86e661e6c3d7c1d2b902ebc5,8IqlCQUz92pfe9BWFgXB,1723237580864,True,https://transform.roboflow.com/8IqlCQUz92pfe9BWFgXB/7596019f86e661e6c3d7c1d2b902ebc5/thumb.jpg,45558,13a0bd31b67d3230daa6da73c38e197588fec9ba0e929bf39227b6ac5a52f33a,Person,images/Person/objects365_v1_00487206.jpg
objects365_v1_00487207.jpg,train,Bench;Carpet;Chair;Lamp;Mirror;Radiator,JiM9AuFe2WWP76hkdWjH,d074e6bf5d6257c57aad50987db5e0c0,8IqlCQUz92pfe9BWFgXB,1723237581058,True,https://transform.roboflow.com/8IqlCQUz92pfe9BWFgXB/d074e6bf5d6257c57aad50987db5e0c0/thumb.jpg,48707,0446b401ac227bc027c95fcf0f55b34af8cc7ee9431e89ae15bfaa0dfb697b28,Bench,images/Bench/objects365_v1_00487207.jpg
objects365_v1_00487210.jpg,train,Chair;Gloves;Handbag-Satchel;Helmet;Hockey Stick;Person;Sneakers,RMYWICaM7yczDNAiiH15,6a2a54bd1b52431ddb2322ab495011a1,8IqlCQUz92pfe9BWFgXB,1723237581058,True,https://transform.roboflow.com/8IqlCQUz92pfe9BWFgXB/6a2a54bd1b52431ddb2322ab495011a1/thumb.jpg,46614,ae6ffa7e3f3d9d4309f822bbd7745d57d20587f611abbfd4f30df0620494679d,Chair,images/Chair/objects365_v1_00487210.jpg
objects365_v1_00487211.jpg,train,Bottle;Cookies;Couch;Lamp;Person;Pillow,mfTw0sumSFYCC5KD5DSv,3a4ca857fbabecf9946de781189cb88a,8IqlCQUz92pfe9BWFgXB,1723237581058,True,https://transform.roboflow.com/8IqlCQUz92pfe9BWFgXB/3a4ca857fbabecf9946de781189cb88a/thumb.jpg,63624,c92727c795e89b7cc35544c8ae7c37139894c201427d51bee59788e3af72a5c1,Bottle,images/Bottle/objects365_v1_00487211.jpg
objects365_v1_00487213.jpg,train,Backpack;Boots;Bow Tie;Handbag-Satchel;Hat;Person,MSQm6LWiUIqWb4v3qqgZ,e2a5835e62fa6abba73fe37d07a2f4b8,8IqlCQUz92pfe9BWFgXB,1723237580863,True,https://transform.roboflow.com/8IqlCQUz92pfe9BWFgXB/e2a5835e62fa6abba73fe37d07a2f4b8/thumb.jpg,48929,3565e5cb086522e15fe891408bc5914e7b19514349c8430d3b73e07403fc52a6,Backpack,images/Backpack/objects365_v1_00487213.jpg
objects365_v1_00487216.jpg,train,Car;Handbag-Satchel;Hat;Person;SUV;Sneakers;Street Lights;Traffic Light;Traffic Sign;Trash bin Can,ev7kL0465ybTC763jXOu,b901a5a50ee7c2d81695dca30611878c,8IqlCQUz92pfe9BWFgXB,1723237580863,True,https://transform.roboflow.com/8IqlCQUz92pfe9BWFgXB/b901a5a50ee7c2d81695dca30611878c/thumb.jpg,49477,0e91111168d1d7fa19ce98135090c9be06399596c63477412af89e81aeb097c0,Car,images/Car/objects365_v1_00487216.jpg
objects365_v1_00487218.jpg,train,Chair;Cup;Desk;Hanger;Mirror;Necklace;Person,hWprI2Phjav7bCUHmlUy,5855756e5f1e4af4886711881e255d49,8IqlCQUz92pfe9BWFgXB,1723237580863,True,https://transform.roboflow.com/8IqlCQUz92pfe9BWFgXB/5855756e5f1e4af4886711881e255d49/thumb.jpg,95890,b27e21154b2a521717dd3685084327f86fd7916aea3740300fbd9211fbc205dc,Chair,images/Chair/objects365_v1_00487218.jpg
objects365_v1_00487219.jpg,train,Cow,Ys9P2H1CjCGNo26qk9MT,d8b06b36397fe1cc64688d9e0eec0d62,8IqlCQUz92pfe9BWFgXB,1723237580863,True,https://transform.roboflow.com/8IqlCQUz92pfe9BWFgXB/d8b06b36397fe1cc64688d9e0eec0d62/thumb.jpg,57306,c2c7c330004d64e98837588ce48b5055eceb3ab99dbd7d91b9cc2b412929a1aa,Cow,images/Cow/objects365_v1_00487219.jpg
objects365_v1_00487220.jpg,train,Blackboard-Whiteboard;Book;Desk;Glasses;Person;Sneakers,meXjAFDwpuBe9oKfhMMV,36775a6596a350be7f6c13883dfe6cf0,8IqlCQUz92pfe9BWFgXB,1723237581109,True,https://transform.roboflow.com/8IqlCQUz92pfe9BWFgXB/36775a6596a350be7f6c13883dfe6cf0/thumb.jpg,54815,7bbeedf7c15681a7d2246a5a0b14821d1d87f6305ed2c4541964ede61f5d6d95,Blackboard-Whiteboard,images/Blackboard-Whiteboard/objects365_v1_00487220.jpg
objects365_v1_00487221.jpg,train,Chair;Flower;Person;Trash bin Can;Umbrella;Vase,cTwJ3Nm1lHz2shMYMZe0,f46a5d7ead06210ed74257fede3d7c4d,8IqlCQUz92pfe9BWFgXB,1723237581109,True,https://transform.roboflow.com/8IqlCQUz92pfe9BWFgXB/f46a5d7ead06210ed74257fede3d7c4d/thumb.jpg,70893,0a3ff1938f6ea2200bdff5e6f96bc414cea0ad3ea4557179df00daf95f6442e9,Chair,images/Chair/objects365_v1_00487221.jpg
objects365_v1_00487222.jpg,train,Person;Street Lights,vQV7cjBKEAe8QBpSmTbQ,1008db474cb275238ae7b927b0e20094,8IqlCQUz92pfe9BWFgXB,1723237580970,True,https://transform.roboflow.com/8IqlCQUz92pfe9BWFgXB/1008db474cb275238ae7b927b0e20094/thumb.jpg,48485,e07c03ec0075b5188008e8b300f53e765fa94049f8fe667cd5af543f25d870bd,Person,images/Person/objects365_v1_00487222.jpg
objects365_v1_00487224.jpg,train,Bottle;Camera;Flag;Microphone;Person;Tie,HSN7aZdFFUs2J9tM0C2z,4c7c2b2da62d33bfb77aba67bec5baed,8IqlCQUz92pfe9BWFgXB,1723237581109,True,https://transform.roboflow.com/8IqlCQUz92pfe9BWFgXB/4c7c2b2da62d33bfb77aba67bec5baed/thumb.jpg,42181,f52c4813c8fe12594817efef5701828ea118901602865465d130bbd810554963,Bottle,images/Bottle/objects365_v1_00487224.jpg
objects365_v1_00487226.jpg,train,Bench;Clock;Handbag-Satchel;Person;Train,4f1CUzqVuzwEXath8GNa,219e702a08b61ba763fecce8f42a29df,8IqlCQUz92pfe9BWFgXB,1723237580864,True,https://transform.roboflow.com/8IqlCQUz92pfe9BWFgXB/219e702a08b61ba763fecce8f42a29df/thumb.jpg,81280,213da2486850608bc8f324a88636e6e40ba3b4a856104967434383fc3fbc9f22,Bench,images/Bench/objects365_v1_00487226.jpg
objects365_v1_00487227.jpg,train,Book;Cabinet-shelf;Chair;Desk;Flag;Lamp;Monitor-TV;Picture-Frame;Pillow,S8ztDC8HIP4sXxuqV0TF,451c754da67e52c2075b59efde546c40,8IqlCQUz92pfe9BWFgXB,1723237580864,True,https://transform.roboflow.com/8IqlCQUz92pfe9BWFgXB/451c754da67e52c2075b59efde546c40/thumb.jpg,58758,38ad67a04728162b30f0a2061bc0fc2105feee412f5ea7195a5d30152a81a563,Book,images/Book/objects365_v1_00487227.jpg
objects365_v1_00487228.jpg,train,Glasses;Lamp;Person;Storage box,L6xfeHSzq0qVXsNZQgaR,224ae908b732595f10e1f428b5a35d5e,8IqlCQUz92pfe9BWFgXB,1723237580864,True,https://transform.roboflow.com/8IqlCQUz92pfe9BWFgXB/224ae908b732595f10e1f428b5a35d5e/thumb.jpg,59833,d5688abdc3ba67a10199dad209b8dc619165636a99470c2ee2f5eac2909410a8,Glasses,images/Glasses/objects365_v1_00487228.jpg
objects365_v1_00487229.jpg,train,Person;SUV,AXP3NWyBOx5Kw3Zy5gpX,3035568f17bcbb000160ae3160090cb9,8IqlCQUz92pfe9BWFgXB,1723237581109,True,https://transform.roboflow.com/8IqlCQUz92pfe9BWFgXB/3035568f17bcbb000160ae3160090cb9/thumb.jpg,46131,aea4a8f0987171854ca8320b197805f1e018af6e0896f88f9aea48b71fe008fe,Person,images/Person/objects365_v1_00487229.jpg
objects365_v1_00487231.jpg,train,Bed;Fan;Faucet;Lamp;Person;Picture-Frame;Sink;Sneakers,gLSwsmqq1HPSWS95KRFQ,5aba64fd70121c6eea3145dbadb1bb5d,8IqlCQUz92pfe9BWFgXB,1723237581215,True,https://transform.roboflow.com/8IqlCQUz92pfe9BWFgXB/5aba64fd70121c6eea3145dbadb1bb5d/thumb.jpg,35358,e19002491791d23ab5b7f3a55dbad51522731fba17d22cc171f952e4f464116a,Bed,images/Bed/objects365_v1_00487231.jpg
objects365_v1_00487234.jpg,train,Boots;Desk;Hat;Person;Street Lights;Train,pFLZx2ze5kJUn5xtBRIt,2185734fc1fb3333a0c5d02defe51bea,8IqlCQUz92pfe9BWFgXB,1723237581087,True,https://transform.roboflow.com/8IqlCQUz92pfe9BWFgXB/2185734fc1fb3333a0c5d02defe51bea/thumb.jpg,65876,4c876dca152d5250dae4b704dba478169b943701b9299bb72620c2ce7e9af6fe,Boots,images/Boots/objects365_v1_00487234.jpg
objects365_v1_00487235.jpg,train,Baseball;Baseball Glove;Belt;Bracelet;Hat;Person;Sneakers,wiXA3vxSuNOfCgrZMfyh,466d16c94059e6d56cf4db34dec5d262,8IqlCQUz92pfe9BWFgXB,1723237581087,True,https://transform.roboflow.com/8IqlCQUz92pfe9BWFgXB/466d16c94059e6d56cf4db34dec5d262/thumb.jpg,58429,3ef5beff9c8b889dc72c9ef8db57bd1737b3577a008d846b6bfaea8d6a1a8b4d,Baseball,images/Baseball/objects365_v1_00487235.jpg
objects365_v1_00487236.jpg,train,Chair;Glasses;Person;Sneakers;Volleyball,mJWWxEHQ57X1JxkXoBLa,22c79c69d9b5ac2fcc138dd5d615e046,8IqlCQUz92pfe9BWFgXB,1723237581087,True,https://transform.roboflow.com/8IqlCQUz92pfe9BWFgXB/22c79c69d9b5ac2fcc138dd5d615e046/thumb.jpg,65187,3345002006a641a13970b7c9a7b777c7716940f60c19400561e4add6880ebf6a,Chair,images/Chair/objects365_v1_00487236.jpg
objects365_v1_00487237.jpg,train,Bench;Bottle;Bracelet;Camera;Car;Chair;Cup;Desk;Flower;Handbag-Satchel;Person;Sneakers;Umbrella,ftWxTDYxtmYdC5H09lwZ,6d6d971a00eb9e7e76e5a4645695449b,8IqlCQUz92pfe9BWFgXB,1723237581087,True,https://transform.roboflow.com/8IqlCQUz92pfe9BWFgXB/6d6d971a00eb9e7e76e5a4645695449b/thumb.jpg,86431,437f8f35e8b7f5fb688bb9e91f559823c103c0ebe90515dc65223e4cf2fc5258,Bench,images/Bench/objects365_v1_00487237.jpg
objects365_v1_00487238.jpg,train,Book;Cabinet-shelf;Chair;Desk;Lamp,YoPnKnOc1loWajYw6PwL,4aa0f0e53f6cd88053901af73053c9dc,8IqlCQUz92pfe9BWFgXB,1723237581087,True,https://transform.roboflow.com/8IqlCQUz92pfe9BWFgXB/4aa0f0e53f6cd88053901af73053c9dc/thumb.jpg,54734,62a7b116d4c3eb302d1408e9929b290d929e23ec78eb20c9b15f5097a4aee9fd,Book,images/Book/objects365_v1_00487238.jpg
objects365_v1_00487241.jpg,train,Cabinet-shelf;Lamp;Person;Potted Plant;Sneakers,CkxRq4FI85rE99cE68Wb,114a1881394942e19e1b0ce614d564d1,8IqlCQUz92pfe9BWFgXB,1723237581087,True,https://transform.roboflow.com/8IqlCQUz92pfe9BWFgXB/114a1881394942e19e1b0ce614d564d1/thumb.jpg,63278,9be0b603403f39949b3050ec6c8e429315160561fb478e0094d944056bb8075b,Cabinet-shelf,images/Cabinet-shelf/objects365_v1_00487241.jpg
objects365_v1_00487250.jpg,train,Bed;Bottle;Bowl-Basin;Cabinet-shelf;Chair;Couch;Desk;Hanger;Hat;Leather Shoes;Mirror;Stool;Towel,ZGFIMiPoxYw91DT309d0,b768cb0322fe261e3789196231d20c20,8IqlCQUz92pfe9BWFgXB,1723237581109,True,https://transform.roboflow.com/8IqlCQUz92pfe9BWFgXB/b768cb0322fe261e3789196231d20c20/thumb.jpg,70646,f4f1fbe6a77c4f5ff264e6d36f5d313c0992d7ab7105efae97ee16ae15c7f21c,Bed,images/Bed/objects365_v1_00487250.jpg
objects365_v1_00487257.jpg,train,Leather Shoes;Person,Vic9BCCS36bTE6eMz06m,a70324c69afab2610b9a35e36fbaa980,8IqlCQUz92pfe9BWFgXB,1723237581058,True,https://transform.roboflow.com/8IqlCQUz92pfe9BWFgXB/a70324c69afab2610b9a35e36fbaa980/thumb.jpg,43585,67f4a9dc5a2b60da3bb6c4befe59d2b82b6a053d79b4c4aff2f53ee6fbbfa3ae,Leather Shoes,images/Leather-Shoes/objects365_v1_00487257.jpg
objects365_v2_00957126.jpg,train,Car;Cell Phone;Chair;Glasses;Hat;Person;Stroller,f5teJjAfEPFNQkwCGXK3,f5caff3cebbb994fa0074cd4ee8e56c1,8IqlCQUz92pfe9BWFgXB,1723237574128,True,https://transform.roboflow.com/8IqlCQUz92pfe9BWFgXB/f5caff3cebbb994fa0074cd4ee8e56c1/thumb.jpg,65016,a2a65a49b53d07f1d89657af6ff0dbb6447a8bfa9ac2c9d3239da03f6e8e306e,Car,images/Car/objects365_v2_00957126.jpg
objects365_v2_00957127.jpg,train,Awning;Bench;Camera;Cell Phone;Glasses;Handbag-Satchel;Hat;Person;Ring;Sandals;Sneakers;Trash bin Can;Tricycle;Watch,uZyvvpLEV9j7fiagYxHv,10e25ee0f1f82edac744ddadb19f1baf,8IqlCQUz92pfe9BWFgXB,1723237573083,True,https://transform.roboflow.com/8IqlCQUz92pfe9BWFgXB/10e25ee0f1f82edac744ddadb19f1baf/thumb.jpg,73976,520f90840794fc794c4d569dca9a883902ed509d835c056970e58b550bb4b5fc,Awning,images/Awning/objects365_v2_00957127.jpg
objects365_v2_00957128.jpg,train,Glasses;Necklace;Person,7asEpEJKTzLuwIBvHMCu,e6e06c22ede11221028bac7e4ae451ca,8IqlCQUz92pfe9BWFgXB,1723237573223,True,https://transform.roboflow.com/8IqlCQUz92pfe9BWFgXB/e6e06c22ede11221028bac7e4ae451ca/thumb.jpg,44929,43ab0a01548c6652908f4652d1378ca2e7332b53dfd4b2561caf1a4862266020,Glasses,images/Glasses/objects365_v2_00957128.jpg
objects365_v2_00957129.jpg,train,Boat;Motorcycle;Person,yzbXt33mnEYrLIdRLaO2,eed6537f935bfdf4d07348cdaa50d799,8IqlCQUz92pfe9BWFgXB,1723237573993,True,https://transform.roboflow.com/8IqlCQUz92pfe9BWFgXB/eed6537f935bfdf4d07348cdaa50d799/thumb.jpg,70109,ce2199c84acc94d7629128c8df1ad8aa2fd6f95b88c63483ddc3a6149f5eaa73,Boat,images/Boat/objects365_v2_00957129.jpg
objects365_v2_00957130.jpg,train,Backpack;Bottle;Bracelet;Briefcase;Glasses;Handbag-Satchel;Hat;Person;Ring;Sandals;Sneakers;Watch,YX9dGlbQY2lAfmykDrpJ,2c88c51bf1a928096437f32adb5923da,8IqlCQUz92pfe9BWFgXB,1723237576353,True,https://transform.roboflow.com/8IqlCQUz92pfe9BWFgXB/2c88c51bf1a928096437f32adb5923da/thumb.jpg,80507,d3f86e0cc4a8772e380289ecfc7abf61413f9e1252e966034a024705ff7085b2,Backpack,images/Backpack/objects365_v2_00957130.jpg
objects365_v2_00957131.jpg,train,Awning;Bracelet;Chair;Desk;Flag;Glasses;Handbag-Satchel;Hat;Lamp;Other Shoes;Person;Street Lights;Tie;Trash bin Can;Umbrella,cZRNavr9iNiepAMW8w7v,000be6d462a8e5fa7e697dbd5a332344,8IqlCQUz92pfe9BWFgXB,1723237573657,True,https://transform.roboflow.com/8IqlCQUz92pfe9BWFgXB/000be6d462a8e5fa7e697dbd5a332344/thumb.jpg,73478,f438d199dcb67b6e3f3eee849c879990e0c0b766054b301b848075d1bbf6f05c,Awning,images/Awning/objects365_v2_00957131.jpg
objects365_v2_00957177.jpg,train,Desk;Lamp;Picture-Frame;Potted Plant;Power outlet,8GUrUYXqqJuwfhMNcI1u,b9d33967a6c6f9f83f9ce41c68a3eca5,8IqlCQUz92pfe9BWFgXB,1723237575199,True,https://transform.roboflow.com/8IqlCQUz92pfe9BWFgXB/b9d33967a6c6f9f83f9ce41c68a3eca5/thumb.jpg,36232,a0a590918f4e87537cab53b069966293f627f927c6be0430d3c96c723213f4a3,Desk,images/Desk/objects365_v2_00957177.jpg
objects365_v2_00957178.jpg,train,Bottle;Chair;Glasses;Hat;Person,X1fBiwbD6Eo1urveeplt,0900d8a2eeb8fea3b035b4e8dd42ed2f,8IqlCQUz92pfe9BWFgXB,1723237573239,True,https://transform.roboflow.com/8IqlCQUz92pfe9BWFgXB/0900d8a2eeb8fea3b035b4e8dd42ed2f/thumb.jpg,41950,b8afd383a6f6763c975899081e23fe67980898c6cb3b2d62cd36c62a39c0450f,Bottle,images/Bottle/objects365_v2_00957178.jpg
objects365_v2_00957179.jpg,train,Cabinet-shelf;Camera;Monitor-TV;Person;Picture-Frame;Surveillance Camera,Pf5LexEG6zNn4S6U0kfr,09d71b3dbd65c1cb1b982de20caeacb3,8IqlCQUz92pfe9BWFgXB,1723237573239,True,https://transform.roboflow.com/8IqlCQUz92pfe9BWFgXB/09d71b3dbd65c1cb1b982de20caeacb3/thumb.jpg,89596,9506b5b70c9ea3f31267ab6f77b65c6533874996cab5252fb0b484385cb32c74,Cabinet-shelf,images/Cabinet-shelf/objects365_v2_00957179.jpg
objects365_v2_00957181.jpg,train,Camera;Person;Watch,zMjTbDLWze85zX3qjWIJ,5ee862daa7b2cb58ad7d70eb63cdf84a,8IqlCQUz92pfe9BWFgXB,1723237573022,True,https://transform.roboflow.com/8IqlCQUz92pfe9BWFgXB/5ee862daa7b2cb58ad7d70eb63cdf84a/thumb.jpg,49210,ecf611414ac8d0c47a952c829d4fec2f702f68a758261487955d570786020ed2,Camera,images/Camera/objects365_v2_00957181.jpg
objects365_v2_00957182.jpg,train,Book;Bracelet;Cabinet-shelf;Chair;Desk;Flower;Glasses;Person;Picture-Frame;Vase;Watch,0jjhJhyf37RToraJ0iMF,de7ff8ee3f5aab43702809ea19302728,8IqlCQUz92pfe9BWFgXB,1723237573239,True,https://transform.roboflow.com/8IqlCQUz92pfe9BWFgXB/de7ff8ee3f5aab43702809ea19302728/thumb.jpg,64718,adf82cd25253850f01bc5b36a5831ef33ae634822b247579dd8a94d094d45a23,Book,images/Book/objects365_v2_00957182.jpg
objects365_v2_00957183.jpg,train,Bracelet;Chair;Cup;Desk;Dessert;Dinning Table;Person;Picture-Frame;Ring;Spoon;Wine Glass,ZNo1nBuR3dNXkyfsuUaJ,9b6878ec5cf1b0cccb80fac76ceaa7b6,8IqlCQUz92pfe9BWFgXB,1723237573239,True,https://transform.roboflow.com/8IqlCQUz92pfe9BWFgXB/9b6878ec5cf1b0cccb80fac76ceaa7b6/thumb.jpg,49685,8fccf4dd62888bd8913f6825b02d9ebd7d97de9d9c8ad14ad6d3d99dad2e543c,Bracelet,images/Bracelet/objects365_v2_00957183.jpg
objects365_v2_00957185.jpg,train,Balloon;Bracelet;Glasses;Handbag-Satchel;Other Shoes;Person;Slippers;Sneakers,VC9LOWtwVgMZQdHS8MKE,da762fea4185915f2b150a9dcec7f6fd,8IqlCQUz92pfe9BWFgXB,1723237573544,True,https://transform.roboflow.com/8IqlCQUz92pfe9BWFgXB/da762fea4185915f2b150a9dcec7f6fd/thumb.jpg,97431,ea9d6b85ba418250edf1dcbb16fc8e3994723959574a1088393f98d749e21add,Balloon,images/Balloon/objects365_v2_00957185.jpg
objects365_v2_00957187.jpg,train,Cat;Couch,0ghDovViGh3eSzt1ECvQ,115b178db4f6e7842e93bfa3677e02c0,8IqlCQUz92pfe9BWFgXB,1723237573124,True,https://transform.roboflow.com/8IqlCQUz92pfe9BWFgXB/115b178db4f6e7842e93bfa3677e02c0/thumb.jpg,57202,5e80d441afa313a0d0e916530a9bca6a2c0d273781684a0afafbc07db9e47fec,Cat,images/Cat/objects365_v2_00957187.jpg
objects365_v2_00957188.jpg,train,Glasses;Gloves;Helmet;Other Shoes;Person;Skiboard,jrL0kkcSPV5dGJokJHzJ,9c8be065fa1376b09540c35a7809d7bf,8IqlCQUz92pfe9BWFgXB,1723237573720,True,https://transform.roboflow.com/8IqlCQUz92pfe9BWFgXB/9c8be065fa1376b09540c35a7809d7bf/thumb.jpg,48217,5cb5cc7307a80f8522fe400cedff134498cf45cc0c96a0bd78e213eb76a9a3b7,Glasses,images/Glasses/objects365_v2_00957188.jpg
objects365_v2_00957189.jpg,train,Chair,TFVKen8arGLe7p5SjlBb,d8ddaf7164c06db084b68101afe0b055,8IqlCQUz92pfe9BWFgXB,1723237573335,True,https://transform.roboflow.com/8IqlCQUz92pfe9BWFgXB/d8ddaf7164c06db084b68101afe0b055/thumb.jpg,37944,a4eb4daf4f2bd9b4c4b0b8fe3520427503b4c8c6389cb153708bf48a3edd8fb6,Chair,images/Chair/objects365_v2_00957189.jpg
objects365_v2_00957190.jpg,train,Chair;Desk;High Heels;Necklace;Person,yflgdnLETcS06CT01IwX,fb118550428f529a3e99e4d572fbf2c2,8IqlCQUz92pfe9BWFgXB,1723237573335,True,https://transform.roboflow.com/8IqlCQUz92pfe9BWFgXB/fb118550428f529a3e99e4d572fbf2c2/thumb.jpg,57435,86065b8231e806ba22fbd86429be9ef6bc9b03d23937ab6e12047aed30eb34df,Chair,images/Chair/objects365_v2_00957190.jpg
objects365_v2_00957191.jpg,train,Bottle;Cabinet-shelf;Desk;Faucet;Knife;Lamp;Plate;Power outlet;Sink;Telephone;Towel,LltX97ODHxathHXVoYjS,a9d4c3f49ba273e1c265b07465dc5f1b,8IqlCQUz92pfe9BWFgXB,1723237573335,True,https://transform.roboflow.com/8IqlCQUz92pfe9BWFgXB/a9d4c3f49ba273e1c265b07465dc5f1b/thumb.jpg,58062,ab1e148c691e9cbcbc7ab5b104a642777e13d7e3e76d859c20554431109f668f,Bottle,images/Bottle/objects365_v2_00957191.jpg
objects365_v2_00957193.jpg,train,Bottle;Chair;Couch;Cup;Desk;Glasses;Hat;Lamp;Laptop;Microphone;Person,KtrcdziMUxabz9Ywifgd,449c633233edf46a709568d369c5d75e,8IqlCQUz92pfe9BWFgXB,1723237573083,True,https://transform.roboflow.com/8IqlCQUz92pfe9BWFgXB/449c633233edf46a709568d369c5d75e/thumb.jpg,53022,96cb5b25e7b13472a0149fdf4a161205bf3c49e914c800eac2a879bbc1cbb909,Bottle,images/Bottle/objects365_v2_00957193.jpg
objects365_v2_00957195.jpg,train,Bowl-Basin;Cabinet-shelf;Chair;Hat;Other Shoes;Person;Sneakers;Van,hpqtFlWYpHNOaMri8Paj,52140fa7eb736497adc83b5c4d0d9fb2,8IqlCQUz92pfe9BWFgXB,1723237573348,True,https://transform.roboflow.com/8IqlCQUz92pfe9BWFgXB/52140fa7eb736497adc83b5c4d0d9fb2/thumb.jpg,76052,e9dd492e6c52cccf3ab4a627e38ff00522ed39af7bcb2846fb1b72a73fb1ed67,Bowl-Basin,images/Bowl-Basin/objects365_v2_00957195.jpg
objects365_v2_00957196.jpg,train,Belt;Bracelet;Person;Sneakers,Y2SSyhGnWP7kD2sUDFX7,20615048c5362f68f679d6b332eb5703,8IqlCQUz92pfe9BWFgXB,1723237573083,True,https://transform.roboflow.com/8IqlCQUz92pfe9BWFgXB/20615048c5362f68f679d6b332eb5703/thumb.jpg,64716,75144bccb1153d5aefe070518feec7b8a22d870179070e4d20586dffddcd0312,Belt,images/Belt/objects365_v2_00957196.jpg
objects365_v2_00957197.jpg,train,Bracelet;Helmet;Person,8urCCiRBZvNjMxNRhd5W,157d024133cfeabd871d7258c2f0a8e8,8IqlCQUz92pfe9BWFgXB,1723237573348,True,https://transform.roboflow.com/8IqlCQUz92pfe9BWFgXB/157d024133cfeabd871d7258c2f0a8e8/thumb.jpg,45835,419297a117feebdcb32bac914fb74e26ba8c1195e73c427ef351af41c9644e24,Bracelet,images/Bracelet/objects365_v2_00957197.jpg
objects365_v2_00957198.jpg,train,Bracelet;Handbag-Satchel;Hat;Necklace;Person;Ring,WVF3g1Da1uBVes0XjPYK,2619af1ca5759d9ea555dc0fff9624a6,8IqlCQUz92pfe9BWFgXB,1723237572962,True,https://transform.roboflow.com/8IqlCQUz92pfe9BWFgXB/2619af1ca5759d9ea555dc0fff9624a6/thumb.jpg,66313,adba64034b2e791bb450e2ceffaf5c7ddf3732a0f441730f8462fad3c4c24031,Bracelet,images/Bracelet/objects365_v2_00957198.jpg
objects365_v2_00957199.jpg,train,Car;Street Lights,fZbxBYBrj5Fkbr7XHik9,9a433aa5aaf995949e07ed3729239e5e,8IqlCQUz92pfe9BWFgXB,1723237573223,True,https://transform.roboflow.com/8IqlCQUz92pfe9BWFgXB/9a433aa5aaf995949e07ed3729239e5e/thumb.jpg,41704,faa39445e9adf2beb29fd811f458727099a08c69c49c07d6c575ac22dfc4185e,Car,images/Car/objects365_v2_00957199.jpg
objects365_v2_00957201.jpg,train,Awning;Bicycle;Other Shoes;Person;Street Lights,vdNsFOzWuOb4CIX1DORv,abdb6eb29b799f174a5724fc1378dc62,8IqlCQUz92pfe9BWFgXB,1723237572962,True,https://transform.roboflow.com/8IqlCQUz92pfe9BWFgXB/abdb6eb29b799f174a5724fc1378dc62/thumb.jpg,47982,55e27a08fc5e97d5ee5fbe5c362a05bc99a4e98817e6dec857f894737c13a500,Awning,images/Awning/objects365_v2_00957201.jpg
objects365_v2_00957260.jpg,train,Desk;Other Shoes;Person,iWQP7iDNgJwnZryUEGLE,53178a2ad512dd12266abbe7da440e50,8IqlCQUz92pfe9BWFgXB,1723237578684,True,https://transform.roboflow.com/8IqlCQUz92pfe9BWFgXB/53178a2ad512dd12266abbe7da440e50/thumb.jpg,36046,452b14cf8dbd2f9130912d6ce3e55e786c2d544e326cfe2505e1d7511a91e9c5,Desk,images/Desk/objects365_v2_00957260.jpg
objects365_v2_00957261.jpg,train,Bicycle;Glasses;Other Shoes;Person;Sneakers;Street Lights;Traffic Light;Watch,lpFa9vvZBtKGlTZKwOj1,9ad7a8bb9c24bea11ad4e7d009f5b064,8IqlCQUz92pfe9BWFgXB,1723237578847,True,https://transform.roboflow.com/8IqlCQUz92pfe9BWFgXB/9ad7a8bb9c24bea11ad4e7d009f5b064/thumb.jpg,74591,d0b48227c2d06c9d6d4a4814ed78fb757f02731f7d5cc4f5efebe033b38788cc,Bicycle,images/Bicycle/objects365_v2_00957261.jpg
objects365_v2_00957262.jpg,train,Bottle;Bracelet;Chair;Cup;Desk;Necklace;Person;Plate;Wine Glass,6nZlUSue3dEHC2nfuYrv,5c68310e6e068c112fc77b6c6de143f8,8IqlCQUz92pfe9BWFgXB,1723237578847,True,https://transform.roboflow.com/8IqlCQUz92pfe9BWFgXB/5c68310e6e068c112fc77b6c6de143f8/thumb.jpg,70794,d7c3453cd0cf03a9780078f0d8d356d753a11ef50986fa2cde1ac6172210989d,Bottle,images/Bottle/objects365_v2_00957262.jpg
objects365_v2_00957263.jpg,train,Bottle;Cabinet-shelf;Cup;Glasses;Microphone;Person;Picture-Frame,ljO1QVHAr9LFNjuee5KX,871a35082d677a871773427e89d6beea,8IqlCQUz92pfe9BWFgXB,1723237578717,True,https://transform.roboflow.com/8IqlCQUz92pfe9BWFgXB/871a35082d677a871773427e89d6beea/thumb.jpg,60958,fcba49867c224bf172625e32dc6300e45832e655eb34976eba932b068e2405b1,Bottle,images/Bottle/objects365_v2_00957263.jpg
objects365_v2_00957288.jpg,train,Bracelet;Guitar;Lamp;Microphone;Other Shoes;Person;Sneakers;Speaker;Tripod,kGVT37CsLtfQcoiCk4kz,e97d89bdef88d8a90c6a5f5c20d85cd8,8IqlCQUz92pfe9BWFgXB,1723237578753,True,https://transform.roboflow.com/8IqlCQUz92pfe9BWFgXB/e97d89bdef88d8a90c6a5f5c20d85cd8/thumb.jpg,68760,08e891ec8cf7b56265d8e3fda89bdc21978d0565295f140a516ddb17464be50b,Bracelet,images/Bracelet/objects365_v2_00957288.jpg
objects365_v2_00957289.jpg,train,Gloves;Helmet;Motorcycle;Other Shoes;Person,QiN9HpM45pQ8MnmiEQYF,b8306673ca44c0eb37f83d33059ce692,8IqlCQUz92pfe9BWFgXB,1723237578847,True,https://transform.roboflow.com/8IqlCQUz92pfe9BWFgXB/b8306673ca44c0eb37f83d33059ce692/thumb.jpg,63616,8e14a15fd29e30882016d3f4590cb7c97e3a03b1f3099acf9be628fcf51d4ac4,Gloves,images/Gloves/objects365_v2_00957289.jpg
objects365_v2_00957290.jpg,train,Bench;Bracelet;Desk;Glasses;Handbag-Satchel;Hat;Other Shoes;Person;Storage box;Watch,Gs1z7FrHBRxpCBsMJZwm,08154bc8aeca3803be64356d473a4c48,8IqlCQUz92pfe9BWFgXB,1723237578847,True,https://transform.roboflow.com/8IqlCQUz92pfe9BWFgXB/08154bc8aeca3803be64356d473a4c48/thumb.jpg,67124,89db1f2d743704140bdfcf9c7e719b8120f503afc084a20f855471b81a991920,Bench,images/Bench/objects365_v2_00957290.jpg
objects365_v2_00957291.jpg,train,Cymbal;Drum;Guitar;Microphone;Person;Tripod,qUWEqgb0sYDriBsul0Mz,7acf1c98b131516f8bf23a4902d03f16,8IqlCQUz92pfe9BWFgXB,1723237578673,True,https://transform.roboflow.com/8IqlCQUz92pfe9BWFgXB/7acf1c98b131516f8bf23a4902d03f16/thumb.jpg,52428,6e47c07ba80c522186f83903b8f9c9fa9936185385886acf49dcb366cc3abb59,Cymbal,images/Cymbal/objects365_v2_00957291.jpg
objects365_v2_00957292.jpg,train,Awning;Car;Person;Pickup Truck;Street Lights,IoeSgZE7jKrPSNuyEUhr,3dfa420489b615c396d8f78c8c984b3c,8IqlCQUz92pfe9BWFgXB,1723237578842,True,https://transform.roboflow.com/8IqlCQUz92pfe9BWFgXB/3dfa420489b615c396d8f78c8c984b3c/thumb.jpg,39170,1337aefaae3aeeb5730e377359b7d750dd1fd064ed2e607d9eb6f89b991efaff,Awning,images/Awning/objects365_v2_00957292.jpg
objects365_v2_00957293.jpg,train,Car;Person;SUV;Street Lights;Traffic Light;Truck;Van,sE2g5LIhbzjbaH5kOCe3,b86fa00153648bd0952f022fecd3cc22,8IqlCQUz92pfe9BWFgXB,1723237579009,True,https://transform.roboflow.com/8IqlCQUz92pfe9BWFgXB/b86fa00153648bd0952f022fecd3cc22/thumb.jpg,87437,5fa29afad5619874c6c50b485a9c8ea5650f8ae671043d24548ac2e4e00dd273,Car,images/Car/objects365_v2_00957293.jpg
objects365_v2_00957294.jpg,train,Glasses;Hat;Person;Ring;Van,RMt4hZhClR580es1EQfZ,4b1a4a81361b94f6bbb00f0da29e1882,8IqlCQUz92pfe9BWFgXB,1723237578847,True,https://transform.roboflow.com/8IqlCQUz92pfe9BWFgXB/4b1a4a81361b94f6bbb00f0da29e1882/thumb.jpg,74690,3dd65195e594a62b83c25429136d915edb45e4e1c84ce014f684e089c2c51f1f,Glasses,images/Glasses/objects365_v2_00957294.jpg
objects365_v2_00957295.jpg,train,Camera;Person;Soccer;Watch,3hypPeGZ8vaib6V5pFDH,8c1aac34486f728ecd0bb7c51857f167,8IqlCQUz92pfe9BWFgXB,1723237578717,True,https://transform.roboflow.com/8IqlCQUz92pfe9BWFgXB/8c1aac34486f728ecd0bb7c51857f167/thumb.jpg,45628,47c07c4eff27bbcc84b89e84754b2704746467a3207fd99c36c42f89b4a141d5,Camera,images/Camera/objects365_v2_00957295.jpg
objects365_v2_00957296.jpg,train,Candle;Flower;Person;Vase,6rMY5dsTvp4Yc5toD5dD,44806c08c442988093aab0725ddb045a,8IqlCQUz92pfe9BWFgXB,1723237579036,True,https://transform.roboflow.com/8IqlCQUz92pfe9BWFgXB/44806c08c442988093aab0725ddb045a/thumb.jpg,36994,5dd66bb9ab7e1f5b084df4d0b7df0c18a5ff7596ce492ad96455a3759ff0d28c,Candle,images/Candle/objects365_v2_00957296.jpg
objects365_v2_00957297.jpg,train,Bed;Belt;Bicycle;Boots;Gloves;Other Shoes;Person;Trolley,vPRDxuIB6iZzTi8tbT0v,6c67decc801b40940b0f1319dc9abe54,8IqlCQUz92pfe9BWFgXB,1723237578935,True,https://transform.roboflow.com/8IqlCQUz92pfe9BWFgXB/6c67decc801b40940b0f1319dc9abe54/thumb.jpg,62713,8e3994bfc54fb1f1f194b2aaa617f93f0bbcb56f11c095a9527eae74d16122e1,Bed,images/Bed/objects365_v2_00957297.jpg
objects365_v2_00957299.jpg,train,Bracelet;Person;Skateboard;Sneakers,k3eWmuIyEV8F3VKWBq1q,ddd29edf2065253a22d385394c56fcc6,8IqlCQUz92pfe9BWFgXB,1723237579164,True,https://transform.roboflow.com/8IqlCQUz92pfe9BWFgXB/ddd29edf2065253a22d385394c56fcc6/thumb.jpg,33375,4f3545eb570d136e341f1561690dc11c017d53676d46eab0521dd3d4b94abffd,Bracelet,images/Bracelet/objects365_v2_00957299.jpg
objects365_v2_00957300.jpg,train,Cup;Fan;Flower;Glasses;Lamp;Person,fpHSFtdMZl8AAg4hOHZe,29b83c726411d5ece2ca8c151d11ebfc,8IqlCQUz92pfe9BWFgXB,1723237578842,True,https://transform.roboflow.com/8IqlCQUz92pfe9BWFgXB/29b83c726411d5ece2ca8c151d11ebfc/thumb.jpg,80670,e3c033c5d7f3f9473dfb0cad98f8000ef9fe56fbb0539402602a6d44e08dc17e,Cup,images/Cup/objects365_v2_00957300.jpg
objects365_v2_00957301.jpg,train,Gloves;Hat;Person;Sneakers,uy9FmknXTAEiJGsDYVhG,955213eeff9bc7925ed0728b5886016e,8IqlCQUz92pfe9BWFgXB,1723237579009,True,https://transform.roboflow.com/8IqlCQUz92pfe9BWFgXB/955213eeff9bc7925ed0728b5886016e/thumb.jpg,80100,1131725afd4b5dc4430041cf4115cd723c5e75ded97b4fffdfa154aa845bde40,Gloves,images/Gloves/objects365_v2_00957301.jpg
objects365_v2_00957302.jpg,train,Car;Flower;Lamp;Person;Potted Plant;Vase,G1NbhXOI9lehimp522lc,58432cb0aee538e84c559bcd6622d257,8IqlCQUz92pfe9BWFgXB,1723237579009,True,https://transform.roboflow.com/8IqlCQUz92pfe9BWFgXB/58432cb0aee538e84c559bcd6622d257/thumb.jpg,73461,a3b101e9e5175b23061e1833c0f31ca0533d11cddea2fe1565318343aeb4b9c4,Car,images/Car/objects365_v2_00957302.jpg
objects365_v2_00957313.jpg,train,Air Conditioner;Awning;Clock;Lamp;Person;SUV;Street Lights;Trash bin Can,SGrcBjhQ0SelzxME9gUu,22795a9bb609e88704da9d2503257469,8IqlCQUz92pfe9BWFgXB,1723237579009,True,https://transform.roboflow.com/8IqlCQUz92pfe9BWFgXB/22795a9bb609e88704da9d2503257469/thumb.jpg,92077,f1325fa3680c54c8a5798b573b4d10111c437910e923036e8f6ccb23dc91fcda,Air Conditioner,images/Air-Conditioner/objects365_v2_00957313.jpg
objects365_v2_00957314.jpg,train,Car;Handbag-Satchel;Other Shoes;Person;Pickup Truck,65c8q80vNhvSQItYcYxO,59ac6fc41b69b1d1eb19c686cdfe2db7,8IqlCQUz92pfe9BWFgXB,1723237578871,True,https://transform.roboflow.com/8IqlCQUz92pfe9BWFgXB/59ac6fc41b69b1d1eb19c686cdfe2db7/thumb.jpg,103671,ff49f47278fafbcee358610b3bdf94e7376e158ddf3e823e0027229db0d185cc,Car,images/Car/objects365_v2_00957314.jpg
objects365_v2_00957316.jpg,train,Backpack;Handbag-Satchel;Hat;Person,mjBJmVBfSdUyfR3u7VkA,aa9928f9672b7b9ae4f2bef77c51ae27,8IqlCQUz92pfe9BWFgXB,1723237579164,True,https://transform.roboflow.com/8IqlCQUz92pfe9BWFgXB/aa9928f9672b7b9ae4f2bef77c51ae27/thumb.jpg,116721,99140c6136c898795c7a1595dc3116901a4aca4c2421da47050581f964542310,Backpack,images/Backpack/objects365_v2_00957316.jpg
objects365_v2_00957317.jpg,train,Flower;Handbag-Satchel;Person;Sneakers;Watch,nbEYnDOW9g6yFffvmahV,c368e3b7fbf876ce92fc4a21620ed99e,8IqlCQUz92pfe9BWFgXB,1723237578996,True,https://transform.roboflow.com/8IqlCQUz92pfe9BWFgXB/c368e3b7fbf876ce92fc4a21620ed99e/thumb.jpg,117679,b608de830bb72490a50541644c696ebd50b91053738cf70199e3182a98bc8ad9,Flower,images/Flower/objects365_v2_00957317.jpg
objects365_v2_00957318.jpg,train,Bench;Bottle;Car;Chair;Desk;Drum;Flag;Guitar;Hat;Microphone;Other Shoes;Person;Pickup Truck;SUV;Speaker;Tent;Trash bin Can;Van,dV9v3HgVHN3K8QfajwRk,96a0ab4663710a9cbe488d786b30d85d,8IqlCQUz92pfe9BWFgXB,1723237578996,True,https://transform.roboflow.com/8IqlCQUz92pfe9BWFgXB/96a0ab4663710a9cbe488d786b30d85d/thumb.jpg,103718,86e39b52ed5d986de445848261274e95bb2514842e9985fc61dfe09711fecf9e,Bench,images/Bench/objects365_v2_00957318.jpg
objects365_v2_00957319.jpg,train,Cabinet-shelf;Faucet;Power outlet;Sink,6Q5eTTEdBo6l1cSzPpbX,336d9c2351ee7f3923e0feb4961d41ad,8IqlCQUz92pfe9BWFgXB,1723237579036,True,https://transform.roboflow.com/8IqlCQUz92pfe9BWFgXB/336d9c2351ee7f3923e0feb4961d41ad/thumb.jpg,36463,a4e3bfb105ae995280232ac4723138acaec6cd89623593914e6ae076d5940415,Cabinet-shelf,images/Cabinet-shelf/objects365_v2_00957319.jpg
objects365_v2_00957320.jpg,train,Desk;Flower;Lamp;Piano;Picture-Frame;Potted Plant;Vase,0qYWT7F4Zo3IDq7WI99Z,48b34938ccfdd710191a297288b38dca,8IqlCQUz92pfe9BWFgXB,1723237578996,True,https://transform.roboflow.com/8IqlCQUz92pfe9BWFgXB/48b34938ccfdd710191a297288b38dca/thumb.jpg,31920,c16c2ee3323886017a36191257c104d0a33c2b2586b8abe6b017110b29711c07,Desk,images/Desk/objects365_v2_00957320.jpg
objects365_v2_00957322.jpg,train,Boat;Bottle;Bracelet;Cell Phone;Glasses;Hat;Necklace;Person,4v5YGIrQNbyNRenrhUHn,4973d018144690b786fb479b361eacff,8IqlCQUz92pfe9BWFgXB,1723237579036,True,https://transform.roboflow.com/8IqlCQUz92pfe9BWFgXB/4973d018144690b786fb479b361eacff/thumb.jpg,50156,366ff0da9b24b414008434f631bb475bf4157c13d45187f7d86baaf7a3daa115,Boat,images/Boat/objects365_v2_00957322.jpg
objects365_v2_00957323.jpg,train,Avocado;Bottle;Bowl-Basin;Canned;Cup;Desk;Gloves;Green Onion;Green Vegetables;Other Shoes;Person;Storage box,DqenMjjxhfMEqVoJaBZS,297bd8b5d1d84b37da443ef60668fb78,8IqlCQUz92pfe9BWFgXB,1723237579036,True,https://transform.roboflow.com/8IqlCQUz92pfe9BWFgXB/297bd8b5d1d84b37da443ef60668fb78/thumb.jpg,63883,148827842253bda449163094b334a9bbd0c543248a675db55ae8429f5654d2db,Avocado,images/Avocado/objects365_v2_00957323.jpg
objects365_v2_00957324.jpg,train,Boat;Car;Lifesaver;Person;Street Lights;Truck,UdP4yt3MjEiDyaqJ5BIS,52f2c87beab09f40964226f01f04007a,8IqlCQUz92pfe9BWFgXB,1723237579036,True,https://transform.roboflow.com/8IqlCQUz92pfe9BWFgXB/52f2c87beab09f40964226f01f04007a/thumb.jpg,60452,6112bdb40c23fc4a4fe50dcbbbad543a51a6ac763af4d4bee49b439d8b84e3a2,Boat,images/Boat/objects365_v2_00957324.jpg
objects365_v2_00957339.jpg,train,Blackboard-Whiteboard;Bottle;Bowl-Basin;Chair;Desk;Handbag-Satchel;Hat;Marker;Other Shoes;Person;Picture-Frame;Refrigerator;Ring,u7DAegknHvWAsFlj2fJp,783b1de8973385e383ce68fa2aa95758,8IqlCQUz92pfe9BWFgXB,1723237579164,True,https://transform.roboflow.com/8IqlCQUz92pfe9BWFgXB/783b1de8973385e383ce68fa2aa95758/thumb.jpg,49352,41d779784688491496b4d0f482b23b9c8aa1f1d48e2b1aa628dcbc9b8d474880,Blackboard-Whiteboard,images/Blackboard-Whiteboard/objects365_v2_00957339.jpg
objects365_v2_00957340.jpg,train,Car;Other Shoes;Person;SUV,e3RNRSbbuZHZLEmufZHD,085f9d5fe048a7e00d8bf2bce71a5dc7,8IqlCQUz92pfe9BWFgXB,1723237579009,True,https://transform.roboflow.com/8IqlCQUz92pfe9BWFgXB/085f9d5fe048a7e00d8bf2bce71a5dc7/thumb.jpg,77766,16b440c2704e80eaf90b9b6f45120ebd761e7e905bf96a61bbc28ed8626484fb,Car,images/Car/objects365_v2_00957340.jpg
objects365_v2_00957341.jpg,train,Clock;Lamp;Surveillance Camera,Wz9eDqXwKSHy9wwopAAQ,edbbb1d1a66be63d09dab35dc4d7fe13,8IqlCQUz92pfe9BWFgXB,1723237578996,True,https://transform.roboflow.com/8IqlCQUz92pfe9BWFgXB/edbbb1d1a66be63d09dab35dc4d7fe13/thumb.jpg,52989,90f8d59353b150ba683971414a638984a959ce0ec6b65b4d5fd71e753ec0216e,Clock,images/Clock/objects365_v2_00957341.jpg
objects365_v2_00957342.jpg,train,Clock;Flag;Flower;Lamp;Umbrella;Vase,WsMJMM7uU1NYnnUpSII5,d051f9f2cdde3b27278948cb934f7ebd,8IqlCQUz92pfe9BWFgXB,1723237579984,True,https://transform.roboflow.com/8IqlCQUz92pfe9BWFgXB/d051f9f2cdde3b27278948cb934f7ebd/thumb.jpg,52037,d4d6134e9c28dfccd46128fdb278cfc155793f60b633a5bfcadafe825733122e,Clock,images/Clock/objects365_v2_00957342.jpg
objects365_v2_00957343.jpg,train,Chair;Glasses;Person,xiYEXNyu44RXvKkvcVU0,2f40f47ca88156fbb66b390514ad6d72,8IqlCQUz92pfe9BWFgXB,1723237578996,True,https://transform.roboflow.com/8IqlCQUz92pfe9BWFgXB/2f40f47ca88156fbb66b390514ad6d72/thumb.jpg,39888,193c0a819bb3fbd8b0ea7d1040613939894b917feada96b5a23a4d38f038f724,Chair,images/Chair/objects365_v2_00957343.jpg
objects365_v2_00957344.jpg,train,Belt;Bracelet;Handbag-Satchel;High Heels;Leather Shoes;Person;Sandals,VLUoBcDPi1FL82DYlqyb,9ad5a3ee51a79a4b961c685d1d3351bf,8IqlCQUz92pfe9BWFgXB,1723237579164,True,https://transform.roboflow.com/8IqlCQUz92pfe9BWFgXB/9ad5a3ee51a79a4b961c685d1d3351bf/thumb.jpg,55028,47c771cffbdf02f53b5c435cfc3548c5f6825bf6357ebb6c49ea5de12a829d21,Belt,images/Belt/objects365_v2_00957344.jpg
objects365_v2_00957345.jpg,train,Other Shoes;Person;Slippers;Umbrella,Qbq0TvIzXhueHvIzbfCz,2fbfa6a72f8f6c9911b335754e3ef460,8IqlCQUz92pfe9BWFgXB,1723237579164,True,https://transform.roboflow.com/8IqlCQUz92pfe9BWFgXB/2fbfa6a72f8f6c9911b335754e3ef460/thumb.jpg,100224,33c65ca96e4e0cf41fa770a55af80a14f56456a09a05295b02daa2e2397f76c4,Other Shoes,images/Other-Shoes/objects365_v2_00957345.jpg
objects365_v2_00957346.jpg,train,Ambulance;Car;Street Lights;Trash bin Can,tRYmIiIYMl7kKbWMJzUs,9b6086f694088521ad6c7681b8d3d69b,8IqlCQUz92pfe9BWFgXB,1723237579228,True,https://transform.roboflow.com/8IqlCQUz92pfe9BWFgXB/9b6086f694088521ad6c7681b8d3d69b/thumb.jpg,74554,486e0959a24378a6e7ca1250b550c181a958c263ee8e37a7ec400cc20adb82ef,Ambulance,images/Ambulance/objects365_v2_00957346.jpg
objects365_v2_00957363.jpg,train,Blackboard-Whiteboard;Camera;Storage box,DRTI1Q589Qv11tLhlLCs,4aa63b6db7af574e320660af097789ca,8IqlCQUz92pfe9BWFgXB,1723237579164,True,https://transform.roboflow.com/8IqlCQUz92pfe9BWFgXB/4aa63b6db7af574e320660af097789ca/thumb.jpg,53889,61d37e8c369c56daf8cc4f0d727fb26513a2ab6951284c04ed92f7ec6f3245b9,Blackboard-Whiteboard,images/Blackboard-Whiteboard/objects365_v2_00957363.jpg
objects365_v2_00957364.jpg,train,Glasses;Person,TU7dFWnixrw8k6pSPpRN,9b3276cc5e52b76cd1b3fcafb8bf47a7,8IqlCQUz92pfe9BWFgXB,1723237579009,True,https://transform.roboflow.com/8IqlCQUz92pfe9BWFgXB/9b3276cc5e52b76cd1b3fcafb8bf47a7/thumb.jpg,45652,4b67d4ae606cdfafe365f020d505a990a12f893a6f0c251a8ddc0bc623eec911,Glasses,images/Glasses/objects365_v2_00957364.jpg
objects365_v2_00957366.jpg,train,Chair;Person;Plate;SUV,X3GEMBXiqiuAU6lSGXo8,1a1c9c6ebe6c5e6d6f44ca1825c595bc,8IqlCQUz92pfe9BWFgXB,1723237579349,True,https://transform.roboflow.com/8IqlCQUz92pfe9BWFgXB/1a1c9c6ebe6c5e6d6f44ca1825c595bc/thumb.jpg,73359,a9c832bb5211b4af35f57b5f3d402f0085d6fd6eccc99ba352ced121ca9e9b20,Chair,images/Chair/objects365_v2_00957366.jpg
objects365_v2_00957367.jpg,train,Bottle;Cabinet-shelf;Lamp;Necklace;Person;Slippers,vyD2oqqVuwvukk4wYu5D,01460628ededaf6cf1838495f10961e9,8IqlCQUz92pfe9BWFgXB,1723237579155,True,https://transform.roboflow.com/8IqlCQUz92pfe9BWFgXB/01460628ededaf6cf1838495f10961e9/thumb.jpg,87543,2c60c911aec8b2887e0a6a578f800fa532b8c6a832cc55881f904b8a24f89027,Bottle,images/Bottle/objects365_v2_00957367.jpg
objects365_v2_00957369.jpg,train,Person;SUV,S1hWofw8gRGWZjlRruNB,2fb32616b9e8099606c963581259962d,8IqlCQUz92pfe9BWFgXB,1723237578996,True,https://transform.roboflow.com/8IqlCQUz92pfe9BWFgXB/2fb32616b9e8099606c963581259962d/thumb.jpg,68054,48b866c1d1a6af5e8146edd089d219d7eb176e90882429cac069b6f5f397357d,Person,images/Person/objects365_v2_00957369.jpg
objects365_v2_00957370.jpg,train,Camera;Helmet;Person;Skating and Skiing shoes;Sneakers,wtFirTU1hRPFk3a0BWYM,81971d2818f36c4e8cee1b165547e546,8IqlCQUz92pfe9BWFgXB,1723237579228,True,https://transform.roboflow.com/8IqlCQUz92pfe9BWFgXB/81971d2818f36c4e8cee1b165547e546/thumb.jpg,64564,25b454265b6ec188714e32340a54fa20d0b96c8b1ac599e574d16b243b223203,Camera,images/Camera/objects365_v2_00957370.jpg
objects365_v2_00957371.jpg,train,Cup;Microphone;Necklace;Person;Remote;Ring;Stool,sCImiEzovZSiOWfjeqHM,5e2439315809902dcd76cde82f628692,8IqlCQUz92pfe9BWFgXB,1723237579349,True,https://transform.roboflow.com/8IqlCQUz92pfe9BWFgXB/5e2439315809902dcd76cde82f628692/thumb.jpg,36595,19ebcd73a7d52fa4c0c9dd6a85a33f024b2a963892d9556ff45d8bc457befd47,Cup,images/Cup/objects365_v2_00957371.jpg
objects365_v2_00957372.jpg,train,Glasses;Handbag-Satchel;Lamp;Leather Shoes;Necklace;Other Shoes;Person;Ring;Wine Glass,lC6ghvKDlGzSkRW4DWCI,d13397aa8d39000e49c963c569c4b6e1,8IqlCQUz92pfe9BWFgXB,1723237579349,True,https://transform.roboflow.com/8IqlCQUz92pfe9BWFgXB/d13397aa8d39000e49c963c569c4b6e1/thumb.jpg,40781,ff5c42f5a67643863067997ee54c2567e6c4861527e2fffec5db06679eab6ce9,Glasses,images/Glasses/objects365_v2_00957372.jpg
objects365_v2_00957373.jpg,train,Apple;Bowl-Basin;Carrot;Chair;Cup;Dinning Table;Fork,nGpZhtR8CMOQ3zQYv7VX,0718de716915c8029ea7bce79586e3aa,8IqlCQUz92pfe9BWFgXB,1723237579769,True,https://transform.roboflow.com/8IqlCQUz92pfe9BWFgXB/0718de716915c8029ea7bce79586e3aa/thumb.jpg,58395,2936d5c704a3b40a60cb452bad95523dfa60b269d335e19d2d42ecc4d493474c,Apple,images/Apple/objects365_v2_00957373.jpg
objects365_v2_00957375.jpg,train,Boots;Drum;Hat;Lamp;Other Shoes;Person;Potted Plant;Sneakers;Stroller,J9zIRCmoNQHLo6tqZ38k,45ea76a69161db60ed68112bbab817bb,8IqlCQUz92pfe9BWFgXB,1723237579523,True,https://transform.roboflow.com/8IqlCQUz92pfe9BWFgXB/45ea76a69161db60ed68112bbab817bb/thumb.jpg,77913,4c0b3a6d2c04a3cbf16ddb12c2f6f6d63400938c4138ffb4331d9a60efca920a,Boots,images/Boots/objects365_v2_00957375.jpg
objects365_v2_00957376.jpg,train,Awning;Car;Hat;Motorcycle;Other Shoes;Person;Pickup Truck;Scooter;Street Lights,hLaTfMRzgOHcfGzHfBfi,ccdd2e30bbcd453cb85b38707c6c93d2,8IqlCQUz92pfe9BWFgXB,1723237579523,True,https://transform.roboflow.com/8IqlCQUz92pfe9BWFgXB/ccdd2e30bbcd453cb85b38707c6c93d2/thumb.jpg,94687,65500aa288bdfeacd3c08ac9057d92ef67eb164185ad5b4b04377f8feb62f531,Awning,images/Awning/objects365_v2_00957376.jpg
objects365_v2_00957377.jpg,train,Bracelet;Person;Sandals;Watch,ZgFYsPjlvs3HM1z9wcXR,5af5c0c4d5faa2481cd7af04c422b9ec,8IqlCQUz92pfe9BWFgXB,1723237579523,True,https://transform.roboflow.com/8IqlCQUz92pfe9BWFgXB/5af5c0c4d5faa2481cd7af04c422b9ec/thumb.jpg,65112,de2377403d2c20f87b4dcde851176934f2f2cfc15d84809fcded7683a6558bda,Bracelet,images/Bracelet/objects365_v2_00957377.jpg
objects365_v2_00957378.jpg,train,Awning;Backpack;Belt;Bottle;Bracelet;Glasses;Handbag-Satchel;Person;Potted Plant;Stroller,gTIRiUBzcdIp3sXLZcNS,54f3211bae95b949b44c0db5a3095122,8IqlCQUz92pfe9BWFgXB,1723237579228,True,https://transform.roboflow.com/8IqlCQUz92pfe9BWFgXB/54f3211bae95b949b44c0db5a3095122/thumb.jpg,112063,cd9b24c9f146c6fa5b8f6f35fc6e241360537bd5d185f2bc096585ad10ac44f2,Awning,images/Awning/objects365_v2_00957378.jpg
objects365_v2_00957379.jpg,train,Person,FyYBrRqRTRFooKbLEwXY,736b7bc8c918eab61f9f7348cdc12c60,8IqlCQUz92pfe9BWFgXB,1723237579171,True,https://transform.roboflow.com/8IqlCQUz92pfe9BWFgXB/736b7bc8c918eab61f9f7348cdc12c60/thumb.jpg,85402,9e0704e95c88f072ab604f7bbe6bb35e1f59515b47b1840247c7501499d73295,Person,images/Person/objects365_v2_00957379.jpg
objects365_v2_00957380.jpg,train,Baseball;Baseball Glove;Glasses;Hat;Helmet;Person;Sneakers,iNWNZ6Mr3EVzc0lXti2L,da404dc6fc6e88893484140290529d9c,8IqlCQUz92pfe9BWFgXB,1723237579155,True,https://transform.roboflow.com/8IqlCQUz92pfe9BWFgXB/da404dc6fc6e88893484140290529d9c/thumb.jpg,76072,1c89ceac4c76526a7eea8b8feb07b62f588711d9fceec1f3765de10c308aaf28,Baseball,images/Baseball/objects365_v2_00957380.jpg
objects365_v2_00957381.jpg,train,Backpack;Chair;Other Balls;Person;Ring;Sneakers,UydrzjDISUqyPJmP2d7Q,e2d65f385dffa7c6659fc77548d96370,8IqlCQUz92pfe9BWFgXB,1723237579335,True,https://transform.roboflow.com/8IqlCQUz92pfe9BWFgXB/e2d65f385dffa7c6659fc77548d96370/thumb.jpg,47299,57a2acb54ad7885ef1f7fb98e1cc4eebf8521550af8bf15769f9419bd7e3bbae,Backpack,images/Backpack/objects365_v2_00957381.jpg
objects365_v2_00957382.jpg,train,Cabinet-shelf;Car;Handbag-Satchel;Lamp;Other Shoes;Person;Sneakers;Speed Limit Sign;Street Lights;Trash bin Can,MEXdjKqAL8oUAlbWAIWA,d324f01bff728144f18fe6235a108c33,8IqlCQUz92pfe9BWFgXB,1723237579155,True,https://transform.roboflow.com/8IqlCQUz92pfe9BWFgXB/d324f01bff728144f18fe6235a108c33/thumb.jpg,74223,942b6049760b01ab408c52e3fb6da888fee781ab7f2c1b866e27858984ca0ecf,Cabinet-shelf,images/Cabinet-shelf/objects365_v2_00957382.jpg
objects365_v2_00957384.jpg,train,Baseball;Baseball Glove;Belt;Car;Hat;Person;Sneakers;Truck,Qux7eszZm8MwLCkUgckG,eee0ad2edda365e640d322b13e98a2f5,8IqlCQUz92pfe9BWFgXB,1723237579155,True,https://transform.roboflow.com/8IqlCQUz92pfe9BWFgXB/eee0ad2edda365e640d322b13e98a2f5/thumb.jpg,43812,5f9fd463e0af4e171298f0999c1e6525e042c8b8a38a26e19e029367b859d0b0,Baseball,images/Baseball/objects365_v2_00957384.jpg
objects365_v2_00957385.jpg,train,Bench;Bottle;Bowl-Basin;Cabinet-shelf;Camera;Desk;Fan;Faucet;Lamp;Monitor-TV;Person;Picture-Frame;Potted Plant;Ring;Sink;Towel,JJAFiIYYnbU9knKlpMQA,bf75fa60e83c1ba9519b9b3ab32c1617,8IqlCQUz92pfe9BWFgXB,1723237579335,True,https://transform.roboflow.com/8IqlCQUz92pfe9BWFgXB/bf75fa60e83c1ba9519b9b3ab32c1617/thumb.jpg,57895,0bdcf09d196c9ff468684abfaf3d6ba1fd3daa063ccf4da78bb8ec78c9048430,Bench,images/Bench/objects365_v2_00957385.jpg
objects365_v2_00957390.jpg,train,Bench;Bracelet;Cabinet-shelf;Chair;Person;Pillow;Sink,gTdoqXwRxvhwQt82HAva,c714651de7e69d23e3674f2728d754ec,8IqlCQUz92pfe9BWFgXB,1723237579171,True,https://transform.roboflow.com/8IqlCQUz92pfe9BWFgXB/c714651de7e69d23e3674f2728d754ec/thumb.jpg,36632,ba0ba704cb82c01107c6c743a219717deab3b2716f51526be221b1507b6c4197,Bench,images/Bench/objects365_v2_00957390.jpg
objects365_v2_00957391.jpg,train,Microphone;Necklace;Person,o5VCoSKu62aEehPgfBp4,981a233835f3c68c6e25fba9659ac89f,8IqlCQUz92pfe9BWFgXB,1723237579171,True,https://transform.roboflow.com/8IqlCQUz92pfe9BWFgXB/981a233835f3c68c6e25fba9659ac89f/thumb.jpg,30607,46ac54c0464cc7fba2b69c28eb05f7895c06b16229989f18db242d4a56bd2578,Microphone,images/Microphone/objects365_v2_00957391.jpg
objects365_v2_00957392.jpg,train,Extension Cord;Person,3pjKM6JaL6A7xfir6JRH,adc97ffcc843afa0b191e4b59554b657,8IqlCQUz92pfe9BWFgXB,1723237579315,True,https://transform.roboflow.com/8IqlCQUz92pfe9BWFgXB/adc97ffcc843afa0b191e4b59554b657/thumb.jpg,53315,479084282ec128e491e9cf67ec0bd6ec5b04fc7617191d49ca2ba71d13b787dc,Extension Cord,images/Extension-Cord/objects365_v2_00957392.jpg
objects365_v2_00957393.jpg,train,Boat;Crane;Flag;Sailboat;Train,zOHoZqZXYsXD3EYVHw4y,4fbfd2ed533e7f880b3b349d05331430,8IqlCQUz92pfe9BWFgXB,1723237579315,True,https://transform.roboflow.com/8IqlCQUz92pfe9BWFgXB/4fbfd2ed533e7f880b3b349d05331430/thumb.jpg,68191,10e8bab6b345e12e46cabe2d7c29600862560e4c4171c7276f7e07629d48289a,Boat,images/Boat/objects365_v2_00957393.jpg
objects365_v2_00957394.jpg,train,Car;Chair;Fire Hydrant;Flag;Glasses;Lamp;Person;SUV;Street Lights;Traffic Light;Trash bin Can,YMlawU7A3oe5RoaY2Z26,427e74a36252e5c81d873efcaacbf036,8IqlCQUz92pfe9BWFgXB,1723237579335,True,https://transform.roboflow.com/8IqlCQUz92pfe9BWFgXB/427e74a36252e5c81d873efcaacbf036/thumb.jpg,69851,3f6aa15a97aa5dcb3b8438653ce8d65d071ea86e988b398187acd392a50f414b,Car,images/Car/objects365_v2_00957394.jpg
objects365_v2_00957395.jpg,train,Boat;Car,BwIM3osSra8vragllzlp,23fd76bd2487581cdda4ab6f2219d358,8IqlCQUz92pfe9BWFgXB,1723237579349,True,https://transform.roboflow.com/8IqlCQUz92pfe9BWFgXB/23fd76bd2487581cdda4ab6f2219d358/thumb.jpg,58441,c716d3136e4a35a56756b85bd15e207f613c29097953ca52b303fbab0c91ac77,Boat,images/Boat/objects365_v2_00957395.jpg
objects365_v2_00957397.jpg,train,Cup;Glasses;Person;Slide;Tie,oQBB1UW68TP4htwZhOCN,4f8aea461454ce2e7a5ede7d860a93c9,8IqlCQUz92pfe9BWFgXB,1723237579335,True,https://transform.roboflow.com/8IqlCQUz92pfe9BWFgXB/4f8aea461454ce2e7a5ede7d860a93c9/thumb.jpg,36709,abbddeb29d45b630f78b1bc3ed685e5ec0e4aac6708806377d85317667fb8eaf,Cup,images/Cup/objects365_v2_00957397.jpg
objects365_v2_00957398.jpg,train,Book;Bottle;Cabinet-shelf;Carpet;Coffee Table;Couch;Desk;Lamp;Picture-Frame;Pillow;Potted Plant;Telephone,hbD1563vGLKWeXIJESxR,06395960855fe049cfe5980c88db76a8,8IqlCQUz92pfe9BWFgXB,1723237579335,True,https://transform.roboflow.com/8IqlCQUz92pfe9BWFgXB/06395960855fe049cfe5980c88db76a8/thumb.jpg,50956,f16e815df1085d75cdcef20bd6492daafcf5af8e74be89e396f107e2ae2281ea,Book,images/Book/objects365_v2_00957398.jpg
objects365_v2_00957399.jpg,train,Bow Tie;Flag;Glasses;Gloves;Person;Ring;Traffic cone,84JJLeYB3QrEfklNmlVY,f8b0ebb235954e8f7b9acb5be9750cb4,8IqlCQUz92pfe9BWFgXB,1723237579568,True,https://transform.roboflow.com/8IqlCQUz92pfe9BWFgXB/f8b0ebb235954e8f7b9acb5be9750cb4/thumb.jpg,44755,e21caa3a078970ad85d9c1a39c9dae2ee3a2042fed844fe06fe837c7cee2b487,Bow Tie,images/Bow-Tie/objects365_v2_00957399.jpg
objects365_v2_00957400.jpg,train,Glasses;Person,0arI109IWAH1U4lYhiP6,e6af651176bd5145326b648bd937cf10,8IqlCQUz92pfe9BWFgXB,1723237579335,True,https://transform.roboflow.com/8IqlCQUz92pfe9BWFgXB/e6af651176bd5145326b648bd937cf10/thumb.jpg,34382,f8243e8545dcff2074cfab65b772cd1f5852425cbc49de3f9274cf9629b28576,Glasses,images/Glasses/objects365_v2_00957400.jpg
objects365_v2_00957401.jpg,train,Bracelet;Chair;Cup;Desk;Glasses;Jug;Napkin;Necklace;Person;Plate;Ring,GfV4cHT48Xz0OBWY7aV5,e5e4fd0a6f8e993d42da52c0c55dda28,8IqlCQUz92pfe9BWFgXB,1723237579523,True,https://transform.roboflow.com/8IqlCQUz92pfe9BWFgXB/e5e4fd0a6f8e993d42da52c0c55dda28/thumb.jpg,50324,c2c8de6a1e1ced3373e4ba99ed5f796bbabca782891986ae099645ec8ddd02b7,Bracelet,images/Bracelet/objects365_v2_00957401.jpg
objects365_v2_00957402.jpg,train,Boat;Dog;Machinery Vehicle;Other Shoes;Person;Sneakers;Street Lights;Umbrella,m8qZUGVmDOsSda2icjJu,2b84444462c5b857e2dbc722eb5d1705,8IqlCQUz92pfe9BWFgXB,1723237579769,True,https://transform.roboflow.com/8IqlCQUz92pfe9BWFgXB/2b84444462c5b857e2dbc722eb5d1705/thumb.jpg,66763,0a5966e100a9fd7d792de5ebcb0aeec113b621098f21f545e01652ba1250d4ab,Boat,images/Boat/objects365_v2_00957402.jpg
objects365_v2_00957403.jpg,train,Bracelet;Chair;Glasses;Handbag-Satchel;Hat;Person;Ring;Sneakers;Street Lights;Stroller;Umbrella,MdOcVdSQKcStMv3zzmgR,991a3ab189e4d40c96c35c012bb7b9aa,8IqlCQUz92pfe9BWFgXB,1723237580164,True,https://transform.roboflow.com/8IqlCQUz92pfe9BWFgXB/991a3ab189e4d40c96c35c012bb7b9aa/thumb.jpg,78958,facd5dcece83e92668595752a66481b8b622129b1b16a154a1d612765475fc35,Bracelet,images/Bracelet/objects365_v2_00957403.jpg
objects365_v2_00957404.jpg,train,Flower;Potted Plant;Vase,fiXeFJizkmicNDUyoPNO,2a3c79b63f339c715265025a063452a0,8IqlCQUz92pfe9BWFgXB,1723237579769,True,https://transform.roboflow.com/8IqlCQUz92pfe9BWFgXB/2a3c79b63f339c715265025a063452a0/thumb.jpg,57040,f5075924d00b161d82555d5fb72381e3d5c9c8952852768b28f9bef910aab6e8,Flower,images/Flower/objects365_v2_00957404.jpg
objects365_v2_00957415.jpg,train,Bottle;Bread;Cabinet-shelf;Canned;Cup;Desk;Hat;Person;Plate;Refrigerator;Ring,4AS8jvH95GRYeMpf0Y9d,fee8e78d65278be824261182e8fc3c33,8IqlCQUz92pfe9BWFgXB,1723237579583,True,https://transform.roboflow.com/8IqlCQUz92pfe9BWFgXB/fee8e78d65278be824261182e8fc3c33/thumb.jpg,48544,42dbca0ddaeb54fbadcbf26aa976d258f461c162a795e02f2edf35f44696e225,Bottle,images/Bottle/objects365_v2_00957415.jpg
objects365_v2_00957416.jpg,train,Belt;Bracelet;Cabinet-shelf;Cup;Fan;Flower;Glasses;Handbag-Satchel;Lamp;Necklace;Person;Picture-Frame;Ring;Storage box,4rhJlukKIXBSdTeezXm8,83f9bf4adb7fb788bb9b0cff327a0185,8IqlCQUz92pfe9BWFgXB,1723237579583,True,https://transform.roboflow.com/8IqlCQUz92pfe9BWFgXB/83f9bf4adb7fb788bb9b0cff327a0185/thumb.jpg,61133,ae9e169edb9da85fc71fd28dc52f85fc3b9669a37ed0e72dac4226a1d7745b47,Belt,images/Belt/objects365_v2_00957416.jpg
objects365_v2_00957418.jpg,train,Belt;Person;Sneakers,bTenxqe5y2Y0LeotOoMd,13f74808c37a661507e69e37a86ad0d1,8IqlCQUz92pfe9BWFgXB,1723237579583,True,https://transform.roboflow.com/8IqlCQUz92pfe9BWFgXB/13f74808c37a661507e69e37a86ad0d1/thumb.jpg,51027,e308c2d8771a36dee6fb950d9d093fdaa44f510e2f79beb8db5d45cacd8ab9e3,Belt,images/Belt/objects365_v2_00957418.jpg
objects365_v2_00957419.jpg,train,Bracelet;Carpet;Desk;Glasses;Handbag-Satchel;Hanger;Hat;Other Shoes;Person;Sandals;Slippers;Tent;Umbrella,EjabxGgtd31h4pUtDajU,f87a2f9c5b988be08289b355807c5eb3,8IqlCQUz92pfe9BWFgXB,1723237579772,True,https://transform.roboflow.com/8IqlCQUz92pfe9BWFgXB/f87a2f9c5b988be08289b355807c5eb3/thumb.jpg,63091,519929b557ec6e5f0aecb84c45659d0f498340513250b29051df98d2db05e1ad,Bracelet,images/Bracelet/objects365_v2_00957419.jpg
objects365_v2_00957420.jpg,train,Bench;Car;Glasses;Hat;Horse;Lamp;Other Shoes;Person;Potted Plant;Sandals;Van,jwwckDHclyR5BlRgpFt7,c952386d001b57cbab66610e23df7d2c,8IqlCQUz92pfe9BWFgXB,1723237579315,True,https://transform.roboflow.com/8IqlCQUz92pfe9BWFgXB/c952386d001b57cbab66610e23df7d2c/thumb.jpg,68913,cab62b1220382d427cb7dce82779a8b0e255037bb184486312a19a69daa02547,Bench,images/Bench/objects365_v2_00957420.jpg
objects365_v2_00957422.jpg,train,Bicycle;Car;Chair;Person;Van,UzpDZ9fQJxmxVuPAIms6,ded411cff486c0702f0d64443acf4467,8IqlCQUz92pfe9BWFgXB,1723237579315,True,https://transform.roboflow.com/8IqlCQUz92pfe9BWFgXB/ded411cff486c0702f0d64443acf4467/thumb.jpg,91000,b0d0d223c164dac5d8715629ad24c8147fb9b67f36c8d3b813a668984d1deef9,Bicycle,images/Bicycle/objects365_v2_00957422.jpg
objects365_v2_00957423.jpg,train,Belt;Glasses;Hat;Person,fN5ZwMiPzNnlP0uoACHs,fd593a6a746c37e97da276ff28304c7b,8IqlCQUz92pfe9BWFgXB,1723237579568,True,https://transform.roboflow.com/8IqlCQUz92pfe9BWFgXB/fd593a6a746c37e97da276ff28304c7b/thumb.jpg,44492,fe34c71b871d361d84c6d40adaafc1c797ba432754e1a7e41f0b16a56326b429,Belt,images/Belt/objects365_v2_00957423.jpg
objects365_v2_00957424.jpg,train,Cello;Cymbal;Desk;Drum;Guitar;Microphone;Monitor-TV;Other Shoes;Person;Sneakers;Speaker;Stool;Tie,wPki95obkGcJKjRvUjS2,24f579726e4de68a8b26c4d2a90f2db3,8IqlCQUz92pfe9BWFgXB,1723237579772,True,https://transform.roboflow.com/8IqlCQUz92pfe9BWFgXB/24f579726e4de68a8b26c4d2a90f2db3/thumb.jpg,57218,191fc463fa20c5e20ec76e847e45e5d05d247365840585b71e5e203353021a42,Cello,images/Cello/objects365_v2_00957424.jpg
objects365_v2_00957425.jpg,train,Awning;Backpack;Bowl-Basin;Car;Hat;Other Shoes;Person;Scooter;Sneakers;Street Lights,Ta5f0XA0H3NhDeri2A8o,9973deedf16848bf9e3d47f4d9ffc29d,8IqlCQUz92pfe9BWFgXB,1723237579772,True,https://transform.roboflow.com/8IqlCQUz92pfe9BWFgXB/9973deedf16848bf9e3d47f4d9ffc29d/thumb.jpg,94245,a6e2687d19fd49fd8c4af2cc0c192c6b79648296156b738eac01aca2c264bb46,Awning,images/Awning/objects365_v2_00957425.jpg
objects365_v2_00957426.jpg,train,Bracelet;Glasses;Microphone;Other Shoes;Person;Watch,IYqHPyjSiQsAlAJD7mP7,1613980e5c7c80a77cdfeab3444a55b7,8IqlCQUz92pfe9BWFgXB,1723237579315,True,https://transform.roboflow.com/8IqlCQUz92pfe9BWFgXB/1613980e5c7c80a77cdfeab3444a55b7/thumb.jpg,41353,83811803dd66f2bf82110f006fbaf6570105c7949224417d99d750c56623f8e9,Bracelet,images/Bracelet/objects365_v2_00957426.jpg
objects365_v2_00957427.jpg,train,Bracelet;Flower;Necklace;Person,Tjvl9rIgBQN4oTs6IWsT,40fce3242773e7f8adecf11ea7f5757a,8IqlCQUz92pfe9BWFgXB,1723237579492,True,https://transform.roboflow.com/8IqlCQUz92pfe9BWFgXB/40fce3242773e7f8adecf11ea7f5757a/thumb.jpg,94093,56a97bb9a64c9934877c1b8c74bfce715dbc5caf25955712463204e721c7055e,Bracelet,images/Bracelet/objects365_v2_00957427.jpg
objects365_v2_00957428.jpg,train,Barrel-bucket;Bottle;Orange-Tangerine,N7BcU689d8UVJNrPfEob,79581f1915bd53cd73a50cdc3c1edaca,8IqlCQUz92pfe9BWFgXB,1723237579315,True,https://transform.roboflow.com/8IqlCQUz92pfe9BWFgXB/79581f1915bd53cd73a50cdc3c1edaca/thumb.jpg,92908,9a9c78e60f41b56a3defb25ccdc52aae901f4d903e86580ac67176dba132a82b,Barrel-bucket,images/Barrel-bucket/objects365_v2_00957428.jpg
objects365_v2_00957429.jpg,train,Awning;Car;Handbag-Satchel;Hat;Lifesaver;Person;Potted Plant,2tf5FBQmV5TFX783fHhS,66f65bce8a25affebb459c094497d55b,8IqlCQUz92pfe9BWFgXB,1723237579568,True,https://transform.roboflow.com/8IqlCQUz92pfe9BWFgXB/66f65bce8a25affebb459c094497d55b/thumb.jpg,62680,9835062a61ff502d065946d2a2067b8b990f8ba38b81116c97530c56d072ecec,Awning,images/Awning/objects365_v2_00957429.jpg
objects365_v2_00957430.jpg,train,Bottle;Bracelet;Cup;Glasses;Hat;Helmet;Necklace;Other Shoes;Person;Pickup Truck;Sneakers;Watch,8dy9tT5RHJD1aw7U0sCX,11ea8e28bdf7f82bc2c0541aa318d9ea,8IqlCQUz92pfe9BWFgXB,1723237579568,True,https://transform.roboflow.com/8IqlCQUz92pfe9BWFgXB/11ea8e28bdf7f82bc2c0541aa318d9ea/thumb.jpg,59504,8c63838ea5e69488d032d58fbe50f577ec452d7c979fac3a6540dd68c06ce0b5,Bottle,images/Bottle/objects365_v2_00957430.jpg
objects365_v2_00957431.jpg,train,Bicycle;Boat;Bottle;Bracelet;Helmet;Other Shoes;Person;Sneakers;Trash bin Can,BmuYsA5hFCpLxjTF0H1O,78ae7f4f729c7fa407e2c14accd607f3,8IqlCQUz92pfe9BWFgXB,1723237579769,True,https://transform.roboflow.com/8IqlCQUz92pfe9BWFgXB/78ae7f4f729c7fa407e2c14accd607f3/thumb.jpg,89818,2885995fea09969a7e4f89f2407b55be82dcab1097bca2b3ca8e26baacadcf7d,Bicycle,images/Bicycle/objects365_v2_00957431.jpg
objects365_v2_00957432.jpg,train,Barrel-bucket;Basket;Bowl-Basin;Cup;Handbag-Satchel;Hat;Other Fish;Person;Slippers;Storage box;Trash bin Can,BVtUiotTiRhQXynX09ml,2bf2db70c4e4a4e356c71d5e1cffe9cc,8IqlCQUz92pfe9BWFgXB,1723237579769,True,https://transform.roboflow.com/8IqlCQUz92pfe9BWFgXB/2bf2db70c4e4a4e356c71d5e1cffe9cc/thumb.jpg,72453,76ea1410489d641222cf721527acf37f25878cdadffef4d933d078a52cdf839b,Barrel-bucket,images/Barrel-bucket/objects365_v2_00957432.jpg
objects365_v2_00957435.jpg,train,Bracelet;Glasses;Necklace;Other Shoes;Picture-Frame;Ring,hZPuFe5699qzTDUq2POH,b17e7f079916c0f634269ce25e0accd9,8IqlCQUz92pfe9BWFgXB,1723237579769,True,https://transform.roboflow.com/8IqlCQUz92pfe9BWFgXB/b17e7f079916c0f634269ce25e0accd9/thumb.jpg,62021,d73f5eff60b1f1bad524eb7686c73224538c47868ea109a9673b662029534e3f,Bracelet,images/Bracelet/objects365_v2_00957435.jpg
objects365_v2_00957436.jpg,train,Awning;Basket;Bottle;Chair;Cup;Desk;French Fries;Glasses;Jug;Person;Plate;Umbrella;Wine Glass,cpDosbOvfODXvHhhJPfN,56d82da25970ffa9ee41fb390d6dea49,8IqlCQUz92pfe9BWFgXB,1723237579772,True,https://transform.roboflow.com/8IqlCQUz92pfe9BWFgXB/56d82da25970ffa9ee41fb390d6dea49/thumb.jpg,83321,b8eb71c96d474173f8b334a5d580a498e7804ec41f6587e68c12578b68ee0897,Awning,images/Awning/objects365_v2_00957436.jpg
objects365_v2_00957437.jpg,train,Belt;Cabinet-shelf;Hat;Lamp;Mirror;Monitor-TV;Person;Picture-Frame;Sneakers;Wine Glass,jFvWMJqJk4oBqXLE2yty,c2ebe8506028ffe21d5a187c36796007,8IqlCQUz92pfe9BWFgXB,1723237579984,True,https://transform.roboflow.com/8IqlCQUz92pfe9BWFgXB/c2ebe8506028ffe21d5a187c36796007/thumb.jpg,59198,a419fff7ac4b83bcc435beb42f38275461419737a2cfea7a80720ee073352846,Belt,images/Belt/objects365_v2_00957437.jpg
objects365_v2_00957438.jpg,train,Golf Club;Handbag-Satchel;Hat;Other Shoes;Person,E6U6lvS4i3Mxv2xhnaAK,9bb23eec4b3b7ee92c868eeadae01087,8IqlCQUz92pfe9BWFgXB,1723237579769,True,https://transform.roboflow.com/8IqlCQUz92pfe9BWFgXB/9bb23eec4b3b7ee92c868eeadae01087/thumb.jpg,73549,2a67ce9e141b8b1b967567388f8b92941d452953d38daca4764300bb770b70a4,Golf Club,images/Golf-Club/objects365_v2_00957438.jpg
objects365_v2_00957442.jpg,train,Cabinet-shelf;Storage box;Stuffed Toy,PIoj8cHJ4cYrnJUpLLLB,851082c5ff43f97735a0afa3bc455faa,8IqlCQUz92pfe9BWFgXB,1723237579492,True,https://transform.roboflow.com/8IqlCQUz92pfe9BWFgXB/851082c5ff43f97735a0afa3bc455faa/thumb.jpg,69996,fd5c9a0c3e0ae0a6eae544fabd72e8d5ceb2d1f82358cf0bcdd3c19ae14c4a00,Cabinet-shelf,images/Cabinet-shelf/objects365_v2_00957442.jpg
objects365_v2_00957444.jpg,train,Basket;Bottle;Bowl-Basin;Chair;Cup;Desk;Flower;Guitar;Jug;Lamp;Mirror;Potted Plant;Vase,TSoezs40MupQAMFpY0oO,9c1190cfbabf553ba3555d078a24cbe9,8IqlCQUz92pfe9BWFgXB,1723237579492,True,https://transform.roboflow.com/8IqlCQUz92pfe9BWFgXB/9c1190cfbabf553ba3555d078a24cbe9/thumb.jpg,82860,fb70361bbc4d8eecfeee2fd26b507a2fc9250516fdef135b50767628f5a7f163,Basket,images/Basket/objects365_v2_00957444.jpg
objects365_v2_00957445.jpg,train,Balloon;Chair;Hat;Person;Slippers;Stroller,geRJWDPrIEBBNXNi3Ytd,4080c1b015f96388fa5c62aa3e5be334,8IqlCQUz92pfe9BWFgXB,1723237579315,True,https://transform.roboflow.com/8IqlCQUz92pfe9BWFgXB/4080c1b015f96388fa5c62aa3e5be334/thumb.jpg,85495,0c0ff768bcfa8b03f7434c1ea2654d1506a03bf7774364a02d28fdfca43dd2df,Balloon,images/Balloon/objects365_v2_00957445.jpg
objects365_v2_00957446.jpg,train,Barrel-bucket;Boat;Chair;Flag;Lifesaver;Person;Scooter;Storage box;Street Lights,8Kt0vQlp7I54EoQ8WbyS,77e866b179915a0d53075562c884141d,8IqlCQUz92pfe9BWFgXB,1723237579769,True,https://transform.roboflow.com/8IqlCQUz92pfe9BWFgXB/77e866b179915a0d53075562c884141d/thumb.jpg,66218,ea8614c1f69e96b7296b5edac1ba7bdfa8dc50d78d4be8b5f236df7f62df71b0,Barrel-bucket,images/Barrel-bucket/objects365_v2_00957446.jpg
objects365_v2_00957447.jpg,train,Car;Person;SUV;Street Lights;Van;Wild Bird,nzEzTKrWoSqIO3Caijpj,14a7ac6dbcda78b7b469a3d9327b21e4,8IqlCQUz92pfe9BWFgXB,1723237579829,True,https://transform.roboflow.com/8IqlCQUz92pfe9BWFgXB/14a7ac6dbcda78b7b469a3d9327b21e4/thumb.jpg,75498,1d5910340bf8c74993f569ccfc5eed92b110319f1b68a32f88471aee8033b507,Car,images/Car/objects365_v2_00957447.jpg
objects365_v2_00957448.jpg,train,Belt;Bottle;Cello;Drum;Glasses;Guitar;Lamp;Microphone;Person,acEPM50tz0flxcOsiCI9,8f0876075c76f8b6f92dd1f2fc4d501e,8IqlCQUz92pfe9BWFgXB,1723237579829,True,https://transform.roboflow.com/8IqlCQUz92pfe9BWFgXB/8f0876075c76f8b6f92dd1f2fc4d501e/thumb.jpg,62316,a48056ffcea046bfad6d421eb3e7ffdf082d0e24aa9a096a0849016acedd6b77,Belt,images/Belt/objects365_v2_00957448.jpg
objects365_v2_00957449.jpg,train,Gloves;Helmet;Leather Shoes;Motorcycle;Person;Sneakers,5BC8gPYFiO3oPjLEY2eY,c833acb2e2be22bc149b9c67be5d6641,8IqlCQUz92pfe9BWFgXB,1723237579829,True,https://transform.roboflow.com/8IqlCQUz92pfe9BWFgXB/c833acb2e2be22bc149b9c67be5d6641/thumb.jpg,48661,04c5a99f4f62927ac6ad85dd59a5166fa5fa3eb3f06185ef17d0f308e9978260,Gloves,images/Gloves/objects365_v2_00957449.jpg
objects365_v2_00957450.jpg,train,Bottle;Canned;Clock;Desk;Glasses;Hat;Lamp;Other Shoes;Person;Refrigerator;Storage box,jttn3JaIvQFjN5hYuhSF,aa1f2127f7600773d8a2daa55b32ac5e,8IqlCQUz92pfe9BWFgXB,1723237579829,True,https://transform.roboflow.com/8IqlCQUz92pfe9BWFgXB/aa1f2127f7600773d8a2daa55b32ac5e/thumb.jpg,79482,655b825235beb23183da4021dd6b887518e2c93e118bf4bd08740b548f98c6fb,Bottle,images/Bottle/objects365_v2_00957450.jpg
objects365_v2_00957452.jpg,train,Boat;Flag;Lifesaver;Person,8wCKr2ZmTeWlEIyktkst,f1567b52cbb678bd91240cfe8be6c43c,8IqlCQUz92pfe9BWFgXB,1723237579982,True,https://transform.roboflow.com/8IqlCQUz92pfe9BWFgXB/f1567b52cbb678bd91240cfe8be6c43c/thumb.jpg,69144,de92f2713a63a3dc57298d0c67dbfe906ca2cdbdb5cd2ec96ccb16ff6e89047c,Boat,images/Boat/objects365_v2_00957452.jpg
objects365_v2_00957453.jpg,train,Bow Tie;Cup;Person;Tie,KF5zNhtTEiRPW5Qf5lFa,50e6a6b2009604057871d307e5d22f80,8IqlCQUz92pfe9BWFgXB,1723237579982,True,https://transform.roboflow.com/8IqlCQUz92pfe9BWFgXB/50e6a6b2009604057871d307e5d22f80/thumb.jpg,42784,ebbaceeff3029fde23b1a822230d3a16e6b1f89d72cb0c089b0bbb5e688210ae,Bow Tie,images/Bow-Tie/objects365_v2_00957453.jpg
objects365_v2_00957454.jpg,train,Boots;Chair;Desk;Laptop;Other Shoes;Person,mHJYiCa3HPP20omYLewe,772723072e0afad6a1ad2db4d8468975,8IqlCQUz92pfe9BWFgXB,1723237579829,True,https://transform.roboflow.com/8IqlCQUz92pfe9BWFgXB/772723072e0afad6a1ad2db4d8468975/thumb.jpg,48491,d04ea5a7a620212434f878982516707477a8ace519185d640b9732b8d1e154ea,Boots,images/Boots/objects365_v2_00957454.jpg
objects365_v2_00957455.jpg,train,Bracelet;Chair;Desk;Glasses;Necklace;Person;Sandals,tvwljl5VKOhBECips16X,053d8581c6c3da2f4cd3b53494339a3b,8IqlCQUz92pfe9BWFgXB,1723237580046,True,https://transform.roboflow.com/8IqlCQUz92pfe9BWFgXB/053d8581c6c3da2f4cd3b53494339a3b/thumb.jpg,42586,f78a3e0ad27c4ae59f476984e9f273e2d89dc58d1e7ff15d46dd334f4e114a4b,Bracelet,images/Bracelet/objects365_v2_00957455.jpg
objects365_v2_00957456.jpg,train,Bracelet;Chair;Person;Picture-Frame;Power outlet;Ring,FPS01trFWEDavL15CqsC,212b09da4cbfc7dea1c31f12e08cb95f,8IqlCQUz92pfe9BWFgXB,1723237580164,True,https://transform.roboflow.com/8IqlCQUz92pfe9BWFgXB/212b09da4cbfc7dea1c31f12e08cb95f/thumb.jpg,43087,03b076942786304649124b010f5e94aeeada9d12b55a99b038cfd104fc66d847,Bracelet,images/Bracelet/objects365_v2_00957456.jpg
objects365_v2_00957457.jpg,train,Handbag-Satchel;Other Shoes;Person,gfczZqlbqrironvxbcjC,f0dda7b134bd2acfc116e8a3a414f8a7,8IqlCQUz92pfe9BWFgXB,1723237580164,True,https://transform.roboflow.com/8IqlCQUz92pfe9BWFgXB/f0dda7b134bd2acfc116e8a3a414f8a7/thumb.jpg,44430,be3f121f1c9a7a292fec46c4b9b8fed6fbc3c4203be9d1266e8ab2797b6c0102,Handbag-Satchel,images/Handbag-Satchel/objects365_v2_00957457.jpg
objects365_v2_00957458.jpg,train,Balloon;Car;Gloves;Hat;Other Shoes;Person;SUV;Shovel;Trash bin Can,X8MwgYMmq2iNpxZhdBfO,e75df99e235d9a9dccf08a69c12472d9,8IqlCQUz92pfe9BWFgXB,1723237579982,True,https://transform.roboflow.com/8IqlCQUz92pfe9BWFgXB/e75df99e235d9a9dccf08a69c12472d9/thumb.jpg,88617,aeeb888188941d1d66ecd94290a75c988582dc6c658e72c8f39b13107f6dbbed,Balloon,images/Balloon/objects365_v2_00957458.jpg
objects365_v2_00957460.jpg,train,Carpet;Chair;Desk;Glasses;Other Shoes;Person,dpQrAWn6kPYGnX04Ti1k,53919bd36ac3ce52ca7634f1a07a93fc,8IqlCQUz92pfe9BWFgXB,1723237579984,True,https://transform.roboflow.com/8IqlCQUz92pfe9BWFgXB/53919bd36ac3ce52ca7634f1a07a93fc/thumb.jpg,42819,fe7c2905abf5950562392a212da04b13e1b6331b584af69cde91c9f1389e4491,Carpet,images/Carpet/objects365_v2_00957460.jpg
objects365_v2_00957461.jpg,train,Bottle;Bracelet;Hat;Person,cZ6VT0WykpTadjXjjrEb,5d882dc73bd42a44ad16d5259ce3b64a,8IqlCQUz92pfe9BWFgXB,1723237579769,True,https://transform.roboflow.com/8IqlCQUz92pfe9BWFgXB/5d882dc73bd42a44ad16d5259ce3b64a/thumb.jpg,33632,8af48681f665d4411e75d25e53e3636cfafe01412b01616c877d475e45355595,Bottle,images/Bottle/objects365_v2_00957461.jpg
objects365_v2_00957462.jpg,train,Bracelet;Car;Other Shoes;Person;Pickup Truck;Ring;SUV;Sneakers;Soccer;Street Lights,n0nJ7XctqfT1fXGxgFRL,d6940650f3514378812f1959696ba3e6,8IqlCQUz92pfe9BWFgXB,1723237579769,True,https://transform.roboflow.com/8IqlCQUz92pfe9BWFgXB/d6940650f3514378812f1959696ba3e6/thumb.jpg,61660,f6a568d5ebcc239f1f41ebc11aeb18bda12f50d1befcee9c5c4afb3d802adde3,Bracelet,images/Bracelet/objects365_v2_00957462.jpg
objects365_v2_00957463.jpg,train,Glasses;Gloves;Hat;Helmet;Motorcycle;Other Shoes;Person;Sneakers,Vc0zbcSWVsQqi0nV4tLZ,55882a32f60aca371930923df63caa66,8IqlCQUz92pfe9BWFgXB,1723237579769,True,https://transform.roboflow.com/8IqlCQUz92pfe9BWFgXB/55882a32f60aca371930923df63caa66/thumb.jpg,78631,1cf77429403e0195fcc729727459b832f942854134c30e4d9c0f1cabe9a46975,Glasses,images/Glasses/objects365_v2_00957463.jpg
objects365_v2_00957464.jpg,train,Bench;Bracelet;Car;Handbag-Satchel;Leather Shoes;Person;Pickup Truck;Ring;SUV,9rpmGb2K1vIOrReERpXW,1d212e258ee73fe86ae6c34c719c2ae2,8IqlCQUz92pfe9BWFgXB,1723237579769,True,https://transform.roboflow.com/8IqlCQUz92pfe9BWFgXB/1d212e258ee73fe86ae6c34c719c2ae2/thumb.jpg,86017,fbb12442f3b3e6d161613ef0f40002d77a80d9f3aa13d131c9e113b6c63e0b65,Bench,images/Bench/objects365_v2_00957464.jpg
objects365_v2_00957465.jpg,train,Flag;Glasses;Hat;Lifesaver;Person,aHVJ2lTsTEvyXVTNvqDs,b3afaad6ecfb5bc1bfa710128225cb95,8IqlCQUz92pfe9BWFgXB,1723237579953,True,https://transform.roboflow.com/8IqlCQUz92pfe9BWFgXB/b3afaad6ecfb5bc1bfa710128225cb95/thumb.jpg,55168,0adb5fcc8a771ee85364ca30cdbcb7dc9634fb8872a3a9f91a80c4d6b0465985,Flag,images/Flag/objects365_v2_00957465.jpg
objects365_v2_00957467.jpg,train,Bench;Bottle;Cabinet-shelf;Chair;Cup;Desk;Lamp;Picture-Frame;Stool,cPJIfX8pCdzbJOgQqnSK,b93224bd86eb66ce4b94a05adb4439ce,8IqlCQUz92pfe9BWFgXB,1723237579953,True,https://transform.roboflow.com/8IqlCQUz92pfe9BWFgXB/b93224bd86eb66ce4b94a05adb4439ce/thumb.jpg,35388,7fb9c7772d2e6c1932d6766b67630905e171f76c43a7dcf0d37eb5182a1f5e57,Bench,images/Bench/objects365_v2_00957467.jpg
objects365_v2_00957468.jpg,train,Bowl-Basin;Cup;Desk;Glasses;Necklace;Person;Plate;Pot;Potted Plant;Spoon;Storage box;Tea pot,c3dn9DBZ2ImwIhkevlS0,c63d2be8b0a12f0d273d7d3bb622eeb8,8IqlCQUz92pfe9BWFgXB,1723237579953,True,https://transform.roboflow.com/8IqlCQUz92pfe9BWFgXB/c63d2be8b0a12f0d273d7d3bb622eeb8/thumb.jpg,59729,aeef29ac7ddec27f736654ee5cd74370519d6759e262d8257e3c3a0a225c1651,Bowl-Basin,images/Bowl-Basin/objects365_v2_00957468.jpg
objects365_v2_00957469.jpg,train,Bench;Bracelet;Frisbee;Hat;Person;Sneakers;Trash bin Can,Iw8HLdYRWGjmiXeox3Xy,ea80e8c8ff50dd6c049505ebc5e12ac1,8IqlCQUz92pfe9BWFgXB,1723237579953,True,https://transform.roboflow.com/8IqlCQUz92pfe9BWFgXB/ea80e8c8ff50dd6c049505ebc5e12ac1/thumb.jpg,65673,5c0470fe27bfd04995718f4142a95d5cb74d237d53ad4cf6239a2a41c4e9e081,Bench,images/Bench/objects365_v2_00957469.jpg
objects365_v2_00957470.jpg,train,Cymbal;Drum;Guitar;Hat;Lamp;Microphone;Other Shoes;Person;Picture-Frame;Speaker;Tripod,Z023jnzgmloBnYKCfhWs,99b32ffaf16d27f9b3ce92e2628a3e35,8IqlCQUz92pfe9BWFgXB,1723237580164,True,https://transform.roboflow.com/8IqlCQUz92pfe9BWFgXB/99b32ffaf16d27f9b3ce92e2628a3e35/thumb.jpg,44430,bcbeff61913e2ae398a15f1aa1042c4774acf86f341bb682e5b1dcc7f8e5aa66,Cymbal,images/Cymbal/objects365_v2_00957470.jpg
objects365_v2_00957471.jpg,train,Chair;Glasses;Other Shoes;Person,GqcKyroZj0N7Rd40nxvq,089a226813e2c4462a9dfae85cf61c22,8IqlCQUz92pfe9BWFgXB,1723237580164,True,https://transform.roboflow.com/8IqlCQUz92pfe9BWFgXB/089a226813e2c4462a9dfae85cf61c22/thumb.jpg,29535,f23c842baf10f18454f07cfeb09c6a8804f1576b4a843e076b1fabb2623e07bf,Chair,images/Chair/objects365_v2_00957471.jpg
objects365_v2_00957473.jpg,train,Couch;Person;Stuffed Toy,FKuCeZgDbo6l5Y5NJuMg,3f60f4f04cddff2b0be9ac46bbba3e1f,8IqlCQUz92pfe9BWFgXB,1723237579984,True,https://transform.roboflow.com/8IqlCQUz92pfe9BWFgXB/3f60f4f04cddff2b0be9ac46bbba3e1f/thumb.jpg,56812,fd61e554531ef04eeedf99ce3be3c2109015c8984c3f64562f910bb5e6289f45,Couch,images/Couch/objects365_v2_00957473.jpg
objects365_v2_00957475.jpg,train,Boots;Hat;Other Fish;Person,lzbferPXXfJ3b5iI2IJm,b383a6de4ca05047897d8a2ffbbd802d,8IqlCQUz92pfe9BWFgXB,1723237579984,True,https://transform.roboflow.com/8IqlCQUz92pfe9BWFgXB/b383a6de4ca05047897d8a2ffbbd802d/thumb.jpg,113030,5abcfa858f72953ee23602600760386e91bfffe40680e1af557e1c414a20ddc1,Boots,images/Boots/objects365_v2_00957475.jpg
objects365_v2_00957476.jpg,train,Bottle;Bracelet;Chair;Glasses;Person;Ring;Sandals;Storage box;Violin,1ZGEFnsX3l4OiKwYPNYg,c8da33ba77f76954e4ca8c95cdd9f3df,8IqlCQUz92pfe9BWFgXB,1723237579984,True,https://transform.roboflow.com/8IqlCQUz92pfe9BWFgXB/c8da33ba77f76954e4ca8c95cdd9f3df/thumb.jpg,54894,31af4485f6e9206d38a9eb80b2f374b0c99e38a83026a08c761c4f9b8469f413,Bottle,images/Bottle/objects365_v2_00957476.jpg
objects365_v2_00957477.jpg,train,Person;SUV,VwImnYm5i8wpzkHEOQPG,f43c23cc6e1460e09f44fed6643c565f,8IqlCQUz92pfe9BWFgXB,1723237579984,True,https://transform.roboflow.com/8IqlCQUz92pfe9BWFgXB/f43c23cc6e1460e09f44fed6643c565f/thumb.jpg,67719,ced27ad0c1514c2b8c05ea5c7376faf8bb26f1580db186fab45a4173f322b904,Person,images/Person/objects365_v2_00957477.jpg
objects365_v2_00957478.jpg,train,Bicycle;Bottle;Cabinet-shelf;Carpet;Fan;Lamp;Mirror;Picture-Frame;Power outlet;Storage box;Towel,1n3wWivQxAIviI8iFpOu,e28a06218f06084d8a9a27e0b405d848,8IqlCQUz92pfe9BWFgXB,1723237580214,True,https://transform.roboflow.com/8IqlCQUz92pfe9BWFgXB/e28a06218f06084d8a9a27e0b405d848/thumb.jpg,57370,eb34dffe90aeeb9f4f3e5a5a825b38b4b149b327b92d9780c50a61f219b08aae,Bicycle,images/Bicycle/objects365_v2_00957478.jpg
objects365_v2_00957479.jpg,train,Bottle;Bowl-Basin;Cabinet-shelf;Car;Desk;Person,rkrvxRNhNVkARmNDwaJG,41076f83e47fd9e5c92a18f45cb8d003,8IqlCQUz92pfe9BWFgXB,1723237580214,True,https://transform.roboflow.com/8IqlCQUz92pfe9BWFgXB/41076f83e47fd9e5c92a18f45cb8d003/thumb.jpg,80384,b6697ae828ef5f5089ad39751326d8d5f70aaff64c9193a672b4e53dc0bcfb1f,Bottle,images/Bottle/objects365_v2_00957479.jpg
objects365_v2_00957480.jpg,train,Bus;Car;SUV;Street Lights;Tent,qOO9As2XVQepPf1eZYAf,38453e3ea0f511d30e78044579b5d663,8IqlCQUz92pfe9BWFgXB,1723237580383,True,https://transform.roboflow.com/8IqlCQUz92pfe9BWFgXB/38453e3ea0f511d30e78044579b5d663/thumb.jpg,69648,a69d32be42c3def6e4bae8807d284d7da42f2e95bf03f748b908da8e436f7950,Bus,images/Bus/objects365_v2_00957480.jpg
objects365_v2_00957482.jpg,train,Bottle;Cup;Desk;Hat;Person,JznWd4p528Rna8HO9gBE,e3abba28cffdf0ccf64548cbbbd4756e,8IqlCQUz92pfe9BWFgXB,1723237580383,True,https://transform.roboflow.com/8IqlCQUz92pfe9BWFgXB/e3abba28cffdf0ccf64548cbbbd4756e/thumb.jpg,43670,e04a705c440f58db7b5562bd1fe5cac8b744d6905f595645cd966e5e109c6431,Bottle,images/Bottle/objects365_v2_00957482.jpg
objects365_v2_00957483.jpg,train,Chair;Glasses;Hat;Person;Sneakers,I0wvmQ1TchwbJfkS8mpB,1a53b0ff2796d22eb90498dc0a21a07f,8IqlCQUz92pfe9BWFgXB,1723237580383,True,https://transform.roboflow.com/8IqlCQUz92pfe9BWFgXB/1a53b0ff2796d22eb90498dc0a21a07f/thumb.jpg,88101,e850b7ad655c93ec64f387878dd7c97de2e65b85f77f8e53549b02e7ef4b0a6b,Chair,images/Chair/objects365_v2_00957483.jpg
objects365_v2_00957484.jpg,train,Balloon;Handbag-Satchel;High Heels;Leather Shoes;Necklace;Other Shoes;Person;Ring;Tie,MmqVXWMnHRMO11QrNRDa,37c642cc1b87fd06172bc44c87221367,8IqlCQUz92pfe9BWFgXB,1723237580171,True,https://transform.roboflow.com/8IqlCQUz92pfe9BWFgXB/37c642cc1b87fd06172bc44c87221367/thumb.jpg,63228,8e138288987f5fc1a078769b95350c86764125dac5a03e381bd77e7dd2d75611,Balloon,images/Balloon/objects365_v2_00957484.jpg
objects365_v2_00957485.jpg,train,Glasses;Hat;Necklace;Person,3KUgyGWlkpg8dvKEVIPw,3c6b66a14487284b69b726a35f18dee9,8IqlCQUz92pfe9BWFgXB,1723237580171,True,https://transform.roboflow.com/8IqlCQUz92pfe9BWFgXB/3c6b66a14487284b69b726a35f18dee9/thumb.jpg,81739,6633c08394baa6aef3f263c39f254be67c0f0cf874af8f8bf58f84ef41fdae5b,Glasses,images/Glasses/objects365_v2_00957485.jpg
objects365_v2_00957486.jpg,train,Bicycle;Boat;Car;Lamp;Lifesaver;SUV;Street Lights,x88DhBnInsdxxqYDXCUz,bab06195d0b8eb03976ee47b348dd92e,8IqlCQUz92pfe9BWFgXB,1723237580171,True,https://transform.roboflow.com/8IqlCQUz92pfe9BWFgXB/bab06195d0b8eb03976ee47b348dd92e/thumb.jpg,83077,84932fd03bf2c89f578ffb24ca22c8466fc7754f3a1f5403cea8759d5643ca99,Bicycle,images/Bicycle/objects365_v2_00957486.jpg
objects365_v2_00957487.jpg,train,Belt;Boat;Cabinet-shelf;Car;Chair;Lamp;Person;Stool;Storage box,p93N07sDm0g2tnLKFZ7P,fbb5172d234d1e56c21e173b593d25bb,8IqlCQUz92pfe9BWFgXB,1723237580171,True,https://transform.roboflow.com/8IqlCQUz92pfe9BWFgXB/fbb5172d234d1e56c21e173b593d25bb/thumb.jpg,114745,08b2a8f42c8ea803b99d9152d141d26a72240e01671182ae694d8e38d36d4124,Belt,images/Belt/objects365_v2_00957487.jpg
objects365_v2_00957488.jpg,train,Bottle;Chair;Glasses;Person;Ring,lqihKTFPvTF6bEXFc79G,b5ea2cdd0499e9da5dde6057b24854dc,8IqlCQUz92pfe9BWFgXB,1723237580046,True,https://transform.roboflow.com/8IqlCQUz92pfe9BWFgXB/b5ea2cdd0499e9da5dde6057b24854dc/thumb.jpg,40568,4f6294e412ecbc46549eeb81100c155b88e26873b72dab08dc32e69a389edd78,Bottle,images/Bottle/objects365_v2_00957488.jpg
objects365_v2_00957489.jpg,train,Basketball;Belt;Chair;Hat;Person;SUV;Skateboard;Sneakers,XCn2ipaO4kaS1NMCHaTE,d4865ac883286297ba68a8c6be1d6247,8IqlCQUz92pfe9BWFgXB,1723237580046,True,https://transform.roboflow.com/8IqlCQUz92pfe9BWFgXB/d4865ac883286297ba68a8c6be1d6247/thumb.jpg,65296,7488232ffe1fa4327d7ac9870603ae102987c44172e0ecb8b563cb4b6b6f7c8a,Basketball,images/Basketball/objects365_v2_00957489.jpg
objects365_v2_00957491.jpg,train,Bench;Boat;Flag;Person;Sailboat,LSwOySSnay3NjdNtP4Gi,8134dc14b517af93116a2dc10610b788,8IqlCQUz92pfe9BWFgXB,1723237580473,True,https://transform.roboflow.com/8IqlCQUz92pfe9BWFgXB/8134dc14b517af93116a2dc10610b788/thumb.jpg,53608,f1d50079c04bec45687d22fa2bfbd123370c9aa8fb4b3ad379705042742d2193,Bench,images/Bench/objects365_v2_00957491.jpg
objects365_v2_00957492.jpg,train,Bracelet;Camera;Necklace;Person,gqVP0bA7QbXFA5YosQFW,89a653c7363b5383722caac8d09ccd3d,8IqlCQUz92pfe9BWFgXB,1723237580214,True,https://transform.roboflow.com/8IqlCQUz92pfe9BWFgXB/89a653c7363b5383722caac8d09ccd3d/thumb.jpg,54785,0c91d855e8db634ce6fce5c7de608b454ebf954915e76acd9880762378dbbe30,Bracelet,images/Bracelet/objects365_v2_00957492.jpg
objects365_v2_00957493.jpg,train,Blackboard-Whiteboard;Glasses;Other Shoes;Person,9HgU35FmIh6d53pKxijp,19f72c95caf2f74a9af951364bc57f5c,8IqlCQUz92pfe9BWFgXB,1723237580376,True,https://transform.roboflow.com/8IqlCQUz92pfe9BWFgXB/19f72c95caf2f74a9af951364bc57f5c/thumb.jpg,42715,9f81f53ce093c0ec841d56954285b3322cec830cbbedef589ead0fb95bf1d9b1,Blackboard-Whiteboard,images/Blackboard-Whiteboard/objects365_v2_00957493.jpg
objects365_v2_00957494.jpg,train,Bracelet;Car;Other Shoes;Person;Ring;Sandals;Slippers;Sneakers;Watch,EQ2uVuHACXGctqhkYlYv,1f2d9edf8e229312b46ff202af1d0270,8IqlCQUz92pfe9BWFgXB,1723237580272,True,https://transform.roboflow.com/8IqlCQUz92pfe9BWFgXB/1f2d9edf8e229312b46ff202af1d0270/thumb.jpg,68488,0b3a81a68ea89ad69e77ac7f0e0de12d248da9926ae383af7a3d1091bc53732f,Bracelet,images/Bracelet/objects365_v2_00957494.jpg
objects365_v2_00957496.jpg,train,Awning;Blackboard-Whiteboard;Chair;Desk;Person;Potted Plant;Umbrella,a2r71kHFrhyp931SjlKV,b88b4b689339306a1ec57248843c570e,8IqlCQUz92pfe9BWFgXB,1723237580473,True,https://transform.roboflow.com/8IqlCQUz92pfe9BWFgXB/b88b4b689339306a1ec57248843c570e/thumb.jpg,76034,9976a678dcd0db0cc4831386afb7eee519a87ce0430300580ffd6be6c4856af6,Awning,images/Awning/objects365_v2_00957496.jpg
objects365_v2_00957497.jpg,train,Boots;Crane;Glasses;Hat;Other Shoes;Person;Street Lights;Surfboard,0lCwbb5n2ECX9m2en2Df,7d4518a61c7f39ccc8d07d6179c3a088,8IqlCQUz92pfe9BWFgXB,1723237580214,True,https://transform.roboflow.com/8IqlCQUz92pfe9BWFgXB/7d4518a61c7f39ccc8d07d6179c3a088/thumb.jpg,43901,5c54749c7d6edf30f0192210b76003bbbe1c056b649755876959d1dacbccfb1a,Boots,images/Boots/objects365_v2_00957497.jpg
objects365_v2_00957500.jpg,train,Helmet;Person;Skating and Skiing shoes,hJQb6x74ajdvXSmM5F4Q,1a11f0b9f05560263cee7802029081b9,8IqlCQUz92pfe9BWFgXB,1723237580473,True,https://transform.roboflow.com/8IqlCQUz92pfe9BWFgXB/1a11f0b9f05560263cee7802029081b9/thumb.jpg,59642,f47a50159f720ab45d17347de301fd806a6302e12fe5f4d87bd71ebcb14fdf33,Helmet,images/Helmet/objects365_v2_00957500.jpg
objects365_v2_00957501.jpg,train,Bottle;Cell Phone;Desk;Head Phone;Microphone;Monitor-TV;Person,P8T96xZXbMMM8WVwOCEU,ce6a33d316839a7370929e5b030bae8d,8IqlCQUz92pfe9BWFgXB,1723237580473,True,https://transform.roboflow.com/8IqlCQUz92pfe9BWFgXB/ce6a33d316839a7370929e5b030bae8d/thumb.jpg,49978,d604b1d083ef914bdeed567425f9a0e2ec068cd9486e55cb9b78d49d6d45abc0,Bottle,images/Bottle/objects365_v2_00957501.jpg
objects365_v2_00957502.jpg,train,Basket;Book;Bracelet;Cabinet-shelf;Chair;Couch;Cup;Glasses;Other Shoes;Person;Plate;Potted Plant;Side Table;Telephone,9XT2BuNbETxgILHIFosr,b552f52c7d4d11c6fc0a5b6bdd11a105,8IqlCQUz92pfe9BWFgXB,1723237580214,True,https://transform.roboflow.com/8IqlCQUz92pfe9BWFgXB/b552f52c7d4d11c6fc0a5b6bdd11a105/thumb.jpg,59452,029d6a1697179eeb9cbb7016e86f0758658579abc8d10dd0aa41f019d1d6366e,Basket,images/Basket/objects365_v2_00957502.jpg
objects365_v2_00957503.jpg,train,Bus;Car;SUV;Street Lights;Traffic Light,1UKWXmbl3ssLXl9XwDYj,77b7fd08907319c8d2549d73513d39c3,8IqlCQUz92pfe9BWFgXB,1723237580272,True,https://transform.roboflow.com/8IqlCQUz92pfe9BWFgXB/77b7fd08907319c8d2549d73513d39c3/thumb.jpg,66503,d261b04955027fe4f0cab092cbaff7323e714806f351f67f5f13e88115aee914,Bus,images/Bus/objects365_v2_00957503.jpg
objects365_v2_00957504.jpg,train,Flag;Other Shoes;Person;Soccer,hq7yhm5oJjYyoIfA5cWY,4a7698f5c3b3c264dfb4d77ce027c1cf,8IqlCQUz92pfe9BWFgXB,1723237580272,True,https://transform.roboflow.com/8IqlCQUz92pfe9BWFgXB/4a7698f5c3b3c264dfb4d77ce027c1cf/thumb.jpg,93518,4b0b0a49e909cf9692d24478536f7bfe5e1e1856bcc633c7421cbd7e22fadf7a,Flag,images/Flag/objects365_v2_00957504.jpg
objects365_v2_00957505.jpg,train,Hat;Horse;Person;Ring,kJwPprnOtJCNUzYwyo51,32a49f5a002d4a6332c71b4a1d0aaf12,8IqlCQUz92pfe9BWFgXB,1723237580383,True,https://transform.roboflow.com/8IqlCQUz92pfe9BWFgXB/32a49f5a002d4a6332c71b4a1d0aaf12/thumb.jpg,37903,07fb96f46f03b9da8bd1fdd76e292142f1dafb551dd1482b7da735e3b751276e,Hat,images/Hat/objects365_v2_00957505.jpg
objects365_v2_00957507.jpg,train,Bracelet;Chair;Flower;Necklace;Person;Ring,Im9QrB6pJVBqY1dmTB1N,cc4dc528bc80dc05db0dbea97e6b113c,8IqlCQUz92pfe9BWFgXB,1723237580383,True,https://transform.roboflow.com/8IqlCQUz92pfe9BWFgXB/cc4dc528bc80dc05db0dbea97e6b113c/thumb.jpg,67313,131d0df02855d8539bbcb45a1b10c409477b93a969223d826f0db614ce59ea1e,Bracelet,images/Bracelet/objects365_v2_00957507.jpg
objects365_v2_00957508.jpg,train,Backpack;Book;Bottle;Car;Cell Phone;Chair;Cup;Desk;Jug;Laptop;Mouse;Person;Power outlet,bgB32oz7agvxZMUuMnBJ,0e83c76d185668681300d46bbe5be289,8IqlCQUz92pfe9BWFgXB,1723237580383,True,https://transform.roboflow.com/8IqlCQUz92pfe9BWFgXB/0e83c76d185668681300d46bbe5be289/thumb.jpg,58709,3fe0665df77871642c7ecfcdcdc323b6b3baf05b4464fd028e64b89fdf483673,Backpack,images/Backpack/objects365_v2_00957508.jpg
objects365_v2_00957509.jpg,train,Bicycle;Bottle;Bracelet;Car;Dog;Handbag-Satchel;Necklace;Other Shoes;Person;Sneakers,ybaLUNZWoZXFukwke8g4,f2af148aa09b00c7a388395f06331708,8IqlCQUz92pfe9BWFgXB,1723237580376,True,https://transform.roboflow.com/8IqlCQUz92pfe9BWFgXB/f2af148aa09b00c7a388395f06331708/thumb.jpg,88271,02e0e2e0c53930feb8f0396f60ca6ef7bf8e11dcd0474d517de13296891af857,Bicycle,images/Bicycle/objects365_v2_00957509.jpg
objects365_v2_00957510.jpg,train,Bracelet;Chair;Desk;Flask;Handbag-Satchel;Other Shoes;Person;SUV;Street Lights;Umbrella,OM4LyZhwBfFaDafGK5tx,43996098ad49c6eb6db616cfcde7e5de,8IqlCQUz92pfe9BWFgXB,1723237580376,True,https://transform.roboflow.com/8IqlCQUz92pfe9BWFgXB/43996098ad49c6eb6db616cfcde7e5de/thumb.jpg,102212,a70a4e32de7fe289afe6fca8edbaf5b392fa2d79d310dd0f6a260593788804ee,Bracelet,images/Bracelet/objects365_v2_00957510.jpg
objects365_v2_00957511.jpg,train,Boots;Cell Phone;Handbag-Satchel;Hat;Person;Sneakers,3quZtRBdVPR3jx2HszGD,73c0c042b4dfcac16922e307c45d6a61,8IqlCQUz92pfe9BWFgXB,1723237580272,True,https://transform.roboflow.com/8IqlCQUz92pfe9BWFgXB/73c0c042b4dfcac16922e307c45d6a61/thumb.jpg,89510,d69d3ba780ec5cd2bc424482a84b896a3e71f59bc4de303cef582f98af39a069,Boots,images/Boots/objects365_v2_00957511.jpg
objects365_v2_00957512.jpg,train,Car,sfZw2ReNJiXz3GqCZZat,ad1e5a42fdc7f13c5c2048eb574a6ef0,8IqlCQUz92pfe9BWFgXB,1723237580272,True,https://transform.roboflow.com/8IqlCQUz92pfe9BWFgXB/ad1e5a42fdc7f13c5c2048eb574a6ef0/thumb.jpg,113790,922a84c9d864c6fdc4ef7a0df72b2dbb3885ac4bae7015eb75f293bc9331848d,Car,images/Car/objects365_v2_00957512.jpg
objects365_v2_00957513.jpg,train,Air Conditioner;Bicycle;Cabinet-shelf;Lamp;Other Shoes;Person;Potted Plant,CBZ5iHAKS1NPwD7mO1i1,52510ffad4130c444c73833785993ca4,8IqlCQUz92pfe9BWFgXB,1723237580523,True,https://transform.roboflow.com/8IqlCQUz92pfe9BWFgXB/52510ffad4130c444c73833785993ca4/thumb.jpg,96612,6e8efe98ec7a1f05b101b8bb707bd760c62e2f2a1638f081e2306e25d83ffb5d,Air Conditioner,images/Air-Conditioner/objects365_v2_00957513.jpg
objects365_v2_00957514.jpg,train,Dog;Person;Sneakers,eKRMy5sVpCrNfxqQb3AV,2354efc1aa1c9340c0c73b481b54c82d,8IqlCQUz92pfe9BWFgXB,1723237580523,True,https://transform.roboflow.com/8IqlCQUz92pfe9BWFgXB/2354efc1aa1c9340c0c73b481b54c82d/thumb.jpg,85691,0da38ebcc0dbd3050536ce4200adfd57e6ac3b661f2a71666efea69a5cdb2c6d,Dog,images/Dog/objects365_v2_00957514.jpg
objects365_v2_00957515.jpg,train,Flag;Person,r7HxPWVNmi9i0oSwtwhw,2a40100babe930cd31267a59a03571b6,8IqlCQUz92pfe9BWFgXB,1723237580523,True,https://transform.roboflow.com/8IqlCQUz92pfe9BWFgXB/2a40100babe930cd31267a59a03571b6/thumb.jpg,39606,81ef715df259d50ba4859b150b78776024334a7de94c8edd6a3bd3c7f04a102a,Flag,images/Flag/objects365_v2_00957515.jpg
objects365_v2_00957516.jpg,train,Bowl-Basin;Broccoli;Cucumber;Green Vegetables;Plate,3PJvlGOKrVErtMXJxlSJ,560a37fbdf2406b07604a171a26f2c81,8IqlCQUz92pfe9BWFgXB,1723237580642,True,https://transform.roboflow.com/8IqlCQUz92pfe9BWFgXB/560a37fbdf2406b07604a171a26f2c81/thumb.jpg,53669,8d727ee0dbf7f51915b275715ea7bb0fbd677d75eb44cf707f56241439fcc7af,Bowl-Basin,images/Bowl-Basin/objects365_v2_00957516.jpg
objects365_v2_00957517.jpg,train,Backpack;Car;Glasses;Handbag-Satchel;Hat;Person;Sneakers;Storage box,mstreW5x3Mp2Xhe2JQI8,a0972bc3c686eddef771161d6d9aac20,8IqlCQUz92pfe9BWFgXB,1723237580636,True,https://transform.roboflow.com/8IqlCQUz92pfe9BWFgXB/a0972bc3c686eddef771161d6d9aac20/thumb.jpg,81158,514b028a154f7bc15414a5700c4578b756bdede3921911e905dbc8319455b5cd,Backpack,images/Backpack/objects365_v2_00957517.jpg
objects365_v2_00957518.jpg,train,Boots;Cabinet-shelf;Desk;Folder;Handbag-Satchel;Lamp;Person;Storage box;Tape,6pLoIAxNlbQIr0663b8u,792fce918fd0accd765cde1e2420891d,8IqlCQUz92pfe9BWFgXB,1723237580636,True,https://transform.roboflow.com/8IqlCQUz92pfe9BWFgXB/792fce918fd0accd765cde1e2420891d/thumb.jpg,56138,0a8c448982739d48bcee76cef3a48d3b971eb050dcec95dbcd89fb80a665a5a7,Boots,images/Boots/objects365_v2_00957518.jpg
objects365_v2_00957519.jpg,train,Cup;Desk;Flower;Necklace;Person;Ring;Wine Glass,pphEYnaGzMGReQNEv2gP,c923afad124ec52c53cacb4ce3c15067,8IqlCQUz92pfe9BWFgXB,1723237580376,True,https://transform.roboflow.com/8IqlCQUz92pfe9BWFgXB/c923afad124ec52c53cacb4ce3c15067/thumb.jpg,43214,7dc2dca18889ff16fdcce01a52ec44f33c92c56abfdacafc0e91320722880a46,Cup,images/Cup/objects365_v2_00957519.jpg
objects365_v2_00957520.jpg,train,Bottle;Hat;Other Shoes;Person;Sneakers;Watch,bhzztknm2VwuCVd4XPes,5374ea02b61b61e9ca0440d3c477a0dc,8IqlCQUz92pfe9BWFgXB,1723237581087,True,https://transform.roboflow.com/8IqlCQUz92pfe9BWFgXB/5374ea02b61b61e9ca0440d3c477a0dc/thumb.jpg,58700,f3bea4fd696eee4a99ba017bf3f6dbdddfcd0c8a33e72d09be3786f6fcb2325a,Bottle,images/Bottle/objects365_v2_00957520.jpg
objects365_v2_00957521.jpg,train,Air Conditioner;Awning;Car;Chair;Fire Hydrant;Person;Potted Plant;Street Lights,vLYhcENNtW4Jpzkgaq3g,bd301d4b89cafa5f2b8539c968053730,8IqlCQUz92pfe9BWFgXB,1723237580642,True,https://transform.roboflow.com/8IqlCQUz92pfe9BWFgXB/bd301d4b89cafa5f2b8539c968053730/thumb.jpg,70111,060f087ed660dd4f20b08097435a18d852b126863b7d386482a94a669e6725ee,Air Conditioner,images/Air-Conditioner/objects365_v2_00957521.jpg
objects365_v2_00957522.jpg,train,Orange-Tangerine;Pear;Pepper,YkT3wlp6MhH7mC86s0bO,950d5b18dc7f7527a1835ac0c6e080ce,8IqlCQUz92pfe9BWFgXB,1723237580473,True,https://transform.roboflow.com/8IqlCQUz92pfe9BWFgXB/950d5b18dc7f7527a1835ac0c6e080ce/thumb.jpg,44034,181123543fab5c75000c9aa97f70687aadfbc4417be5e344b10e273ac6884f7c,Orange-Tangerine,images/Orange-Tangerine/objects365_v2_00957522.jpg
objects365_v2_00957523.jpg,train,Guitar;Microphone;Person;Ring,r7mOeoqcvuYjDRl6iWoh,92df9928ae56578e28945c61dc8d2564,8IqlCQUz92pfe9BWFgXB,1723237580523,True,https://transform.roboflow.com/8IqlCQUz92pfe9BWFgXB/92df9928ae56578e28945c61dc8d2564/thumb.jpg,62901,79bdfccf0e4d2c59067c493c5ed5d493b903d0e4132f7ad93087e7db90bea946,Guitar,images/Guitar/objects365_v2_00957523.jpg
objects365_v2_00957524.jpg,train,Apple;Barrel-bucket;Bottle;Cabinet-shelf;Chair;Egg;Hat;Person;Storage box,LElhD5YC2NUx772e4IeS,f2e38ef3ae442ecf51c866ae3955bf27,8IqlCQUz92pfe9BWFgXB,1723237580523,True,https://transform.roboflow.com/8IqlCQUz92pfe9BWFgXB/f2e38ef3ae442ecf51c866ae3955bf27/thumb.jpg,83972,e590bd088407eb7383d4bc0a9ed4d3df943822c2c53db6083a52c6e85cce3ee8,Apple,images/Apple/objects365_v2_00957524.jpg
objects365_v2_00957525.jpg,train,Bracelet;Car;Handbag-Satchel;Other Shoes;Person;Slippers;Stool,XVFXk2G1B6BpsdiX7hpy,c5d15c5249af63be975e8596673a38cd,8IqlCQUz92pfe9BWFgXB,1723237580756,True,https://transform.roboflow.com/8IqlCQUz92pfe9BWFgXB/c5d15c5249af63be975e8596673a38cd/thumb.jpg,100842,782408abb4154a5ac22271986efbcedea777970854df0e7b27399a5c835b5bd4,Bracelet,images/Bracelet/objects365_v2_00957525.jpg
objects365_v2_00957526.jpg,train,Book;Bottle;Bowl-Basin;Cabinet-shelf;Cup;Flower;Jug;Plate;Storage box,ViBEyAgcdu43R99OzTUR,23d065a8de17ea8b9eaffbecfee176eb,8IqlCQUz92pfe9BWFgXB,1723237580756,True,https://transform.roboflow.com/8IqlCQUz92pfe9BWFgXB/23d065a8de17ea8b9eaffbecfee176eb/thumb.jpg,38316,627082ce7b282b10eb7b5feacff501c8739e4cc34dde5677fa91a34972963d37,Book,images/Book/objects365_v2_00957526.jpg
objects365_v2_00957528.jpg,train,Cello;Lamp;Person;Piano;Saxophone,xGB0wRPewgoA2sTUWpOj,710d449279bd50dab97ad6712e2ea962,8IqlCQUz92pfe9BWFgXB,1723237580756,True,https://transform.roboflow.com/8IqlCQUz92pfe9BWFgXB/710d449279bd50dab97ad6712e2ea962/thumb.jpg,62807,011ad1ca14464f7f8ae80f8d64a3f527afa4b304911548e69e607ebaf6e60e33,Cello,images/Cello/objects365_v2_00957528.jpg
objects365_v2_00957529.jpg,train,Street Lights;Surveillance Camera;Train,4tVbXgNKmG4d77AOiaWM,05c16b18d9358dbc600e8295490081a9,8IqlCQUz92pfe9BWFgXB,1723237580682,True,https://transform.roboflow.com/8IqlCQUz92pfe9BWFgXB/05c16b18d9358dbc600e8295490081a9/thumb.jpg,66375,228be7f3fdd2a64ec613bcdd81df5ce19284d760473f052c2dbe83bbd6f145ba,Street Lights,images/Street-Lights/objects365_v2_00957529.jpg
objects365_v2_00957530.jpg,train,Barrel-bucket;Bottle;Cabinet-shelf;Desk;Lamp;Vase,IQWQEzKbttedHjKdW91M,a82c18ab1b1d8bdca53603a46aa8a12b,8IqlCQUz92pfe9BWFgXB,1723237580682,True,https://transform.roboflow.com/8IqlCQUz92pfe9BWFgXB/a82c18ab1b1d8bdca53603a46aa8a12b/thumb.jpg,79522,01059457f27ba1f8f4e475b8562f58693474a74d22f5adf4381686aefe7a72a9,Barrel-bucket,images/Barrel-bucket/objects365_v2_00957530.jpg
objects365_v2_00957531.jpg,train,Other Shoes;Person;Sneakers,yLGRGPUGrJc9UYNQXPhh,77bf3e47708abb5d0b82a4824dee8b7d,8IqlCQUz92pfe9BWFgXB,1723237580970,True,https://transform.roboflow.com/8IqlCQUz92pfe9BWFgXB/77bf3e47708abb5d0b82a4824dee8b7d/thumb.jpg,52382,d59dc5fcffc9030c8356c8a9d9ac5524780d263ee3827358229dfffafc4c1288,Other Shoes,images/Other-Shoes/objects365_v2_00957531.jpg
objects365_v2_00957532.jpg,train,Basket;Belt;Bottle;Bracelet;Canned;Cup;Desk;Fork;Glasses;Jug;Napkin;Person;Plate;Pot;Potato;Ring;Spoon;Storage box;Tent;Watch,baYaruHQBKrjNOUwGWFD,3d0cf4ba36f8dd4e00dec42f4d381d61,8IqlCQUz92pfe9BWFgXB,1723237580682,True,https://transform.roboflow.com/8IqlCQUz92pfe9BWFgXB/3d0cf4ba36f8dd4e00dec42f4d381d61/thumb.jpg,64922,0995c2d8773f828e0dbad8ed205ecc6874d5c4814c07e617969a4697de89ee9d,Basket,images/Basket/objects365_v2_00957532.jpg
objects365_v2_00957533.jpg,train,Bracelet;Person;Sneakers;Swing,VmnEJpKqpZsog5mTeo0q,8f419acc495fdbd7747be5265901a0db,8IqlCQUz92pfe9BWFgXB,1723237581058,True,https://transform.roboflow.com/8IqlCQUz92pfe9BWFgXB/8f419acc495fdbd7747be5265901a0db/thumb.jpg,93999,3c2e9c067b8347d0b1d3095b575aeb9346c8912020eb386f54366968879f1fa5,Bracelet,images/Bracelet/objects365_v2_00957533.jpg
objects365_v2_00957534.jpg,train,Bench;Bicycle;Car;Person;SUV;Scooter;Street Lights;Trash bin Can,B41SjMsNauWqYyyJyAmd,7f5ac1d8c6fe00b86c10d87574155a2d,8IqlCQUz92pfe9BWFgXB,1723237580756,True,https://transform.roboflow.com/8IqlCQUz92pfe9BWFgXB/7f5ac1d8c6fe00b86c10d87574155a2d/thumb.jpg,73717,09a69c31713d9c7a3431fb92f37601c6efde4a888bbee9032c60805ce21d2c30,Bench,images/Bench/objects365_v2_00957534.jpg
objects365_v2_00957536.jpg,train,Chair;Handbag-Satchel;Hat;Helicopter;Other Shoes;Person,SBg2i5VmEBCpvE8wk2YL,895ea892d06954b8ee3cbe58288e3186,8IqlCQUz92pfe9BWFgXB,1723237580636,True,https://transform.roboflow.com/8IqlCQUz92pfe9BWFgXB/895ea892d06954b8ee3cbe58288e3186/thumb.jpg,74687,d43358329694392fc4504e142306dff5f0060b7166e6713261b2f050fef0d3f6,Chair,images/Chair/objects365_v2_00957536.jpg
objects365_v2_00957537.jpg,train,Car;Dog;Fire Hydrant;Glasses;Handbag-Satchel;Necklace;Other Shoes;Person;SUV;Sneakers;Street Lights;Umbrella,LrbMliDBQcNCT01B5fb4,3ed7fed2d4c349fc14997ada54784356,8IqlCQUz92pfe9BWFgXB,1723237580756,True,https://transform.roboflow.com/8IqlCQUz92pfe9BWFgXB/3ed7fed2d4c349fc14997ada54784356/thumb.jpg,61495,456063443ed095e45c096b12aac16d9f3c82fa5b1f26e7ea974b0278c03a8bf1,Car,images/Car/objects365_v2_00957537.jpg
objects365_v2_00957538.jpg,train,Book;Cabinet-shelf;Handbag-Satchel;Lamp;Other Shoes;Person;Potted Plant;Sneakers,ceDe4tQPY0n1KNCOl0nF,6321dc7fc5909a8dff9c4877efe18a84,8IqlCQUz92pfe9BWFgXB,1723237581058,True,https://transform.roboflow.com/8IqlCQUz92pfe9BWFgXB/6321dc7fc5909a8dff9c4877efe18a84/thumb.jpg,86618,390aaefdf51f4bcb01b857da5a7d99c4d5b55f723e14c0bcb22a912f18d8398a,Book,images/Book/objects365_v2_00957538.jpg
objects365_v2_00957539.jpg,train,Barrel-bucket;Bench;Boat;Camera;Flag;Hat;Lifesaver;Other Shoes;Person,4fy9W6uihSe8gVAMPDUw,ed2417b0d6b617f2898bd73186ee3a15,8IqlCQUz92pfe9BWFgXB,1723237580864,True,https://transform.roboflow.com/8IqlCQUz92pfe9BWFgXB/ed2417b0d6b617f2898bd73186ee3a15/thumb.jpg,75995,b82cfc68d5e2f989997e6d338d421b1a3a001739f3a7ba7237340cebc07eb87b,Barrel-bucket,images/Barrel-bucket/objects365_v2_00957539.jpg
objects365_v2_00957547.jpg,train,Backpack;Barrel-bucket;Bench;Chair;Desk;Flower;Glasses;Hat;Other Shoes;Person;Storage box;Tent;Wheelchair,4MSgSAL6OY3KHqjhrHUR,3f5fcc4b3992a0084bb7c062f1bfb57a,8IqlCQUz92pfe9BWFgXB,1723237580642,True,https://transform.roboflow.com/8IqlCQUz92pfe9BWFgXB/3f5fcc4b3992a0084bb7c062f1bfb57a/thumb.jpg,102962,df5b4383619a4e8b16e701a4c9ad06a679ac310f36fcd06a7a5a6dea71a12cd8,Backpack,images/Backpack/objects365_v2_00957547.jpg
objects365_v2_00957548.jpg,train,Car;Machinery Vehicle;Person;Street Lights;Van,7QVRBENG927FU3g60EQi,401495151d942336fd5d2681909bd1a0,8IqlCQUz92pfe9BWFgXB,1723237580863,True,https://transform.roboflow.com/8IqlCQUz92pfe9BWFgXB/401495151d942336fd5d2681909bd1a0/thumb.jpg,62993,75cf684e1fefe8247caa8283ac2ad3363356f0d9cbc3107d05d65ea492214614,Car,images/Car/objects365_v2_00957548.jpg
objects365_v2_00957550.jpg,train,Bench;Glasses;Person;Picture-Frame;Speaker,Egl1EODXRBmdlMXABlLc,d27744acb96beccdb125d1e8e4e50d51,8IqlCQUz92pfe9BWFgXB,1723237580970,True,https://transform.roboflow.com/8IqlCQUz92pfe9BWFgXB/d27744acb96beccdb125d1e8e4e50d51/thumb.jpg,59084,57eb9b67af74ba06a2e109abd456cdfaa7db73a497377242d91e5847afa4c904,Bench,images/Bench/objects365_v2_00957550.jpg
objects365_v2_00957551.jpg,train,Glasses;Handbag-Satchel;Hat;Person;Ring;Sandals;Sneakers,ATzdxLTKBU2dyrwLZOYY,f24e1253e73cfbef5b4b80f1cc9c2706,8IqlCQUz92pfe9BWFgXB,1723237580970,True,https://transform.roboflow.com/8IqlCQUz92pfe9BWFgXB/f24e1253e73cfbef5b4b80f1cc9c2706/thumb.jpg,62866,a8b10393ea15b48f147099e4551c58fde91baeac4ed4058f58c0b2dae1188bfb,Glasses,images/Glasses/objects365_v2_00957551.jpg
objects365_v2_00957554.jpg,train,Belt;Bottle;Bracelet;Cup;Desk;Hat;Monitor-TV;Person;Picture-Frame,S9d0fKXf2vtuPV89XLo0,77d25e191d4032bd983b717c405563c4,8IqlCQUz92pfe9BWFgXB,1723237580970,True,https://transform.roboflow.com/8IqlCQUz92pfe9BWFgXB/77d25e191d4032bd983b717c405563c4/thumb.jpg,52158,e9c1f2b9f28bc1942b374163bf68efd973dd039892c0a9c3ffd4fd702d406e13,Belt,images/Belt/objects365_v2_00957554.jpg
objects365_v2_00957555.jpg,train,Awning;Barrel-bucket;Bracelet;Glasses;Handbag-Satchel;Hat;Other Shoes;Person;Sneakers;Storage box;Trash bin Can,S7McVS1B2VtzjNBv8VIU,e7bb38677fa1354dbdfd826f19f54c2b,8IqlCQUz92pfe9BWFgXB,1723237580636,True,https://transform.roboflow.com/8IqlCQUz92pfe9BWFgXB/e7bb38677fa1354dbdfd826f19f54c2b/thumb.jpg,62359,f39f33cc0b967c0c16103bd851c0e70890a58ad662175f0902f4c4b0d47f40bc,Awning,images/Awning/objects365_v2_00957555.jpg
objects365_v2_00957556.jpg,train,Boots;Gloves;Helmet;Motorcycle;Person,CYML5AEE0OrkdIKa1MYH,3f5a98b3ec69e9cc8460237f58669abf,8IqlCQUz92pfe9BWFgXB,1723237580864,True,https://transform.roboflow.com/8IqlCQUz92pfe9BWFgXB/3f5a98b3ec69e9cc8460237f58669abf/thumb.jpg,53117,5cb015bae55d80db401e866925f1f86cbd9318cb9ec02ff802acfbf5508a7e7b,Boots,images/Boots/objects365_v2_00957556.jpg
objects365_v2_00957557.jpg,train,Barrel-bucket;Basket;Bench;Cabinet-shelf;Carpet;Chair;Desk;Flower;Glasses;Handbag-Satchel;Hanger;Mirror;Person;Pickup Truck;Picture-Frame;SUV;Sneakers;Storage box;Tent;Truck;Umbrella;Van;Vase,nNa91hDGbBELrhzrlEnF,78912c4f71208d6518347892bd1939cf,8IqlCQUz92pfe9BWFgXB,1723237581058,True,https://transform.roboflow.com/8IqlCQUz92pfe9BWFgXB/78912c4f71208d6518347892bd1939cf/thumb.jpg,105959,339fa3f3aaaedd823cdd37f79e4155727db9d634844d3415e51d420db4b55f28,Barrel-bucket,images/Barrel-bucket/objects365_v2_00957557.jpg
objects365_v2_00957559.jpg,train,Cake;Desk;Glasses;Person;Picture-Frame;Pillow,6rb1k5mntfsDnepG4FFP,da3676f2cae54d2a128d9491f0ea9d9e,8IqlCQUz92pfe9BWFgXB,1723237581058,True,https://transform.roboflow.com/8IqlCQUz92pfe9BWFgXB/da3676f2cae54d2a128d9491f0ea9d9e/thumb.jpg,48228,54e46fa60ff174f031bd8a2158c121e496cbe9f7d263af50840e553544df760b,Cake,images/Cake/objects365_v2_00957559.jpg
objects365_v2_00957560.jpg,train,Car;Duck;Pickup Truck,D8LsOqWMrajTOl5nRYyr,72e3e6279334559210bc041d3bf4d85e,8IqlCQUz92pfe9BWFgXB,1723237581058,True,https://transform.roboflow.com/8IqlCQUz92pfe9BWFgXB/72e3e6279334559210bc041d3bf4d85e/thumb.jpg,38976,fb274e0ed82722fd400f7e2b2c6448900867e0d9c49a29a3ee5d6b301ebb8a66,Car,images/Car/objects365_v2_00957560.jpg
objects365_v2_00957561.jpg,train,Hat;Person;Sneakers,x4IfL4ubs74CwxgtvSb7,2b67da1af485a4da4e9f6812700509bc,8IqlCQUz92pfe9BWFgXB,1723237580863,True,https://transform.roboflow.com/8IqlCQUz92pfe9BWFgXB/2b67da1af485a4da4e9f6812700509bc/thumb.jpg,124670,a2195580604ab60823544fedc953ef90e5f7b9e15efce30fc30a6278b857418b,Hat,images/Hat/objects365_v2_00957561.jpg
objects365_v2_00957562.jpg,train,Cup;Flower;Necklace;Person;Ring;Tie;Wine Glass,Ztsn46iZytdvvKQzj3qP,875b662cb81b647b91611cfdbf5a3472,8IqlCQUz92pfe9BWFgXB,1723237580863,True,https://transform.roboflow.com/8IqlCQUz92pfe9BWFgXB/875b662cb81b647b91611cfdbf5a3472/thumb.jpg,49333,6a34977a6eea65c3d885463403b7f180dbed7e9fb4cdaa92cde01affe3f4d489,Cup,images/Cup/objects365_v2_00957562.jpg
objects365_v2_00957563.jpg,train,Book;Bowl-Basin;Bracelet;Chair;Glasses;High Heels;Lamp;Leather Shoes;Person;Picture-Frame;Ring;Watch,PX4Mk4yKDp1SJsx76OgG,3a31609269e4df7b166b562165c3cfa1,8IqlCQUz92pfe9BWFgXB,1723237580863,True,https://transform.roboflow.com/8IqlCQUz92pfe9BWFgXB/3a31609269e4df7b166b562165c3cfa1/thumb.jpg,63436,f4c904cc6c3fef2e577ad216a71c1d61ea074a12563878929f53a70a99f69997,Book,images/Book/objects365_v2_00957563.jpg
objects365_v2_00957566.jpg,train,Bracelet;Necklace;Person;Ring,loa5WV4WdvPVzE4dv2DB,8c84b346ffb0dd39c19a8afecc3fd094,8IqlCQUz92pfe9BWFgXB,1723237581109,True,https://transform.roboflow.com/8IqlCQUz92pfe9BWFgXB/8c84b346ffb0dd39c19a8afecc3fd094/thumb.jpg,39618,5596d4d783771916acf6d7fd570a35b61af795d129147f9f080194693851ddfc,Bracelet,images/Bracelet/objects365_v2_00957566.jpg
objects365_v2_00957567.jpg,train,Glasses;Necklace;Other Shoes;Person;Slippers,PM8GfArzLE94XTt7u91p,63b0322bb5819c146968f73cea1f05fb,8IqlCQUz92pfe9BWFgXB,1723237581109,True,https://transform.roboflow.com/8IqlCQUz92pfe9BWFgXB/63b0322bb5819c146968f73cea1f05fb/thumb.jpg,59704,47f6dda7c8434dffb04d5369f7abd4f499666404caa7458e0d9455c9fe66ecfe,Glasses,images/Glasses/objects365_v2_00957567.jpg
objects365_v2_00957568.jpg,train,Backpack;Bracelet;Cookies;Glasses;Hat;Ice cream;Person;Street Lights,blB0a0ndijH5P4lhP8KD,8eee036941705d48012948e07cf52a39,8IqlCQUz92pfe9BWFgXB,1723237581109,True,https://transform.roboflow.com/8IqlCQUz92pfe9BWFgXB/8eee036941705d48012948e07cf52a39/thumb.jpg,69745,19e70bf0a7d600a175cfd04b9e2d96cfbe52a29535173892b36ca6f2f4d94b23,Backpack,images/Backpack/objects365_v2_00957568.jpg
objects365_v2_00957569.jpg,train,Baseball Glove;Car;Hat;Other Shoes;Person;Sneakers,3sVPxAv3Nt7Gs9AiFeWb,0b1be5a282cc9f42f20679b1aaeb59ec,8IqlCQUz92pfe9BWFgXB,1723237581215,True,https://transform.roboflow.com/8IqlCQUz92pfe9BWFgXB/0b1be5a282cc9f42f20679b1aaeb59ec/thumb.jpg,61542,4767caf327855810ecee2b5eb0ea5fb9443da7025008a5d3a9d78650b789f1db,Baseball Glove,images/Baseball-Glove/objects365_v2_00957569.jpg
objects365_v2_00957570.jpg,train,Cake;Candle;Chair;Desk;Hat;Person,fCDH3pzhSmuh23DYwAn9,7b5e442b6b11dddf1cb1ea1e9192ebf4,8IqlCQUz92pfe9BWFgXB,1723237581109,True,https://transform.roboflow.com/8IqlCQUz92pfe9BWFgXB/7b5e442b6b11dddf1cb1ea1e9192ebf4/thumb.jpg,48516,9dd1627879b3b4b99a726a9c6cc9e95217a71a8addbf70bfd983f8d87ceb6c18,Cake,images/Cake/objects365_v2_00957570.jpg
objects365_v2_00957572.jpg,train,Bottle;Bowl-Basin;Chair;Chopsticks;Cup;Dinning Table;Napkin;Necklace;Person;Plate;Ring;Watch,vlLvhtldHaOgpn0Pcg6F,4d1c8301e781bef00e6388ae29835db5,8IqlCQUz92pfe9BWFgXB,1723237580864,True,https://transform.roboflow.com/8IqlCQUz92pfe9BWFgXB/4d1c8301e781bef00e6388ae29835db5/thumb.jpg,55071,f77079ba1363297fdffc9dfb378c26232b5db517f7b15fb976a28275ce6347fd,Bottle,images/Bottle/objects365_v2_00957572.jpg
objects365_v2_00957573.jpg,train,Belt;Glasses;Golf Club;Hat;Person;Sneakers,8uKOnMh7X56XqxMXHnCp,b377bc29eefba4963a5d295268260670,8IqlCQUz92pfe9BWFgXB,1723237580864,True,https://transform.roboflow.com/8IqlCQUz92pfe9BWFgXB/b377bc29eefba4963a5d295268260670/thumb.jpg,84301,d8bea00b4d59571003ed11091273eb34f6a45330dc6b9c986069995573c3a038,Belt,images/Belt/objects365_v2_00957573.jpg
objects365_v2_00957574.jpg,train,Hat;Other Shoes;Person,Gl5AoGdHIjHD6Y582Z2l,0faacedd2ebc474f7e715d843cecf120,8IqlCQUz92pfe9BWFgXB,1723237580864,True,https://transform.roboflow.com/8IqlCQUz92pfe9BWFgXB/0faacedd2ebc474f7e715d843cecf120/thumb.jpg,60211,9d02b93757e47f823899d77b5d508d731a7c4aeb08257f5586f6169506ab4c10,Hat,images/Hat/objects365_v2_00957574.jpg
objects365_v2_00957575.jpg,train,Book;Cabinet-shelf;Cell Phone;Chair;Cup;Desk;Keyboard;Laptop;Monitor-TV;Pen-Pencil;Person;Power outlet;Printer;Storage box,GxYlSXxfyBm5dUKbVp2S,5c32271c5fc6c4e542ea06f3581891e0,8IqlCQUz92pfe9BWFgXB,1723237581215,True,https://transform.roboflow.com/8IqlCQUz92pfe9BWFgXB/5c32271c5fc6c4e542ea06f3581891e0/thumb.jpg,47510,3e5430f4c26ebe8c1f06a12804d3c8370ca95c6bb9c6642f4b8f77db883fde9d,Book,images/Book/objects365_v2_00957575.jpg
objects365_v2_00957579.jpg,train,Bottle;Bracelet;Person,yu55mzgtPTiq13RJLcp3,36fd5fdc3e3ba3cef8a521beee7198b7,8IqlCQUz92pfe9BWFgXB,1723237581087,True,https://transform.roboflow.com/8IqlCQUz92pfe9BWFgXB/36fd5fdc3e3ba3cef8a521beee7198b7/thumb.jpg,61863,752782167dc88b40c6c948e3f4e1348c4d2440b6d2896f034e546fd1fd19ddd7,Bottle,images/Bottle/objects365_v2_00957579.jpg
objects365_v2_00957580.jpg,train,Balloon;Cup;Hat;Lamp;Microphone;Necklace;Person;Tie,qBgiqJouBvOlAmh9j47j,a22653553e4d83eb49cfff095c825e85,8IqlCQUz92pfe9BWFgXB,1723237581087,True,https://transform.roboflow.com/8IqlCQUz92pfe9BWFgXB/a22653553e4d83eb49cfff095c825e85/thumb.jpg,60665,707cbf8107d6e5088c737e0c6d8bb99849a82e3147c5d30647a791b014e62f0e,Balloon,images/Balloon/objects365_v2_00957580.jpg
objects365_v2_00957581.jpg,train,Bracelet;Couch;Desk;Game board;Other Balls;Person;Stool,sRkSauFDnpy7HAvanBvz,555c1d2213b103f6f288ae616ed6b610,8IqlCQUz92pfe9BWFgXB,1723237581087,True,https://transform.roboflow.com/8IqlCQUz92pfe9BWFgXB/555c1d2213b103f6f288ae616ed6b610/thumb.jpg,26125,d555e9411cdf61494c6da3d85ba8c9319bc6c86d1d2b3436fd137069c83e61fb,Bracelet,images/Bracelet/objects365_v2_00957581.jpg
objects365_v2_00957586.jpg,train,Baseball Glove;Belt;Gloves;Hat;Other Shoes;Person;Sneakers,amWhoAqsgFCb1Gb5R4ip,3943487ca7a2e789cb0f9689e8f339ee,8IqlCQUz92pfe9BWFgXB,1723237581215,True,https://transform.roboflow.com/8IqlCQUz92pfe9BWFgXB/3943487ca7a2e789cb0f9689e8f339ee/thumb.jpg,74392,2f22095e62900220aa4ca13eee24f5f94daec8da177b3eec06f11a3de263162c,Baseball Glove,images/Baseball-Glove/objects365_v2_00957586.jpg
objects365_v2_01162462.jpg,train,Car;Person;Van,Yxf5DGi0dlygUFuCSuni,26a20615adc70e964b55e4af4228afd6,8IqlCQUz92pfe9BWFgXB,1723237577551,True,https://transform.roboflow.com/8IqlCQUz92pfe9BWFgXB/26a20615adc70e964b55e4af4228afd6/thumb.jpg,59867,2044631c0a1dbe531255b1988c9343ac0f16148b8ba360dd85b19f59d1ad4268,Car,images/Car/objects365_v2_01162462.jpg
objects365_v2_01162463.jpg,train,Bracelet;Other Shoes;Person;Ring;Sneakers,IbFicUwuh3fjgg2aUHpr,d53f99231c0c5586efb64811bffdf49a,8IqlCQUz92pfe9BWFgXB,1723237573083,True,https://transform.roboflow.com/8IqlCQUz92pfe9BWFgXB/d53f99231c0c5586efb64811bffdf49a/thumb.jpg,97502,fdf6bf8af06da32aaded044b10603c0df7772bc49ab91dc58a7474fdefd3d108,Bracelet,images/Bracelet/objects365_v2_01162463.jpg
objects365_v2_01162464.jpg,train,Zebra,Ur6jWkjfAAV23QkXw48o,ce0c0f4ae9cd1d13d0ce6fe1c41b85c1,8IqlCQUz92pfe9BWFgXB,1723237573223,True,https://transform.roboflow.com/8IqlCQUz92pfe9BWFgXB/ce0c0f4ae9cd1d13d0ce6fe1c41b85c1/thumb.jpg,115036,abfd9192adc5489f5016439d705a920f422f30cd5bb39347ee28a98f9c490ddc,Zebra,images/Zebra/objects365_v2_01162464.jpg
objects365_v2_01162465.jpg,train,Book;Boots;Bottle;Carpet;Cell Phone;Chair;Coffee Table;Couch;Glasses;Handbag-Satchel;High Heels;Lamp;Person;Pillow;Ring;Side Table;Wine Glass,9XhUWyh2FfEkx4n9jbyW,647c5cd989a69279f60f593a1baca6d6,8IqlCQUz92pfe9BWFgXB,1723237573223,True,https://transform.roboflow.com/8IqlCQUz92pfe9BWFgXB/647c5cd989a69279f60f593a1baca6d6/thumb.jpg,81425,09b455f2071907e0fc8f43fae63c13a4f535cfd1ff59bf3cdc47845d5fccc59a,Book,images/Book/objects365_v2_01162465.jpg
objects365_v2_01162466.jpg,train,Bottle;Flower;Glasses;Guitar;Hat;Microphone;Person;Speaker;Vase,4vZXX7SFKHRRAMK27pKq,1080ff285b4dca79556b6499bcc9e18d,8IqlCQUz92pfe9BWFgXB,1723237573223,True,https://transform.roboflow.com/8IqlCQUz92pfe9BWFgXB/1080ff285b4dca79556b6499bcc9e18d/thumb.jpg,55689,d02c1d412a2175f9f63993fbe1238d12c1c126f3761cfa6eb813d77356c207b4,Bottle,images/Bottle/objects365_v2_01162466.jpg
objects365_v2_01162506.jpg,train,Boat;Car;Glasses;Paddle;Person;Van,eMLbU9dcA0TnDZ0UdI0r,f981a2dc5fb02e279b457da10c72e8d5,8IqlCQUz92pfe9BWFgXB,1723237573239,True,https://transform.roboflow.com/8IqlCQUz92pfe9BWFgXB/f981a2dc5fb02e279b457da10c72e8d5/thumb.jpg,64089,ad999ab4bbd85bb29763bed9d38124adf58909d128b895f3131d1ea2030d8b6c,Boat,images/Boat/objects365_v2_01162506.jpg
objects365_v2_01162508.jpg,train,Air Conditioner;Bus;Car;Flag;Hat;Lamp;Person;Traffic Light;Trash bin Can;Watch,OpPC6zA9CRmspwkjjyjj,209925d4b755558c9d1fa2a1e76ff9d5,8IqlCQUz92pfe9BWFgXB,1723237573239,True,https://transform.roboflow.com/8IqlCQUz92pfe9BWFgXB/209925d4b755558c9d1fa2a1e76ff9d5/thumb.jpg,60415,f7431259e1ada5eb5c5f7cb1d56e46a15432cd16ae7568ede6430eb4306e632a,Air Conditioner,images/Air-Conditioner/objects365_v2_01162508.jpg
objects365_v2_01162509.jpg,train,Gloves;Helmet;Other Shoes;Person,SZDET9uD4KoChhgix81I,713be2a9f8bd7d26213a91e8de287779,8IqlCQUz92pfe9BWFgXB,1723237573239,True,https://transform.roboflow.com/8IqlCQUz92pfe9BWFgXB/713be2a9f8bd7d26213a91e8de287779/thumb.jpg,100308,62069c4e05b36808ab71920218eb9d6142d677eface7233d2172f2d64c497328,Gloves,images/Gloves/objects365_v2_01162509.jpg
objects365_v2_01162510.jpg,train,Gloves;Helmet;Motorcycle;Person,Ci2cjYXxsgjN6m03xcL7,8b3d9d43f74ad52319db69725d06f3f7,8IqlCQUz92pfe9BWFgXB,1723237573239,True,https://transform.roboflow.com/8IqlCQUz92pfe9BWFgXB/8b3d9d43f74ad52319db69725d06f3f7/thumb.jpg,60433,d7e92e0ddf4820cd075606ec906c2d3f1b4124dda276d2370ad1e8af57741e1e,Gloves,images/Gloves/objects365_v2_01162510.jpg
objects365_v2_01162511.jpg,train,Bed;Lamp;Nightstand;Picture-Frame;Telephone,A8aWSiQ6jAAJcW8MKBC6,44db23442c5e336dd6105345ce174edc,8IqlCQUz92pfe9BWFgXB,1723237573544,True,https://transform.roboflow.com/8IqlCQUz92pfe9BWFgXB/44db23442c5e336dd6105345ce174edc/thumb.jpg,57473,015211fa03a0e6072927f4f5f3b8e046b70481e03882e79d78a23bb93e68520e,Bed,images/Bed/objects365_v2_01162511.jpg
objects365_v2_01162512.jpg,train,Bottle;Cabinet-shelf;Faucet;Picture-Frame;Sink;Vase,a1O9eS9isIzd6JlXmhI4,4b7c311d04605425899dcacabd2bab2f,8IqlCQUz92pfe9BWFgXB,1723237573335,True,https://transform.roboflow.com/8IqlCQUz92pfe9BWFgXB/4b7c311d04605425899dcacabd2bab2f/thumb.jpg,40998,d1051fdc4811ec03d28a43ae5b6c079f61cddb6758f5f2006e1e2c376fd053ec,Bottle,images/Bottle/objects365_v2_01162512.jpg
objects365_v2_01162513.jpg,train,Chair;Hat;Person;Pillow;Stuffed Toy,jrqy3IGQhH5Pd5VfckZV,b84a82d95ce2e07ce4fdfe6c1c300215,8IqlCQUz92pfe9BWFgXB,1723237573335,True,https://transform.roboflow.com/8IqlCQUz92pfe9BWFgXB/b84a82d95ce2e07ce4fdfe6c1c300215/thumb.jpg,51634,362d66fc8ac39cee6cd28ee5aeea6e9c888584f267ec160833b073d855f0e86f,Chair,images/Chair/objects365_v2_01162513.jpg
objects365_v2_01162515.jpg,train,Person;Sneakers;Watch,pvcUbFfh3qcuJR5D4B5W,54a3cb620ac4ccb72a47060ed8019c0a,8IqlCQUz92pfe9BWFgXB,1723237573335,True,https://transform.roboflow.com/8IqlCQUz92pfe9BWFgXB/54a3cb620ac4ccb72a47060ed8019c0a/thumb.jpg,53723,9c1291be4c3ad4c8d241f7b3b06eee3b5dec52844a8ebb2105a739a455786384,Person,images/Person/objects365_v2_01162515.jpg
objects365_v2_01162516.jpg,train,Bowl-Basin;Chair;Cup;Dinning Table;Green Vegetables;Plate;Sandwich,AGms6j2LYo259xx0YqJ1,868a67c920029273d4bf07ed27b034b9,8IqlCQUz92pfe9BWFgXB,1723237573335,True,https://transform.roboflow.com/8IqlCQUz92pfe9BWFgXB/868a67c920029273d4bf07ed27b034b9/thumb.jpg,66004,80344f9b85ac9e5dcab4dba6d4962c8ed3a26f4cd5d415f793ed0291e7cea2ab,Bowl-Basin,images/Bowl-Basin/objects365_v2_01162516.jpg
objects365_v2_01162517.jpg,train,Person;Sneakers,bODaTzlhOPJBI9XtAloz,f69c03b60f783c0740f440dc55f36e42,8IqlCQUz92pfe9BWFgXB,1723237573124,True,https://transform.roboflow.com/8IqlCQUz92pfe9BWFgXB/f69c03b60f783c0740f440dc55f36e42/thumb.jpg,58548,2d1c088fb28f9edd03d27a1f4a9f9bc76eb2a9389c89042723f0230f369b37f4,Person,images/Person/objects365_v2_01162517.jpg
objects365_v2_01162519.jpg,train,Glasses;Hat;Person,cAvlHg8uRX3RI772YmsI,3423272278dc93bf916b32f4ff69bbe0,8IqlCQUz92pfe9BWFgXB,1723237572887,True,https://transform.roboflow.com/8IqlCQUz92pfe9BWFgXB/3423272278dc93bf916b32f4ff69bbe0/thumb.jpg,38545,340673a7d8d4261b5b85b597c06c8645529c1dab5c6d6f270b5eadca3b5bf52e,Glasses,images/Glasses/objects365_v2_01162519.jpg
objects365_v2_01162520.jpg,train,Cherry;Cup;Glasses;Lemon;Person,I6aBkLZ7TkDOwRKmt5zQ,7990f14543a4f13af7a7f1f612a56420,8IqlCQUz92pfe9BWFgXB,1723237572887,True,https://transform.roboflow.com/8IqlCQUz92pfe9BWFgXB/7990f14543a4f13af7a7f1f612a56420/thumb.jpg,45186,caaa79ed38d26d8cc2b358c063aac809c950e44fed321928d0c0be34be94474c,Cherry,images/Cherry/objects365_v2_01162520.jpg
objects365_v2_01162523.jpg,train,Blender;Bottle;Bowl-Basin;Bread;Cabbage;Cabinet-shelf;Chair;Cup;Dinning Table;Fork;Glasses;Green Vegetables;Person;Plate;Power outlet;Spoon;Watch,RfxPKPCFNAGc18lSfOl3,06fe6fee7b26e40a0daa942d6c1a8d4a,8IqlCQUz92pfe9BWFgXB,1723237573083,True,https://transform.roboflow.com/8IqlCQUz92pfe9BWFgXB/06fe6fee7b26e40a0daa942d6c1a8d4a/thumb.jpg,52684,707f1c9b1f9695c26ded07476da4d1bcf7f64c9be6c0420054d3fee021b78c50,Blender,images/Blender/objects365_v2_01162523.jpg
objects365_v2_01162524.jpg,train,Glasses;Hat;Microphone;Person;Street Lights,YINbTHg65uatAxTkb41h,5b3ad14f7418f14c18b1172cc96cc0d4,8IqlCQUz92pfe9BWFgXB,1723237572962,True,https://transform.roboflow.com/8IqlCQUz92pfe9BWFgXB/5b3ad14f7418f14c18b1172cc96cc0d4/thumb.jpg,60435,c8ca83e48a7d942b3a6349ad76b54c47d949c0e4da01d0b956efc447cd2f345c,Glasses,images/Glasses/objects365_v2_01162524.jpg
objects365_v2_01162525.jpg,train,Backpack;Boots;Handbag-Satchel;Helmet;Motorcycle;Other Shoes;Person;Sneakers,dfCfTkS4tj6L1KwozF0y,8178c51c2fbe33e9b512967d37dc4c79,8IqlCQUz92pfe9BWFgXB,1723237572962,True,https://transform.roboflow.com/8IqlCQUz92pfe9BWFgXB/8178c51c2fbe33e9b512967d37dc4c79/thumb.jpg,93993,d26b9061488c26fd7c08a1a2cdea37e0ad29974feeeb631c3c817b4a7cd5cf97,Backpack,images/Backpack/objects365_v2_01162525.jpg
objects365_v2_01162578.jpg,train,Bench;Boat;Chair;Desk;Hat;Person;Umbrella,rrvVEG90U6bDAkkRlr31,14765810b2e80b8bf0f216caa8ad1f24,8IqlCQUz92pfe9BWFgXB,1723237578847,True,https://transform.roboflow.com/8IqlCQUz92pfe9BWFgXB/14765810b2e80b8bf0f216caa8ad1f24/thumb.jpg,77984,7dde8527094760e48baefcf7750ccaed6fcf5bfef03f33b9361cfdabc93399c9,Bench,images/Bench/objects365_v2_01162578.jpg
objects365_v2_01162579.jpg,train,Book;Bracelet;Cell Phone;Hat;Necklace;Other Shoes;Pen-Pencil;Person,gIIb1BJqjJHCyMuMJKD6,2afdbd20ac58342c940e59e2a3967f83,8IqlCQUz92pfe9BWFgXB,1723237578684,True,https://transform.roboflow.com/8IqlCQUz92pfe9BWFgXB/2afdbd20ac58342c940e59e2a3967f83/thumb.jpg,55319,de1528f44da24bc6888abbd2817667226d3d3481d844455e5a71a0db050db8d7,Book,images/Book/objects365_v2_01162579.jpg
objects365_v2_01162580.jpg,train,Bottle;Camera;Cup;Handbag-Satchel;Person,6dZ0DSYThxiQF8xS8gF8,b0e1decc46a17daaa4c99b43e6d8f39d,8IqlCQUz92pfe9BWFgXB,1723237578717,True,https://transform.roboflow.com/8IqlCQUz92pfe9BWFgXB/b0e1decc46a17daaa4c99b43e6d8f39d/thumb.jpg,46935,37450682ba598b8c28206cb2e2885b4bd417055d944c65edbfcc7733958c42da,Bottle,images/Bottle/objects365_v2_01162580.jpg
objects365_v2_01162599.jpg,train,Gloves;Helmet;Hockey Stick;Other Balls;Person;Sneakers,UIPYxhKcfdThB3I2n1ct,c88ac9d7b52dcd72046370b0999e5ff5,8IqlCQUz92pfe9BWFgXB,1723237578753,True,https://transform.roboflow.com/8IqlCQUz92pfe9BWFgXB/c88ac9d7b52dcd72046370b0999e5ff5/thumb.jpg,43337,35e912bb1bb88c0a59dcd865a1d23e9d6e8675436d77bc214a2a214d915cdb98,Gloves,images/Gloves/objects365_v2_01162599.jpg
objects365_v2_01162600.jpg,train,Boat;Bracelet;Helmet;Paddle;Person,ktr1FsuBukPSnJh4DkBu,f9546c28403aa1f04faa5bd9909932d9,8IqlCQUz92pfe9BWFgXB,1723237578996,True,https://transform.roboflow.com/8IqlCQUz92pfe9BWFgXB/f9546c28403aa1f04faa5bd9909932d9/thumb.jpg,89258,20822d65a3c2ad8702bce24f1a9afaecaa051e82063b22a0df48597c852102f6,Boat,images/Boat/objects365_v2_01162600.jpg
objects365_v2_01162601.jpg,train,Hat;Person;Stool;Watch,1OXZRsshZTaBo2yltsIa,cb2a8d5845b145b025558cc1520e4645,8IqlCQUz92pfe9BWFgXB,1723237578753,True,https://transform.roboflow.com/8IqlCQUz92pfe9BWFgXB/cb2a8d5845b145b025558cc1520e4645/thumb.jpg,49927,a975f1fdd1b33a7b3acc3aa16c2656e438f829ee5219671df9bcca2d304e608f,Hat,images/Hat/objects365_v2_01162601.jpg
objects365_v2_01162603.jpg,train,Deer,bIqiD3Y4iqiS9PSnspk5,b7fc7fbfecddbf96035573e86dc0a078,8IqlCQUz92pfe9BWFgXB,1723237578842,True,https://transform.roboflow.com/8IqlCQUz92pfe9BWFgXB/b7fc7fbfecddbf96035573e86dc0a078/thumb.jpg,36967,5fafd984533f49cd06b4d8d483e61c917905e05a06c29c295872037adb9165c6,Deer,images/Deer/objects365_v2_01162603.jpg
objects365_v2_01162604.jpg,train,Glasses;Hat;Microphone;Other Shoes;Person;Sneakers;Speaker;Tripod,S2mBzdDYR620kqXSyu4M,471e6865c88b504335d0e09bd6bdc977,8IqlCQUz92pfe9BWFgXB,1723237578673,True,https://transform.roboflow.com/8IqlCQUz92pfe9BWFgXB/471e6865c88b504335d0e09bd6bdc977/thumb.jpg,33367,7aeffe68782c24312ca6b2a33b6622bf663e1b40236470a308aece6b8af9d947,Glasses,images/Glasses/objects365_v2_01162604.jpg
objects365_v2_01162605.jpg,train,Bracelet;Chair;Desk;Glasses;Other Shoes;Pen-Pencil;Person;Power outlet;Sneakers,brNeVNtSl4IxgasCjrd2,539eaf871dbffdd60d6e6346fc32e54c,8IqlCQUz92pfe9BWFgXB,1723237578842,True,https://transform.roboflow.com/8IqlCQUz92pfe9BWFgXB/539eaf871dbffdd60d6e6346fc32e54c/thumb.jpg,55017,a4605e567e717f94611325e1fb779aabf43f5050bf68e1d1d5846ca8dc4bb8d3,Bracelet,images/Bracelet/objects365_v2_01162605.jpg
objects365_v2_01162606.jpg,train,Cymbal;Drum;Guitar;Microphone;Person;Speaker;Tripod,J1EKza6xtY7DoGPdI80X,c1637a626f875c2162c767fcdb4b42ee,8IqlCQUz92pfe9BWFgXB,1723237578871,True,https://transform.roboflow.com/8IqlCQUz92pfe9BWFgXB/c1637a626f875c2162c767fcdb4b42ee/thumb.jpg,71606,f2f27cf281c221d2e8842609972506e87ee63ebea8bebd6f14341384dde6f43e,Cymbal,images/Cymbal/objects365_v2_01162606.jpg
objects365_v2_01162607.jpg,train,Bracelet;Glasses;Handbag-Satchel;Person;Watch,SoUFW7dQfZJTyZRnjZrF,aab8e12a2010324c46b0f7bcb1d5aed2,8IqlCQUz92pfe9BWFgXB,1723237579036,True,https://transform.roboflow.com/8IqlCQUz92pfe9BWFgXB/aab8e12a2010324c46b0f7bcb1d5aed2/thumb.jpg,47725,8ccc31d667b9293e234a8de50d5049cf5c31fbe7335fb0d3933f79d1b86ed840,Bracelet,images/Bracelet/objects365_v2_01162607.jpg
objects365_v2_01162608.jpg,train,Sheep,UKbrYqFjRbLP3CTe6jBq,6b6171df9d85473a208a32242c8ab04f,8IqlCQUz92pfe9BWFgXB,1723237579772,True,https://transform.roboflow.com/8IqlCQUz92pfe9BWFgXB/6b6171df9d85473a208a32242c8ab04f/thumb.jpg,76251,b3260f3a0c2beff7a15e26896b6b8a5d26b1cc9e3825b35dfeb07b0a1f2531ef,Sheep,images/Sheep/objects365_v2_01162608.jpg
objects365_v2_01162609.jpg,train,Lamp;Potted Plant;Trash bin Can,Ypi8Zxrz2MNl0AEYVgwW,3ee215f7cb8b80d9e57bba1994fea715,8IqlCQUz92pfe9BWFgXB,1723237578935,True,https://transform.roboflow.com/8IqlCQUz92pfe9BWFgXB/3ee215f7cb8b80d9e57bba1994fea715/thumb.jpg,57621,f019efd1fa2b3a7a44811fd11f98bd81ee25b6f6e9d2c68e06854af1f3d69f6c,Lamp,images/Lamp/objects365_v2_01162609.jpg
objects365_v2_01162611.jpg,train,Apple;Broccoli;Cucumber;Green Vegetables;Person;Potted Plant;Scale;Sneakers;Tomato;Trolley,S3dq4Qwfm3higQlph91E,58d87242974a98f331a3fdc35ca851d6,8IqlCQUz92pfe9BWFgXB,1723237578842,True,https://transform.roboflow.com/8IqlCQUz92pfe9BWFgXB/58d87242974a98f331a3fdc35ca851d6/thumb.jpg,78287,83a0e669bffae6172b7dce12bb885daf618e16cbb7a0ca1e02aeb81d5736aee7,Apple,images/Apple/objects365_v2_01162611.jpg
objects365_v2_01162612.jpg,train,Bracelet;Cabinet-shelf;Lamp;Person;Stuffed Toy,zowxT98sEm9Whwzf1PsK,4dc9e964d46e258595cdee3f852fc6c7,8IqlCQUz92pfe9BWFgXB,1723237579009,True,https://transform.roboflow.com/8IqlCQUz92pfe9BWFgXB/4dc9e964d46e258595cdee3f852fc6c7/thumb.jpg,67245,e0a5011659fb0cbdc8c799bb98207e2596e7ff7c1a4a314547d5208dcf2a03be,Bracelet,images/Bracelet/objects365_v2_01162612.jpg
objects365_v2_01162624.jpg,train,Cookies;Glasses;Hat;Person,YRY9NVxQxs0DKJO8vwYo,125e057175ced2d6e4751d8a5511a7a0,8IqlCQUz92pfe9BWFgXB,1723237579036,True,https://transform.roboflow.com/8IqlCQUz92pfe9BWFgXB/125e057175ced2d6e4751d8a5511a7a0/thumb.jpg,41161,02629d5c0409990601b8b285b29bee7718d5898804a94791cfcee44a2c990b38,Cookies,images/Cookies/objects365_v2_01162624.jpg
objects365_v2_01162625.jpg,train,Chair;Dinning Table;Person,Dk20FlDuKL6RHDtpnIha,53c1408356d931bccde0c14b82b3b5b6,8IqlCQUz92pfe9BWFgXB,1723237578871,True,https://transform.roboflow.com/8IqlCQUz92pfe9BWFgXB/53c1408356d931bccde0c14b82b3b5b6/thumb.jpg,38618,f9155537a57d4c70751e84aef1611c3dfe530bc14115ce2a90c97c2d57a04f08,Chair,images/Chair/objects365_v2_01162625.jpg
objects365_v2_01162627.jpg,train,Bench;Bracelet;Cake;Candle;Chair;Glasses;Handbag-Satchel;Hat;Other Shoes;Person;Ring,g55NvODaJv0D1sikmFYD,d166bd7b7e8325432c72a6d012b4a95d,8IqlCQUz92pfe9BWFgXB,1723237578935,True,https://transform.roboflow.com/8IqlCQUz92pfe9BWFgXB/d166bd7b7e8325432c72a6d012b4a95d/thumb.jpg,75090,0482ed49335a45ba14f63c2a5ec925db1edff221b98434d328bdc7ce897ca665,Bench,images/Bench/objects365_v2_01162627.jpg
objects365_v2_01162628.jpg,train,Backpack;Blackboard-Whiteboard;Bottle;Chair;Desk;Dog;Hat;Other Shoes;Person;Sneakers,5YvHfHBAAX3ZeBEZhad7,6dc080cd190000c3ba6fff15ad3d1a2a,8IqlCQUz92pfe9BWFgXB,1723237578996,True,https://transform.roboflow.com/8IqlCQUz92pfe9BWFgXB/6dc080cd190000c3ba6fff15ad3d1a2a/thumb.jpg,82503,990d2d29ecb10120ad0f4f3fd74be126a3e6f1a6c37bbd1ab1f67a7938142863,Backpack,images/Backpack/objects365_v2_01162628.jpg
objects365_v2_01162629.jpg,train,Bottle;Briefcase;Chair;Glasses;Hat;Other Shoes;Person;Sneakers;Storage box;Tent,X7AUPEwzA6eoJOvTW8Qp,d23db122fd3fc3ee0634edc2c6ac7e76,8IqlCQUz92pfe9BWFgXB,1723237579036,True,https://transform.roboflow.com/8IqlCQUz92pfe9BWFgXB/d23db122fd3fc3ee0634edc2c6ac7e76/thumb.jpg,73144,e142a08a4ae94d8dce5e287e65da93a356c9597671589f975dbf77bbf7448de0,Bottle,images/Bottle/objects365_v2_01162629.jpg
objects365_v2_01162631.jpg,train,Bottle;Person;Sneakers,aNzBAWMSCoXv2lUIxSZD,3c20efa31f43d5f5854d6e99135281bc,8IqlCQUz92pfe9BWFgXB,1723237579036,True,https://transform.roboflow.com/8IqlCQUz92pfe9BWFgXB/3c20efa31f43d5f5854d6e99135281bc/thumb.jpg,102992,963efa38832f3b7c2f6ef3ec27ebc96c99d7457ebf2dfbea01ed8ecf740c29c0,Bottle,images/Bottle/objects365_v2_01162631.jpg
objects365_v2_01162632.jpg,train,Bus;Car;Hat;Hot-air balloon;Other Shoes;Person;Pickup Truck;Sneakers;Tent;Truck,7WJrRaREAcB49DJfg8D0,f09607b50076abe27217997f1e1d6426,8IqlCQUz92pfe9BWFgXB,1723237579228,True,https://transform.roboflow.com/8IqlCQUz92pfe9BWFgXB/f09607b50076abe27217997f1e1d6426/thumb.jpg,59154,e2fab1d4ceca28a2be662342d089d95ee3503b47ca9ede31cab3b7396fe47142,Bus,images/Bus/objects365_v2_01162632.jpg
objects365_v2_01162633.jpg,train,Sailboat,CzOG7Q5DEkOIRteTkDVQ,75cbe43bca2271f8c635e8643e311350,8IqlCQUz92pfe9BWFgXB,1723237579171,True,https://transform.roboflow.com/8IqlCQUz92pfe9BWFgXB/75cbe43bca2271f8c635e8643e311350/thumb.jpg,69732,2fc0bdc896b827bd04c895d22f35d6a63cb11e03a757f8b4191b2dd1427d5607,Sailboat,images/Sailboat/objects365_v2_01162633.jpg
objects365_v2_01162634.jpg,train,Person,O5afCHwCv6VrFqZJncAS,90ae0c92b98ce097d255f30bc0c0f2e2,8IqlCQUz92pfe9BWFgXB,1723237579036,True,https://transform.roboflow.com/8IqlCQUz92pfe9BWFgXB/90ae0c92b98ce097d255f30bc0c0f2e2/thumb.jpg,108730,fbb229aaa5346e7d5c60c1d4f545629d66a55ef26733bab7e06c7959cc790d77,Person,images/Person/objects365_v2_01162634.jpg
objects365_v2_01162648.jpg,train,Basketball;Hat;Mask;Other Shoes;Person;Sneakers;Traffic cone,82qOAzGGYxQtF5Ml5fJb,c2587e421c34911c31b5df64945df675,8IqlCQUz92pfe9BWFgXB,1723237579164,True,https://transform.roboflow.com/8IqlCQUz92pfe9BWFgXB/c2587e421c34911c31b5df64945df675/thumb.jpg,89861,920d375af9c41c590b697e684549fe626eeb6a5f4e5075ecad26d7150e5308b2,Basketball,images/Basketball/objects365_v2_01162648.jpg
objects365_v2_01162650.jpg,train,Boat;Sailboat,ShQUyFCrUj52dyD7oKLK,15cd5a93acf2ff75d18d58c0e70391c0,8IqlCQUz92pfe9BWFgXB,1723237578996,True,https://transform.roboflow.com/8IqlCQUz92pfe9BWFgXB/15cd5a93acf2ff75d18d58c0e70391c0/thumb.jpg,62077,a1502478b92659777c78710167091964153db1bcae367b9c132fccf060dc4f58,Boat,images/Boat/objects365_v2_01162650.jpg
objects365_v2_01162651.jpg,train,Helmet;Other Shoes;Person;Sneakers,NGK0paEGIv8ijyizfZHZ,f2759b51eb8f6308d93e2f5a050bb5e3,8IqlCQUz92pfe9BWFgXB,1723237578996,True,https://transform.roboflow.com/8IqlCQUz92pfe9BWFgXB/f2759b51eb8f6308d93e2f5a050bb5e3/thumb.jpg,66301,cc643d34bb6d674b9892f4b0ac64b0eb56bbc07db725353155038a37ea144da4,Helmet,images/Helmet/objects365_v2_01162651.jpg
objects365_v2_01162652.jpg,train,Awning;Car;Chair;Cup;Desk;Glasses;Handbag-Satchel;Leather Shoes;Other Shoes;Person;Picture-Frame;Potted Plant;SUV;Sneakers;Traffic Sign;Truck,Ui7sh2VvzGoRQNeOiPEa,aa8be0dba998de918460276d9ff49f41,8IqlCQUz92pfe9BWFgXB,1723237579155,True,https://transform.roboflow.com/8IqlCQUz92pfe9BWFgXB/aa8be0dba998de918460276d9ff49f41/thumb.jpg,82746,1b1884fa915915ac91d053e84a87836c7b49f799cb570e5a153537d8079bb71d,Awning,images/Awning/objects365_v2_01162652.jpg
objects365_v2_01162653.jpg,train,Bracelet;Hat;Necklace;Person;Ring;Stool;Watch,F5FvMoh0PCOdkNVImd2J,ebd55cd386a746d0d326991b8aabdb4f,8IqlCQUz92pfe9BWFgXB,1723237579349,True,https://transform.roboflow.com/8IqlCQUz92pfe9BWFgXB/ebd55cd386a746d0d326991b8aabdb4f/thumb.jpg,78891,3e879fe5c3d20f24934ad78a275ffab3e58716c0ef5e3ee96074e988c49f6304,Bracelet,images/Bracelet/objects365_v2_01162653.jpg
objects365_v2_01162654.jpg,train,Glasses;Handbag-Satchel;Person;Sneakers,bhPdd7A2yO5abosDHQqP,0bc30c47721923f5a94f17bc64d634c1,8IqlCQUz92pfe9BWFgXB,1723237579036,True,https://transform.roboflow.com/8IqlCQUz92pfe9BWFgXB/0bc30c47721923f5a94f17bc64d634c1/thumb.jpg,60872,d4a9390d8666bfe0ff102a980c9216930e3620a082fcfaa92f97db7d690987e1,Glasses,images/Glasses/objects365_v2_01162654.jpg
objects365_v2_01162671.jpg,train,Chair;Glasses;Handbag-Satchel;Hat;Microphone;Other Shoes;Person;Tent;Tie;Tripod;Truck,WO6OKIzBKBcWBGREhIos,7829386cbc95a23f9e89f8c83e6fa583,8IqlCQUz92pfe9BWFgXB,1723237579349,True,https://transform.roboflow.com/8IqlCQUz92pfe9BWFgXB/7829386cbc95a23f9e89f8c83e6fa583/thumb.jpg,60621,f3e9af26edfb6df7761243fe4568c7f075db2f18b32852cf5cb5b7c21738ad08,Chair,images/Chair/objects365_v2_01162671.jpg
objects365_v2_01162673.jpg,train,Cup;Knife;Plate;Tomato,UnhQUp1p1uUOcnde1cYm,65f1b8d393202b56dbcc7d8fba863bef,8IqlCQUz92pfe9BWFgXB,1723237579349,True,https://transform.roboflow.com/8IqlCQUz92pfe9BWFgXB/65f1b8d393202b56dbcc7d8fba863bef/thumb.jpg,47803,349cf16a111af943d86e199d4b0429f6cd774bc5c324a8579a0e7c691b4c2834,Cup,images/Cup/objects365_v2_01162673.jpg
objects365_v2_01162674.jpg,train,Bottle;Bracelet;Cup;Desk;Dinning Table;Lamp;Napkin;Necklace;Person;Watch,yX5c3Q6MOgWSy7ad9dzK,a9e7670b7488680789088d8a7e0d5704,8IqlCQUz92pfe9BWFgXB,1723237579349,True,https://transform.roboflow.com/8IqlCQUz92pfe9BWFgXB/a9e7670b7488680789088d8a7e0d5704/thumb.jpg,36241,4812e3d926eda81e6ded5da9fc7f0e6c709027e830e5a318b72385fdf6e0cde4,Bottle,images/Bottle/objects365_v2_01162674.jpg
objects365_v2_01162675.jpg,train,Bottle;Bowl-Basin;Cabinet-shelf;Canned;Chair;Cup;Dinning Table;Person;Spoon,zEDcWvdIfuf5nYSfi8Ko,eabfc1da13e20f67b548c8b429370ae6,8IqlCQUz92pfe9BWFgXB,1723237579009,True,https://transform.roboflow.com/8IqlCQUz92pfe9BWFgXB/eabfc1da13e20f67b548c8b429370ae6/thumb.jpg,49931,db23dea26ed0832b3f25c8f1437e3f04d006319537802d70baafc5b248b48e0d,Bottle,images/Bottle/objects365_v2_01162675.jpg
objects365_v2_01162676.jpg,train,Backpack;Camera;Gloves;Person;Sneakers,6a5Yd8iPAtzJ2JGhCqkY,7c4359a2427a709f181c2171b6696b15,8IqlCQUz92pfe9BWFgXB,1723237579155,True,https://transform.roboflow.com/8IqlCQUz92pfe9BWFgXB/7c4359a2427a709f181c2171b6696b15/thumb.jpg,50900,47ceb88e833e629fc8f47ff2e9f0e6b9a74d49c35d299b4f60bece0b01555c75,Backpack,images/Backpack/objects365_v2_01162676.jpg
objects365_v2_01162677.jpg,train,Bench;Chair;Hat;Lamp;Other Shoes;Person,vVBDWlzUpxdYEEvP6lvC,c1b15ed8946d9ad985f28db00f35c502,8IqlCQUz92pfe9BWFgXB,1723237579228,True,https://transform.roboflow.com/8IqlCQUz92pfe9BWFgXB/c1b15ed8946d9ad985f28db00f35c502/thumb.jpg,83620,3b0ee1d4a9fe7b7fdc32357199eb1732c033f7512fe607550c16a5ba16fd7b99,Bench,images/Bench/objects365_v2_01162677.jpg
objects365_v2_01162678.jpg,train,Basket;Book;Boots;Bottle;Cabinet-shelf;Couch;Lamp;Monitor-TV;Person;Picture-Frame,Vib5u1LgHyO9LEU6OWFd,65b175cdcc56441172c6a2c25a378471,8IqlCQUz92pfe9BWFgXB,1723237579349,True,https://transform.roboflow.com/8IqlCQUz92pfe9BWFgXB/65b175cdcc56441172c6a2c25a378471/thumb.jpg,58015,b6ad05a68757d4ab902db9b1295f40be3b5f3cbd5d01c14733929c2aea2666ca,Basket,images/Basket/objects365_v2_01162678.jpg
objects365_v2_01162679.jpg,train,Boots;Glasses;Gloves;Helmet;Motorcycle;Person;Van,6kji1LTmi524XcjkGLj7,eb1559785da83867bcfd60d306a792fc,8IqlCQUz92pfe9BWFgXB,1723237579228,True,https://transform.roboflow.com/8IqlCQUz92pfe9BWFgXB/eb1559785da83867bcfd60d306a792fc/thumb.jpg,64259,5f18ca67b90ba0837e288097d446ae32ad648858529e28896e5953758c298c79,Boots,images/Boots/objects365_v2_01162679.jpg
objects365_v2_01162680.jpg,train,Bottle;Cell Phone;Chair;Desk;Dog;Person;Power outlet;Storage box,RxDbPXLmcuK65hPxPkiC,b1ed60e94ff4ad9f4e8b9b716ac5c663,8IqlCQUz92pfe9BWFgXB,1723237579523,True,https://transform.roboflow.com/8IqlCQUz92pfe9BWFgXB/b1ed60e94ff4ad9f4e8b9b716ac5c663/thumb.jpg,45470,70ee7049836fe6fe9931b64755cc95df75705ddc91dc7df2d77eed20ff7907ef,Bottle,images/Bottle/objects365_v2_01162680.jpg
objects365_v2_01162681.jpg,train,Bracelet;Glasses;Handbag-Satchel;Hat;Other Shoes;Person;Sandals;Sneakers,kxuAUj5zbxmsr45qhDGU,d466bdb57f638a2859fa2160097557d6,8IqlCQUz92pfe9BWFgXB,1723237579228,True,https://transform.roboflow.com/8IqlCQUz92pfe9BWFgXB/d466bdb57f638a2859fa2160097557d6/thumb.jpg,68978,87c875d7f9de0853a6b0fab58966a9c0b91a4ae19240fd82dd214595510eb0f2,Bracelet,images/Bracelet/objects365_v2_01162681.jpg
objects365_v2_01162682.jpg,train,Bottle;Chair;Cup;Desk;Person,aYpq5mMSoX3WbDHBSOpJ,5a3d9d74b9d97f285dde561c0cb82d53,8IqlCQUz92pfe9BWFgXB,1723237579228,True,https://transform.roboflow.com/8IqlCQUz92pfe9BWFgXB/5a3d9d74b9d97f285dde561c0cb82d53/thumb.jpg,100252,8168b29e84d19f97310567143a46ebf9e6b71159797b6baa334560539c80fa9c,Bottle,images/Bottle/objects365_v2_01162682.jpg
objects365_v2_01162683.jpg,train,Bottle;Cabinet-shelf;Cup;Extractor;Gas stove;Knife;Oven;Storage box,BLXyRmCuyqXxrFrNsNNa,7f13bb840962493f7bed5aafb746c364,8IqlCQUz92pfe9BWFgXB,1723237579523,True,https://transform.roboflow.com/8IqlCQUz92pfe9BWFgXB/7f13bb840962493f7bed5aafb746c364/thumb.jpg,41210,ed4f5535645e2466968da3fbd15220d39476dd4c2f0969e7d22929baf1345759,Bottle,images/Bottle/objects365_v2_01162683.jpg
objects365_v2_01162684.jpg,train,Car;Chair;SUV,TasMZZqcnE9K4jIMfvVu,a52c3ec28cc61b3e07a8b74583489df5,8IqlCQUz92pfe9BWFgXB,1723237579009,True,https://transform.roboflow.com/8IqlCQUz92pfe9BWFgXB/a52c3ec28cc61b3e07a8b74583489df5/thumb.jpg,60941,912147b22a43304dbe0ada907ff68e8979a79a8e73e7ca8fe3e547bf30b379a5,Car,images/Car/objects365_v2_01162684.jpg
objects365_v2_01162686.jpg,train,Car;Glasses;Motorcycle;Person;Ring;Street Lights,kBa4lQBj3yD3t7CpL1H0,4845535d17430b8fd7d2d9e7b0e35182,8IqlCQUz92pfe9BWFgXB,1723237579335,True,https://transform.roboflow.com/8IqlCQUz92pfe9BWFgXB/4845535d17430b8fd7d2d9e7b0e35182/thumb.jpg,87681,fff3f02c033e26a2de21270cc51f4b455c106b7e979f0649f65964acad6ca772,Car,images/Car/objects365_v2_01162686.jpg
objects365_v2_01162687.jpg,train,Backpack;Bottle;Handbag-Satchel;Hat;Other Shoes;Person;Ring;Sneakers;Watch;Wheelchair,6TIrOoAl5q3yG9nOX68P,07f3cb73750f025a155a239a51afe1cf,8IqlCQUz92pfe9BWFgXB,1723237579155,True,https://transform.roboflow.com/8IqlCQUz92pfe9BWFgXB/07f3cb73750f025a155a239a51afe1cf/thumb.jpg,65365,51122b92c91842b17332f218ebf16c005f8665b9430a087ffc11390cc3ec705a,Backpack,images/Backpack/objects365_v2_01162687.jpg
objects365_v2_01162689.jpg,train,Bottle;Converter;Cymbal;Drum;Guitar;Hat;Laptop;Microphone;Other Shoes;Person;Tent;Tripod,DL8aRXVqFTO8W6nkIH1I,bd1d6b3f3499a917a59fa8aec18b2cec,8IqlCQUz92pfe9BWFgXB,1723237579335,True,https://transform.roboflow.com/8IqlCQUz92pfe9BWFgXB/bd1d6b3f3499a917a59fa8aec18b2cec/thumb.jpg,72163,fe189025cb1cfd952091739bba5c1637f812eca75fea0c83b3ef7335673a4299,Bottle,images/Bottle/objects365_v2_01162689.jpg
objects365_v2_01162690.jpg,train,Book;Chair;Desk;Head Phone;Microphone;Telephone,qyYX2Ju5MLu7pmlR20y4,b8516ab6571034965f0a995f0807a74b,8IqlCQUz92pfe9BWFgXB,1723237579155,True,https://transform.roboflow.com/8IqlCQUz92pfe9BWFgXB/b8516ab6571034965f0a995f0807a74b/thumb.jpg,49674,b736ef877fa8526f0a12af7457366427532e3aeeb1cff3e72e72cf1742388010,Book,images/Book/objects365_v2_01162690.jpg
objects365_v2_01162694.jpg,train,Boat;Glasses;Hat;Other Shoes;Paddle;Person,Bi3H7ZHrsEWiMd7hNeNz,5f4588476ff1938c5e0f5569e9de01e8,8IqlCQUz92pfe9BWFgXB,1723237579171,True,https://transform.roboflow.com/8IqlCQUz92pfe9BWFgXB/5f4588476ff1938c5e0f5569e9de01e8/thumb.jpg,48710,2e2abc48e72c353da2f3931aec33b390f2739806ec4e12a59a8f7485fe29ae02,Boat,images/Boat/objects365_v2_01162694.jpg
objects365_v2_01162695.jpg,train,Cabinet-shelf;Glasses;Helmet;Person;Skating and Skiing shoes,tXMdgW1QXTIH4OCHjTv4,ef248c1c634e804bd2b559c010206fee,8IqlCQUz92pfe9BWFgXB,1723237579315,True,https://transform.roboflow.com/8IqlCQUz92pfe9BWFgXB/ef248c1c634e804bd2b559c010206fee/thumb.jpg,68604,90849757de99e3ee5fb72747efc2ec80ddfb8da99e96cfacf95d4c4cb226ab80,Cabinet-shelf,images/Cabinet-shelf/objects365_v2_01162695.jpg
objects365_v2_01162696.jpg,train,Air Conditioner;Belt;Blackboard-Whiteboard;Car;Handbag-Satchel;Other Shoes;Person;Potted Plant;Street Lights;Trash bin Can;Van,nMWxfdxlxilIdOo3zSMT,4a487dab393e4a06a82d6470ac373214,8IqlCQUz92pfe9BWFgXB,1723237579171,True,https://transform.roboflow.com/8IqlCQUz92pfe9BWFgXB/4a487dab393e4a06a82d6470ac373214/thumb.jpg,81129,89fbdd55e630f8cfd398d0a9ca6fe885f1ba1a6ec7887f2a81b05a8e7003012a,Air Conditioner,images/Air-Conditioner/objects365_v2_01162696.jpg
objects365_v2_01162697.jpg,train,Bottle;Cup;Desk;Glasses;Microphone;Mouse;Person,ZsjOiJhfLBM4TiLgeSZL,99a4ec0b55477b6f915188bbf5bd9d7d,8IqlCQUz92pfe9BWFgXB,1723237579335,True,https://transform.roboflow.com/8IqlCQUz92pfe9BWFgXB/99a4ec0b55477b6f915188bbf5bd9d7d/thumb.jpg,40530,2097636fb8ba6d97ef5294060f54ac993958510b6ae5b3cb6ec4810c6e19632d,Bottle,images/Bottle/objects365_v2_01162697.jpg
objects365_v2_01162698.jpg,train,Person;Sneakers;Soccer,TeV97kZqUSc2H9mXYnhU,830723df0a7962b23851c83adc71270f,8IqlCQUz92pfe9BWFgXB,1723237579583,True,https://transform.roboflow.com/8IqlCQUz92pfe9BWFgXB/830723df0a7962b23851c83adc71270f/thumb.jpg,75428,57a4fa48e7de3bcb8ae9ad46c973453e0db1be2aed65a3bb1a3425608e83d5dd,Person,images/Person/objects365_v2_01162698.jpg
objects365_v2_01162699.jpg,train,Bicycle;Bus;Car;Other Shoes;Person;SUV;Street Lights;Traffic Light;Traffic Sign;Van,C8nrZHeJdaWrqQbZkBd7,d41b4c589ae977df267e3eaf3a191c79,8IqlCQUz92pfe9BWFgXB,1723237579568,True,https://transform.roboflow.com/8IqlCQUz92pfe9BWFgXB/d41b4c589ae977df267e3eaf3a191c79/thumb.jpg,70800,3492838fc2f62ff9f9976e09b4bafa9d66caf6b1b010f91f2fe7d7ef4edde725,Bicycle,images/Bicycle/objects365_v2_01162699.jpg
objects365_v2_01162700.jpg,train,Boat;Chair;Desk;Street Lights,Il5Mx8OCJ9EEiH8gbAN5,1238ce5a67b95ad63ed436943acc42c4,8IqlCQUz92pfe9BWFgXB,1723237579335,True,https://transform.roboflow.com/8IqlCQUz92pfe9BWFgXB/1238ce5a67b95ad63ed436943acc42c4/thumb.jpg,82303,fff2d7a25f5bc0a8d5027f0aaa68d5c11bb7a71828b7c78ce9b28ddfbd2d66e7,Boat,images/Boat/objects365_v2_01162700.jpg
objects365_v2_01162701.jpg,train,Bowl-Basin;Hat;Person;Speaker;Tie;Tripod,Thuo0DiXB54iPLhvbOfj,2dbc820e394f9fd0b685953eeb80862e,8IqlCQUz92pfe9BWFgXB,1723237579335,True,https://transform.roboflow.com/8IqlCQUz92pfe9BWFgXB/2dbc820e394f9fd0b685953eeb80862e/thumb.jpg,73111,7d0422213b2c643a2998688f16985e38e83069e288fa74e30f69a5ff685a1f1e,Bowl-Basin,images/Bowl-Basin/objects365_v2_01162701.jpg
objects365_v2_01162703.jpg,train,Baseball Bat;Belt;Bracelet;Gloves;Helmet;Person;Sneakers,25H9o77xRe4w4EVraJil,66c72aee60465b5d094369bc8086b064,8IqlCQUz92pfe9BWFgXB,1723237579523,True,https://transform.roboflow.com/8IqlCQUz92pfe9BWFgXB/66c72aee60465b5d094369bc8086b064/thumb.jpg,75816,0ed4656c7d21d0badc680b784e08938646fe11887050618a668d33785b79f31c,Baseball Bat,images/Baseball-Bat/objects365_v2_01162703.jpg
objects365_v2_01162704.jpg,train,Bus;Car;Street Lights,mXwfUAyfvDWhIAVdvnfv,d4c2483c35f3f36bd20c68c876a36e9c,8IqlCQUz92pfe9BWFgXB,1723237579769,True,https://transform.roboflow.com/8IqlCQUz92pfe9BWFgXB/d4c2483c35f3f36bd20c68c876a36e9c/thumb.jpg,57215,efa943b0710dec8a7f2cbb462bca6f1349732b7b76781c85451410f76abb701f,Bus,images/Bus/objects365_v2_01162704.jpg
objects365_v2_01162705.jpg,train,Glasses;Helmet;Person,3OxHQnCS2koUTU4s8Qgh,bb30fb46a92bf043a92c1e35df051d20,8IqlCQUz92pfe9BWFgXB,1723237579769,True,https://transform.roboflow.com/8IqlCQUz92pfe9BWFgXB/bb30fb46a92bf043a92c1e35df051d20/thumb.jpg,64191,bd8a5b58f7379dd382cbcf80175ea61696c2ef20152ce80f36210c108af027e0,Glasses,images/Glasses/objects365_v2_01162705.jpg
objects365_v2_01162715.jpg,train,Apple;Basket;Bottle;Bowl-Basin;Cabbage;Cabinet-shelf;Canned;Lamp;Orange-Tangerine;Pepper;Potato;Storage box,Uq9dRGx1GxlmOgI60fhC,420d66fc158015e25bad893476e55693,8IqlCQUz92pfe9BWFgXB,1723237579583,True,https://transform.roboflow.com/8IqlCQUz92pfe9BWFgXB/420d66fc158015e25bad893476e55693/thumb.jpg,88885,868a66d36f5e1227b719df1af43e39141a5005dd7c495dd7f8ce81f8b6c3154e,Apple,images/Apple/objects365_v2_01162715.jpg
objects365_v2_01162716.jpg,train,Bracelet;Glasses;Necklace;Person,7gRll42SYlClVWfwXiOL,09f7b0ae1db31622bcb29b6d01f005d0,8IqlCQUz92pfe9BWFgXB,1723237579583,True,https://transform.roboflow.com/8IqlCQUz92pfe9BWFgXB/09f7b0ae1db31622bcb29b6d01f005d0/thumb.jpg,33889,12befacbd0c621e57a968cd2b9925df1ce30e61101fdaed045e797e6803cff27,Bracelet,images/Bracelet/objects365_v2_01162716.jpg
objects365_v2_01162718.jpg,train,Car;Street Lights;Traffic Light,Vmu65VceaUhteXJ3VSSi,ed7f2b397011a62a99e01a32664761e8,8IqlCQUz92pfe9BWFgXB,1723237579583,True,https://transform.roboflow.com/8IqlCQUz92pfe9BWFgXB/ed7f2b397011a62a99e01a32664761e8/thumb.jpg,86758,e29249d47a9db3799232ce11b80e524b65cf5d15edc1d12956033bca452966d5,Car,images/Car/objects365_v2_01162718.jpg
objects365_v2_01162719.jpg,train,Handbag-Satchel;Other Shoes;Person;Trash bin Can,CDD4F5EoLOjB2FA84kn6,f1dc9dbae2505b6fd071a54f461e7af9,8IqlCQUz92pfe9BWFgXB,1723237579583,True,https://transform.roboflow.com/8IqlCQUz92pfe9BWFgXB/f1dc9dbae2505b6fd071a54f461e7af9/thumb.jpg,91886,b5e0d4ee8109c00ee250edda59dd42c1d275df8529b9bb3133abf3eee18951fc,Handbag-Satchel,images/Handbag-Satchel/objects365_v2_01162719.jpg
objects365_v2_01162720.jpg,train,Camera;Glasses;Hat;Person,4Oi774OLFBCbO2EEb1cK,3b95aa376ceeece2c4b921789ade09dc,8IqlCQUz92pfe9BWFgXB,1723237579315,True,https://transform.roboflow.com/8IqlCQUz92pfe9BWFgXB/3b95aa376ceeece2c4b921789ade09dc/thumb.jpg,51377,788040c785cae0a8373deace15f318839c615d2fd9c1ba30b0ded8f7321c1b48,Camera,images/Camera/objects365_v2_01162720.jpg
objects365_v2_01162721.jpg,train,Belt;Bracelet;Glasses;Lamp;Person;Picture-Frame;Stool;Watch,fxyol0rXomWVaqnt482O,51fe0870ed7123c52d8efe8392708c5e,8IqlCQUz92pfe9BWFgXB,1723237579568,True,https://transform.roboflow.com/8IqlCQUz92pfe9BWFgXB/51fe0870ed7123c52d8efe8392708c5e/thumb.jpg,52046,8f03f07be1bbfe64d0332120247817a59c3a06cbfdd2927d5529ed31be50dcfd,Belt,images/Belt/objects365_v2_01162721.jpg
objects365_v2_01162722.jpg,train,Backpack;Person;Sneakers,G6EoXguqXU8dCuSab8o8,fc0139c61c3f464003ce5c432f0c5191,8IqlCQUz92pfe9BWFgXB,1723237579772,True,https://transform.roboflow.com/8IqlCQUz92pfe9BWFgXB/fc0139c61c3f464003ce5c432f0c5191/thumb.jpg,101521,32acce33135afb56c68876ce0daa0641b3fae986d79bd9900cf5ac9d300f3044,Backpack,images/Backpack/objects365_v2_01162722.jpg
objects365_v2_01162723.jpg,train,Bus;Car;Handbag-Satchel;Hat;Leather Shoes;Person;SUV;Street Lights;Traffic Light;Van,dgvhM84GMcQBmrgTGtQw,2e20a8554cbe90e5427f7090702646d6,8IqlCQUz92pfe9BWFgXB,1723237579772,True,https://transform.roboflow.com/8IqlCQUz92pfe9BWFgXB/2e20a8554cbe90e5427f7090702646d6/thumb.jpg,67311,a96c4c6aef40207e3d171edafd2ac81e7b4f651faac7aff17a45f96b83b56bc3,Bus,images/Bus/objects365_v2_01162723.jpg
objects365_v2_01162725.jpg,train,Cup;Dessert;Fork;Plate,nlsSy4b7MQL6hGO4iZjy,f250bf0606b7b8e8beafc995a1b0a918,8IqlCQUz92pfe9BWFgXB,1723237579492,True,https://transform.roboflow.com/8IqlCQUz92pfe9BWFgXB/f250bf0606b7b8e8beafc995a1b0a918/thumb.jpg,55767,bb9c7cb00ed0baa65558e559bc2eafbfd980c7cdda87b6263e98ff7e9090f2ca,Cup,images/Cup/objects365_v2_01162725.jpg
objects365_v2_01162726.jpg,train,Glasses;Handbag-Satchel;Person,c9egSk9lNHuvNnio7kUh,97362db79d66389bdf20ddb5cabe4d4b,8IqlCQUz92pfe9BWFgXB,1723237579492,True,https://transform.roboflow.com/8IqlCQUz92pfe9BWFgXB/97362db79d66389bdf20ddb5cabe4d4b/thumb.jpg,61337,b76f27232383a4ed9b0a7e14d8a3ec12941fa2099811be44dbc6b63723054209,Glasses,images/Glasses/objects365_v2_01162726.jpg
objects365_v2_01162727.jpg,train,Bottle;Bowl-Basin;Chair;Cup;Desk;Dinning Table;Fork;Glasses;Knife;Lamp;Napkin;Necklace;Person;Plate;Ring;Spoon;Tie;Wine Glass,yf11ssUKTYqijGdh7x8y,0b0ee22be9c685ed5a9df8d6fb112a0c,8IqlCQUz92pfe9BWFgXB,1723237579829,True,https://transform.roboflow.com/8IqlCQUz92pfe9BWFgXB/0b0ee22be9c685ed5a9df8d6fb112a0c/thumb.jpg,53988,872a081b96301725b2062b7c3f32b9c567018ac901eb3def91ba2ec1f905dafb,Bottle,images/Bottle/objects365_v2_01162727.jpg
objects365_v2_01162728.jpg,train,Glasses;Microphone;Person;Ring;Tie,7lpONfhLU7BXRUgbVsj1,674b08c3f3e78e9ac3a9145396769c6b,8IqlCQUz92pfe9BWFgXB,1723237579568,True,https://transform.roboflow.com/8IqlCQUz92pfe9BWFgXB/674b08c3f3e78e9ac3a9145396769c6b/thumb.jpg,52293,a1fb197285360f0449db3dccb1274d1dd7a89232c11d31f9df3dd10ea0eaf48d,Glasses,images/Glasses/objects365_v2_01162728.jpg
objects365_v2_01162729.jpg,train,Barrel-bucket;Bracelet;Glasses;Handbag-Satchel;Person;Slippers,E9rTHXs6yWWgNiwlHX8u,2aba50579f5b2aa4e1d8b494ef711044,8IqlCQUz92pfe9BWFgXB,1723237579769,True,https://transform.roboflow.com/8IqlCQUz92pfe9BWFgXB/2aba50579f5b2aa4e1d8b494ef711044/thumb.jpg,120648,89c092cd8ae27243ac6761e50c11e291a426d8bfdde3500660ada1e3320c15e8,Barrel-bucket,images/Barrel-bucket/objects365_v2_01162729.jpg
objects365_v2_01162730.jpg,train,Bench;Bottle;Cup;Microphone;Person;Ring;Watch,sIbgPjVzQ4u6xKRGf6QQ,7d45716cbfaba9c2a492b50147babfb8,8IqlCQUz92pfe9BWFgXB,1723237579769,True,https://transform.roboflow.com/8IqlCQUz92pfe9BWFgXB/7d45716cbfaba9c2a492b50147babfb8/thumb.jpg,49441,00c88466bcfc61308f37e7eff1fa4742ae4a00523a57e6bd72c3712d519c3caf,Bench,images/Bench/objects365_v2_01162730.jpg
objects365_v2_01162731.jpg,train,Bracelet;Cymbal;Desk;Guitar;Lamp;Person;Speaker,u4xlSjV1YsypKvfbfADM,4b0f945f7a4b78fbc8413885289c9ae0,8IqlCQUz92pfe9BWFgXB,1723237579772,True,https://transform.roboflow.com/8IqlCQUz92pfe9BWFgXB/4b0f945f7a4b78fbc8413885289c9ae0/thumb.jpg,48135,4a16daf56a1d2799599826c37a91a132a4267b113982716b356dab85068bd57c,Bracelet,images/Bracelet/objects365_v2_01162731.jpg
objects365_v2_01162732.jpg,train,Boots;Hat;High Heels;Other Shoes;Person;Sneakers;Street Lights,ia4SfhPsJHgTnEtlnoeG,96f21ff086dc1b1bbd12e0988f55b155,8IqlCQUz92pfe9BWFgXB,1723237579772,True,https://transform.roboflow.com/8IqlCQUz92pfe9BWFgXB/96f21ff086dc1b1bbd12e0988f55b155/thumb.jpg,92668,53ea1d0f1b0d29842203c3414ac06fc83e4eb20ba38840b25465700f4ab6a23f,Boots,images/Boots/objects365_v2_01162732.jpg
objects365_v2_01162733.jpg,train,Boots;Car;Handbag-Satchel;Other Shoes;Person;SUV;Street Lights,FtrWa61c1o6dMbSf8W6r,fdddd06f0a32a4e0d7793977de537f88,8IqlCQUz92pfe9BWFgXB,1723237579982,True,https://transform.roboflow.com/8IqlCQUz92pfe9BWFgXB/fdddd06f0a32a4e0d7793977de537f88/thumb.jpg,68799,6be5e92f0ef7f28a66723b9b9024fb49af11c2ad72de7ecec6442585b00236c7,Boots,images/Boots/objects365_v2_01162733.jpg
objects365_v2_01162736.jpg,train,Bicycle;Car,W2IRFuEc2vclS5mNHpHp,e76998e58631c700dd02cc5d3c9c73a6,8IqlCQUz92pfe9BWFgXB,1723237579492,True,https://transform.roboflow.com/8IqlCQUz92pfe9BWFgXB/e76998e58631c700dd02cc5d3c9c73a6/thumb.jpg,55646,c4ab6ac98e51bfce0b6435742fdc8479c0ea33931088f2fd740d756446d76f92,Bicycle,images/Bicycle/objects365_v2_01162736.jpg
objects365_v2_01162737.jpg,train,Bottle;Cabinet-shelf;Chair;Hat;Lamp;Mirror;Person;Plate,orygNLMOEJ9qgSPLYROb,2ef832a2c79f2d82965420c15af85011,8IqlCQUz92pfe9BWFgXB,1723237579492,True,https://transform.roboflow.com/8IqlCQUz92pfe9BWFgXB/2ef832a2c79f2d82965420c15af85011/thumb.jpg,42137,b3cb5bca3a835cce76c5f261ebad1cd098065280343f286352bc830449b7d773,Bottle,images/Bottle/objects365_v2_01162737.jpg
objects365_v2_01162739.jpg,train,Cabinet-shelf;Monitor-TV;Mouse;Person;Surveillance Camera,Jm1Zg8NfnCraLXrm6M8w,a275e6ad8b333d4ad9783e7615070e7d,8IqlCQUz92pfe9BWFgXB,1723237579492,True,https://transform.roboflow.com/8IqlCQUz92pfe9BWFgXB/a275e6ad8b333d4ad9783e7615070e7d/thumb.jpg,71676,d9ae1563cbad8d524f09e2edbc8991d81df74b5e7488317bbe53090cf797b8d2,Cabinet-shelf,images/Cabinet-shelf/objects365_v2_01162739.jpg
objects365_v2_01162740.jpg,train,Cabinet-shelf;Chair;Cup;Desk;Flower;Lamp;Necklace;Oven;Person;Picture-Frame;Plate;Stool;Trash bin Can;Vase,P2DeLBlJCrn5HwAhWX8X,26e3c9a4a03b376a31dc14710c97b351,8IqlCQUz92pfe9BWFgXB,1723237579492,True,https://transform.roboflow.com/8IqlCQUz92pfe9BWFgXB/26e3c9a4a03b376a31dc14710c97b351/thumb.jpg,46342,e9eadafe4c26ca582f337e251b85070a4a07a0e0a6cc2722b88aa40f2cb6233a,Cabinet-shelf,images/Cabinet-shelf/objects365_v2_01162740.jpg
objects365_v2_01162741.jpg,train,Flag;Other Shoes;Person;Sneakers;Soccer,Jqrd9DI8UseAoejZWl42,32361690747baac152efcad98f7cbf66,8IqlCQUz92pfe9BWFgXB,1723237579492,True,https://transform.roboflow.com/8IqlCQUz92pfe9BWFgXB/32361690747baac152efcad98f7cbf66/thumb.jpg,52648,fddd45161facfedd6ea767b2a18e05277c3740e4ccab82aab4644e1cd0e48c21,Flag,images/Flag/objects365_v2_01162741.jpg
objects365_v2_01162742.jpg,train,Glasses;Necklace;Person,NZV33dRwunMoDcMVuhC6,40d7fcb31de2f2c6a4f183fc04673dd4,8IqlCQUz92pfe9BWFgXB,1723237579568,True,https://transform.roboflow.com/8IqlCQUz92pfe9BWFgXB/40d7fcb31de2f2c6a4f183fc04673dd4/thumb.jpg,51863,7e7d141746e1e1bdc009cd41dd5aa1573c6a8cbbe1793bea850dace493b3539f,Glasses,images/Glasses/objects365_v2_01162742.jpg
objects365_v2_01162743.jpg,train,Bracelet;Desk;Handbag-Satchel;Other Shoes;Person;Sandals,5rPPFVTg3Sjx9ujwI38E,e5cb0c33a60eb779a6ab616db826b569,8IqlCQUz92pfe9BWFgXB,1723237579829,True,https://transform.roboflow.com/8IqlCQUz92pfe9BWFgXB/e5cb0c33a60eb779a6ab616db826b569/thumb.jpg,61267,2c52e6334d88cf7953ae3db786e5847d91f8cf09ef97e6862250e52f30b71a8e,Bracelet,images/Bracelet/objects365_v2_01162743.jpg
objects365_v2_01162744.jpg,train,Baseball Bat;Belt;Bracelet;Hat;Helmet;Other Shoes;Person;Sneakers;Trash bin Can,eVWyJeou8vmB30efF9SP,261993f01b676696ee4e481de6a6c555,8IqlCQUz92pfe9BWFgXB,1723237579829,True,https://transform.roboflow.com/8IqlCQUz92pfe9BWFgXB/261993f01b676696ee4e481de6a6c555/thumb.jpg,69233,3a2717e8ff4b841bbcc878bcd77aeaecd8c66f940ca637ae9e1fcf15edc6e264,Baseball Bat,images/Baseball-Bat/objects365_v2_01162744.jpg
objects365_v2_01162745.jpg,train,Cup;Person;Picture-Frame;Ring;Tie;Wallet-Purse,YFY6xd44th89Y9BhrDFM,006addbbdfc5b51c05fb6ecb5d0bae90,8IqlCQUz92pfe9BWFgXB,1723237579982,True,https://transform.roboflow.com/8IqlCQUz92pfe9BWFgXB/006addbbdfc5b51c05fb6ecb5d0bae90/thumb.jpg,63327,97328db7b1493e52af86e6fee21f8eeabf4cb273dc3ecf9270f99e804c83f8b6,Cup,images/Cup/objects365_v2_01162745.jpg
objects365_v2_01162746.jpg,train,Bottle;Cup;Desk;Extension Cord;Head Phone;Microphone;Person;Ring,XdTQwmRKoim3OKehFZ9p,99ee3867904d4976d19295590cfafeed,8IqlCQUz92pfe9BWFgXB,1723237579829,True,https://transform.roboflow.com/8IqlCQUz92pfe9BWFgXB/99ee3867904d4976d19295590cfafeed/thumb.jpg,55621,c16fb95c51eb1d5e30abc2fe05a9ffa097779b2ca33ea613c6968de0c3401a34,Bottle,images/Bottle/objects365_v2_01162746.jpg
objects365_v2_01162748.jpg,train,Cat;Couch;Desk;Flower;Lamp;Person;Potted Plant;Vase,yB53uzCOR41NZafjLqPx,d963d0fe63a75aefe72bd6b61491b78d,8IqlCQUz92pfe9BWFgXB,1723237580046,True,https://transform.roboflow.com/8IqlCQUz92pfe9BWFgXB/d963d0fe63a75aefe72bd6b61491b78d/thumb.jpg,83342,35581a5579773931db557a4f8bbc68d5da835c456975adb5bcfbdc10633ac65d,Cat,images/Cat/objects365_v2_01162748.jpg
objects365_v2_01162749.jpg,train,Bicycle;Car;Other Shoes;Person;SUV;Street Lights;Traffic Sign,omOpbdjEcEMen67HS0xn,0bf392d0e828382a976e02e6969d01ad,8IqlCQUz92pfe9BWFgXB,1723237579982,True,https://transform.roboflow.com/8IqlCQUz92pfe9BWFgXB/0bf392d0e828382a976e02e6969d01ad/thumb.jpg,55633,d3cffa1302c6a526cc8c4641520e521d533b0003d52d525a1da645ab931165ef,Bicycle,images/Bicycle/objects365_v2_01162749.jpg
objects365_v2_01162750.jpg,train,Belt;Glasses;Pen-Pencil;Person;Tie,tfud2LjMBbpdpRFEGFQO,4015b1f57fabec4c9050e9ada5bc255e,8IqlCQUz92pfe9BWFgXB,1723237579982,True,https://transform.roboflow.com/8IqlCQUz92pfe9BWFgXB/4015b1f57fabec4c9050e9ada5bc255e/thumb.jpg,57230,f296862e7f40ea3586f18f017069d79fac8fccab58f66c65dddf7c3e0db40060,Belt,images/Belt/objects365_v2_01162750.jpg
objects365_v2_01162752.jpg,train,Barrel-bucket;Boat;Person;Street Lights,35pwxLLjWiQJH5Z8MAwc,deaf136315e502f1517e0122ddcdb37d,8IqlCQUz92pfe9BWFgXB,1723237579982,True,https://transform.roboflow.com/8IqlCQUz92pfe9BWFgXB/deaf136315e502f1517e0122ddcdb37d/thumb.jpg,75062,ae8f872ad1e9e5570669d93f355ed398e311eeb1e484e20034675b9b491e06e7,Barrel-bucket,images/Barrel-bucket/objects365_v2_01162752.jpg
objects365_v2_01162753.jpg,train,Backpack;Cup;Handbag-Satchel;Person;Sneakers,nSHDtW3O31I510Q3CCgp,abea8bff92d5b8666170fe292b6a79bb,8IqlCQUz92pfe9BWFgXB,1723237579769,True,https://transform.roboflow.com/8IqlCQUz92pfe9BWFgXB/abea8bff92d5b8666170fe292b6a79bb/thumb.jpg,83895,bd3d0f755602fc6d60eb24c5596bb0ff199d046496e8576e32be576fcf7ef123,Backpack,images/Backpack/objects365_v2_01162753.jpg
objects365_v2_01162754.jpg,train,Chainsaw;Person,Ixw6odUqWjMlX0UweSdb,fb9a18a11392946a14c438c0521333f8,8IqlCQUz92pfe9BWFgXB,1723237579769,True,https://transform.roboflow.com/8IqlCQUz92pfe9BWFgXB/fb9a18a11392946a14c438c0521333f8/thumb.jpg,29139,a21bc5768b1e3abb1980885f6681c39a4baa1ffba08eaf0a4334e53b3889440e,Chainsaw,images/Chainsaw/objects365_v2_01162754.jpg
objects365_v2_01162755.jpg,train,Bus;Car;Chair;Person;SUV,s8YyfW4nebKzdVi0vrVn,931a7737fb727405ab08e92e7e2fd8d8,8IqlCQUz92pfe9BWFgXB,1723237579769,True,https://transform.roboflow.com/8IqlCQUz92pfe9BWFgXB/931a7737fb727405ab08e92e7e2fd8d8/thumb.jpg,65340,d27ea3a8e6e6758b89b0579b18d248c8a5cff76b8c61f7da1f606617d5fbd92d,Bus,images/Bus/objects365_v2_01162755.jpg
objects365_v2_01162756.jpg,train,Book;Bracelet;Glasses;Handbag-Satchel;Hat;Person,dySeZ9v6snU0LHByLLZv,c43a2f903d78b5531df50f0c155107c6,8IqlCQUz92pfe9BWFgXB,1723237579769,True,https://transform.roboflow.com/8IqlCQUz92pfe9BWFgXB/c43a2f903d78b5531df50f0c155107c6/thumb.jpg,61471,7d42d4aa13059bec138a409a592d2ee059ad0e119e7ced7d831a6ffc2a03a77a,Book,images/Book/objects365_v2_01162756.jpg
objects365_v2_01162757.jpg,train,Gloves;Hat;Other Shoes;Person;Sneakers;Soccer,flEW6aCxT25RClGQNJm0,fb285e6c2b9a7e0138e0b7fa1e51097b,8IqlCQUz92pfe9BWFgXB,1723237579953,True,https://transform.roboflow.com/8IqlCQUz92pfe9BWFgXB/fb285e6c2b9a7e0138e0b7fa1e51097b/thumb.jpg,95238,9e8df1ae2324cb24360f734cb3adec4c21febce34b46c97805ef46d0303c25ee,Gloves,images/Gloves/objects365_v2_01162757.jpg
objects365_v2_01162758.jpg,train,Bracelet;Glasses;Gloves;Hockey Stick;Other Balls;Person;Sneakers,i4OkDZmsA0ZC5mEVSirO,a96da7cef489754735b52fc4e23ea2e2,8IqlCQUz92pfe9BWFgXB,1723237579953,True,https://transform.roboflow.com/8IqlCQUz92pfe9BWFgXB/a96da7cef489754735b52fc4e23ea2e2/thumb.jpg,61194,df861371782bfa1b28486e6e50736702eb3657fad14bb6885cf35f7164b95c87,Bracelet,images/Bracelet/objects365_v2_01162758.jpg
objects365_v2_01162759.jpg,train,Fire Hydrant;Horse;Motorcycle;Street Lights;Trash bin Can,OFy6p3LftSJu7TIkblTi,9238b5ee20509bc63786619dce4285ac,8IqlCQUz92pfe9BWFgXB,1723237579953,True,https://transform.roboflow.com/8IqlCQUz92pfe9BWFgXB/9238b5ee20509bc63786619dce4285ac/thumb.jpg,58918,7c0f86dc9639cfe25ec23995a5e68478d37f40607811039a60595e4bd32b6f66,Fire Hydrant,images/Fire-Hydrant/objects365_v2_01162759.jpg
objects365_v2_01162760.jpg,train,Bottle;Bowl-Basin;Bracelet;Carpet;Chair;Cutting-chopping Board;Desk;Handbag-Satchel;Other Shoes;Person;Projector;Storage box;Toilet Paper,mGgm8ZMO4QbnQ4sv3c88,9e2793d393804b2e097bef77bc955521,8IqlCQUz92pfe9BWFgXB,1723237580164,True,https://transform.roboflow.com/8IqlCQUz92pfe9BWFgXB/9e2793d393804b2e097bef77bc955521/thumb.jpg,48740,3e3f4bfd4347c614b97700728e547b88137b8953628512968f2cbe6f2f68de97,Bottle,images/Bottle/objects365_v2_01162760.jpg
objects365_v2_01162762.jpg,train,Bottle;Chair;Person;Tent,r4QIGhkQFUriG9spGsNC,8cc01ddcc000e488a8f82129dc849205,8IqlCQUz92pfe9BWFgXB,1723237580164,True,https://transform.roboflow.com/8IqlCQUz92pfe9BWFgXB/8cc01ddcc000e488a8f82129dc849205/thumb.jpg,52128,e0e60f77b3a6d11d0a3d66c31e9c93ea93f831ccc549006fbb11e1b274fbf82d,Bottle,images/Bottle/objects365_v2_01162762.jpg
objects365_v2_01162763.jpg,train,Bracelet;Cabinet-shelf;Extension Cord;Handbag-Satchel;Monitor-TV;Person;Storage box;Tape,J8JfyFwGoTi4K9UfG8u8,6d82825a58a054d9bc8c84afea354256,8IqlCQUz92pfe9BWFgXB,1723237579984,True,https://transform.roboflow.com/8IqlCQUz92pfe9BWFgXB/6d82825a58a054d9bc8c84afea354256/thumb.jpg,45760,243d637a6bf2df53f1c40718d2b627243c005190cb56c3ed7e8c82bc1bddc8ac,Bracelet,images/Bracelet/objects365_v2_01162763.jpg
objects365_v2_01162764.jpg,train,Bracelet;Couch;Desk;Handbag-Satchel;Hat;Pen-Pencil;Person,kJtQKOW6ILo4lRzzsdzs,60b3901028a10b22be676b21840981aa,8IqlCQUz92pfe9BWFgXB,1723237579984,True,https://transform.roboflow.com/8IqlCQUz92pfe9BWFgXB/60b3901028a10b22be676b21840981aa/thumb.jpg,64457,e95ef83f917f7fb93896f621dc6386fa32a2a18f7e37d06b0c54b4bb88d522a1,Bracelet,images/Bracelet/objects365_v2_01162764.jpg
objects365_v2_01162765.jpg,train,Car;Person;Street Lights;Van,9w31WDfgmlgJFd3cJUK4,69b6d51878de759cc17f59597ad4a396,8IqlCQUz92pfe9BWFgXB,1723237579984,True,https://transform.roboflow.com/8IqlCQUz92pfe9BWFgXB/69b6d51878de759cc17f59597ad4a396/thumb.jpg,51378,b7637b57a4796ad86a5929fcfff3629847593f38fc91ce68927deafaeab41bb6,Car,images/Car/objects365_v2_01162765.jpg
objects365_v2_01162766.jpg,train,Awning;Bench;Bracelet;Flag;Flower;Glasses;Hat;Leather Shoes;Other Shoes;Person;Slippers;Sneakers;Street Lights,orxIait17cEWrs62calE,b2966e63a7a58512a24a6bef0dcec85a,8IqlCQUz92pfe9BWFgXB,1723237580473,True,https://transform.roboflow.com/8IqlCQUz92pfe9BWFgXB/b2966e63a7a58512a24a6bef0dcec85a/thumb.jpg,73814,ecbb1963324131bc5300c45a5b600f3d19bf817c441c9e83c624f87571b1520b,Awning,images/Awning/objects365_v2_01162766.jpg
objects365_v2_01162768.jpg,train,Camera;Flag;Hat;Microphone;Other Shoes;Person;Sandals;Sneakers;Speaker,9YPOq6RddOnp5mTihGj6,4af0f50b77157383d6492b0a45dc3a34,8IqlCQUz92pfe9BWFgXB,1723237580214,True,https://transform.roboflow.com/8IqlCQUz92pfe9BWFgXB/4af0f50b77157383d6492b0a45dc3a34/thumb.jpg,47820,c4b63c253807b6734d0da121718ab3e3a410eb200a7ddc6f7c9f4e02046b354e,Camera,images/Camera/objects365_v2_01162768.jpg
objects365_v2_01162769.jpg,train,Banana;Cabinet-shelf;Gloves;Person;Scale;Storage box,I2Q2qo6sOebS2u4VdRwL,7850261d5336ef388697cc6376ef009a,8IqlCQUz92pfe9BWFgXB,1723237580171,True,https://transform.roboflow.com/8IqlCQUz92pfe9BWFgXB/7850261d5336ef388697cc6376ef009a/thumb.jpg,79544,5a18df6f9fc69075fce9ac7f0b8e554f32b6103fa047431c76c5462e99698c4c,Banana,images/Banana/objects365_v2_01162769.jpg
objects365_v2_01162770.jpg,train,Boots;Chair;Glasses;Handbag-Satchel;Helmet;Lamp;Monitor-TV;Other Shoes;Person,h3VF5Tho2CKxLm2a9fhX,40cd4993eedc030f5c9f22749fcb736f,8IqlCQUz92pfe9BWFgXB,1723237580383,True,https://transform.roboflow.com/8IqlCQUz92pfe9BWFgXB/40cd4993eedc030f5c9f22749fcb736f/thumb.jpg,56464,d72bbe833305afa14a44e613380e8bdcaa7367d3c732921a1e1f56d6b00f3b6f,Boots,images/Boots/objects365_v2_01162770.jpg
objects365_v2_01162771.jpg,train,Glasses;Microphone;Other Shoes;Person;Stool;Traffic cone,MycdYEzsd65kUwZw4y3C,6be78b1bb2d0cfb1246fa413f3910893,8IqlCQUz92pfe9BWFgXB,1723237580164,True,https://transform.roboflow.com/8IqlCQUz92pfe9BWFgXB/6be78b1bb2d0cfb1246fa413f3910893/thumb.jpg,66690,3ac9e836f029b836b606aa5ed4a5a013db4e3adbb2aa17e137dc5dc1c717b891,Glasses,images/Glasses/objects365_v2_01162771.jpg
objects365_v2_01162772.jpg,train,Blackboard-Whiteboard;Book;Bottle;Cabinet-shelf;Carpet;Chair;Clock;Couch;Cup;Fan;Globe;Pillow;Potted Plant;Power outlet;Storage box;Stuffed Toy,nIl1V5fh6Tmo4IywGNFF,986d9eba68c3eb2dbdba0fdc9a3e7bf6,8IqlCQUz92pfe9BWFgXB,1723237580171,True,https://transform.roboflow.com/8IqlCQUz92pfe9BWFgXB/986d9eba68c3eb2dbdba0fdc9a3e7bf6/thumb.jpg,75241,85d233740efdf7112852473d7b99938d1eed3baf8272adf93dc95c635c709d52,Blackboard-Whiteboard,images/Blackboard-Whiteboard/objects365_v2_01162772.jpg
objects365_v2_01162773.jpg,train,Baozi;Bowl-Basin;Chopsticks;Dinning Table;Napkin;Plate,pIJuNfACJe7SBtWqINaY,4604380d582bb3b11f5fe243d2316e3b,8IqlCQUz92pfe9BWFgXB,1723237580171,True,https://transform.roboflow.com/8IqlCQUz92pfe9BWFgXB/4604380d582bb3b11f5fe243d2316e3b/thumb.jpg,45966,04b610f454070103e68459fd4902ad1db7721919c0a8e4a7f15f9e94acc2165a,Baozi,images/Baozi/objects365_v2_01162773.jpg
objects365_v2_01162774.jpg,train,Flag;Person;Sailboat,mxMrOk181s1rhTd5Gw7K,a79b5d5d7c5025d4703c0132cdb094c4,8IqlCQUz92pfe9BWFgXB,1723237580171,True,https://transform.roboflow.com/8IqlCQUz92pfe9BWFgXB/a79b5d5d7c5025d4703c0132cdb094c4/thumb.jpg,62232,59a5dfb5c0ce6ee571250a53c6bde9b8678438e7f2b29949d19979a6d70a2929,Flag,images/Flag/objects365_v2_01162774.jpg
objects365_v2_01162775.jpg,train,Bottle;Bracelet;Cabinet-shelf;Cup;Dinning Table;Glasses;Handbag-Satchel;Lamp;Monitor-TV;Person;Picture-Frame;Speaker;Watch,PrIqF9FuVEK45qwEIiGL,786fda7cc11fc60b800fc2dcecc65d24,8IqlCQUz92pfe9BWFgXB,1723237580046,True,https://transform.roboflow.com/8IqlCQUz92pfe9BWFgXB/786fda7cc11fc60b800fc2dcecc65d24/thumb.jpg,76123,2119a9e27f9fd2f7ffaaee48cfbf3edc2246150a494efd66cb858fcea8e5f250,Bottle,images/Bottle/objects365_v2_01162775.jpg
objects365_v2_01162776.jpg,train,Bottle;Bowl-Basin;Desk;Extractor;Person,6KMFW4el7ulUlgnyys36,dfcfa4ba3eba915baa7612342efd1c98,8IqlCQUz92pfe9BWFgXB,1723237580046,True,https://transform.roboflow.com/8IqlCQUz92pfe9BWFgXB/dfcfa4ba3eba915baa7612342efd1c98/thumb.jpg,46874,5c6bc91316a3a9d7a37f27d3afe8b2635a2d19106fc693b200280f22a39a8cba,Bottle,images/Bottle/objects365_v2_01162776.jpg
objects365_v2_01162777.jpg,train,Bracelet;Chair;Glasses;Necklace;Person;Ring;Watch,IfxtXHxkL2rgwZIQacou,40258b5599b550b4494d1d8b0109b999,8IqlCQUz92pfe9BWFgXB,1723237580214,True,https://transform.roboflow.com/8IqlCQUz92pfe9BWFgXB/40258b5599b550b4494d1d8b0109b999/thumb.jpg,48402,b5489d108197a6bb78dfe1c2648eb0d71feadd9da69ff6b34fab41316c122bea,Bracelet,images/Bracelet/objects365_v2_01162777.jpg
objects365_v2_01162778.jpg,train,Apple;Banana;Basket;Belt;Blackboard-Whiteboard;Bottle;Bread;Chair;Couch;Cup;Desk;Lamp;Monitor-TV;Orange-Tangerine;Person;Pot;Potted Plant;Pumpkin;Sneakers;Speaker;Trash bin Can,51hS9MhxmPCaKZ4X0XhE,55a1403a503b57ad9c2f37b30018dbbb,8IqlCQUz92pfe9BWFgXB,1723237580376,True,https://transform.roboflow.com/8IqlCQUz92pfe9BWFgXB/55a1403a503b57ad9c2f37b30018dbbb/thumb.jpg,71915,a41b69cd98f73dd52712e6887a4e1a099a57a80e9dc585c3c4b2cdccf2f339e7,Apple,images/Apple/objects365_v2_01162778.jpg
objects365_v2_01162779.jpg,train,Bread;Cup;Dessert;Spoon,HwVu2uLSHs5G4LqWNuRL,08bb89a0112420519e3cc15ad0100ccd,8IqlCQUz92pfe9BWFgXB,1723237580376,True,https://transform.roboflow.com/8IqlCQUz92pfe9BWFgXB/08bb89a0112420519e3cc15ad0100ccd/thumb.jpg,48100,4c915c63727c510e470a136a993e2e9b8a77ee2de397c307c8bb8cb0feffa3af,Bread,images/Bread/objects365_v2_01162779.jpg
objects365_v2_01162780.jpg,train,Person;Slippers;Street Lights,GUxklQLHP98OSNiMaFRw,66d79ce72ddb5331e76a50c269f5a87c,8IqlCQUz92pfe9BWFgXB,1723237580214,True,https://transform.roboflow.com/8IqlCQUz92pfe9BWFgXB/66d79ce72ddb5331e76a50c269f5a87c/thumb.jpg,54754,744824eda87d27f1128761a3f3ec8f3e1fa2d2865536a71ddf23bbcaf4e48caf,Person,images/Person/objects365_v2_01162780.jpg
objects365_v2_01162781.jpg,train,Book;Desk;Person;Ring,4BO5DS7nUsnHdPBB4L7y,b7fb799880856349036abc40e60fae21,8IqlCQUz92pfe9BWFgXB,1723237580473,True,https://transform.roboflow.com/8IqlCQUz92pfe9BWFgXB/b7fb799880856349036abc40e60fae21/thumb.jpg,77208,fe84a83c719c8c0856a51ce8152fae474b0b52702b16320d26b6826532f068c6,Book,images/Book/objects365_v2_01162781.jpg
objects365_v2_01162782.jpg,train,Belt;Bracelet;Cup;Flower;Hat;Lamp;Necklace;Other Shoes;Person;Ring,C351raz4lBOWIapzPGDn,bae8dc8c8249b8666340f00e1dba9dc7,8IqlCQUz92pfe9BWFgXB,1723237580682,True,https://transform.roboflow.com/8IqlCQUz92pfe9BWFgXB/bae8dc8c8249b8666340f00e1dba9dc7/thumb.jpg,76023,6c0502dcc16d393e5d6b0703b9d0ad6abf29e4570adf4d4b2ae0d049652e2cdc,Belt,images/Belt/objects365_v2_01162782.jpg
objects365_v2_01162783.jpg,train,Person;Sneakers,2rxPb6xXiWXMKVDPBWbf,ae07a7da02fd8b05ca5fb40beb39d999,8IqlCQUz92pfe9BWFgXB,1723237580473,True,https://transform.roboflow.com/8IqlCQUz92pfe9BWFgXB/ae07a7da02fd8b05ca5fb40beb39d999/thumb.jpg,78925,acba60b6793b2931cafddcddb89abfdf4825d3c8c2a51ec340380a6c4d3204cf,Person,images/Person/objects365_v2_01162783.jpg
objects365_v2_01162784.jpg,train,Car;Flower;Lamp;Person,6XA2AFajNxeXqDsvsJwR,9fc1b1b3da0a46d69cb811a79d67c2f9,8IqlCQUz92pfe9BWFgXB,1723237580473,True,https://transform.roboflow.com/8IqlCQUz92pfe9BWFgXB/9fc1b1b3da0a46d69cb811a79d67c2f9/thumb.jpg,72956,f8b70d9e49460fb28cccc3503b43a1bc3d5af4ba6c816695a89ea4069739eb50,Car,images/Car/objects365_v2_01162784.jpg
objects365_v2_01162785.jpg,train,Cello;Drum;Glasses;Microphone;Person;Piano;Stool;Tie,uEi7UDHWtkFsofpBCZId,5fe87c8ae4ce5e3367b2545e92546569,8IqlCQUz92pfe9BWFgXB,1723237580272,True,https://transform.roboflow.com/8IqlCQUz92pfe9BWFgXB/5fe87c8ae4ce5e3367b2545e92546569/thumb.jpg,41463,ac1bb06bb425f6d933147d47594f8fd913183383744d904333bfba4351a59e76,Cello,images/Cello/objects365_v2_01162785.jpg
objects365_v2_01162786.jpg,train,Chair;Desk;Lifesaver;Street Lights;Tent,RalxOan8X2OfBjIHZPQg,e5c343e8a02f72588884fbdf49b67734,8IqlCQUz92pfe9BWFgXB,1723237580383,True,https://transform.roboflow.com/8IqlCQUz92pfe9BWFgXB/e5c343e8a02f72588884fbdf49b67734/thumb.jpg,71117,0f04d4e217e1b4b1448f8395db4587502385ccf119c3c05bb1aa31aad8245c94,Chair,images/Chair/objects365_v2_01162786.jpg
objects365_v2_01162789.jpg,train,Bicycle;Glasses;Gloves;Helmet;Person;Sneakers;Watch,mlKjd0PA5H3tfGnUSwit,4c409c923cdf0b4a0d58b56030f7fd1a,8IqlCQUz92pfe9BWFgXB,1723237580383,True,https://transform.roboflow.com/8IqlCQUz92pfe9BWFgXB/4c409c923cdf0b4a0d58b56030f7fd1a/thumb.jpg,79748,1b8d289e7f43b39af23ee33b5aefbfa7e5bd8c16bd62e7b673e982bd9b499eff,Bicycle,images/Bicycle/objects365_v2_01162789.jpg
objects365_v2_01162790.jpg,train,Cell Phone;Cymbal;Drum;Glasses;Guitar;Lamp;Microphone;Person,SozN62qk2jDE8ViqINoL,c548cf35b4a1f9e6a334833a1bdf7d7d,8IqlCQUz92pfe9BWFgXB,1723237580376,True,https://transform.roboflow.com/8IqlCQUz92pfe9BWFgXB/c548cf35b4a1f9e6a334833a1bdf7d7d/thumb.jpg,46292,e505c44db237c125272a357f2734bee8128ba79b8d3a251212cca62795db175b,Cell Phone,images/Cell-Phone/objects365_v2_01162790.jpg
objects365_v2_01162791.jpg,train,Car;SUV;Street Lights;Truck,ZnaDlXX5EA6JHkpKlsvd,1f6ec7283b0049f02c8db68c932b18d5,8IqlCQUz92pfe9BWFgXB,1723237580272,True,https://transform.roboflow.com/8IqlCQUz92pfe9BWFgXB/1f6ec7283b0049f02c8db68c932b18d5/thumb.jpg,57753,8758e4b00afdb1a99ab2577922c5bf7213c27bb717dd35fc5498058e49c2eb53,Car,images/Car/objects365_v2_01162791.jpg
objects365_v2_01162793.jpg,train,Backpack;Boots;Handbag-Satchel;High Heels;Necklace;Other Shoes;Person,C162q791E916vVmHZpwh,c82914ffc7890067c9d4e143e8837f6d,8IqlCQUz92pfe9BWFgXB,1723237580272,True,https://transform.roboflow.com/8IqlCQUz92pfe9BWFgXB/c82914ffc7890067c9d4e143e8837f6d/thumb.jpg,79613,6302a838b7f2cbae09b4322f410d5c4fee80b6d43b029160e47df0e59f67660c,Backpack,images/Backpack/objects365_v2_01162793.jpg
objects365_v2_01162794.jpg,train,Hat;Person,BIBlZszU8YBA0S9drxxx,c938a6d39902f9ffe9ef51f4e9f8425e,8IqlCQUz92pfe9BWFgXB,1723237580523,True,https://transform.roboflow.com/8IqlCQUz92pfe9BWFgXB/c938a6d39902f9ffe9ef51f4e9f8425e/thumb.jpg,52524,4cb92676902fa436cd6b5899f91214634d77d49e8e467a4d3a773704b5efccc2,Hat,images/Hat/objects365_v2_01162794.jpg
objects365_v2_01162795.jpg,train,Book;Bottle;Cabinet-shelf;Chair;Couch;Cup;Desk;Glasses;Person;Ring;Storage box,n5HOh926thJa5317SqfD,f494e8adb487f429a9a299fe166ea7a6,8IqlCQUz92pfe9BWFgXB,1723237580523,True,https://transform.roboflow.com/8IqlCQUz92pfe9BWFgXB/f494e8adb487f429a9a299fe166ea7a6/thumb.jpg,70153,e67b7e223b077f36accb7f3ae7a1798220379dd67235316833f9b10e499f94c1,Book,images/Book/objects365_v2_01162795.jpg
objects365_v2_01162796.jpg,train,Bottle;Cymbal;Drum;Guitar;Other Shoes;Person;Speaker,NSG4S0b48Vg8Mv2n76Y9,50854aebfd681c17293f3d3472de1293,8IqlCQUz92pfe9BWFgXB,1723237580272,True,https://transform.roboflow.com/8IqlCQUz92pfe9BWFgXB/50854aebfd681c17293f3d3472de1293/thumb.jpg,41106,5b2619b5bc845e2ed24b5b8732baadd84651b102e750ad2b1ee6ee7cc3cbde24,Bottle,images/Bottle/objects365_v2_01162796.jpg
objects365_v2_01162798.jpg,train,Bottle;Cymbal;Drum;Extension Cord;Guitar;Microphone;Necklace;Other Shoes;Person;Speaker;Tripod,61lO8V3mQJYYM7qAvZRa,e00616ed20850072c0b9624be098d018,8IqlCQUz92pfe9BWFgXB,1723237580642,True,https://transform.roboflow.com/8IqlCQUz92pfe9BWFgXB/e00616ed20850072c0b9624be098d018/thumb.jpg,54230,a26e3931f3ab268d8737fc5ce032e94c65d6fbe42b25c39005fc1fed298d4c3b,Bottle,images/Bottle/objects365_v2_01162798.jpg
objects365_v2_01162799.jpg,train,Boots;Handbag-Satchel;Hat;Person;Trash bin Can,KgOeJ4hr5AOBjAVN6Uhr,d080b22321a96fa79a72750020420e7f,8IqlCQUz92pfe9BWFgXB,1723237580376,True,https://transform.roboflow.com/8IqlCQUz92pfe9BWFgXB/d080b22321a96fa79a72750020420e7f/thumb.jpg,83090,3c06c2f0a0354ebec0c3dded6ffeb644b6affc394ab4480233149876dab988c6,Boots,images/Boots/objects365_v2_01162799.jpg
objects365_v2_01162800.jpg,train,Glasses;Microphone;Person,QoiSEdNHIpLd7h1aMlY2,fdc24dd59331edd75dd136d5c5e86451,8IqlCQUz92pfe9BWFgXB,1723237580636,True,https://transform.roboflow.com/8IqlCQUz92pfe9BWFgXB/fdc24dd59331edd75dd136d5c5e86451/thumb.jpg,46247,1d93a5c954a136273a68424396e37d9e8f93f7d6a700c9eb47baf8b5d548cfc5,Glasses,images/Glasses/objects365_v2_01162800.jpg
objects365_v2_01162801.jpg,train,Glasses;Necklace;Person,SfoBRkiVd94LN6NLFhu6,1a83cd3b084f5f7ff3576adb0e957dd2,8IqlCQUz92pfe9BWFgXB,1723237580636,True,https://transform.roboflow.com/8IqlCQUz92pfe9BWFgXB/1a83cd3b084f5f7ff3576adb0e957dd2/thumb.jpg,66309,63cdaad5bf88f71ad4b167bac3026735da7ae6a0249d68ebd1c72b7a8b48f8ad,Glasses,images/Glasses/objects365_v2_01162801.jpg
objects365_v2_01162802.jpg,train,Candy;Car;Flag;Leather Shoes;Person;Ring;SUV;Slippers;Stop Sign;Street Lights;Stroller;Traffic Sign;Van,ueOIu2sGdPoZFvwSlEwx,ce2415dae23a940ab766bf228512df95,8IqlCQUz92pfe9BWFgXB,1723237580642,True,https://transform.roboflow.com/8IqlCQUz92pfe9BWFgXB/ce2415dae23a940ab766bf228512df95/thumb.jpg,60508,ed41db77df13917672b34f466e325baf6956b3af5f41e01d510d452d062e75e2,Candy,images/Candy/objects365_v2_01162802.jpg
objects365_v2_01162803.jpg,train,Bench;Boat;Cabinet-shelf;Flag;Hat;Lamp;Monitor-TV;Person,Ub8ByX9dqW5BpZR0as6y,14839e0986528ef677d571b7f5ca5e1b,8IqlCQUz92pfe9BWFgXB,1723237580473,True,https://transform.roboflow.com/8IqlCQUz92pfe9BWFgXB/14839e0986528ef677d571b7f5ca5e1b/thumb.jpg,70266,2d4255a757cb5bb9238c2c1ed8293cca0c555fbd24529b7f64b9f1a87bce9754,Bench,images/Bench/objects365_v2_01162803.jpg
objects365_v2_01162804.jpg,train,Backpack;Bicycle;Bracelet;Bus;Car;Flower;Glasses;Handbag-Satchel;Hat;Other Shoes;Person;Street Lights;Tent;Traffic Light;Van,l5hJ4L2Bc5XTPU6Fyy57,5b8ee6242a834309d97a4956688621da,8IqlCQUz92pfe9BWFgXB,1723237580523,True,https://transform.roboflow.com/8IqlCQUz92pfe9BWFgXB/5b8ee6242a834309d97a4956688621da/thumb.jpg,73541,7c4a41d18a8b62acae5c46e768fb91082a0ef43769a3b3807fbb5de991d43d36,Backpack,images/Backpack/objects365_v2_01162804.jpg
objects365_v2_01162805.jpg,train,Basket;Bottle;Bowl-Basin;Bracelet;Cabinet-shelf;Car;Cup;Desk;Handbag-Satchel;Person;Pot;Ring;Storage box;Tablet,ffZRmCacqldjC41cjYl1,b16793319523e2f193c4c2def903175b,8IqlCQUz92pfe9BWFgXB,1723237580756,True,https://transform.roboflow.com/8IqlCQUz92pfe9BWFgXB/b16793319523e2f193c4c2def903175b/thumb.jpg,69476,b64450268a2adb317b8e70e18f9e47f791d8f1b426b24f8c2e989072a07d44db,Basket,images/Basket/objects365_v2_01162805.jpg
objects365_v2_01162806.jpg,train,Chair;Cup;Glasses;Handbag-Satchel;Jug;Microphone;Person;Tie,M27hwxIMZurfaNljqpwe,12e11ff031c2d317ed197dd28aa73be1,8IqlCQUz92pfe9BWFgXB,1723237580523,True,https://transform.roboflow.com/8IqlCQUz92pfe9BWFgXB/12e11ff031c2d317ed197dd28aa73be1/thumb.jpg,35344,9a7735763c8f3213a2fb3de6d4d143d28533abd22f2078035409bdd824b40690,Chair,images/Chair/objects365_v2_01162806.jpg
objects365_v2_01162807.jpg,train,Bread;Cup;Fork;Plate;Spoon,yAfoD6UgYFEK46r0x5Kr,1093cb11bec08723f66f0fe0f67657b5,8IqlCQUz92pfe9BWFgXB,1723237580756,True,https://transform.roboflow.com/8IqlCQUz92pfe9BWFgXB/1093cb11bec08723f66f0fe0f67657b5/thumb.jpg,43677,7caeddb99f4253b97a03861aab8314a675f9c75c4e70b201ac1324371d29fee2,Bread,images/Bread/objects365_v2_01162807.jpg
objects365_v2_01162808.jpg,train,Car;Leather Shoes;Other Shoes;Person,tLP0yTnU6GlF9G7LsJDZ,85cf1a5d8bad41d1eaec183aa569e1bf,8IqlCQUz92pfe9BWFgXB,1723237580682,True,https://transform.roboflow.com/8IqlCQUz92pfe9BWFgXB/85cf1a5d8bad41d1eaec183aa569e1bf/thumb.jpg,68541,c9514f114b5cac1c77c0ba5a3cd2fce0bac0229b738637ab327a10e7b627d68a,Car,images/Car/objects365_v2_01162808.jpg
objects365_v2_01162809.jpg,train,Cow;Person;Sheep;Sneakers;Zebra,be7Wl2BzP50DQp4aLrOc,5a614e112c22012918ccb225aeb5e98c,8IqlCQUz92pfe9BWFgXB,1723237580682,True,https://transform.roboflow.com/8IqlCQUz92pfe9BWFgXB/5a614e112c22012918ccb225aeb5e98c/thumb.jpg,92098,bb1c51c17e9b59a3f84bfebb6e4e34d38c6413bea77816a90378f08ac7ba96ce,Cow,images/Cow/objects365_v2_01162809.jpg
objects365_v2_01162810.jpg,train,Chair;Glasses;Person;Umbrella,XG7xSwOJmPrqSMNqByCa,84ff9885c06540bd26c20462b62c1726,8IqlCQUz92pfe9BWFgXB,1723237580682,True,https://transform.roboflow.com/8IqlCQUz92pfe9BWFgXB/84ff9885c06540bd26c20462b62c1726/thumb.jpg,57833,15a2a5839cc2fe10a5b37a01a7afa701e87fe9e3626a7283e1ce60ae866e50f9,Chair,images/Chair/objects365_v2_01162810.jpg
objects365_v2_01162812.jpg,train,Car;Hat;Person;Sandals,dt5fasFBWCCyqpCKX0b4,71b445822410202b02e168463e33ac2b,8IqlCQUz92pfe9BWFgXB,1723237580682,True,https://transform.roboflow.com/8IqlCQUz92pfe9BWFgXB/71b445822410202b02e168463e33ac2b/thumb.jpg,35450,2f2fbe1ea3aae0480108a463b560ab31e1233136257d41722857e01f2a42e7fe,Car,images/Car/objects365_v2_01162812.jpg
objects365_v2_01162813.jpg,train,Car;Glasses;Hat;Person;Sports Car;Tent,BpVs0UVmhdOeZFnMuKkg,3b94d08a79122422beaaf7ab739644f8,8IqlCQUz92pfe9BWFgXB,1723237581058,True,https://transform.roboflow.com/8IqlCQUz92pfe9BWFgXB/3b94d08a79122422beaaf7ab739644f8/thumb.jpg,96026,b8363b522a6a083f828df7735b8c41dc0cf9c2c0b62213bcb7e8f49745db6f4c,Car,images/Car/objects365_v2_01162813.jpg
objects365_v2_01162814.jpg,train,Chair;Ladder;Person;Potted Plant;Street Lights;Trash bin Can,jM4n6SeYUdhYuRi2qQ50,f49aba95f96dd583d71edb47fc69b592,8IqlCQUz92pfe9BWFgXB,1723237580756,True,https://transform.roboflow.com/8IqlCQUz92pfe9BWFgXB/f49aba95f96dd583d71edb47fc69b592/thumb.jpg,42802,a88a551d360b2e8f737cab76d4dafd1ff75cc04e7a226f95a6e0b8acfc2b1dae,Chair,images/Chair/objects365_v2_01162814.jpg
objects365_v2_01162815.jpg,train,Belt;Bracelet;Brush;Cabinet-shelf;Glasses;Other Shoes;Person,IcBgR2jgYMpWLmvNyGTM,95e14089e1c72bdc5cf99dcf5e4eb098,8IqlCQUz92pfe9BWFgXB,1723237581058,True,https://transform.roboflow.com/8IqlCQUz92pfe9BWFgXB/95e14089e1c72bdc5cf99dcf5e4eb098/thumb.jpg,52381,e37ddf02055e83ec50d9871defa653656b335ba3af88dd04395f283b642bb45c,Belt,images/Belt/objects365_v2_01162815.jpg
objects365_v2_01162816.jpg,train,Bottle;Cabinet-shelf;Cat;Pot;Umbrella,hxAd436wt8SJPPBJWDXW,7b00edb0160ac812b20bbc5933c1b38f,8IqlCQUz92pfe9BWFgXB,1723237580864,True,https://transform.roboflow.com/8IqlCQUz92pfe9BWFgXB/7b00edb0160ac812b20bbc5933c1b38f/thumb.jpg,59514,28ca0eb474baf69c019cb1147d6975f001c4043d10a9398f8ea3657032a5c4c2,Bottle,images/Bottle/objects365_v2_01162816.jpg
objects365_v2_01162817.jpg,train,Car;SUV,Z3158yQ8Y13hv7QADubg,31d965123d0827e91be5a0d06aa43c52,8IqlCQUz92pfe9BWFgXB,1723237580636,True,https://transform.roboflow.com/8IqlCQUz92pfe9BWFgXB/31d965123d0827e91be5a0d06aa43c52/thumb.jpg,91596,41fa90693f76730c53525db13c8ea4ec02ea48616aff66cd55763fdaf11d31b5,Car,images/Car/objects365_v2_01162817.jpg
objects365_v2_01162824.jpg,train,Bracelet;Car;Chair;Desk;Lamp;Person;Potted Plant;Scooter;Street Lights;Tent;Umbrella,zjm51PYxtjhVEADTbWma,a0a1bdc2a56c831b54495b61ff312cad,8IqlCQUz92pfe9BWFgXB,1723237580642,True,https://transform.roboflow.com/8IqlCQUz92pfe9BWFgXB/a0a1bdc2a56c831b54495b61ff312cad/thumb.jpg,57353,6f1578d6db2fc340c7cd8da059bf38a0426276328ec077dc6ab81034148bf239,Bracelet,images/Bracelet/objects365_v2_01162824.jpg
objects365_v2_01162825.jpg,train,Bracelet;Cello;Chair;Cymbal;Drum;Guitar;Hat;Microphone;Other Shoes;Person;Speaker;Stool;Storage box,hvDQNIHVl0qFBRqLEMgo,c1dc343bdab1f471953e314972189e23,8IqlCQUz92pfe9BWFgXB,1723237580863,True,https://transform.roboflow.com/8IqlCQUz92pfe9BWFgXB/c1dc343bdab1f471953e314972189e23/thumb.jpg,31713,6983cd1d94b1a206e9a08849a0f62c7060fe6efd34f749a33d7bde549234886c,Bracelet,images/Bracelet/objects365_v2_01162825.jpg
objects365_v2_01162826.jpg,train,Barrel-bucket;Bench;Chair;Desk;Lamp,z6BbG55H59H4BTUKDZK7,9022b4b74db4d8bf09c48a3acc09dbff,8IqlCQUz92pfe9BWFgXB,1723237580970,True,https://transform.roboflow.com/8IqlCQUz92pfe9BWFgXB/9022b4b74db4d8bf09c48a3acc09dbff/thumb.jpg,47900,7209fe35bf4ea4d624858736b594d782a50435bbd75ea9dbd4d7f050de5b7905,Barrel-bucket,images/Barrel-bucket/objects365_v2_01162826.jpg
objects365_v2_01162827.jpg,train,Bracelet;Chair;Flower;High Heels;Lamp;Necklace;Person;Ring;Saxophone;Stool;Tie;Vase,0jh75x3r6OgwXoXTvLE9,9bf8007f4120ec875d1935d1c6de605e,8IqlCQUz92pfe9BWFgXB,1723237580970,True,https://transform.roboflow.com/8IqlCQUz92pfe9BWFgXB/9bf8007f4120ec875d1935d1c6de605e/thumb.jpg,61005,e62e28e2d54d85355dd158f6fc9c4d71d605702a4a9ea13836bbbf7dc0696b45,Bracelet,images/Bracelet/objects365_v2_01162827.jpg
objects365_v2_01162828.jpg,train,Bracelet;Glasses;Necklace;Person;Sneakers;Trash bin Can,DyNQBc3p55B3MqS1TsCu,63553382d0ea67bff1589ebd29780b7b,8IqlCQUz92pfe9BWFgXB,1723237580970,True,https://transform.roboflow.com/8IqlCQUz92pfe9BWFgXB/63553382d0ea67bff1589ebd29780b7b/thumb.jpg,71444,2b6ac481281d0c4e373a655c5984a50847af158771a8996e17a7a175dfcdf1f7,Bracelet,images/Bracelet/objects365_v2_01162828.jpg
objects365_v2_01162830.jpg,train,Ambulance;Car;Person;Street Lights;Van,yopETUgSQJO9qDWRrJ6E,90ffc753647915088a5fc6493c52d036,8IqlCQUz92pfe9BWFgXB,1723237580864,True,https://transform.roboflow.com/8IqlCQUz92pfe9BWFgXB/90ffc753647915088a5fc6493c52d036/thumb.jpg,71414,e127882a2103803afd36e654da1356aabe1e188dcff790e94ff7325130451e7e,Ambulance,images/Ambulance/objects365_v2_01162830.jpg
objects365_v2_01162831.jpg,train,Awning;Car;Chair;Flag;Flower;Hat;Person;Street Lights,M6yn2vRHgLH28xX08zM0,ec7d6c07adde0e34fd722252c7a054e0,8IqlCQUz92pfe9BWFgXB,1723237580864,True,https://transform.roboflow.com/8IqlCQUz92pfe9BWFgXB/ec7d6c07adde0e34fd722252c7a054e0/thumb.jpg,74472,1326a4504a59df4600cdc20e05f1160eaed68d39c9bf73ec4df69aebd692a3f8,Awning,images/Awning/objects365_v2_01162831.jpg
objects365_v2_01162834.jpg,train,Wild Bird,KODAd5zE7HcalaXxxv0Z,455d6266949a6efea5f40cde4ce9a339,8IqlCQUz92pfe9BWFgXB,1723237581058,True,https://transform.roboflow.com/8IqlCQUz92pfe9BWFgXB/455d6266949a6efea5f40cde4ce9a339/thumb.jpg,58844,050fe4a46af7d58bb5d6438cec1e30a158b39feb5f5e08521b18f950c29806d6,Wild Bird,images/Wild-Bird/objects365_v2_01162834.jpg
objects365_v2_01162835.jpg,train,Hat;Person,BjDR8GKi2nGKYwd0hU1W,93463362b307c6cc7841bbaacf714eb5,8IqlCQUz92pfe9BWFgXB,1723237580863,True,https://transform.roboflow.com/8IqlCQUz92pfe9BWFgXB/93463362b307c6cc7841bbaacf714eb5/thumb.jpg,51010,ad68998d4f8b36d05c7f51de704855f66c74750e0c96a515089b2b5197992d84,Hat,images/Hat/objects365_v2_01162835.jpg
objects365_v2_01162836.jpg,train,Flower;Lamp;Vase,SBTzQrVyCmA1pGe0QiSZ,1ce181272504c9712d0934740781936a,8IqlCQUz92pfe9BWFgXB,1723237580863,True,https://transform.roboflow.com/8IqlCQUz92pfe9BWFgXB/1ce181272504c9712d0934740781936a/thumb.jpg,92021,a2cf3bacc6d6b591256c8f5398a0feab6e678763f8087683fe4ec1a473135d9c,Flower,images/Flower/objects365_v2_01162836.jpg
objects365_v2_01162837.jpg,train,Desk;Laptop;Person;Ring,19tGkXxwE73KUJfdCH46,07ddee3a008caa191a5779a6babde5ae,8IqlCQUz92pfe9BWFgXB,1723237580863,True,https://transform.roboflow.com/8IqlCQUz92pfe9BWFgXB/07ddee3a008caa191a5779a6babde5ae/thumb.jpg,44725,5608923de66f46cd2db7fc03ae36074dcd9db779bc39b2f9975cfb6a957fcd3b,Desk,images/Desk/objects365_v2_01162837.jpg
objects365_v2_01162838.jpg,train,Backpack;Bench;Boots;Desk;Handbag-Satchel;Other Shoes;Person;Tricycle,zLJVGfDk8nX4Vx3Kxi5D,a2e9f6910f9ca549b45bf2d02b27b83d,8IqlCQUz92pfe9BWFgXB,1723237581109,True,https://transform.roboflow.com/8IqlCQUz92pfe9BWFgXB/a2e9f6910f9ca549b45bf2d02b27b83d/thumb.jpg,82180,c7c06c3d1216d1bf527c0510b388fcafad8b65261b7921dbc1165737a6f066c4,Backpack,images/Backpack/objects365_v2_01162838.jpg
objects365_v2_01162839.jpg,train,Car;Chair;Handbag-Satchel;Hat;Person;SUV;Street Lights;Umbrella,O1q2ur9cHrL9nTydzXhq,ee2d11c05b9043f500badd671416f823,8IqlCQUz92pfe9BWFgXB,1723237581109,True,https://transform.roboflow.com/8IqlCQUz92pfe9BWFgXB/ee2d11c05b9043f500badd671416f823/thumb.jpg,116027,eed3607bee2c5ac47407edb99fe3992f24a1eb0d29a1da61d4634b98a6c726e4,Car,images/Car/objects365_v2_01162839.jpg
objects365_v2_01162840.jpg,train,Bicycle;Car;SUV;Street Lights;Van,vfEzXoXPAFKpjjGwBjF6,31e3061b1b4023562992b10a7d658e2a,8IqlCQUz92pfe9BWFgXB,1723237581215,True,https://transform.roboflow.com/8IqlCQUz92pfe9BWFgXB/31e3061b1b4023562992b10a7d658e2a/thumb.jpg,70042,0493fe2290eaa51f911e03dd356358d270dc88bc7fb187910ee73febfa256232,Bicycle,images/Bicycle/objects365_v2_01162840.jpg
objects365_v2_01162842.jpg,train,Camera;Person,nhZoSmeTlXwAnDOy6fM6,e53f60f21f98022eed7bf01497e672ce,8IqlCQUz92pfe9BWFgXB,1723237580864,True,https://transform.roboflow.com/8IqlCQUz92pfe9BWFgXB/e53f60f21f98022eed7bf01497e672ce/thumb.jpg,53675,e4cbdf987449712ef3453980625fa4dc0673f6c3bfa94542cb62ebd385c1c1da,Camera,images/Camera/objects365_v2_01162842.jpg
objects365_v2_01162843.jpg,train,Glasses;Person,JjB5IFjihri6h6t1PT5G,a5001c8eaef9d430ca307ee6f31c82e6,8IqlCQUz92pfe9BWFgXB,1723237581087,True,https://transform.roboflow.com/8IqlCQUz92pfe9BWFgXB/a5001c8eaef9d430ca307ee6f31c82e6/thumb.jpg,75219,f769658c94c5c5e20ca702448a3c821b103874fcc02f9822f2d817c0bcf686e4,Glasses,images/Glasses/objects365_v2_01162843.jpg
objects365_v2_01162844.jpg,train,Bottle;Chair;Cup;Glasses;Lamp;Leather Shoes;Microphone;Person;Tie,F3fn0DYfrFDpod8qA4tL,8ff8b1c6ec5a5c1ab35a673cd893c87b,8IqlCQUz92pfe9BWFgXB,1723237581109,True,https://transform.roboflow.com/8IqlCQUz92pfe9BWFgXB/8ff8b1c6ec5a5c1ab35a673cd893c87b/thumb.jpg,55473,1074e6b3b1b0926a517e60b40b31e9d29b77dab1a0d15d171f1bba43cd4a4965,Bottle,images/Bottle/objects365_v2_01162844.jpg
objects365_v2_01162847.jpg,train,Barrel-bucket;Book;Bottle;Bowl-Basin;Cabinet-shelf;Cup;Plate;Storage box;Wine Glass,nDAKAeEGpeZjyxzX0aVR,910478dfb31780759c957d73409b8838,8IqlCQUz92pfe9BWFgXB,1723237581087,True,https://transform.roboflow.com/8IqlCQUz92pfe9BWFgXB/910478dfb31780759c957d73409b8838/thumb.jpg,65737,1b8b5ddf26404f76969302a2b822563fda5d2dbecba23c22d89197eb5c783c02,Barrel-bucket,images/Barrel-bucket/objects365_v2_01162847.jpg
objects365_v2_01162848.jpg,train,Cake;Cup;Desk;Knife;Storage box,wUAnVc1vLYKOs2BbyYBI,045e4ea8f70c751678387db9db96f52f,8IqlCQUz92pfe9BWFgXB,1723237581087,True,https://transform.roboflow.com/8IqlCQUz92pfe9BWFgXB/045e4ea8f70c751678387db9db96f52f/thumb.jpg,78574,b525255810d654a5e0c10e3c76b63e124a96204ed11a27587fb4902e3b4ced8a,Cake,images/Cake/objects365_v2_01162848.jpg
objects365_v2_01162849.jpg,train,Cabinet-shelf;Glasses;Lamp;Person,W8XtsAHy3AFM0EA4bfF8,bf5df706682faf92cce02df5ee36ee58,8IqlCQUz92pfe9BWFgXB,1723237581087,True,https://transform.roboflow.com/8IqlCQUz92pfe9BWFgXB/bf5df706682faf92cce02df5ee36ee58/thumb.jpg,44931,62ebe26b1a626bec0e2ae25747e64d4473cff4e7f68f37639646a2dd901f41f0,Cabinet-shelf,images/Cabinet-shelf/objects365_v2_01162849.jpg
objects365_v2_01162853.jpg,train,Cup;Gas stove;Person;Pot;Ring,aTBFq4fXE22ys9DXQGUu,22e8922e4f0f531e693a137e741a1045,8IqlCQUz92pfe9BWFgXB,1723237581215,True,https://transform.roboflow.com/8IqlCQUz92pfe9BWFgXB/22e8922e4f0f531e693a137e741a1045/thumb.jpg,65728,7fd8a605a9dbaf4692055c75e4b1bf90b979c15c7fc57b35ca840fe9adbaa230,Cup,images/Cup/objects365_v2_01162853.jpg
objects365_v2_01426111.jpg,train,Bracelet;Glasses;Handbag-Satchel;Helmet;Other Shoes;Person;Violin;Watch,c3Pvr6EQzh9wY3ouxJsd,03c7e9f797a56c348ad4c1f75d8163d8,8IqlCQUz92pfe9BWFgXB,1723237580642,True,https://transform.roboflow.com/8IqlCQUz92pfe9BWFgXB/03c7e9f797a56c348ad4c1f75d8163d8/thumb.jpg,44722,d58a398330d0489fd5b2cdb2854b96255b4a4b61ef1f7d1db4a366452e007430,Bracelet,images/Bracelet/objects365_v2_01426111.jpg
