filename,relative_path,class,source_image,source_image_id,annotation_id,category_id,bbox_x,bbox_y,bbox_width,bbox_height,source_width,source_height
objects365_v1_00009251_object-0012751.jpg,images/Cabinet-shelf/objects365_v1_00009251_object-0012751.jpg,Cabinet/shelf,objects365_v1_00009251.jpg,9251,12751,13,256.157775872,15.825134276999998,227.44549560320002,600.2426147196,512,641
objects365_v1_00009251_object-0012752.jpg,images/Cabinet-shelf/objects365_v1_00009251_object-0012752.jpg,Cabinet/shelf,objects365_v1_00009251.jpg,9251,12752,13,29.1581421056,13.3652954309,156.2887572992,603.0314330983,512,641
objects365_v1_00009251_object-0012753.jpg,images/Power-outlet/objects365_v1_00009251_object-0012753.jpg,Power outlet,objects365_v1_00009251.jpg,9251,12753,81,464.2212524544,327.5531616443,17.073242163200007,25.588745063099964,512,641
objects365_v1_00009251_object-0012754.jpg,images/Storage-box/objects365_v1_00009251_object-0012754.jpg,Storage box,objects365_v1_00009251.jpg,9251,12754,21,301.4609375232,111.119018523,29.5254516224,42.74163821479999,512,641
objects365_v1_00009251_object-0012755.jpg,images/Storage-box/objects365_v1_00009251_object-0012755.jpg,Storage box,objects365_v1_00009251.jpg,9251,12755,21,337.7351074304,118.14886475380001,32.33740231680002,40.2109375238,512,641
objects365_v1_00009251_object-0012756.jpg,images/Barrel-bucket/objects365_v1_00009251_object-0012756.jpg,Barrel/bucket,objects365_v1_00009251.jpg,9251,12756,49,307.6898803712,358.6649780193,41.8043823104,53.280090313699986,512,641
objects365_v1_00009251_object-0012757.jpg,images/Mop/objects365_v1_00009251_object-0012757.jpg,Mop,objects365_v1_00009251.jpg,9251,12757,336,312.6080322048,484.89770504669997,23.771118182400016,45.083129936000034,512,641
objects365_v1_00009251_object-0012758.jpg,images/Mop/objects365_v1_00009251_object-0012758.jpg,Mop,objects365_v1_00009251.jpg,9251,12758,336,356.143920896,276.6956787173,33.380493158399986,232.5211181422,512,641
objects365_v1_00009251_object-0012759.jpg,images/Cleaning-Products/objects365_v1_00009251_object-0012759.jpg,Cleaning Products,objects365_v1_00009251.jpg,9251,12759,162,306.8701782016,185.709716827,30.32867435519995,76.23144529970003,512,641
objects365_v1_00009251_object-0012760.jpg,images/Cleaning-Products/objects365_v1_00009251_object-0012760.jpg,Cleaning Products,objects365_v1_00009251.jpg,9251,12760,162,363.5063476736,192.26727297579998,26.97253416960001,63.93603514860001,512,641
objects365_v1_00009251_object-0012761.jpg,images/Cleaning-Products/objects365_v1_00009251_object-0012761.jpg,Cleaning Products,objects365_v1_00009251.jpg,9251,12761,162,352.0026855424,208.77239992379998,15.48571776,49.111938456700045,512,641
objects365_v1_00009251_object-0012762.jpg,images/Bottle/objects365_v1_00009251_object-0012762.jpg,Bottle,objects365_v1_00009251.jpg,9251,12762,9,368.935974144,118.7411499076,24.593749964799997,42.52667232659999,512,641
objects365_v1_00009251_object-0012763.jpg,images/Bottle/objects365_v1_00009251_object-0012763.jpg,Bottle,objects365_v1_00009251.jpg,9251,12763,9,316.2224731648,218.44354248570002,23.601257318399973,42.04504396429999,512,641
objects365_v1_00031660_object-0121295.jpg,images/Pie/objects365_v1_00031660_object-0121295.jpg,Pie,objects365_v1_00031660.jpg,31660,121295,172,292.3897704795,322.6412353536,345.7288818585001,189.11407472640002,765,512
objects365_v1_00031660_object-0121296.jpg,images/Pie/objects365_v1_00031660_object-0121296.jpg,Pie,objects365_v1_00031660.jpg,31660,121296,172,537.003662121,227.8796386816,227.77648927199994,180.80645749759998,765,512
objects365_v1_00031660_object-0121297.jpg,images/Pie/objects365_v1_00031660_object-0121297.jpg,Pie,objects365_v1_00031660.jpg,31660,121297,172,670.157104482,167.2041015808,94.68823240799998,112.89068600320002,765,512
objects365_v1_00031660_object-0121298.jpg,images/Pie/objects365_v1_00031660_object-0121298.jpg,Pie,objects365_v1_00031660.jpg,31660,121298,172,517.427734401,89.1878662144,178.94262690900007,92.2384643584,765,512
objects365_v1_00031660_object-0121299.jpg,images/Pie/objects365_v1_00031660_object-0121299.jpg,Pie,objects365_v1_00031660.jpg,31660,121299,172,342.877441437,141.4563598848,222.16284177750003,127.28906250239999,765,512
objects365_v1_00031660_object-0121300.jpg,images/Pie/objects365_v1_00031660_object-0121300.jpg,Pie,objects365_v1_00031660.jpg,31660,121300,172,63.7901610975,211.1434326016,295.803100647,190.08654786559998,765,512
objects365_v1_00031660_object-0121301.jpg,images/Pie/objects365_v1_00031660_object-0121301.jpg,Pie,objects365_v1_00031660.jpg,31660,121301,172,1.78332516,114.575378432,223.6312256175,119.94769285120002,765,512
objects365_v1_00031660_object-0121302.jpg,images/Pie/objects365_v1_00031660_object-0121302.jpg,Pie,objects365_v1_00031660.jpg,31660,121302,172,230.4970703235,67.8161620992,187.03698725700002,92.50201415679999,765,512
objects365_v1_00031660_object-0121303.jpg,images/Pie/objects365_v1_00031660_object-0121303.jpg,Pie,objects365_v1_00031660.jpg,31660,121303,172,400.2535400535,39.3540039168,151.459228494,71.15539548160001,765,512
objects365_v1_00031660_object-0121304.jpg,images/Pie/objects365_v1_00031660_object-0121304.jpg,Pie,objects365_v1_00031660.jpg,31660,121304,172,289.92639160799996,-0.367156992,145.12133790450002,54.4205627392,765,512
objects365_v1_00031660_object-0121305.jpg,images/Pie/objects365_v1_00031660_object-0121305.jpg,Pie,objects365_v1_00031660.jpg,31660,121305,172,147.396362301,14.0874023424,159.633544959,68.9326782464,765,512
objects365_v1_00031660_object-0121306.jpg,images/Pie/objects365_v1_00031660_object-0121306.jpg,Pie,objects365_v1_00031660.jpg,31660,121306,172,54.622314423000006,0.1142578176,138.383667036,24.338989260800002,765,512
objects365_v1_00031660_object-0121307.jpg,images/Pie/objects365_v1_00031660_object-0121307.jpg,Pie,objects365_v1_00031660.jpg,31660,121307,172,0.1791991845,42.5288086016,126.41076663300001,83.31433103360001,765,512
objects365_v1_00031660_object-0121308.jpg,images/Pie/objects365_v1_00031660_object-0121308.jpg,Pie,objects365_v1_00031660.jpg,31660,121308,172,0.05480957250000001,0.0024414208,39.852905265,37.6978149376,765,512
objects365_v1_00009565_object-0123750.jpg,images/Storage-box/objects365_v1_00009565_object-0123750.jpg,Storage box,objects365_v1_00009565.jpg,9565,123750,21,231.14196775770003,408.5166015488,141.13659671429994,103.58886722560004,683,512
objects365_v1_00009565_object-0123751.jpg,images/Storage-box/objects365_v1_00009565_object-0123751.jpg,Storage box,objects365_v1_00009565.jpg,9565,123751,21,118.8305053832,140.529296896,41.052185040599994,28.77880857599999,683,512
objects365_v1_00009565_object-0123752.jpg,images/Storage-box/objects365_v1_00009565_object-0123752.jpg,Storage box,objects365_v1_00009565.jpg,9565,123752,21,355.7928466953,144.822387712,57.33728024140004,43.768859852800006,683,512
objects365_v1_00009565_object-0123753.jpg,images/Person/objects365_v1_00009565_object-0123753.jpg,Person,objects365_v1_00009565.jpg,9565,123753,1,280.301513673,63.314086912,15.488830578799991,49.684814438400004,683,512
objects365_v1_00009565_object-0123754.jpg,images/Person/objects365_v1_00009565_object-0123754.jpg,Person,objects365_v1_00009565.jpg,9565,123754,1,75.5866088586,56.5898437632,38.53802495369999,82.84521482239998,683,512
objects365_v1_00009565_object-0123755.jpg,images/Person/objects365_v1_00009565_object-0123755.jpg,Person,objects365_v1_00009565.jpg,9565,123755,1,0.050903307,56.7212524544,17.018981979200003,76.92584227840001,683,512
objects365_v1_00009565_object-0123756.jpg,images/Pumpkin/objects365_v1_00009565_object-0123756.jpg,Pumpkin,objects365_v1_00009565.jpg,9565,123756,118,157.95635988749999,215.462097152,41.918945302700024,22.6055298048,683,512
objects365_v1_00009565_object-0123757.jpg,images/Bakset/objects365_v1_00009565_object-0123757.jpg,Bakset,objects365_v1_00009565.jpg,9565,123757,53,410.00122067899997,203.0300903424,107.91394044240008,76.70532223999999,683,512
objects365_v1_00009565_object-0123758.jpg,images/Bakset/objects365_v1_00009565_object-0123758.jpg,Bakset,objects365_v1_00009565.jpg,9565,123758,53,457.3780517657,215.4382934528,118.81811521680004,84.97747804160002,683,512
objects365_v1_00009565_object-0123759.jpg,images/Bakset/objects365_v1_00009565_object-0123759.jpg,Bakset,objects365_v1_00009565.jpg,9565,123759,53,514.5311279315999,221.8303833088,132.3542480443,94.7536621056,683,512
objects365_v1_00009565_object-0123760.jpg,images/Bakset/objects365_v1_00009565_object-0123760.jpg,Bakset,objects365_v1_00009565.jpg,9565,123760,53,571.6840820454,266.5751952896,111.24450682129998,84.97747804160002,683,512
objects365_v1_00009565_object-0123761.jpg,images/Bakset/objects365_v1_00009565_object-0123761.jpg,Bakset,objects365_v1_00009565.jpg,9565,123761,53,571.95861813,414.5075073024,111.09680178769997,64.78723148800003,683,512
objects365_v1_00009565_object-0123762.jpg,images/Bakset/objects365_v1_00009565_object-0123762.jpg,Bakset,objects365_v1_00009565.jpg,9565,123762,53,458.00341797180005,425.3980102656,70.07287594039991,59.50628659199998,683,512
objects365_v1_00009565_object-0123763.jpg,images/Bakset/objects365_v1_00009565_object-0123763.jpg,Bakset,objects365_v1_00009565.jpg,9565,123763,53,526.129760714,447.3652954112,156.84680179949999,64.55145262079998,683,512
objects365_v1_00009565_object-0123764.jpg,images/Storage-box/objects365_v1_00009565_object-0123764.jpg,Storage box,objects365_v1_00009565.jpg,9565,123764,21,412.79663087710003,109.817016576,136.03991698289997,45.43054202879999,683,512
objects365_v1_00009565_object-0123765.jpg,images/Storage-box/objects365_v1_00009565_object-0123765.jpg,Storage box,objects365_v1_00009565.jpg,9565,123765,21,491.1125488523,155.4810790912,191.31213374730004,99.99005127679999,683,512
objects365_v1_00009565_object-0123766.jpg,images/Faucet/objects365_v1_00009565_object-0123766.jpg,Faucet,objects365_v1_00009565.jpg,9565,123766,77,52.9551391278,411.312927232,223.562744146,100.06628418560001,683,512
objects365_v1_00009565_object-0123767.jpg,images/Barrel-bucket/objects365_v1_00009565_object-0123767.jpg,Barrel/bucket,objects365_v1_00009565.jpg,9565,123767,49,13.8789672729,123.5042114048,85.9664306681,16.698486374400005,683,512
objects365_v1_00009565_object-0123768.jpg,images/Banana/objects365_v1_00009565_object-0123768.jpg,Banana,objects365_v1_00009565.jpg,9565,123768,113,258.3929443241,240.5704955904,129.7005615073,50.53729249279999,683,512
objects365_v1_00009565_object-0123769.jpg,images/Tomato/objects365_v1_00009565_object-0123769.jpg,Tomato,objects365_v1_00009565.jpg,9565,123769,108,51.6183471447,383.5852661248,217.54632568659997,104.37786864639997,683,512
objects365_v1_00009565_object-0123770.jpg,images/Green-beans/objects365_v1_00009565_object-0123770.jpg,Green beans,objects365_v1_00009565.jpg,9565,123770,218,272.8044433503,462.8769531392,63.03277591989996,48.316955545600024,683,512
objects365_v1_00009565_object-0123771.jpg,images/Tomato/objects365_v1_00009565_object-0123771.jpg,Tomato,objects365_v1_00009565.jpg,9565,123771,108,474.5710449333,314.0848388608,206.79162594029998,85.8214111232,683,512
objects365_v1_00009565_object-0123772.jpg,images/Apple/objects365_v1_00009565_object-0123772.jpg,Apple,objects365_v1_00009565.jpg,9565,123772,83,417.4593505763,209.6228027392,184.34118652060005,87.48602296319999,683,512
objects365_v1_00009565_object-0123773.jpg,images/Apple/objects365_v1_00009565_object-0123773.jpg,Apple,objects365_v1_00009565.jpg,9565,123773,83,540.6193847635,167.1472167936,72.86596680710011,43.4876708864,683,512
objects365_v1_00009565_object-0123774.jpg,images/Pear/objects365_v1_00009565_object-0123774.jpg,Pear,objects365_v1_00009565.jpg,9565,123774,199,503.6538085806,167.1077880832,44.872192429600034,29.53613281279999,683,512
objects365_v1_00009565_object-0123775.jpg,images/Orange-Tangerine/objects365_v1_00009565_object-0123775.jpg,Orange/Tangerine,objects365_v1_00009565.jpg,9565,123775,105,454.52160643369996,155.605712896,71.56835935360004,41.89019776000001,683,512
objects365_v1_00009565_object-0123776.jpg,images/Pear/objects365_v1_00009565_object-0123776.jpg,Pear,objects365_v1_00009565.jpg,9565,123776,199,417.06140137759996,141.6097412096,69.61584471460009,44.465637222400005,683,512
objects365_v1_00009565_object-0123777.jpg,images/Potato/objects365_v1_00009565_object-0123777.jpg,Potato,objects365_v1_00009565.jpg,9565,123777,182,395.5327148529,150.2614135808,40.03930662710002,29.979125964800005,683,512
objects365_v1_00009565_object-0123778.jpg,images/Eggplant/objects365_v1_00009565_object-0123778.jpg,Eggplant,objects365_v1_00009565.jpg,9565,123778,297,11.4664916796,285.1364135936,95.0423584189,52.85913082879995,683,512
objects365_v1_00009565_object-0123779.jpg,images/Broccoli/objects365_v1_00009565_object-0123779.jpg,Broccoli,objects365_v1_00009565.jpg,9565,123779,142,0.0093383858,329.6630859264,77.3358764259,66.92022707199999,683,512
objects365_v1_00009565_object-0123780.jpg,images/Orange-Tangerine/objects365_v1_00009565_object-0123780.jpg,Orange/Tangerine,objects365_v1_00009565.jpg,9565,123780,105,103.5275878825,179.0299072512,97.44506834159998,52.234130841600006,683,512
objects365_v1_00009565_object-0123781.jpg,images/Potato/objects365_v1_00009565_object-0123781.jpg,Potato,objects365_v1_00009565.jpg,9565,123781,182,195.7053833095,171.5679321088,87.34942623519999,41.479980492799996,683,512
objects365_v1_00009565_object-0123782.jpg,images/Orange-Tangerine/objects365_v1_00009565_object-0123782.jpg,Orange/Tangerine,objects365_v1_00009565.jpg,9565,123782,105,303.3087768338,118.8585205248,34.830566402700015,11.998474086400009,683,512
objects365_v1_00009565_object-0123783.jpg,images/Pear/objects365_v1_00009565_object-0123783.jpg,Pear,objects365_v1_00009565.jpg,9565,123783,199,79.0507812387,154.6543579136,47.3715820268,28.141601535999996,683,512
objects365_v1_00009565_object-0123784.jpg,images/Strawberry/objects365_v1_00009565_object-0123784.jpg,Strawberry,objects365_v1_00009565.jpg,9565,123784,156,46.350158668599995,117.6254272512,51.42938235430001,11.148498534400005,683,512
objects365_v1_00009565_object-0123785.jpg,images/Apple/objects365_v1_00009565_object-0123785.jpg,Apple,objects365_v1_00009565.jpg,9565,123785,83,424.1119384577,197.451293952,26.49096681380007,11.455505356800018,683,512
objects365_v1_00009565_object-0123786.jpg,images/Green-beans/objects365_v1_00009565_object-0123786.jpg,Green beans,objects365_v1_00009565.jpg,9565,123786,218,49.8776245221,323.1737670656,101.9164428588,49.84564213760001,683,512
objects365_v1_00009565_object-0123787.jpg,images/Bakset/objects365_v1_00009565_object-0123787.jpg,Bakset,objects365_v1_00009565.jpg,9565,123787,53,233.3587646706,227.345886208,160.9216308196,138.29211427840002,683,512
objects365_v1_00009565_object-0123788.jpg,images/Bakset/objects365_v1_00009565_object-0123788.jpg,Bakset,objects365_v1_00009565.jpg,9565,123788,53,410.3143310327,201.9205932544,270.76367192939995,148.7418823168,683,512
objects365_v1_00009565_object-0123789.jpg,images/Bakset/objects365_v1_00009565_object-0123789.jpg,Bakset,objects365_v1_00009565.jpg,9565,123789,53,458.410522444,317.7077026304,223.55810548320005,195.05670164480006,683,512
objects365_v1_00009565_object-0123790.jpg,images/Bakset/objects365_v1_00009565_object-0123790.jpg,Bakset,objects365_v1_00009565.jpg,9565,123790,53,381.41296385280003,138.5133056512,148.5552978411999,65.38354493439999,683,512
objects365_v1_00009565_object-0123791.jpg,images/Bakset/objects365_v1_00009565_object-0123791.jpg,Bakset,objects365_v1_00009565.jpg,9565,123791,53,105.9066162145,228.3239135744,120.66894529389997,60.33441162239998,683,512
objects365_v1_00009565_object-0123792.jpg,images/Bakset/objects365_v1_00009565_object-0123792.jpg,Bakset,objects365_v1_00009565.jpg,9565,123792,53,70.4844970916,152.8084716544,65.39477535439998,32.30816655360002,683,512
objects365_v1_00009565_object-0123793.jpg,images/Bakset/objects365_v1_00009565_object-0123793.jpg,Bakset,objects365_v1_00009565.jpg,9565,123793,53,0.697143564,367.2653198336,162.02691646940002,108.36529541120001,683,512
objects365_v1_00009565_object-0123794.jpg,images/Bakset/objects365_v1_00009565_object-0123794.jpg,Bakset,objects365_v1_00009565.jpg,9565,123794,53,331.06250000160003,102.9407348736,81.68371584519991,38.650329600000006,683,512
objects365_v1_00004804_object-0166816.jpg,images/Cabinet-shelf/objects365_v1_00004804_object-0166816.jpg,Cabinet/shelf,objects365_v1_00004804.jpg,4804,166816,13,280.1562500096,430.791015655,91.44049070080001,112.77575678599999,512,770
objects365_v1_00004804_object-0166817.jpg,images/Lamp/objects365_v1_00004804_object-0166817.jpg,Lamp,objects365_v1_00004804.jpg,4804,166817,7,241.3051147264,81.796630839,54.190490726400014,46.905273492000006,512,770
objects365_v1_00004804_object-0166818.jpg,images/Lamp/objects365_v1_00004804_object-0166818.jpg,Lamp,objects365_v1_00004804.jpg,4804,166818,7,425.1950073344,154.819580069,49.2476806656,32.51385498899998,512,770
objects365_v1_00004804_object-0166819.jpg,images/Lamp/objects365_v1_00004804_object-0166819.jpg,Lamp,objects365_v1_00004804.jpg,4804,166819,7,330.974487296,209.187011726,38.733825689599996,23.772338897999987,512,770
objects365_v1_00004804_object-0166820.jpg,images/Faucet/objects365_v1_00004804_object-0166820.jpg,Faucet,objects365_v1_00004804.jpg,4804,166820,77,374.9046630912,398.84045408900005,9.394165043200019,26.474487346999922,512,770
objects365_v1_00004804_object-0166821.jpg,images/Sink/objects365_v1_00004804_object-0166821.jpg,Sink,objects365_v1_00004804.jpg,4804,166821,82,327.0798340096,430.22558594400004,67.25366210559997,13.664184533999958,512,770
objects365_v1_00004804_object-0166822.jpg,images/Gas-stove/objects365_v1_00004804_object-0166822.jpg,Gas stove,objects365_v1_00004804.jpg,4804,166822,150,185.7342529536,440.94836424100004,78.0,15.493042025999955,512,770
objects365_v1_00004804_object-0166823.jpg,images/Microwave/objects365_v1_00004804_object-0166823.jpg,Microwave,objects365_v1_00004804.jpg,4804,166823,164,444.5253906432,398.281494149,68.33813473279997,56.999511722999955,512,770
objects365_v1_00004804_object-0166824.jpg,images/Oven/objects365_v1_00004804_object-0166824.jpg,Oven,objects365_v1_00004804.jpg,4804,166824,135,370.6190795776,448.295288056,53.33709716479996,94.82153326799994,512,770
objects365_v1_00004804_object-0166825.jpg,images/Coffee-Machine/objects365_v1_00004804_object-0166825.jpg,Coffee Machine,objects365_v1_00004804.jpg,4804,166825,214,413.4150390784,411.449340841,17.633911142399995,31.566894512999966,512,770
objects365_v1_00004804_object-0166826.jpg,images/Refrigerator/objects365_v1_00004804_object-0166826.jpg,Refrigerator,objects365_v1_00004804.jpg,4804,166826,134,223.4471435776,342.27783205,58.68304440319997,111.98229981399999,512,770
objects365_v1_00004804_object-0166827.jpg,images/Cutting-chopping-Board/objects365_v1_00004804_object-0166827.jpg,Cutting/chopping Board,objects365_v1_00004804.jpg,4804,166827,167,94.5175781376,441.713256831,49.483642572799994,11.944335941999952,512,770
objects365_v1_00004804_object-0166828.jpg,images/Extractor/objects365_v1_00004804_object-0166828.jpg,Extractor,objects365_v1_00004804.jpg,4804,166828,202,154.5094604288,238.211242654,112.33746339839999,111.84259032099999,512,770
objects365_v1_00004804_object-0166829.jpg,images/Desk/objects365_v1_00004804_object-0166829.jpg,Desk,objects365_v1_00004804.jpg,4804,166829,10,61.024780288,435.98803710000004,270.3258667008,207.44677738399992,512,770
objects365_v1_00004804_object-0166830.jpg,images/Cabinet-shelf/objects365_v1_00004804_object-0166830.jpg,Cabinet/shelf,objects365_v1_00004804.jpg,4804,166830,13,434.2200927744,202.056457526,77.42297364480004,183.21929934000005,512,770
objects365_v1_00004804_object-0166831.jpg,images/Chair/objects365_v1_00004804_object-0166831.jpg,Chair,objects365_v1_00004804.jpg,4804,166831,3,26.183288576,459.393188485,109.83514403840002,219.56701659200007,512,770
objects365_v1_00004804_object-0166832.jpg,images/Knife/objects365_v1_00004804_object-0166832.jpg,Knife,objects365_v1_00004804.jpg,4804,166832,85,308.1557006848,405.602172822,12.25799562239996,11.951538136999943,512,770
objects365_v1_00021427_object-0180445.jpg,images/Bed/objects365_v1_00021427_object-0180445.jpg,Bed,objects365_v1_00021427.jpg,21427,180445,76,13.9500732674,294.887573248,577.7591552754,215.9930419712,766,512
objects365_v1_00021427_object-0180446.jpg,images/Nightstand/objects365_v1_00021427_object-0180446.jpg,Nightstand,objects365_v1_00021427.jpg,21427,180446,122,590.213378917,274.8197632,97.64111328579997,130.77557370879998,766,512
objects365_v1_00021427_object-0180447.jpg,images/Lamp/objects365_v1_00021427_object-0180447.jpg,Lamp,objects365_v1_00021427.jpg,21427,180447,7,296.6960448958,37.6553344512,45.378906271999995,199.924011264,766,512
objects365_v1_00021427_object-0180448.jpg,images/Picture-Frame/objects365_v1_00021427_object-0180448.jpg,Picture/Frame,objects365_v1_00021427.jpg,21427,180448,17,362.2962646734,143.0560302592,79.57470699699996,92.4701538304,766,512
objects365_v1_00021427_object-0180449.jpg,images/Picture-Frame/objects365_v1_00021427_object-0180449.jpg,Picture/Frame,objects365_v1_00021427.jpg,21427,180449,17,486.84790036900006,143.0560302592,100.01879888699989,106.309265152,766,512
objects365_v1_00021427_object-0180450.jpg,images/Lamp/objects365_v1_00021427_object-0180450.jpg,Lamp,objects365_v1_00021427.jpg,21427,180450,7,608.1186523566,0.62774656,64.84252926900001,210.5709838848,766,512
objects365_v1_00021427_object-0180451.jpg,images/Lamp/objects365_v1_00021427_object-0180451.jpg,Lamp,objects365_v1_00021427.jpg,21427,180451,7,287.6511230238,-0.081665024,67.2844238244,128.18432614399998,766,512
objects365_v1_00021427_object-0180452.jpg,images/Fan/objects365_v1_00021427_object-0180452.jpg,Fan,objects365_v1_00021427.jpg,21427,180452,111,282.51428221279997,-0.2620849664,173.55847170380002,21.6497192448,766,512
objects365_v1_00021427_object-0180453.jpg,images/Nightstand/objects365_v1_00021427_object-0180453.jpg,Nightstand,objects365_v1_00021427.jpg,21427,180453,122,294.5633545132,246.4706420736,52.896606452000015,49.47753907200001,766,512
objects365_v1_00021427_object-0180454.jpg,images/Pillow/objects365_v1_00021427_object-0180454.jpg,Pillow,objects365_v1_00021427.jpg,21427,180454,29,300.95007323460004,248.1264648192,140.74267582019996,60.79138186239999,766,512
objects365_v1_00021427_object-0180455.jpg,images/Pillow/objects365_v1_00021427_object-0180455.jpg,Pillow,objects365_v1_00021427.jpg,21427,180455,29,418.74816897140005,258.2977905152,162.26806640879994,78.2955322368,766,512
objects365_v1_00021427_object-0180456.jpg,images/Lamp/objects365_v1_00021427_object-0180456.jpg,Lamp,objects365_v1_00021427.jpg,21427,180456,7,445.97229001939996,232.075378432,25.894043014200065,29.022277836799987,766,512
objects365_v1_00021427_object-0180457.jpg,images/Cabinet-shelf/objects365_v1_00021427_object-0180457.jpg,Cabinet/shelf,objects365_v1_00021427.jpg,21427,180457,13,-0.0120849522,305.8165283328,34.9481811684,111.71166991360002,766,512
objects365_v1_00021427_object-0180458.jpg,images/Treadmill/objects365_v1_00021427_object-0180458.jpg,Treadmill,objects365_v1_00021427.jpg,21427,180458,332,37.708496102199994,191.2565307392,196.3826293868,192.0232544256,766,512
objects365_v1_00021427_object-0180459.jpg,images/Lantern/objects365_v1_00021427_object-0180459.jpg,Lantern,objects365_v1_00021427.jpg,21427,180459,109,294.96057132,133.8064574976,50.96801753540001,105.0439453184,766,512
objects365_v1_00021427_object-0180460.jpg,images/Lantern/objects365_v1_00021427_object-0180460.jpg,Lantern,objects365_v1_00021427.jpg,21427,180460,109,605.1198730436,71.6502685696,72.10119628459995,143.5808105472,766,512
objects365_v1_00021427_object-0180461.jpg,images/Telephone/objects365_v1_00021427_object-0180461.jpg,Telephone,objects365_v1_00021427.jpg,21427,180461,124,640.2363280961999,271.2354125824,36.815063499600114,17.301940940800023,766,512
objects365_v1_00021427_object-0180462.jpg,images/Bottle/objects365_v1_00021427_object-0180462.jpg,Bottle,objects365_v1_00021427.jpg,21427,180462,9,602.9794921742,291.8290405376,11.499267604199986,29.312072755200006,766,512
objects365_v1_00021427_object-0180463.jpg,images/Tissue/objects365_v1_00021427_object-0180463.jpg,Tissue,objects365_v1_00021427.jpg,21427,180463,226,515.3081055058,231.1317138432,39.990722630200025,40.33551027199999,766,512
objects365_v1_00021427_object-0180464.jpg,images/Toilet-Paper/objects365_v1_00021427_object-0180464.jpg,Toilet Paper,objects365_v1_00021427.jpg,21427,180464,161,574.087646497,306.372985856,25.597534142399923,22.494750975999978,766,512
objects365_v1_00009912_object-0189255.jpg,images/Chair/objects365_v1_00009912_object-0189255.jpg,Chair,objects365_v1_00009912.jpg,9912,189255,3,144.07275388349998,218.21362304,152.4421997528,238.060363776,683,512
objects365_v1_00009912_object-0189256.jpg,images/Towel/objects365_v1_00009912_object-0189256.jpg,Towel,objects365_v1_00009912.jpg,9912,189256,70,163.9622802954,221.56329344,54.00463863530001,78.85913088000001,683,512
objects365_v1_00009912_object-0189257.jpg,images/Cabinet-shelf/objects365_v1_00009912_object-0189257.jpg,Cabinet/shelf,objects365_v1_00009912.jpg,9912,189257,13,296.9888915709,256.787841792,340.86071780550003,203.4005127168,683,512
objects365_v1_00009912_object-0189258.jpg,images/Chair/objects365_v1_00009912_object-0189258.jpg,Chair,objects365_v1_00009912.jpg,9912,189258,3,423.90588377790004,254.9809570304,124.34460452600001,188.975952128,683,512
objects365_v1_00009912_object-0189259.jpg,images/Picture-Frame/objects365_v1_00009912_object-0189259.jpg,Picture/Frame,objects365_v1_00009912.jpg,9912,189259,17,498.0585937624,46.9034423808,59.509521444400036,61.035461427200005,683,512
objects365_v1_00009912_object-0189260.jpg,images/Picture-Frame/objects365_v1_00009912_object-0189260.jpg,Picture/Frame,objects365_v1_00009912.jpg,9912,189260,17,311.6436157078,238.7399902208,25.246337894500016,26.011413606400026,683,512
objects365_v1_00009912_object-0189261.jpg,images/Trash-bin-Can/objects365_v1_00009912_object-0189261.jpg,Trash bin Can,objects365_v1_00009912.jpg,9912,189261,45,649.7958984475999,347.5786743296,33.54089356510008,93.35156249599999,683,512
objects365_v1_00009912_object-0189262.jpg,images/Globe/objects365_v1_00009912_object-0189262.jpg,Globe,objects365_v1_00009912.jpg,9912,189262,303,59.9682006809,248.564025856,107.94036864930001,203.21905520640001,683,512
objects365_v1_00009912_object-0189263.jpg,images/Moniter-TV/objects365_v1_00009912_object-0189263.jpg,Moniter/TV,objects365_v1_00009912.jpg,9912,189263,38,353.55615235320005,182.2129516544,73.86633300209996,90.97827148800002,683,512
objects365_v1_00009912_object-0189264.jpg,images/Keyboard/objects365_v1_00009912_object-0189264.jpg,Keyboard,objects365_v1_00009912.jpg,9912,189264,107,362.6824951343,264.9204711936,78.42956541870001,19.96386718719998,683,512
objects365_v1_00009912_object-0189265.jpg,images/Converter/objects365_v1_00009912_object-0189265.jpg,Converter,objects365_v1_00009912.jpg,9912,189265,191,446.1009521613,247.965148928,12.187133790300038,11.314819328000027,683,512
objects365_v1_00009912_object-0189266.jpg,images/Cell-Phone/objects365_v1_00009912_object-0189266.jpg,Cell Phone,objects365_v1_00009912.jpg,9912,189266,62,475.42968746720004,242.044616704,11.177124045099958,21.019775385600013,683,512
objects365_v1_00009912_object-0189267.jpg,images/Printer/objects365_v1_00009912_object-0189267.jpg,Printer,objects365_v1_00009912.jpg,9912,189267,223,512.7963867498,223.0514526208,81.98413079980003,45.730773964799965,683,512
objects365_v1_00009912_object-0189268.jpg,images/Remote/objects365_v1_00009912_object-0189268.jpg,Remote,objects365_v1_00009912.jpg,9912,189268,133,23.8904419233,459.7317505024,39.2083740179,52.31573483520003,683,512
objects365_v1_00009912_object-0189269.jpg,images/Computer-Box/objects365_v1_00009912_object-0189269.jpg,Computer Box,objects365_v1_00009912.jpg,9912,189269,160,626.2155761576,318.0118408192,46.40686037239993,101.70013429759996,683,512
objects365_v1_00009912_object-0189270.jpg,images/Stuffed-Toy/objects365_v1_00009912_object-0189270.jpg,Stuffed Toy,objects365_v1_00009912.jpg,9912,189270,71,231.13891604539998,279.9498901504,50.044006327299996,74.09625241600003,683,512
objects365_v1_00009912_object-0189271.jpg,images/Stuffed-Toy/objects365_v1_00009912_object-0189271.jpg,Stuffed Toy,objects365_v1_00009912.jpg,9912,189271,71,177.6034545615,290.812194816,70.21679688079999,70.9926757888,683,512
objects365_v1_00005038_object-0217445.jpg,images/Person/objects365_v1_00005038_object-0217445.jpg,Person,objects365_v1_00005038.jpg,5038,217445,1,23.3516235264,296.067871104,22.6051635712,26.6110839552,512,768
objects365_v1_00005038_object-0217446.jpg,images/Person/objects365_v1_00005038_object-0217446.jpg,Person,objects365_v1_00005038.jpg,5038,217446,1,0.1907958784,296.0346680064,8.682312038400001,14.884033152000029,512,768
objects365_v1_00005038_object-0217447.jpg,images/Machinery-Vehicle/objects365_v1_00005038_object-0217447.jpg,Machinery Vehicle,objects365_v1_00005038.jpg,5038,217447,110,0.691589376,167.3862915072,511.30737300479996,535.2118530048,512,768
objects365_v1_00005038_object-0217448.jpg,images/Machinery-Vehicle/objects365_v1_00005038_object-0217448.jpg,Machinery Vehicle,objects365_v1_00005038.jpg,5038,217448,110,0.0576782336,264.3824462592,109.586608896,126.60571292160006,512,768
objects365_v1_00005038_object-0217449.jpg,images/Machinery-Vehicle/objects365_v1_00005038_object-0217449.jpg,Machinery Vehicle,objects365_v1_00005038.jpg,5038,217449,110,351.9418945536,57.2849121024,159.04614256640002,366.63708495360004,512,768
objects365_v1_00005038_object-0217450.jpg,images/Machinery-Vehicle/objects365_v1_00005038_object-0217450.jpg,Machinery Vehicle,objects365_v1_00005038.jpg,5038,217450,110,353.5904541184,236.82122803200002,62.75158691840005,99.86273195519999,512,768
objects365_v1_00005038_object-0217451.jpg,images/Car/objects365_v1_00005038_object-0217451.jpg,Car,objects365_v1_00005038.jpg,5038,217451,6,215.2422485504,287.65026854399997,19.60614010879999,14.327636736000045,512,768
objects365_v1_00005038_object-0217452.jpg,images/Pickup-Truck/objects365_v1_00005038_object-0217452.jpg,Pickup Truck,objects365_v1_00005038.jpg,5038,217452,88,238.4302368256,286.7077636608,39.023803699200016,15.45861818879996,512,768
objects365_v1_00005038_object-0217453.jpg,images/Van/objects365_v1_00005038_object-0217453.jpg,Van,objects365_v1_00005038.jpg,5038,217453,50,211.6603393536,272.1916503552,26.581420902399998,15.27014161919999,512,768
objects365_v1_00005038_object-0217454.jpg,images/Pickup-Truck/objects365_v1_00005038_object-0217454.jpg,Pickup Truck,objects365_v1_00005038.jpg,5038,217454,88,192.9968261632,289.347045888,19.417602559999978,12.819335961599961,512,768
objects365_v1_00005038_object-0217455.jpg,images/Truck/objects365_v1_00005038_object-0217455.jpg,Truck,objects365_v1_00005038.jpg,5038,217455,66,328.73156736,278.0357666304,30.35180666880001,21.679809561599996,512,768
objects365_v1_00005038_object-0217456.jpg,images/Car/objects365_v1_00005038_object-0217456.jpg,Car,objects365_v1_00005038.jpg,5038,217456,6,0.0698242048,277.3463134464,182.224548352,29.3549805312,512,768
objects365_v1_00018434_object-0234773.jpg,images/Person/objects365_v1_00018434_object-0234773.jpg,Person,objects365_v1_00018434.jpg,18434,234773,1,273.8350829739,457.5171508736,47.619751033,53.07617187840003,683,512
objects365_v1_00018434_object-0234774.jpg,images/Person/objects365_v1_00018434_object-0234774.jpg,Person,objects365_v1_00018434.jpg,18434,234774,1,316.9187011862,491.4903564288,47.01232908099996,19.315185561600003,683,512
objects365_v1_00018434_object-0234775.jpg,images/Person/objects365_v1_00018434_object-0234775.jpg,Person,objects365_v1_00018434.jpg,18434,234775,1,378.87780759460003,468.9244995072,44.52294925860002,41.9984741376,683,512
objects365_v1_00018434_object-0234776.jpg,images/Person/objects365_v1_00018434_object-0234776.jpg,Person,objects365_v1_00018434.jpg,18434,234776,1,430.51525879570005,475.8095092736,33.736450193399946,35.57244871680001,683,512
objects365_v1_00018434_object-0234777.jpg,images/Person/objects365_v1_00018434_object-0234777.jpg,Person,objects365_v1_00018434.jpg,18434,234777,1,508.5451660131,459.7445068288,41.30993653679991,51.866943385599996,683,512
objects365_v1_00018434_object-0234778.jpg,images/Person/objects365_v1_00018434_object-0234778.jpg,Person,objects365_v1_00018434.jpg,18434,234778,1,540.6751709058,443.2205200384,61.27636717780001,68.39093017599998,683,512
objects365_v1_00018434_object-0234779.jpg,images/Other-Fish/objects365_v1_00018434_object-0234779.jpg,Other Fish,objects365_v1_00018434.jpg,18434,234779,104,422.4698486164,51.9563598848,39.98022460000004,63.86468505599999,683,512
objects365_v1_00018434_object-0234780.jpg,images/Other-Fish/objects365_v1_00018434_object-0234780.jpg,Other Fish,objects365_v1_00018434.jpg,18434,234780,104,667.5440674138999,7.3030395392,15.057495110700074,81.5183105536,683,512
objects365_v1_00018434_object-0234781.jpg,images/Other-Fish/objects365_v1_00018434_object-0234781.jpg,Other Fish,objects365_v1_00018434.jpg,18434,234781,104,-0.0724487469,275.94866944,36.3233642599,49.01470945279999,683,512
objects365_v1_00018434_object-0234782.jpg,images/Other-Fish/objects365_v1_00018434_object-0234782.jpg,Other Fish,objects365_v1_00018434.jpg,18434,234782,104,546.8283691308,92.7175903232,61.88171390260004,26.799194368000002,683,512
objects365_v1_00018434_object-0234783.jpg,images/Other-Fish/objects365_v1_00018434_object-0234783.jpg,Other Fish,objects365_v1_00018434.jpg,18434,234783,104,495.1789550481,54.711425792,77.96130376050002,35.082580531199994,683,512
objects365_v1_00018434_object-0234784.jpg,images/Other-Fish/objects365_v1_00018434_object-0234784.jpg,Other Fish,objects365_v1_00018434.jpg,18434,234784,104,537.5704345838,15.7307739136,74.5505370628,54.08563235839999,683,512
objects365_v1_00018434_object-0234785.jpg,images/Other-Fish/objects365_v1_00018434_object-0234785.jpg,Other Fish,objects365_v1_00018434.jpg,18434,234785,104,170.7492065589,113.7081298944,511.8523559657,396.58941649919996,683,512
objects365_v1_00018434_object-0234786.jpg,images/Other-Fish/objects365_v1_00018434_object-0234786.jpg,Other Fish,objects365_v1_00018434.jpg,18434,234786,104,170.7492065589,113.7081298944,511.8523559657,396.58941649919996,683,512
objects365_v1_00033304_object-0255826.jpg,images/Duck/objects365_v1_00033304_object-0255826.jpg,Duck,objects365_v1_00033304.jpg,33304,255826,137,425.4720458797,196.0383910912,20.3374023856,10.677124044799996,1009,512
objects365_v1_00033304_object-0255827.jpg,images/Duck/objects365_v1_00033304_object-0255827.jpg,Duck,objects365_v1_00033304.jpg,33304,255827,137,450.8937988617,179.2600097792,19.828979494500004,12.710876467199995,1009,512
objects365_v1_00033304_object-0255828.jpg,images/Duck/objects365_v1_00033304_object-0255828.jpg,Duck,objects365_v1_00033304.jpg,33304,255828,137,487.5010986169,222.4769897472,21.862792946100058,11.694030745600003,1009,512
objects365_v1_00033304_object-0255829.jpg,images/Duck/objects365_v1_00033304_object-0255829.jpg,Duck,objects365_v1_00033304.jpg,33304,255829,137,508.85546877280007,199.597412096,26.947021453499985,12.710876467199995,1009,512
objects365_v1_00033304_object-0255830.jpg,images/Duck/objects365_v1_00033304_object-0255830.jpg,Duck,objects365_v1_00033304.jpg,33304,255830,137,535.8024902263,161.9732055552,20.84582517579986,14.744628940799998,1009,512
objects365_v1_00033304_object-0255831.jpg,images/Duck/objects365_v1_00033304_object-0255831.jpg,Duck,objects365_v1_00033304.jpg,33304,255831,137,593.2557373472,216.3757934592,23.896362219699995,13.219299328000005,1009,512
objects365_v1_00033304_object-0255832.jpg,images/Duck/objects365_v1_00033304_object-0255832.jpg,Duck,objects365_v1_00033304.jpg,33304,255832,137,643.0823974281,183.327514624,15.761474680300012,15.253051801600009,1009,512
objects365_v1_00033304_object-0255833.jpg,images/Duck/objects365_v1_00033304_object-0255833.jpg,Duck,objects365_v1_00033304.jpg,33304,255833,137,655.2847900844,165.5322875904,17.286865139899987,13.219299328000005,1009,512
objects365_v1_00033304_object-0255834.jpg,images/Duck/objects365_v1_00033304_object-0255834.jpg,Duck,objects365_v1_00033304.jpg,33304,255834,137,861.3780517874,170.303588864,24.242919918200073,13.774353049599995,1009,512
objects365_v1_00033304_object-0255835.jpg,images/Duck/objects365_v1_00033304_object-0255835.jpg,Duck,objects365_v1_00033304.jpg,33304,255835,137,720.8791503755999,173.6094360576,24.242919918200073,9.917541478400011,1009,512
objects365_v1_00033304_object-0255836.jpg,images/Duck/objects365_v1_00033304_object-0255836.jpg,Duck,objects365_v1_00033304.jpg,33304,255836,137,929.6119385220001,169.0050049024,26.76623529109986,13.000732416000005,1009,512
objects365_v1_00033304_object-0255837.jpg,images/Duck/objects365_v1_00033304_object-0255837.jpg,Duck,objects365_v1_00033304.jpg,33304,255837,137,949.8778076507999,159.0632324096,21.795410109900104,17.206909183999983,1009,512
objects365_v1_00013072_object-0262270.jpg,images/Desk/objects365_v1_00013072_object-0262270.jpg,Desk,objects365_v1_00013072.jpg,13072,262270,10,93.160522464,347.0256957952,450.54443357319997,87.9702758912,683,512
objects365_v1_00013072_object-0262271.jpg,images/Desk/objects365_v1_00013072_object-0262271.jpg,Desk,objects365_v1_00013072.jpg,13072,262271,10,278.25683597020003,432.8610229248,144.69189447629992,67.11932375039999,683,512
objects365_v1_00013072_object-0262272.jpg,images/Storage-box/objects365_v1_00013072_object-0262272.jpg,Storage box,objects365_v1_00013072.jpg,13072,262272,21,-0.7325439321,308.3437499904,95.5720215039,41.791320832,683,512
objects365_v1_00013072_object-0262273.jpg,images/Bed/objects365_v1_00013072_object-0262273.jpg,Bed,objects365_v1_00013072.jpg,13072,262273,76,1.1016235403999999,410.8886718976,681.4906615903,100.35974118400003,683,512
objects365_v1_00013072_object-0262274.jpg,images/Lamp/objects365_v1_00013072_object-0262274.jpg,Lamp,objects365_v1_00013072.jpg,13072,262274,7,497.3933105775,300.566345216,166.04455564559993,135.9684448256,683,512
objects365_v1_00013072_object-0262275.jpg,images/Book/objects365_v1_00013072_object-0262275.jpg,Book,objects365_v1_00013072.jpg,13072,262275,19,279.9408569573,366.888000512,33.58270259049999,25.00836177919996,683,512
objects365_v1_00013072_object-0262276.jpg,images/Laptop/objects365_v1_00013072_object-0262276.jpg,Laptop,objects365_v1_00013072.jpg,13072,262276,74,197.81030270509999,305.8312377856,77.26129152820002,68.197143552,683,512
objects365_v1_00013072_object-0262277.jpg,images/Laptop/objects365_v1_00013072_object-0262277.jpg,Laptop,objects365_v1_00013072.jpg,13072,262277,74,288.02044677879996,287.2713012736,72.94500732360001,63.017578137600026,683,512
objects365_v1_00013072_object-0262278.jpg,images/Moniter-TV/objects365_v1_00013072_object-0262278.jpg,Moniter/TV,objects365_v1_00013072.jpg,13072,262278,38,375.8876953378,309.6564331008,65.4726562052,46.6010742272,683,512
objects365_v1_00013072_object-0262279.jpg,images/Moniter-TV/objects365_v1_00013072_object-0262279.jpg,Moniter/TV,objects365_v1_00013072.jpg,13072,262279,38,459.8466796576,289.244384768,92.43200686590001,82.803588864,683,512
objects365_v1_00013072_object-0262280.jpg,images/Laptop/objects365_v1_00013072_object-0262280.jpg,Laptop,objects365_v1_00013072.jpg,13072,262280,74,491.8127441286,336.2305908224,88.96569826669997,62.77667235839999,683,512
objects365_v1_00013072_object-0262281.jpg,images/Mouse/objects365_v1_00013072_object-0262281.jpg,Mouse,objects365_v1_00013072.jpg,13072,262281,116,488.73168946559997,400.1626587136,30.810668955300002,12.709411583999952,683,512
objects365_v1_00013072_object-0262282.jpg,images/Keyboard/objects365_v1_00013072_object-0262282.jpg,Keyboard,objects365_v1_00013072.jpg,13072,262282,107,425.1846924077,370.507446272,65.85778808929996,26.95928954880003,683,512
objects365_v1_00013072_object-0262283.jpg,images/Mouse/objects365_v1_00013072_object-0262283.jpg,Mouse,objects365_v1_00013072.jpg,13072,262283,116,237.0379028315,368.9831542784,17.233886699800024,11.151306188799992,683,512
objects365_v1_00013072_object-0262284.jpg,images/Moniter-TV/objects365_v1_00013072_object-0262284.jpg,Moniter/TV,objects365_v1_00013072.jpg,13072,262284,38,72.1229858154,279.9793091072,63.27990724419999,77.38446044160003,683,512
objects365_v1_00013072_object-0262285.jpg,images/Keyboard/objects365_v1_00013072_object-0262285.jpg,Keyboard,objects365_v1_00013072.jpg,13072,262285,107,92.32684323859999,357.3637695488,85.77093510000003,27.446716313600007,683,512
objects365_v1_00013072_object-0262286.jpg,images/Cell-Phone/objects365_v1_00013072_object-0262286.jpg,Cell Phone,objects365_v1_00013072.jpg,13072,262286,62,451.8752441155,357.7052001792,20.82788085130005,14.262573260799968,683,512
objects365_v1_00013072_object-0262287.jpg,images/Speaker/objects365_v1_00013072_object-0262287.jpg,Speaker,objects365_v1_00013072.jpg,13072,262287,42,501.112304657,31.4852905472,24.155883794600072,27.815795865599995,683,512
objects365_v1_00013072_object-0262288.jpg,images/Speaker/objects365_v1_00013072_object-0262288.jpg,Speaker,objects365_v1_00013072.jpg,13072,262288,42,250.39477541070002,62.1793212928,35.629760753199974,20.873962393599996,683,512
objects365_v1_00013072_object-0262289.jpg,images/Speaker/objects365_v1_00013072_object-0262289.jpg,Speaker,objects365_v1_00013072.jpg,13072,262289,42,40.4766845962,16.8618164224,23.0201416039,30.887817369599997,683,512
objects365_v1_00013072_object-0262290.jpg,images/Projector/objects365_v1_00013072_object-0262290.jpg,Projector,objects365_v1_00013072.jpg,13072,262290,219,0.0139159884,268.8562621952,76.40405276419999,41.6369629184,683,512
objects365_v1_00013072_object-0262291.jpg,images/Cell-Phone/objects365_v1_00013072_object-0262291.jpg,Cell Phone,objects365_v1_00013072.jpg,13072,262291,62,163.5847778628,373.5211181568,30.33184811710001,10.888366694399963,683,512
objects365_v1_00000093_object-0279072.jpg,images/Person/objects365_v1_00000093_object-0279072.jpg,Person,objects365_v1_00000093.jpg,93,279072,1,282.9585571328,278.2901611152,59.34716794879995,217.36791996239998,512,552
objects365_v1_00000093_object-0279073.jpg,images/Person/objects365_v1_00000093_object-0279073.jpg,Person,objects365_v1_00000093.jpg,93,279073,1,141.3834228736,133.8549194472,144.4352416768,406.13470457279993,512,552
objects365_v1_00000093_object-0279074.jpg,images/Leather-Shoes/objects365_v1_00000093_object-0279074.jpg,Leather Shoes,objects365_v1_00000093.jpg,93,279074,23,309.7315063296,467.4983520288,29.7183838208,25.85882568239998,512,552
objects365_v1_00000093_object-0279075.jpg,images/Leather-Shoes/objects365_v1_00000093_object-0279075.jpg,Leather Shoes,objects365_v1_00000093.jpg,93,279075,23,212.427978496,519.8225097504001,57.27862548480002,17.86413576960001,512,552
objects365_v1_00000093_object-0279076.jpg,images/Trolley/objects365_v1_00000093_object-0279076.jpg,Trolley,objects365_v1_00000093.jpg,93,279076,125,345.133117696,223.4861449944,116.05255127039999,116.05255131840002,512,552
objects365_v1_00000093_object-0279077.jpg,images/Trolley/objects365_v1_00000093_object-0279077.jpg,Trolley,objects365_v1_00000093.jpg,93,279077,125,431.1397094912,196.8203124792,79.99737548799999,109.66778568959998,512,552
objects365_v1_00000093_object-0279078.jpg,images/Cabbage/objects365_v1_00000093_object-0279078.jpg,Cabbage,objects365_v1_00000093.jpg,93,279078,234,394.2326660096,248.854125984,14.556457523199981,17.635681130399973,512,552
objects365_v1_00000093_object-0279079.jpg,images/Cabbage/objects365_v1_00000093_object-0279079.jpg,Cabbage,objects365_v1_00000093.jpg,93,279079,234,409.0690307584,246.8945922792,18.755371110400006,17.63568118560002,512,552
objects365_v1_00000093_object-0279080.jpg,images/Cabbage/objects365_v1_00000093_object-0279080.jpg,Cabbage,objects365_v1_00000093.jpg,93,279080,234,358.9613037056,240.17626955519998,27.433288601599997,19.875122056799995,512,552
objects365_v1_00000093_object-0279081.jpg,images/Person/objects365_v1_00000093_object-0279081.jpg,Person,objects365_v1_00000093.jpg,93,279081,1,232.9067382784,144.5803222824,188.766845696,140.66937252959997,512,552
objects365_v1_00000093_object-0279082.jpg,images/Onion/objects365_v1_00000093_object-0279082.jpg,Onion,objects365_v1_00000093.jpg,93,279082,217,360.9072265728,264.665039076,84.45892331519997,45.341125495200004,512,552
objects365_v1_00040619_object-0295598.jpg,images/Carpet/objects365_v1_00040619_object-0295598.jpg,Carpet,objects365_v1_00040619.jpg,40619,295598,61,201.19451901899998,442.6936035328,240.65472415140005,69.34997555199993,663,512
objects365_v1_00040619_object-0295599.jpg,images/Towel/objects365_v1_00040619_object-0295599.jpg,Towel,objects365_v1_00040619.jpg,40619,295599,70,137.6044922031,235.1871337984,41.48400878699999,88.4154662912,663,512
objects365_v1_00040619_object-0295600.jpg,images/Mirror/objects365_v1_00040619_object-0295600.jpg,Mirror,objects365_v1_00040619.jpg,40619,295600,80,22.2166747842,83.1569213952,103.4406738417,180.6619872768,663,512
objects365_v1_00040619_object-0295601.jpg,images/Lamp/objects365_v1_00040619_object-0295601.jpg,Lamp,objects365_v1_00040619.jpg,40619,295601,7,41.212036109399996,59.5390014464,76.52496341880001,21.901977548799998,663,512
objects365_v1_00040619_object-0295602.jpg,images/Picture-Frame/objects365_v1_00040619_object-0295602.jpg,Picture/Frame,objects365_v1_00040619.jpg,40619,295602,17,28.4579467458,123.3392944128,54.74316412499999,134.20910648319997,663,512
objects365_v1_00040619_object-0295603.jpg,images/Cabinet-shelf/objects365_v1_00040619_object-0295603.jpg,Cabinet/shelf,objects365_v1_00040619.jpg,40619,295603,13,211.7850341841,136.6589965824,53.37884517810002,84.0717163008,663,512
objects365_v1_00040619_object-0295604.jpg,images/Potted-Plant/objects365_v1_00040619_object-0295604.jpg,Potted Plant,objects365_v1_00040619.jpg,40619,295604,26,531.3864745838999,212.2708740096,43.24877933610003,106.58959964159999,663,512
objects365_v1_00040619_object-0295605.jpg,images/Towel/objects365_v1_00040619_object-0295605.jpg,Towel,objects365_v1_00040619.jpg,40619,295605,70,575.6611327818,310.6384277504,34.27941897510004,16.407226521599966,663,512
objects365_v1_00040619_object-0295606.jpg,images/Faucet/objects365_v1_00040619_object-0295606.jpg,Faucet,objects365_v1_00040619.jpg,40619,295606,77,16.1759033046,275.1989135872,45.153808596,225.58355711999997,663,512
objects365_v1_00040619_object-0295607.jpg,images/Sink/objects365_v1_00040619_object-0295607.jpg,Sink,objects365_v1_00040619.jpg,40619,295607,82,36.2472534294,311.8741454848,108.59509275420001,200.10791019519996,663,512
objects365_v1_00040619_object-0295608.jpg,images/Bathtub/objects365_v1_00040619_object-0295608.jpg,Bathtub,objects365_v1_00040619.jpg,40619,295608,192,188.74438479,329.5621948416,233.66772457469997,133.3406982144,663,512
objects365_v1_00040619_object-0295609.jpg,images/Bottle/objects365_v1_00040619_object-0295609.jpg,Bottle,objects365_v1_00040619.jpg,40619,295609,9,226.7038573995,151.6036987392,9.060180686699994,35.8092040704,663,512
objects365_v1_00040619_object-0295610.jpg,images/Bottle/objects365_v1_00040619_object-0295610.jpg,Bottle,objects365_v1_00040619.jpg,40619,295610,9,237.0583496034,151.388000512,9.275878918800004,37.319213824,663,512
objects365_v1_00040619_object-0295611.jpg,images/Soap/objects365_v1_00040619_object-0295611.jpg,Soap,objects365_v1_00040619.jpg,40619,295611,294,77.1716308779,278.706176768,28.687683074700004,8.960021964800035,663,512
objects365_v1_00040619_object-0295612.jpg,images/Soap/objects365_v1_00040619_object-0295612.jpg,Soap,objects365_v1_00040619.jpg,40619,295612,294,232.4456787315,213.1383056896,17.895568836599978,6.58337397759999,663,512
objects365_v1_00040619_object-0295613.jpg,images/Toiletry/objects365_v1_00040619_object-0295613.jpg,Toiletry,objects365_v1_00040619.jpg,40619,295613,106,238.7413940652,150.4367675904,9.50317381649998,37.70611568640001,663,512
objects365_v1_00040619_object-0295614.jpg,images/Toiletry/objects365_v1_00040619_object-0295614.jpg,Toiletry,objects365_v1_00040619.jpg,40619,295614,106,227.2456054401,151.9695434752,9.809753436600005,35.5601806336,663,512
objects365_v1_00040619_object-0295615.jpg,images/Toiletry/objects365_v1_00040619_object-0295615.jpg,Toiletry,objects365_v1_00040619.jpg,40619,295615,106,557.8135986267,295.309997568,22.190185547400006,26.628234854400034,663,512
objects365_v1_00030285_object-0326313.jpg,images/Bed/objects365_v1_00030285_object-0326313.jpg,Bed,objects365_v1_00030285.jpg,30285,326313,76,461.1270751624,296.2786254848,309.9545898444,214.40020751360004,772,512
objects365_v1_00030285_object-0326314.jpg,images/Bed/objects365_v1_00030285_object-0326314.jpg,Bed,objects365_v1_00030285.jpg,30285,326314,76,108.77020266279999,286.424621568,296.81585691920003,224.5528564736,772,512
objects365_v1_00030285_object-0326315.jpg,images/Nightstand/objects365_v1_00030285_object-0326315.jpg,Nightstand,objects365_v1_00030285.jpg,30285,326315,122,398.3775634676,354.3086547968,65.06335449519997,68.0720824832,772,512
objects365_v1_00030285_object-0326316.jpg,images/Mirror/objects365_v1_00030285_object-0326316.jpg,Mirror,objects365_v1_00030285.jpg,30285,326316,80,134.61346437,235.0569458176,50.336547858399996,76.2239379968,772,512
objects365_v1_00030285_object-0326317.jpg,images/Desk/objects365_v1_00030285_object-0326317.jpg,Desk,objects365_v1_00030285.jpg,30285,326317,10,124.14294432439999,305.528137216,95.32354734720002,68.17004395520001,772,512
objects365_v1_00030285_object-0326318.jpg,images/Chair/objects365_v1_00030285_object-0326318.jpg,Chair,objects365_v1_00030285.jpg,30285,326318,3,156.4738769452,290.283325184,50.91186526399997,75.93627929600001,772,512
objects365_v1_00030285_object-0326319.jpg,images/Nightstand/objects365_v1_00030285_object-0326319.jpg,Nightstand,objects365_v1_00030285.jpg,30285,326319,122,638.1437988448,349.6876220928,97.45947263439996,63.27593994240004,772,512
objects365_v1_00030285_object-0326320.jpg,images/Lamp/objects365_v1_00030285_object-0326320.jpg,Lamp,objects365_v1_00030285.jpg,30285,326320,7,327.9028320492,0.903747584,128.49499512239993,75.1987914752,772,512
objects365_v1_00030285_object-0326321.jpg,images/Mirror/objects365_v1_00030285_object-0326321.jpg,Mirror,objects365_v1_00030285.jpg,30285,326321,80,400.34106448480003,204.3588867072,79.25903316079996,139.46539310079996,772,512
objects365_v1_00030285_object-0326322.jpg,images/Lamp/objects365_v1_00030285_object-0326322.jpg,Lamp,objects365_v1_00030285.jpg,30285,326322,7,526.0885009535999,258.8494262784,48.77478027840016,33.532653823999965,772,512
objects365_v1_00030285_object-0326323.jpg,images/Lamp/objects365_v1_00030285_object-0326323.jpg,Lamp,objects365_v1_00030285.jpg,30285,326323,7,315.747314464,256.1820678656,42.77673338080001,30.10321044479997,772,512
objects365_v1_00030285_object-0326324.jpg,images/Lamp/objects365_v1_00030285_object-0326324.jpg,Lamp,objects365_v1_00030285.jpg,30285,326324,7,124.486938492,246.53454592,13.764526315600008,23.674987775999995,772,512
objects365_v1_00030285_object-0326325.jpg,images/Lamp/objects365_v1_00030285_object-0326325.jpg,Lamp,objects365_v1_00030285.jpg,30285,326325,7,182.297973598,247.3604126208,14.315124512799997,23.950256332799995,772,512
objects365_v1_00030285_object-0326326.jpg,images/Nightstand/objects365_v1_00030285_object-0326326.jpg,Nightstand,objects365_v1_00030285.jpg,30285,326326,122,208.24829101560002,338.48803712,35.1934814464,23.792724582400012,772,512
objects365_v1_00030285_object-0326327.jpg,images/Person/objects365_v1_00030285_object-0326327.jpg,Person,objects365_v1_00030285.jpg,30285,326327,1,146.0526122752,286.9938354688,25.607727054799994,15.416870092800025,772,512
objects365_v1_00030285_object-0326328.jpg,images/Telephone/objects365_v1_00030285_object-0326328.jpg,Telephone,objects365_v1_00030285.jpg,30285,326328,124,426.42065430599996,346.0764770304,15.724121089999983,13.678771968000035,772,512
objects365_v1_00014665_object-0327532.jpg,images/Person/objects365_v1_00014665_object-0327532.jpg,Person,objects365_v1_00014665.jpg,14665,327532,1,666.0532226895,283.0755004928,44.82580560240001,91.83813478399998,849,512
objects365_v1_00014665_object-0327533.jpg,images/Person/objects365_v1_00014665_object-0327533.jpg,Person,objects365_v1_00014665.jpg,14665,327533,1,704.1308593602,285.2620849664,18.75952148939996,17.7561645568,849,512
objects365_v1_00014665_object-0327534.jpg,images/Person/objects365_v1_00014665_object-0327534.jpg,Person,objects365_v1_00014665.jpg,14665,327534,1,705.2343750422999,286.7198486528,59.21691891390003,82.36279295999998,849,512
objects365_v1_00014665_object-0327535.jpg,images/Airplane/objects365_v1_00014665_object-0327535.jpg,Airplane,objects365_v1_00014665.jpg,14665,327535,115,26.710693366500003,200.9822998016,579.2816161979999,203.05505372160002,849,512
objects365_v1_00014665_object-0327536.jpg,images/Airplane/objects365_v1_00014665_object-0327536.jpg,Airplane,objects365_v1_00014665.jpg,14665,327536,115,65.3018798643,280.8742675968,64.1671753182,12.408020019200023,849,512
objects365_v1_00014665_object-0327537.jpg,images/Airplane/objects365_v1_00014665_object-0327537.jpg,Airplane,objects365_v1_00014665.jpg,14665,327537,115,159.9572753952,284.7739257856,40.0601806338,10.635437004799996,849,512
objects365_v1_00014665_object-0327538.jpg,images/Airplane/objects365_v1_00014665_object-0327538.jpg,Airplane,objects365_v1_00014665.jpg,14665,327538,115,0.0712280436,285.8374633984,17.371215804,7.444824217600001,849,512
objects365_v1_00014665_object-0327539.jpg,images/Airplane/objects365_v1_00014665_object-0327539.jpg,Airplane,objects365_v1_00014665.jpg,14665,327539,115,602.1448974531,263.8499756032,237.92993163569997,83.802856448,849,512
objects365_v1_00014665_object-0327540.jpg,images/Hat/objects365_v1_00014665_object-0327540.jpg,Hat,objects365_v1_00014665.jpg,14665,327540,5,711.0731467083,285.296456192,25.450625735099948,10.269550745599986,849,512
objects365_v1_00034363_object-0330440.jpg,images/Desk/objects365_v1_00034363_object-0330440.jpg,Desk,objects365_v1_00034363.jpg,34363,330440,10,0.182067905,267.496948224,502.26910393509996,243.6520996352,911,512
objects365_v1_00034363_object-0330441.jpg,images/Chair/objects365_v1_00034363_object-0330441.jpg,Chair,objects365_v1_00034363.jpg,34363,330441,3,831.4235839956999,269.1760253952,78.88623047020008,239.6542968832,911,512
objects365_v1_00034363_object-0330442.jpg,images/Cabinet-shelf/objects365_v1_00034363_object-0330442.jpg,Cabinet/shelf,objects365_v1_00034363.jpg,34363,330442,13,2.8416137928,1.2390136832,412.2756958173,133.196716288,911,512
objects365_v1_00034363_object-0330443.jpg,images/Cabinet-shelf/objects365_v1_00034363_object-0330443.jpg,Cabinet/shelf,objects365_v1_00034363.jpg,34363,330443,13,713.2243652571,-0.8752441344,150.1105956504,86.683593728,911,512
objects365_v1_00034363_object-0330444.jpg,images/Cabinet-shelf/objects365_v1_00034363_object-0330444.jpg,Cabinet/shelf,objects365_v1_00034363.jpg,34363,330444,13,411.9459228362,0.1818847744,302.3354492108,99.3690185216,911,512
objects365_v1_00034363_object-0330445.jpg,images/Desk/objects365_v1_00034363_object-0330445.jpg,Desk,objects365_v1_00034363.jpg,34363,330445,10,443.5545654291,190.4784545792,467.5478515595,145.88214113280003,911,512
objects365_v1_00034363_object-0330446.jpg,images/Person/objects365_v1_00034363_object-0330446.jpg,Person,objects365_v1_00034363.jpg,34363,330446,1,483.51037597720006,59.9602661376,384.79064944769993,452.21124264959997,911,512
objects365_v1_00034363_object-0330447.jpg,images/Watch/objects365_v1_00034363_object-0330447.jpg,Watch,objects365_v1_00034363.jpg,34363,330447,43,578.5380859742,434.7070922752,33.72912591249997,35.94812011519997,911,512
objects365_v1_00034363_object-0330448.jpg,images/Book/objects365_v1_00034363_object-0330448.jpg,Book,objects365_v1_00034363.jpg,34363,330448,19,504.66064455490005,263.7792968704,100.09851072679987,32.57922365439998,911,512
objects365_v1_00034363_object-0330449.jpg,images/Pen-Pencil/objects365_v1_00034363_object-0330449.jpg,Pen/Pencil,objects365_v1_00034363.jpg,34363,330449,55,454.3359375006,295.5901489152,67.67541500290002,7.692077670399954,911,512
objects365_v1_00034363_object-0330450.jpg,images/Calculator/objects365_v1_00034363_object-0330450.jpg,Calculator,objects365_v1_00034363.jpg,34363,330450,317,358.7702636925,471.1586914304,100.20178223340002,40.80462643200002,911,512
objects365_v1_00034363_object-0330451.jpg,images/Tape/objects365_v1_00034363_object-0330451.jpg,Tape,objects365_v1_00034363.jpg,34363,330451,243,458.4505615582,226.6324463104,19.314819302499984,12.623596185599979,911,512
objects365_v1_00034363_object-0330452.jpg,images/Stapler/objects365_v1_00034363_object-0330452.jpg,Stapler,objects365_v1_00034363.jpg,34363,330452,307,479.5606689741999,227.7509155328,56.23291009830001,29.236999526400012,911,512
objects365_v1_00034363_object-0330453.jpg,images/Cup/objects365_v1_00034363_object-0330453.jpg,Cup,objects365_v1_00034363.jpg,34363,330453,11,165.8139648007,417.0123291136,73.97851568499999,67.90209960959999,911,512
objects365_v1_00034363_object-0330454.jpg,images/Keyboard/objects365_v1_00034363_object-0330454.jpg,Keyboard,objects365_v1_00034363.jpg,34363,330454,107,437.467041054,370.752685568,101.95312498229998,124.15252684799998,911,512
objects365_v1_00034363_object-0330455.jpg,images/Speaker/objects365_v1_00034363_object-0330455.jpg,Speaker,objects365_v1_00034363.jpg,34363,330455,42,263.1601562238,157.8023681536,64.95397951019999,95.3754272768,911,512
objects365_v1_00034363_object-0330456.jpg,images/Computer-Box/objects365_v1_00034363_object-0330456.jpg,Computer Box,objects365_v1_00034363.jpg,34363,330456,160,240.96069331889998,213.7120971776,219.52807623369995,103.59747312639999,911,512
objects365_v1_00034363_object-0330457.jpg,images/Moniter-TV/objects365_v1_00034363_object-0330457.jpg,Moniter/TV,objects365_v1_00034363.jpg,34363,330457,38,10.744140594700001,106.0036010496,234.32763672689998,310.7924194816,911,512
objects365_v1_00034363_object-0330458.jpg,images/Mouse/objects365_v1_00034363_object-0330458.jpg,Mouse,objects365_v1_00034363.jpg,34363,330458,116,478.5771484548,352.6642456064,75.6425780747,27.954895001599994,911,512
objects365_v1_00034363_object-0330459.jpg,images/Speaker/objects365_v1_00034363_object-0330459.jpg,Speaker,objects365_v1_00034363.jpg,34363,330459,42,0.0554809932,333.7536010752,103.5974731498,141.41876218880003,911,512
objects365_v1_00034363_object-0330460.jpg,images/Notepaper/objects365_v1_00034363_object-0330460.jpg,Notepaper,objects365_v1_00034363.jpg,34363,330460,282,346.4659424025,234.6362914816,36.040527319900036,21.376831078399988,911,512
objects365_v1_00033171_object-0349679.jpg,images/Wild-Bird/objects365_v1_00033171_object-0349679.jpg,Wild Bird,objects365_v1_00033171.jpg,33171,349679,57,296.08081056009996,236.6817016832,68.31738282810005,22.13989253120002,683,512
objects365_v1_00033171_object-0349680.jpg,images/Goose/objects365_v1_00033171_object-0349680.jpg,Goose,objects365_v1_00033171.jpg,33171,349680,242,294.1831054417,224.6629028352,25.302734433900014,27.83300782080002,683,512
objects365_v1_00033171_object-0349681.jpg,images/Wild-Bird/objects365_v1_00033171_object-0349681.jpg,Wild Bird,objects365_v1_00033171.jpg,33171,349681,57,225.2331543091,211.378967296,71.48022462380001,51.87060546559999,683,512
objects365_v1_00033171_object-0349682.jpg,images/Goose/objects365_v1_00033171_object-0349682.jpg,Goose,objects365_v1_00033171.jpg,33171,349682,242,135.4084472839,234.1514281984,34.158691379900006,22.139892582399995,683,512
objects365_v1_00033171_object-0349683.jpg,images/Goose/objects365_v1_00033171_object-0349683.jpg,Goose,objects365_v1_00033171.jpg,33171,349683,242,87.02069089049999,243.5891113472,41.767761272,17.497314457599998,683,512
objects365_v1_00033171_object-0349684.jpg,images/Goose/objects365_v1_00033171_object-0349684.jpg,Goose,objects365_v1_00033171.jpg,33171,349684,242,54.28381345099999,250.9266967552,27.657043493300016,12.981872588800002,683,512
objects365_v1_00033171_object-0349685.jpg,images/Goose/objects365_v1_00033171_object-0349685.jpg,Goose,objects365_v1_00033171.jpg,33171,349685,242,428.0423583973,451.9877319168,35.319213835100015,13.963378943999999,683,512
objects365_v1_00033171_object-0349686.jpg,images/Goose/objects365_v1_00033171_object-0349686.jpg,Goose,objects365_v1_00033171.jpg,33171,349686,242,-0.4657592828,243.3209839104,49.9667358736,24.538574182399998,683,512
objects365_v1_00021547_object-0358340.jpg,images/Chair/objects365_v1_00021547_object-0358340.jpg,Chair,objects365_v1_00021547.jpg,21547,358340,3,428.6893310479,338.503051776,260.3664550772999,173.5046386688,689,512
objects365_v1_00021547_object-0358341.jpg,images/Desk/objects365_v1_00021547_object-0358341.jpg,Desk,objects365_v1_00021547.jpg,21547,358341,10,52.060791012100005,220.7824096768,606.317749037,261.553527808,689,512
objects365_v1_00021547_object-0358342.jpg,images/Toiletry/objects365_v1_00021547_object-0358342.jpg,Toiletry,objects365_v1_00021547.jpg,21547,358342,106,250.8959350404,218.889465344,26.86877446110003,53.737609830399975,689,512
objects365_v1_00021547_object-0358343.jpg,images/Bottle/objects365_v1_00021547_object-0358343.jpg,Bottle,objects365_v1_00021547.jpg,21547,358343,9,253.1926269704,220.6219482624,21.013793912799997,51.26440427519998,689,512
objects365_v1_00021547_object-0358344.jpg,images/Moniter-TV/objects365_v1_00021547_object-0358344.jpg,Moniter/TV,objects365_v1_00021547.jpg,21547,358344,38,229.37048338879998,18.4982299648,205.5013427727,194.3931274752,689,512
objects365_v1_00021547_object-0358345.jpg,images/Speaker/objects365_v1_00021547_object-0358345.jpg,Speaker,objects365_v1_00021547.jpg,21547,358345,42,270.10906982669997,199.1709594624,126.86737063260006,90.51416017920002,689,512
objects365_v1_00021547_object-0358346.jpg,images/Speaker/objects365_v1_00021547_object-0358346.jpg,Speaker,objects365_v1_00021547.jpg,21547,358346,42,453.00744631870003,110.43322752,44.72375485889995,60.08166507519999,689,512
objects365_v1_00021547_object-0358347.jpg,images/Keyboard/objects365_v1_00021547_object-0358347.jpg,Keyboard,objects365_v1_00021547.jpg,21547,358347,107,310.1689453083,278.6589965824,211.23754881580004,86.96405027840001,689,512
objects365_v1_00021547_object-0358348.jpg,images/Mouse/objects365_v1_00021547_object-0358348.jpg,Mouse,objects365_v1_00021547.jpg,21547,358348,116,521.5782470795,259.5444946432,41.091918935600006,26.210021939200033,689,512
objects365_v1_00021547_object-0358349.jpg,images/Speaker/objects365_v1_00021547_object-0358349.jpg,Speaker,objects365_v1_00021547.jpg,21547,358349,42,29.216674800299998,154.6025390592,72.4172363447,88.51000975359997,689,512
objects365_v1_00021547_object-0358350.jpg,images/Speaker/objects365_v1_00021547_object-0358350.jpg,Speaker,objects365_v1_00021547.jpg,21547,358350,42,398.94360353250005,-0.0307006976,70.54724121899994,124.0800781312,689,512
objects365_v1_00021547_object-0358351.jpg,images/Computer-Box/objects365_v1_00021547_object-0358351.jpg,Computer Box,objects365_v1_00021547.jpg,21547,358351,160,501.9047851233,311.5705566208,170.2760010133,104.84246830080002,689,512
objects365_v1_00026157_object-0449168.jpg,images/Desk/objects365_v1_00026157_object-0449168.jpg,Desk,objects365_v1_00026157.jpg,26157,449168,10,0.0047607149,142.4672851456,621.3848877027,369.542724608,683,512
objects365_v1_00026157_object-0449169.jpg,images/Mirror/objects365_v1_00026157_object-0449169.jpg,Mirror,objects365_v1_00026157.jpg,26157,449169,80,432.27709964170003,43.1737060352,65.43798821799999,124.10632325120001,683,512
objects365_v1_00026157_object-0449170.jpg,images/Book/objects365_v1_00026157_object-0449170.jpg,Book,objects365_v1_00026157.jpg,26157,449170,19,-1.1140136385,255.7308959744,96.09844969599999,85.85845949440002,683,512
objects365_v1_00026157_object-0449171.jpg,images/Book/objects365_v1_00026157_object-0449171.jpg,Book,objects365_v1_00026157.jpg,26157,449171,19,14.881774919700002,256.5775146496,61.012878413299994,53.07623290880002,683,512
objects365_v1_00026157_object-0449172.jpg,images/Book/objects365_v1_00026157_object-0449172.jpg,Book,objects365_v1_00026157.jpg,26157,449172,19,20.3382568655,298.7408447488,55.556396467499994,18.35345459199999,683,512
objects365_v1_00026157_object-0449173.jpg,images/Book/objects365_v1_00026157_object-0449173.jpg,Book,objects365_v1_00026157.jpg,26157,449173,19,584.6666259564,232.4653930496,97.91271973929997,56.57183841279996,683,512
objects365_v1_00026157_object-0449174.jpg,images/Book/objects365_v1_00026157_object-0449174.jpg,Book,objects365_v1_00026157.jpg,26157,449174,19,553.2204589680999,235.491394048,40.39318846090009,36.99560545279999,683,512
objects365_v1_00026157_object-0449175.jpg,images/Scissors/objects365_v1_00026157_object-0449175.jpg,Scissors,objects365_v1_00026157.jpg,26157,449175,170,27.629760716800003,128.1817016832,26.571411168500003,41.142883276800006,683,512
objects365_v1_00026157_object-0449176.jpg,images/Tape-Measur-Ruler/objects365_v1_00026157_object-0449176.jpg,Tape Measur/ Ruler,objects365_v1_00026157.jpg,26157,449176,300,13.5725708092,88.4102782976,28.071411124100003,79.65716556800001,683,512
objects365_v1_00026157_object-0449177.jpg,images/Laptop/objects365_v1_00026157_object-0449177.jpg,Laptop,objects365_v1_00026157.jpg,26157,449177,74,152.7583007586,112.1672973824,219.99707031629998,168.26647946239999,683,512
objects365_v1_00026157_object-0449178.jpg,images/Mouse/objects365_v1_00026157_object-0449178.jpg,Mouse,objects365_v1_00026157.jpg,26157,449178,116,362.52294920289995,196.8689575424,42.06665040460007,26.71801753599999,683,512
objects365_v1_00026157_object-0449179.jpg,images/Speaker/objects365_v1_00026157_object-0449179.jpg,Speaker,objects365_v1_00026157.jpg,26157,449179,42,398.73669435330004,101.1923828224,40.094360320199996,64.73571778559999,683,512
objects365_v1_00026157_object-0449180.jpg,images/Speaker/objects365_v1_00026157_object-0449180.jpg,Speaker,objects365_v1_00026157.jpg,26157,449180,42,0.35900877330000003,158.5905761792,23.912414579700002,62.17230223359999,683,512
objects365_v1_00026157_object-0449181.jpg,images/Cell-Phone/objects365_v1_00026157_object-0449181.jpg,Cell Phone,objects365_v1_00026157.jpg,26157,449181,62,23.8676757575,259.7680664064,29.8129272561,27.94958494719998,683,512
objects365_v1_00026157_object-0449182.jpg,images/Cell-Phone/objects365_v1_00026157_object-0449182.jpg,Cell Phone,objects365_v1_00026157.jpg,26157,449182,62,24.6130371408,228.8371581952,52.1725463217,37.63879393280001,683,512
objects365_v1_00026157_object-0449183.jpg,images/Extention-Cord/objects365_v1_00026157_object-0449183.jpg,Extention Cord,objects365_v1_00026157.jpg,26157,449183,203,316.0961914013,367.9188232192,77.80932615210003,40.18725585919998,683,512
objects365_v1_00026157_object-0449184.jpg,images/Converter/objects365_v1_00026157_object-0449184.jpg,Converter,objects365_v1_00026157.jpg,26157,449184,191,288.3071899175,376.8968505856,33.77435307349998,29.926635724800008,683,512
objects365_v1_00026157_object-0449185.jpg,images/Briefcase/objects365_v1_00026157_object-0449185.jpg,Briefcase,objects365_v1_00026157.jpg,26157,449185,195,476.136840806,264.8461303808,153.006713869,150.51373291520002,683,512
objects365_v1_00026157_object-0449186.jpg,images/Pen-Pencil/objects365_v1_00026157_object-0449186.jpg,Pen/Pencil,objects365_v1_00026157.jpg,26157,449186,55,51.5816039986,158.1275634688,34.20001219689999,50.200012236800006,683,512
objects365_v1_00009955_object-0478047.jpg,images/Towel/objects365_v1_00009955_object-0478047.jpg,Towel,objects365_v1_00009955.jpg,9955,478047,70,622.2530517280001,188.7877197312,146.47302246499999,314.1902465536,770,512
objects365_v1_00009955_object-0478048.jpg,images/Person/objects365_v1_00009955_object-0478048.jpg,Person,objects365_v1_00009955.jpg,9955,478048,1,-0.19207765499999999,0.85913088,647.836120624,125.877685504,770,512
objects365_v1_00009955_object-0478049.jpg,images/Person/objects365_v1_00009955_object-0478049.jpg,Person,objects365_v1_00009955.jpg,9955,478049,1,656.3251952950001,-0.226013184,112.85583501499991,82.47161866239999,770,512
objects365_v1_00009955_object-0478050.jpg,images/Plate/objects365_v1_00009955_object-0478050.jpg,Plate,objects365_v1_00009955.jpg,9955,478050,16,84.17864994,182.782165504,557.546081477,259.1411132928,770,512
objects365_v1_00009955_object-0478051.jpg,images/Fork/objects365_v1_00009955_object-0478051.jpg,Fork,objects365_v1_00009955.jpg,9955,478051,89,679.823486342,183.1960449024,90.63427734899994,118.4644775424,770,512
objects365_v1_00009955_object-0478052.jpg,images/Cup/objects365_v1_00009955_object-0478052.jpg,Cup,objects365_v1_00009955.jpg,9955,478052,11,682.2824707159999,73.3322143744,88.17529297500005,119.81066890240001,770,512
objects365_v1_00009955_object-0478053.jpg,images/Wine-Glass/objects365_v1_00009955_object-0478053.jpg,Wine Glass,objects365_v1_00009955.jpg,9955,478053,36,603.53051759,0.1485595648,109.71423339799992,169.43603517440002,770,512
objects365_v1_00009955_object-0478054.jpg,images/Bowl-Basin/objects365_v1_00009955_object-0478054.jpg,Bowl/Basin,objects365_v1_00009955.jpg,9955,478054,27,361.889892595,45.062255872,265.8719481879999,135.809570304,770,512
objects365_v1_00009955_object-0478055.jpg,images/Plate/objects365_v1_00009955_object-0478055.jpg,Plate,objects365_v1_00009955.jpg,9955,478055,16,612.953857439,73.3322143744,88.17529297499993,50.48199459840001,770,512
objects365_v1_00009955_object-0478056.jpg,images/Plate/objects365_v1_00009955_object-0478056.jpg,Plate,objects365_v1_00009955.jpg,9955,478056,16,0.43847657700000003,78.7169189376,357.194458005,126.5416260096,770,512
objects365_v1_00009955_object-0478057.jpg,images/Bowl-Basin/objects365_v1_00009955_object-0478057.jpg,Bowl/Basin,objects365_v1_00009955.jpg,9955,478057,27,12.554138212,30.9273071104,197.88958735699998,105.8175049216,770,512
objects365_v1_00009955_object-0478058.jpg,images/Knife/objects365_v1_00009955_object-0478058.jpg,Knife,objects365_v1_00009955.jpg,9955,478058,85,737.4875487979999,176.7442016768,32.554565428000046,57.15136716800001,770,512
objects365_v1_00009955_object-0478059.jpg,images/Tomato/objects365_v1_00009955_object-0478059.jpg,Tomato,objects365_v1_00009955.jpg,9955,478059,108,512.425903297,176.4942626816,66.85510254500002,33.0044555776,770,512
objects365_v1_00009955_object-0478060.jpg,images/Tomato/objects365_v1_00009955_object-0478060.jpg,Tomato,objects365_v1_00009955.jpg,9955,478060,108,467.573608425,180.0908813312,44.64062495200005,35.33172608000001,770,512
objects365_v1_00009955_object-0478061.jpg,images/Tomato/objects365_v1_00009955_object-0478061.jpg,Tomato,objects365_v1_00009955.jpg,9955,478061,108,352.481079104,169.300964352,64.31640623100003,37.02423096320001,770,512
objects365_v1_00009955_object-0478062.jpg,images/Tomato/objects365_v1_00009955_object-0478062.jpg,Tomato,objects365_v1_00009955.jpg,9955,478062,108,257.487426735,221.6562500096,50.594848689,18.497009254400012,770,512
objects365_v1_00009955_object-0478063.jpg,images/Tomato/objects365_v1_00009955_object-0478063.jpg,Tomato,objects365_v1_00009955.jpg,9955,478063,108,303.458007776,194.4547729408,21.76110844599998,13.600769075199992,770,512
objects365_v1_00009955_object-0478064.jpg,images/Tomato/objects365_v1_00009955_object-0478064.jpg,Tomato,objects365_v1_00009955.jpg,9955,478064,108,193.83599851,253.2100219904,66.64361573099998,44.61041259520002,770,512
objects365_v1_00009955_object-0478065.jpg,images/Tomato/objects365_v1_00009955_object-0478065.jpg,Tomato,objects365_v1_00009955.jpg,9955,478065,108,284.41699216700005,289.1159668224,86.77270509599992,45.69848632319997,770,512
objects365_v1_00009955_object-0478066.jpg,images/Tomato/objects365_v1_00009955_object-0478066.jpg,Tomato,objects365_v1_00009955.jpg,9955,478066,108,376.630004905,248.3137206784,111.79809571699997,70.45184327679999,770,512
objects365_v1_00045561_object-0487361.jpg,images/Person/objects365_v1_00045561_object-0487361.jpg,Person,objects365_v1_00045561.jpg,45561,487361,1,491.22802731800004,128.6245727744,32.38562013719991,85.65771484159998,692,512
objects365_v1_00045561_object-0487362.jpg,images/Person/objects365_v1_00045561_object-0487362.jpg,Person,objects365_v1_00045561.jpg,45561,487362,1,307.1589355172,131.4544677888,23.538208037999993,67.845458944,692,512
objects365_v1_00045561_object-0487363.jpg,images/Person/objects365_v1_00045561_object-0487363.jpg,Person,objects365_v1_00045561.jpg,45561,487363,1,351.884887716,149.9494628864,12.642944284400016,46.3578491392,692,512
objects365_v1_00045561_object-0487364.jpg,images/Pumpkin/objects365_v1_00045561_object-0487364.jpg,Pumpkin,objects365_v1_00045561.jpg,45561,487364,118,6.2230834783999995,345.3292236288,51.777160658,52.66577146880002,692,512
objects365_v1_00045561_object-0487365.jpg,images/Pumpkin/objects365_v1_00045561_object-0487365.jpg,Pumpkin,objects365_v1_00045561.jpg,45561,487365,118,52.806884753199995,274.398071296,50.2845459296,47.04833981439998,692,512
objects365_v1_00045561_object-0487366.jpg,images/Pumpkin/objects365_v1_00045561_object-0487366.jpg,Pumpkin,objects365_v1_00045561.jpg,45561,487366,118,185.82623294040002,314.4387207168,42.93054193679998,62.88415523840001,692,512
objects365_v1_00045561_object-0487367.jpg,images/Pumpkin/objects365_v1_00045561_object-0487367.jpg,Pumpkin,objects365_v1_00045561.jpg,45561,487367,118,312.717346214,214.4567870976,39.31488034280005,41.28057861120001,692,512
objects365_v1_00045561_object-0487368.jpg,images/Pumpkin/objects365_v1_00045561_object-0487368.jpg,Pumpkin,objects365_v1_00045561.jpg,45561,487368,118,327.4603881528,274.084289536,42.26348881359996,49.79876710399998,692,512
objects365_v1_00045561_object-0487369.jpg,images/Pumpkin/objects365_v1_00045561_object-0487369.jpg,Pumpkin,objects365_v1_00045561.jpg,45561,487369,118,317.3007201916,368.4398803456,32.34442143279995,42.54431155200001,692,512
objects365_v1_00045561_object-0487370.jpg,images/Pumpkin/objects365_v1_00045561_object-0487370.jpg,Pumpkin,objects365_v1_00045561.jpg,45561,487370,118,368.32080081000004,409.7706909184,73.96020502799996,80.9761352704,692,512
objects365_v1_00045561_object-0487371.jpg,images/Pumpkin/objects365_v1_00045561_object-0487371.jpg,Pumpkin,objects365_v1_00045561.jpg,45561,487371,118,464.967407202,335.8076171776,64.20239260799997,58.403442380800016,692,512
objects365_v1_00045561_object-0487372.jpg,images/Pumpkin/objects365_v1_00045561_object-0487372.jpg,Pumpkin,objects365_v1_00045561.jpg,45561,487372,118,425.2033691736,309.8604126208,26.50939937520002,33.170471168000006,692,512
objects365_v1_00045561_object-0487373.jpg,images/Pumpkin/objects365_v1_00045561_object-0487373.jpg,Pumpkin,objects365_v1_00045561.jpg,45561,487373,118,491.48950194,229.8251342848,44.734497084,42.60430909440001,692,512
objects365_v1_00045561_object-0487374.jpg,images/Pumpkin/objects365_v1_00045561_object-0487374.jpg,Pumpkin,objects365_v1_00045561.jpg,45561,487374,118,410.5412597488,224.347473152,47.1690674024,37.12658693120002,692,512
objects365_v1_00045561_object-0487375.jpg,images/Person/objects365_v1_00045561_object-0487375.jpg,Person,objects365_v1_00045561.jpg,45561,487375,1,4.7905273608000005,119.7351074304,175.9182738896,159.0789794816,692,512
objects365_v1_00045561_object-0487376.jpg,images/Flower/objects365_v1_00045561_object-0487376.jpg,Flower,objects365_v1_00045561.jpg,45561,487376,24,55.512695336,226.7106323456,578.0885009824,211.63165281279998,692,512
objects365_v1_00002483_object-0496724.jpg,images/Pillow/objects365_v1_00002483_object-0496724.jpg,Pillow,objects365_v1_00002483.jpg,2483,496724,29,161.69262695999998,312.883972176,108.30322264,37.13250729600003,800,480
objects365_v1_00002483_object-0496725.jpg,images/Bed/objects365_v1_00002483_object-0496725.jpg,Bed,objects365_v1_00002483.jpg,2483,496725,76,162.93035888,322.785949728,287.77728272,112.635375936,800,480
objects365_v1_00002483_object-0496726.jpg,images/Air-Conditioner/objects365_v1_00002483_object-0496726.jpg,Air Conditioner,objects365_v1_00002483.jpg,2483,496726,84,383.77624512,101.528869632,83.20056151999995,26.18499753600001,800,480
objects365_v1_00002483_object-0496727.jpg,images/Mirror/objects365_v1_00002483_object-0496727.jpg,Mirror,objects365_v1_00002483.jpg,2483,496727,80,671.8381348,113.87371824,113.05334471999993,299.5912476,800,480
objects365_v1_00002483_object-0496728.jpg,images/Stool/objects365_v1_00002483_object-0496728.jpg,Stool,objects365_v1_00002483.jpg,2483,496728,48,513.37939456,409.779968256,64.42395016,69.43591310400001,800,480
objects365_v1_00002483_object-0496729.jpg,images/Nightstand/objects365_v1_00002483_object-0496729.jpg,Nightstand,objects365_v1_00002483.jpg,2483,496729,122,241.49401856,304.110839856,69.43554687999998,17.93756102399999,800,480
objects365_v1_00002483_object-0496730.jpg,images/Nightstand/objects365_v1_00002483_object-0496730.jpg,Nightstand,objects365_v1_00002483.jpg,2483,496730,122,76.81286624,349.642150896,127.17047120000001,60.48797606400001,800,480
objects365_v1_00002483_object-0496731.jpg,images/Pillow/objects365_v1_00002483_object-0496731.jpg,Pillow,objects365_v1_00002483.jpg,2483,496731,29,0.65631104,392.587524432,95.4308472,48.25506590399999,800,480
objects365_v1_00002483_object-0496732.jpg,images/Bed/objects365_v1_00002483_object-0496732.jpg,Bed,objects365_v1_00002483.jpg,2483,496732,76,2.77685544,402.025756848,408.20605472,77.54449463999998,800,480
objects365_v1_00002483_object-0496733.jpg,images/Stool/objects365_v1_00002483_object-0496733.jpg,Stool,objects365_v1_00002483.jpg,2483,496733,48,471.19482424,296.11999512,19.41455080000003,33.39306638400001,800,480
objects365_v1_00002483_object-0496734.jpg,images/Stool/objects365_v1_00002483_object-0496734.jpg,Stool,objects365_v1_00002483.jpg,2483,496734,48,370.50720216,292.805969232,36.818237280000005,35.386413600000026,800,480
objects365_v1_00002483_object-0496735.jpg,images/Stool/objects365_v1_00002483_object-0496735.jpg,Stool,objects365_v1_00002483.jpg,2483,496735,48,426.47094728,297.224121072,37.30908199999993,34.85461425599999,800,480
objects365_v1_00002483_object-0496736.jpg,images/Desk/objects365_v1_00002483_object-0496736.jpg,Desk,objects365_v1_00002483.jpg,2483,496736,10,540.07897952,313.37518310400003,260.1445312000001,167.42639159999993,800,480
objects365_v1_00002483_object-0496737.jpg,images/Telephone/objects365_v1_00002483_object-0496737.jpg,Telephone,objects365_v1_00002483.jpg,2483,496737,124,79.89245608,358.75024416,51.63281248,17.089294415999973,800,480
objects365_v1_00002483_object-0496738.jpg,images/Moniter-TV/objects365_v1_00002483_object-0496738.jpg,Moniter/TV,objects365_v1_00002483.jpg,2483,496738,38,545.0145264,123.3510132,64.6950683199999,53.782653792000005,800,480
objects365_v1_00002483_object-0496739.jpg,images/Remote/objects365_v1_00002483_object-0496739.jpg,Remote,objects365_v1_00002483.jpg,2483,496739,133,156.80053712,355.454711904,21.355468720000005,8.494628927999997,800,480
objects365_v1_00002483_object-0496740.jpg,images/Remote/objects365_v1_00002483_object-0496740.jpg,Remote,objects365_v1_00002483.jpg,2483,496740,133,158.97174071999999,354.88201905600005,28.060546880000004,6.299316383999951,800,480
objects365_v1_00002483_object-0496741.jpg,images/Cup/objects365_v1_00002483_object-0496741.jpg,Cup,objects365_v1_00002483.jpg,2483,496741,11,676.7180176,346.832275392,25.244018559999972,31.735229472000015,800,480
objects365_v1_00040753_object-0501430.jpg,images/Cabinet-shelf/objects365_v1_00040753_object-0501430.jpg,Cabinet/shelf,objects365_v1_00040753.jpg,40753,501430,13,180.0062256256,28.117675776,79.40112300450005,154.238830592,803,512
objects365_v1_00040753_object-0501431.jpg,images/Cabinet-shelf/objects365_v1_00040753_object-0501431.jpg,Cabinet/shelf,objects365_v1_00040753.jpg,40753,501431,13,594.3520507804001,29.9429321216,136.8984375186999,154.23889162240002,803,512
objects365_v1_00040753_object-0501432.jpg,images/Cabinet-shelf/objects365_v1_00040753_object-0501432.jpg,Cabinet/shelf,objects365_v1_00040753.jpg,40753,501432,13,1.1256714172,1.6972045824,124.12121578560001,72.965881344,803,512
objects365_v1_00040753_object-0501433.jpg,images/Cabinet-shelf/objects365_v1_00040753_object-0501433.jpg,Cabinet/shelf,objects365_v1_00040753.jpg,40753,501433,13,140.447204557,-0.0270080512,42.511169465600005,97.728363008,803,512
objects365_v1_00040753_object-0501434.jpg,images/Cabinet-shelf/objects365_v1_00040753_object-0501434.jpg,Cabinet/shelf,objects365_v1_00040753.jpg,40753,501434,13,243.05908206910001,272.3967895552,107.1468505261,131.5319213568,803,512
objects365_v1_00040753_object-0501435.jpg,images/Cabinet-shelf/objects365_v1_00040753_object-0501435.jpg,Cabinet/shelf,objects365_v1_00040753.jpg,40753,501435,13,350.9448242069,273.8746948096,160.35083006359997,132.2708740608,803,512
objects365_v1_00040753_object-0501436.jpg,images/Cabinet-shelf/objects365_v1_00040753_object-0501436.jpg,Cabinet/shelf,objects365_v1_00040753.jpg,40753,501436,13,564.499511752,287.1756591616,234.24511718410008,222.4219971072,803,512
objects365_v1_00040753_object-0501437.jpg,images/Cabinet-shelf/objects365_v1_00040753_object-0501437.jpg,Cabinet/shelf,objects365_v1_00040753.jpg,40753,501437,13,622.8760986591,274.6136474624,100.49621582110001,140.39923097599996,803,512
objects365_v1_00040753_object-0501438.jpg,images/Cabinet-shelf/objects365_v1_00040753_object-0501438.jpg,Cabinet/shelf,objects365_v1_00040753.jpg,40753,501438,13,218.4329833697,270.1655883776,21.179565445500003,145.23132323840002,803,512
objects365_v1_00040753_object-0501439.jpg,images/Cabinet-shelf/objects365_v1_00040753_object-0501439.jpg,Cabinet/shelf,objects365_v1_00040753.jpg,40753,501439,13,89.8640747279,1.3271484416,50.58312982909999,96.3742065152,803,512
objects365_v1_00040753_object-0501440.jpg,images/Carpet/objects365_v1_00040753_object-0501440.jpg,Carpet,objects365_v1_00040753.jpg,40753,501440,61,324.99584957620004,414.6146850816,192.7441406692999,48.363830527999994,803,512
objects365_v1_00040753_object-0501441.jpg,images/Vase/objects365_v1_00040753_object-0501441.jpg,Vase,objects365_v1_00040753.jpg,40753,501441,31,372.1282959262,191.7783203328,18.203613237699983,22.175353958399995,803,512
objects365_v1_00040753_object-0501442.jpg,images/Faucet/objects365_v1_00040753_object-0501442.jpg,Faucet,objects365_v1_00040753.jpg,40753,501442,77,407.54797364930005,224.915710464,25.620117142399977,27.837280256000014,803,512
objects365_v1_00040753_object-0501443.jpg,images/Sink/objects365_v1_00040753_object-0501443.jpg,Sink,objects365_v1_00040753.jpg,40753,501443,82,356.9405517854,251.7029419008,73.76245114259996,20.065612799999997,803,512
objects365_v1_00040753_object-0501444.jpg,images/Sink/objects365_v1_00040753_object-0501444.jpg,Sink,objects365_v1_00040753.jpg,40753,501444,82,429.8551025406,245.768005376,75.17541500150003,20.913513164800037,803,512
objects365_v1_00040753_object-0501445.jpg,images/Telephone/objects365_v1_00040753_object-0501445.jpg,Telephone,objects365_v1_00040753.jpg,40753,501445,124,733.6273193161,131.3646240256,32.85998537799992,40.23675535360002,803,512
objects365_v1_00040753_object-0501446.jpg,images/Oven/objects365_v1_00040753_object-0501446.jpg,Oven,objects365_v1_00040753.jpg,40753,501446,135,186.45068357629998,303.590270976,49.577392564700006,201.3275757056,803,512
objects365_v1_00040753_object-0501447.jpg,images/Gas-stove/objects365_v1_00040753_object-0501447.jpg,Gas stove,objects365_v1_00040753.jpg,40753,501447,150,186.45068357629998,274.2749023232,38.36865234290002,49.57745361919996,803,512
objects365_v1_00040753_object-0501448.jpg,images/Coffee-Machine/objects365_v1_00040753_object-0501448.jpg,Coffee Machine,objects365_v1_00040753.jpg,40753,501448,214,195.1823730813,203.7083129856,50.2247314162,52.66809082880002,803,512
objects365_v1_00040753_object-0501449.jpg,images/Cup/objects365_v1_00040753_object-0501449.jpg,Cup,objects365_v1_00040753.jpg,40753,501449,11,373.00512695820004,192.848937984,15.474609386499992,20.0899047936,803,512
objects365_v1_00040753_object-0501450.jpg,images/Refrigerator/objects365_v1_00040753_object-0501450.jpg,Refrigerator,objects365_v1_00040753.jpg,40753,501450,134,0.1722411713,74.4844360192,187.3417969269,437.0242919936,803,512
objects365_v1_00040753_object-0501451.jpg,images/Apple/objects365_v1_00040753_object-0501451.jpg,Apple,objects365_v1_00040753.jpg,40753,501451,83,440.94287113359997,202.2432861184,11.982910112800027,10.687561062399993,803,512
objects365_v1_00040753_object-0501452.jpg,images/Apple/objects365_v1_00040753_object-0501452.jpg,Apple,objects365_v1_00040753.jpg,40753,501452,83,454.86901852150004,202.351257344,11.443237340699909,11.227355955199982,803,512
objects365_v1_00040753_object-0501453.jpg,images/Bakset/objects365_v1_00040753_object-0501453.jpg,Bakset,objects365_v1_00040753.jpg,40753,501453,53,629.5480957336999,226.9379883008,31.68652341580014,31.183471667200024,803,512
objects365_v1_00040753_object-0501454.jpg,images/Toiletry/objects365_v1_00040753_object-0501454.jpg,Toiletry,objects365_v1_00040753.jpg,40753,501454,106,378.0440673493,229.158935552,14.117309567900008,26.24353029119999,803,512
objects365_v1_00040753_object-0501455.jpg,images/Toilet-Paper/objects365_v1_00040753_object-0501455.jpg,Toilet Paper,objects365_v1_00040753.jpg,40753,501455,161,305.52185059,204.4817504768,11.71398926720002,47.38842772480001,803,512
objects365_v1_00040753_object-0501456.jpg,images/Bottle/objects365_v1_00040753_object-0501456.jpg,Bottle,objects365_v1_00040753.jpg,40753,501456,9,618.2253417978001,64.053955072,84.78466795479994,104.90295408640002,803,512
objects365_v1_00020484_object-0507529.jpg,images/Desk/objects365_v1_00020484_object-0507529.jpg,Desk,objects365_v1_00020484.jpg,20484,507529,10,32.6468506211,402.8076171776,56.7556152059,72.31414794240004,769,512
objects365_v1_00020484_object-0507530.jpg,images/Cabinet-shelf/objects365_v1_00020484_object-0507530.jpg,Cabinet/shelf,objects365_v1_00020484.jpg,20484,507530,13,616.2115478292,380.941223168,90.08654784850012,71.43225093119997,769,512
objects365_v1_00020484_object-0507531.jpg,images/Person/objects365_v1_00020484_object-0507531.jpg,Person,objects365_v1_00020484.jpg,20484,507531,1,-0.2001342494,305.7406616064,48.1864013569,189.7712402432,769,512
objects365_v1_00020484_object-0507532.jpg,images/Person/objects365_v1_00020484_object-0507532.jpg,Person,objects365_v1_00020484.jpg,20484,507532,1,190.760925318,330.7261962752,63.65368647120002,151.10314941440004,769,512
objects365_v1_00020484_object-0507533.jpg,images/Person/objects365_v1_00020484_object-0507533.jpg,Person,objects365_v1_00020484.jpg,20484,507533,1,160.5140381072,315.9345702912,36.71350095220001,48.32690432000004,769,512
objects365_v1_00020484_object-0507534.jpg,images/Person/objects365_v1_00020484_object-0507534.jpg,Person,objects365_v1_00020484.jpg,20484,507534,1,251.9230956991,315.9345702912,43.082153321599975,107.51800540160002,769,512
objects365_v1_00020484_object-0507535.jpg,images/Person/objects365_v1_00020484_object-0507535.jpg,Person,objects365_v1_00020484.jpg,20484,507535,1,319.35607911790004,329.0465088,30.71936034939995,89.53594972159999,769,512
objects365_v1_00020484_object-0507536.jpg,images/Person/objects365_v1_00020484_object-0507536.jpg,Person,objects365_v1_00020484.jpg,20484,507536,1,447.2745361416,330.8559570432,57.375610305400016,166.96936033279997,769,512
objects365_v1_00020484_object-0507537.jpg,images/Person/objects365_v1_00020484_object-0507537.jpg,Person,objects365_v1_00020484.jpg,20484,507537,1,434.13171386380003,317.225280768,62.993408229500005,174.2975463936,769,512
objects365_v1_00020484_object-0507538.jpg,images/Person/objects365_v1_00020484_object-0507538.jpg,Person,objects365_v1_00020484.jpg,20484,507538,1,526.9641113256,325.2770996224,67.72973636619997,167.6666259456,769,512
objects365_v1_00020484_object-0507539.jpg,images/Person/objects365_v1_00020484_object-0507539.jpg,Person,objects365_v1_00020484.jpg,20484,507539,1,500.91418457189997,320.0671386624,60.1516113321,173.82385254399998,769,512
objects365_v1_00020484_object-0507540.jpg,images/Person/objects365_v1_00020484_object-0507540.jpg,Person,objects365_v1_00020484.jpg,20484,507540,1,642.5308838128,317.0012817408,75.05834958399998,194.88781736960004,769,512
objects365_v1_00020484_object-0507541.jpg,images/Person/objects365_v1_00020484_object-0507541.jpg,Person,objects365_v1_00020484.jpg,20484,507541,1,711.0936278940001,319.0311889408,38.56738285149993,48.716674815999966,769,512
objects365_v1_00020484_object-0507542.jpg,images/Person/objects365_v1_00020484_object-0507542.jpg,Person,objects365_v1_00020484.jpg,20484,507542,1,735.8580321894,307.257934592,29.63598638220003,40.19128417279995,769,512
objects365_v1_00020484_object-0507543.jpg,images/Lantern/objects365_v1_00020484_object-0507543.jpg,Lantern,objects365_v1_00020484.jpg,20484,507543,109,329.8746337584,277.4865112064,11.40869144239997,21.91662602240001,769,512
objects365_v1_00020484_object-0507544.jpg,images/Lantern/objects365_v1_00020484_object-0507544.jpg,Lantern,objects365_v1_00020484.jpg,20484,507544,109,338.8702392669,284.5079345664,7.143676715400034,15.358886707199986,769,512
objects365_v1_00020484_object-0507545.jpg,images/Lantern/objects365_v1_00020484_object-0507545.jpg,Lantern,objects365_v1_00020484.jpg,20484,507545,109,593.7502441655,198.543151872,22.65429682529998,30.556884736,769,512
objects365_v1_00020484_object-0507546.jpg,images/Umbrella/objects365_v1_00020484_object-0507546.jpg,Umbrella,objects365_v1_00020484.jpg,20484,507546,40,636.5382080012,99.9398193152,132.6885986287,122.0510864384,769,512
objects365_v1_00020484_object-0507547.jpg,images/Umbrella/objects365_v1_00020484_object-0507547.jpg,Umbrella,objects365_v1_00020484.jpg,20484,507547,40,364.267822244,294.2711792128,48.77319334339995,14.345092761599972,769,512
objects365_v1_00020484_object-0507548.jpg,images/Umbrella/objects365_v1_00020484_object-0507548.jpg,Umbrella,objects365_v1_00020484.jpg,20484,507548,40,430.97229005229997,288.8917846528,32.27636718410008,15.06231690239997,769,512
objects365_v1_00020484_object-0507549.jpg,images/Handbag-Satchel/objects365_v1_00020484_object-0507549.jpg,Handbag/Satchel,objects365_v1_00020484.jpg,20484,507549,14,458.04779457879994,397.1104700928,33.87698139420007,35.659980390399994,769,512
objects365_v1_00020484_object-0507550.jpg,images/Backpack/objects365_v1_00020484_object-0507550.jpg,Backpack,objects365_v1_00020484.jpg,20484,507550,39,328.0090326067,347.9542651392,24.126656523300028,31.364653465599986,769,512
objects365_v1_00020484_object-0507551.jpg,images/Hat/objects365_v1_00020484_object-0507551.jpg,Hat,objects365_v1_00020484.jpg,20484,507551,5,322.4599016148,329.859272704,15.441060138000012,13.993460787200036,769,512
objects365_v1_00020484_object-0507552.jpg,images/Leather-Shoes/objects365_v1_00020484_object-0507552.jpg,Leather Shoes,objects365_v1_00020484.jpg,20484,507552,23,235.7675696575,471.4067563008,9.041660918500014,9.123345100800009,769,512
objects365_v1_00020484_object-0507553.jpg,images/Leather-Shoes/objects365_v1_00020484_object-0507553.jpg,Leather Shoes,objects365_v1_00020484.jpg,20484,507553,23,201.1227861346,448.3776247296,8.712806450599999,7.933219174400051,769,512
objects365_v1_00020484_object-0507554.jpg,images/Refrigerator/objects365_v1_00020484_object-0507554.jpg,Refrigerator,objects365_v1_00020484.jpg,20484,507554,134,54.9820556642,378.571899392,61.74707032000001,69.90234378240001,769,512
objects365_v1_00020484_object-0507555.jpg,images/Bicycle/objects365_v1_00020484_object-0507555.jpg,Bicycle,objects365_v1_00020484.jpg,20484,507555,47,192.1187743795,379.4230346752,53.91918946590002,116.00787353600003,769,512
objects365_v1_00020484_object-0507556.jpg,images/Motorcycle/objects365_v1_00020484_object-0507556.jpg,Motorcycle,objects365_v1_00020484.jpg,20484,507556,59,113.3018798512,376.2330322432,47.150085498799996,99.90216063999998,769,512
objects365_v1_00020484_object-0507557.jpg,images/Bicycle/objects365_v1_00020484_object-0507557.jpg,Bicycle,objects365_v1_00020484.jpg,20484,507557,47,112.69995117629999,353.9203491328,81.6402588033,76.57977292799995,769,512
objects365_v1_00020484_object-0507558.jpg,images/Bicycle/objects365_v1_00020484_object-0507558.jpg,Bicycle,objects365_v1_00020484.jpg,20484,507558,47,190.9104003851,379.6437988352,68.93884275620002,50.07489013759999,769,512
objects365_v1_00020484_object-0507559.jpg,images/Motorcycle/objects365_v1_00020484_object-0507559.jpg,Motorcycle,objects365_v1_00020484.jpg,20484,507559,59,384.78051758870004,379.714050304,27.85778807869997,38.3043823104,769,512
objects365_v1_00020484_object-0507560.jpg,images/Motorcycle/objects365_v1_00020484_object-0507560.jpg,Motorcycle,objects365_v1_00020484.jpg,20484,507560,59,539.2593994015,389.94750976,84.74584961569997,122.16186521600002,769,512
objects365_v1_00020484_object-0507561.jpg,images/Bicycle/objects365_v1_00020484_object-0507561.jpg,Bicycle,objects365_v1_00020484.jpg,20484,507561,47,593.363647487,348.5934448128,24.060668940899973,61.106445312000005,769,512
objects365_v1_00020484_object-0507562.jpg,images/Bus/objects365_v1_00020484_object-0507562.jpg,Bus,objects365_v1_00020484.jpg,20484,507562,56,236.79949952409999,312.3415527424,75.34674073299999,98.21997071359999,769,512
objects365_v1_00020484_object-0507563.jpg,images/Bus/objects365_v1_00020484_object-0507563.jpg,Bus,objects365_v1_00020484.jpg,20484,507563,56,340.84985351209997,304.7172241408,130.06298831740003,108.0867919872,769,512
objects365_v1_00020484_object-0507564.jpg,images/Bus/objects365_v1_00020484_object-0507564.jpg,Bus,objects365_v1_00020484.jpg,20484,507564,56,442.6577148344,304.2686767616,138.13586426630008,93.28656005120001,769,512
objects365_v1_00020484_object-0507565.jpg,images/Bicycle/objects365_v1_00020484_object-0507565.jpg,Bicycle,objects365_v1_00020484.jpg,20484,507565,47,304.9337158176,351.8635864064,17.430175762700003,45.269958502400016,769,512
objects365_v1_00020484_object-0507566.jpg,images/Hanger/objects365_v1_00020484_object-0507566.jpg,Hanger,objects365_v1_00020484.jpg,20484,507566,101,712.3234863642,329.2277221888,56.69213863920004,43.923889152000015,769,512
objects365_v1_00020484_object-0507567.jpg,images/Person/objects365_v1_00020484_object-0507567.jpg,Person,objects365_v1_00020484.jpg,20484,507567,1,349.3295898278,316.0993652224,241.10705571559998,93.854919424,769,512
objects365_v1_00020484_object-0507568.jpg,images/Umbrella/objects365_v1_00020484_object-0507568.jpg,Umbrella,objects365_v1_00020484.jpg,20484,507568,40,-1.0930176117000001,207.6511840768,184.7432250929,174.96270750719998,769,512
objects365_v1_00020484_object-0507569.jpg,images/Umbrella/objects365_v1_00020484_object-0507569.jpg,Umbrella,objects365_v1_00020484.jpg,20484,507569,40,226.57580562959998,269.594482432,126.6035156245,55.42297364479998,769,512
objects365_v1_00020484_object-0507570.jpg,images/Umbrella/objects365_v1_00020484_object-0507570.jpg,Umbrella,objects365_v1_00020484.jpg,20484,507570,40,484.0257568514,249.7916870144,186.75463864160002,67.31085204480001,769,512
objects365_v1_00020484_object-0507571.jpg,images/Lantern/objects365_v1_00020484_object-0507571.jpg,Lantern,objects365_v1_00020484.jpg,20484,507571,109,60.7687378309,155.4443359232,208.816589301,135.39709475840002,769,512
objects365_v1_00020484_object-0507572.jpg,images/Boots/objects365_v1_00020484_object-0507572.jpg,Boots,objects365_v1_00020484.jpg,20484,507572,30,461.1741506982,475.0958572032,37.79762777039997,22.626654464000012,769,512
objects365_v1_00020484_object-0507573.jpg,images/Bottle/objects365_v1_00020484_object-0507573.jpg,Bottle,objects365_v1_00020484.jpg,20484,507573,9,638.0380859028,428.536315904,13.875854532899893,53.93353272320002,769,512
objects365_v1_00020484_object-0507574.jpg,images/Motorcycle/objects365_v1_00020484_object-0507574.jpg,Motorcycle,objects365_v1_00020484.jpg,20484,507574,59,419.3361816247,379.714050304,30.060791056399978,38.37542722559999,769,512
objects365_v1_00018454_object-0526620.jpg,images/Lamp/objects365_v1_00018454_object-0526620.jpg,Lamp,objects365_v1_00018454.jpg,18454,526620,7,-0.6781616279999999,87.9016723456,101.45617674009999,168.3071899648,683,512
objects365_v1_00018454_object-0526621.jpg,images/Nightstand/objects365_v1_00018454_object-0526621.jpg,Nightstand,objects365_v1_00018454.jpg,18454,526621,122,4.0552368236,237.709838848,121.34301759600001,96.49658204159999,683,512
objects365_v1_00018454_object-0526622.jpg,images/Lamp/objects365_v1_00018454_object-0526622.jpg,Lamp,objects365_v1_00018454.jpg,18454,526622,7,573.7894287258,82.2110595584,108.05310059959993,180.8588256768,683,512
objects365_v1_00018454_object-0526623.jpg,images/Nightstand/objects365_v1_00018454_object-0526623.jpg,Nightstand,objects365_v1_00018454.jpg,18454,526623,122,574.3673095618,237.6456299008,108.63085938350002,114.98693847040002,683,512
objects365_v1_00018454_object-0526624.jpg,images/Picture-Frame/objects365_v1_00018454_object-0526624.jpg,Picture/Frame,objects365_v1_00018454.jpg,18454,526624,17,143.0524291991,-0.2153930752,148.4023437477,54.476806656,683,512
objects365_v1_00018454_object-0526625.jpg,images/Picture-Frame/objects365_v1_00018454_object-0526625.jpg,Picture/Frame,objects365_v1_00018454.jpg,18454,526625,17,375.9877929492,-0.2153930752,151.53320311219994,49.467468288,683,512
objects365_v1_00018454_object-0526626.jpg,images/Pillow/objects365_v1_00018454_object-0526626.jpg,Pillow,objects365_v1_00018454.jpg,18454,526626,29,363.4238281153,188.2377319424,220.06872562209992,71.03747558399999,683,512
objects365_v1_00018454_object-0526627.jpg,images/Pillow/objects365_v1_00018454_object-0526627.jpg,Pillow,objects365_v1_00018454.jpg,18454,526627,29,397.6453857521,156.2975463936,180.55224606960002,136.12597657600003,683,512
objects365_v1_00018454_object-0526628.jpg,images/Pillow/objects365_v1_00018454_object-0526628.jpg,Pillow,objects365_v1_00018454.jpg,18454,526628,29,121.91687009799999,162.3814087168,215.6506348035,124.71874995200002,683,512
objects365_v1_00018454_object-0526629.jpg,images/Bed/objects365_v1_00018454_object-0526629.jpg,Bed,objects365_v1_00018454.jpg,18454,526629,76,351.8208007743,228.9019775488,332.0764160287001,282.662597632,683,512
objects365_v1_00018454_object-0526630.jpg,images/Bed/objects365_v1_00018454_object-0526630.jpg,Bed,objects365_v1_00018454.jpg,18454,526630,76,-0.2036132963,231.0414428672,350.85107423249997,280.52313231359994,683,512
objects365_v1_00018454_object-0526631.jpg,images/Pen-Pencil/objects365_v1_00018454_object-0526631.jpg,Pen/Pencil,objects365_v1_00018454.jpg,18454,526631,55,43.29846194100001,258.4120483328,18.34570312729999,7.3859253247999845,683,512
objects365_v1_00018454_object-0526632.jpg,images/Telephone/objects365_v1_00018454_object-0526632.jpg,Telephone,objects365_v1_00018454.jpg,18454,526632,124,70.68658449760001,238.4053955072,42.91711421839999,28.61138918399996,683,512
objects365_v1_00018454_object-0526633.jpg,images/Remote/objects365_v1_00018454_object-0526633.jpg,Remote,objects365_v1_00018454.jpg,18454,526633,133,655.6356200943001,221.6544799744,20.651733443799912,39.19134520319997,683,512
objects365_v1_00036858_object-0530535.jpg,images/Chair/objects365_v1_00036858_object-0530535.jpg,Chair,objects365_v1_00036858.jpg,36858,530535,3,111.30908202379999,381.0953979392,37.39709473560001,51.129150412800016,769,512
objects365_v1_00036858_object-0530536.jpg,images/Slide/objects365_v1_00036858_object-0530536.jpg,Slide,objects365_v1_00036858.jpg,36858,530536,215,20.5563964612,145.437744128,748.4873047322,237.16662599680004,769,512
objects365_v1_00036858_object-0530537.jpg,images/Lifesaver/objects365_v1_00036858_object-0530537.jpg,Lifesaver,objects365_v1_00036858.jpg,36858,530537,69,155.8919677598,361.9902953984,26.322875998200004,24.632446310399985,769,512
objects365_v1_00036858_object-0530538.jpg,images/Lifesaver/objects365_v1_00036858_object-0530538.jpg,Lifesaver,objects365_v1_00036858.jpg,36858,530538,69,235.5850830353,364.4052734464,26.8059081989,53.12878417920001,769,512
objects365_v1_00036858_object-0530539.jpg,images/Umbrella/objects365_v1_00036858_object-0530539.jpg,Umbrella,objects365_v1_00036858.jpg,36858,530539,40,527.500366247,294.9667968512,159.0917968307,164.80535889919997,769,512
objects365_v1_00036858_object-0530540.jpg,images/Person/objects365_v1_00036858_object-0530540.jpg,Person,objects365_v1_00036858.jpg,36858,530540,1,527.4162597942001,358.2819824128,31.604492191699933,108.7183838208,769,512
objects365_v1_00036858_object-0530541.jpg,images/Umbrella/objects365_v1_00036858_object-0530541.jpg,Umbrella,objects365_v1_00036858.jpg,36858,530541,40,81.4994506738,317.2272338944,90.15789797550002,60.29309081600002,769,512
objects365_v1_00036858_object-0530542.jpg,images/Person/objects365_v1_00036858_object-0530542.jpg,Person,objects365_v1_00036858.jpg,36858,530542,1,11.504394568999999,443.2081909248,14.903625416799997,14.213623039999959,769,512
objects365_v1_00036858_object-0530543.jpg,images/Person/objects365_v1_00036858_object-0530543.jpg,Person,objects365_v1_00036858.jpg,36858,530543,1,31.3759155545,444.5881347584,15.041686985899997,15.455627468800003,769,512
objects365_v1_00036858_object-0530544.jpg,images/Chair/objects365_v1_00036858_object-0530544.jpg,Chair,objects365_v1_00036858.jpg,36858,530544,3,612.6859130678,382.4832153088,60.44763188389993,86.57672120319995,769,512
objects365_v1_00036858_object-0530545.jpg,images/Lifesaver/objects365_v1_00036858_object-0530545.jpg,Lifesaver,objects365_v1_00036858.jpg,36858,530545,69,137.8992920285,385.9107055616,43.85223384349999,30.594604492799988,769,512
objects365_v1_00036858_object-0530546.jpg,images/Person/objects365_v1_00036858_object-0530546.jpg,Person,objects365_v1_00036858.jpg,36858,530546,1,102.43841556080001,363.3029785088,144.11303703790003,63.47357178880003,769,512
objects365_v1_00003731_object-0542510.jpg,images/Cabinet-shelf/objects365_v1_00003731_object-0542510.jpg,Cabinet/shelf,objects365_v1_00003731.jpg,3731,542510,13,128.9300537032,370.0621948416,217.96960448670004,141.264221184,683,512
objects365_v1_00003731_object-0542511.jpg,images/Towel/objects365_v1_00003731_object-0542511.jpg,Towel,objects365_v1_00003731.jpg,3731,542511,70,295.503662105,333.50714112,41.11718751660004,30.377624524800012,683,512
objects365_v1_00003731_object-0542512.jpg,images/Towel/objects365_v1_00003731_object-0542512.jpg,Towel,objects365_v1_00003731.jpg,3731,542512,70,328.3360595533,337.189270016,46.33349613230001,29.150268569599973,683,512
objects365_v1_00003731_object-0542513.jpg,images/Flower/objects365_v1_00003731_object-0542513.jpg,Flower,objects365_v1_00003731.jpg,3731,542513,24,265.9560546681,193.0474243072,81.9633789376,70.227600128,683,512
objects365_v1_00003731_object-0542514.jpg,images/Vase/objects365_v1_00003731_object-0542514.jpg,Vase,objects365_v1_00003731.jpg,3731,542514,31,268.7363281519,255.7066039808,46.76806635669999,38.01800540159999,683,512
objects365_v1_00003731_object-0542515.jpg,images/Flower/objects365_v1_00003731_object-0542515.jpg,Flower,objects365_v1_00003731.jpg,3731,542515,24,209.20623782100003,196.7215576064,56.5281982365,71.60229493759996,683,512
objects365_v1_00003731_object-0542516.jpg,images/Vase/objects365_v1_00003731_object-0542516.jpg,Vase,objects365_v1_00003731.jpg,3731,542516,31,245.2969360136,262.91760256,27.19866942119998,34.52764892160002,683,512
objects365_v1_00003731_object-0542517.jpg,images/Mirror/objects365_v1_00003731_object-0542517.jpg,Mirror,objects365_v1_00003731.jpg,3731,542517,80,327.81689451980003,54.57757568,90.79028318089996,178.1472167936,683,512
objects365_v1_00003731_object-0542518.jpg,images/Mirror/objects365_v1_00003731_object-0542518.jpg,Mirror,objects365_v1_00003731.jpg,3731,542518,80,-0.2058715675,0.8072509952,297.73364255710004,322.2546386432,683,512
objects365_v1_00003731_object-0542519.jpg,images/Towel/objects365_v1_00003731_object-0542519.jpg,Towel,objects365_v1_00003731.jpg,3731,542519,70,-0.2602539399,249.7369995264,10.041137750199999,64.8373412864,683,512
objects365_v1_00003731_object-0542520.jpg,images/Towel/objects365_v1_00003731_object-0542520.jpg,Towel,objects365_v1_00003731.jpg,3731,542520,70,21.4468384001,251.2241821184,11.171142536000005,62.389953638400016,683,512
objects365_v1_00003731_object-0542521.jpg,images/Mirror/objects365_v1_00003731_object-0542521.jpg,Mirror,objects365_v1_00003731.jpg,3731,542521,80,209.8043823108,109.4012451328,53.3733520486,128.6336059392,683,512
objects365_v1_00003731_object-0542522.jpg,images/Picture-Frame/objects365_v1_00003731_object-0542522.jpg,Picture/Frame,objects365_v1_00003731.jpg,3731,542522,17,361.5339355607,168.840332032,45.129760745199974,51.57684326400002,683,512
objects365_v1_00003731_object-0542523.jpg,images/Picture-Frame/objects365_v1_00003731_object-0542523.jpg,Picture/Frame,objects365_v1_00003731.jpg,3731,542523,17,0.0026244958000000004,131.2056884736,30.9174194648,98.9357299712,683,512
objects365_v1_00003731_object-0542524.jpg,images/Lamp/objects365_v1_00003731_object-0542524.jpg,Lamp,objects365_v1_00003731.jpg,3731,542524,7,129.6947631788,0.5465088,102.32421878829999,59.3062744064,683,512
objects365_v1_00003731_object-0542525.jpg,images/Cabinet-shelf/objects365_v1_00003731_object-0542525.jpg,Cabinet/shelf,objects365_v1_00003731.jpg,3731,542525,13,346.89965818990004,370.2785644544,52.70141603389993,140.8398437376,683,512
objects365_v1_00003731_object-0542526.jpg,images/Faucet/objects365_v1_00003731_object-0542526.jpg,Faucet,objects365_v1_00003731.jpg,3731,542526,77,166.9315185696,330.3229980672,41.5286864791,39.28387450880001,683,512
objects365_v1_00003731_object-0542527.jpg,images/Sink/objects365_v1_00003731_object-0542527.jpg,Sink,objects365_v1_00003731.jpg,3731,542527,82,80.5069580019,352.77093504,211.0105590814,71.27215580160004,683,512
objects365_v1_00003731_object-0542528.jpg,images/Faucet/objects365_v1_00003731_object-0542528.jpg,Faucet,objects365_v1_00003731.jpg,3731,542528,77,105.4335327129,298.521728512,18.98718260109999,9.166259763200003,683,512
objects365_v1_00003731_object-0542529.jpg,images/Bathtub/objects365_v1_00003731_object-0542529.jpg,Bathtub,objects365_v1_00003731.jpg,3731,542529,192,482.1860351377,413.3447876096,179.62500001049995,97.05548093440001,683,512
objects365_v1_00003731_object-0542530.jpg,images/Cup/objects365_v1_00003731_object-0542530.jpg,Cup,objects365_v1_00003731.jpg,3731,542530,11,226.5213623166,315.8894043136,22.26867672770001,37.451843225600044,683,512
objects365_v1_00003731_object-0542531.jpg,images/Bowl-Basin/objects365_v1_00003731_object-0542531.jpg,Bowl/Basin,objects365_v1_00003731.jpg,3731,542531,27,354.7818603284,208.0051269632,16.956298834599977,13.437133772799996,683,512
objects365_v1_00003731_object-0542532.jpg,images/Soap/objects365_v1_00003731_object-0542532.jpg,Soap,objects365_v1_00003731.jpg,3731,542532,294,281.2255859677,331.017639168,14.99456786190001,14.994567884800006,683,512
objects365_v1_00003731_object-0542533.jpg,images/Toiletry/objects365_v1_00003731_object-0542533.jpg,Toiletry,objects365_v1_00003731.jpg,3731,542533,106,196.0290527066,292.8496093696,21.81036378410002,64.06774901760002,683,512
objects365_v1_00003731_object-0542534.jpg,images/Toiletry/objects365_v1_00003731_object-0542534.jpg,Toiletry,objects365_v1_00003731.jpg,3731,542534,106,181.3823242458,290.6649780224,10.475707974599999,25.53448488959998,683,512
objects365_v1_00003731_object-0542535.jpg,images/Towel/objects365_v1_00003731_object-0542535.jpg,Towel,objects365_v1_00003731.jpg,3731,542535,70,558.1029052996,422.8312377856,87.10534662320003,38.836792012800004,683,512
objects365_v1_00003731_object-0542536.jpg,images/Lamp/objects365_v1_00003731_object-0542536.jpg,Lamp,objects365_v1_00003731.jpg,3731,542536,7,170.6244506668,1.3817748992,93.55358889570005,43.435607910399995,683,512
objects365_v1_00003731_object-0542537.jpg,images/Toiletry/objects365_v1_00003731_object-0542537.jpg,Toiletry,objects365_v1_00003731.jpg,3731,542537,106,262.3817138416,321.057739264,32.26965332660001,24.733703628799958,683,512
objects365_v1_00003731_object-0542538.jpg,images/Bottle/objects365_v1_00003731_object-0542538.jpg,Bottle,objects365_v1_00003731.jpg,3731,542538,9,261.3069457929,320.577148416,19.631591803399942,25.366699263999976,683,512
objects365_v1_00003731_object-0542539.jpg,images/Toiletry/objects365_v1_00003731_object-0542539.jpg,Toiletry,objects365_v1_00003731.jpg,3731,542539,106,263.016662606,320.3817748992,17.31701661049999,26.387756339199996,683,512
objects365_v1_00026442_object-0562547.jpg,images/Flower/objects365_v1_00026442_object-0562547.jpg,Flower,objects365_v1_00026442.jpg,26442,562547,24,171.0443115008,252.632995584,52.6238403584,126.38568115199996,512,768
objects365_v1_00026442_object-0562548.jpg,images/Vase/objects365_v1_00026442_object-0562548.jpg,Vase,objects365_v1_00026442.jpg,26442,562548,31,199.7542114304,378.4493408256,43.0021362176,59.57177733119994,512,768
objects365_v1_00026442_object-0562549.jpg,images/Flower/objects365_v1_00026442_object-0562549.jpg,Flower,objects365_v1_00026442.jpg,26442,562549,24,238.0760498176,285.029296896,64.17608642560003,78.14184568320002,512,768
objects365_v1_00026442_object-0562550.jpg,images/Mirror/objects365_v1_00026442_object-0562550.jpg,Mirror,objects365_v1_00026442.jpg,26442,562550,80,192.5210571264,106.9136352768,319.4810180608,258.35162350080003,512,768
objects365_v1_00026442_object-0562551.jpg,images/Cabinet-shelf/objects365_v1_00026442_object-0562551.jpg,Cabinet/shelf,objects365_v1_00026442.jpg,26442,562551,13,160.9284667904,442.81701657599996,211.22454835200003,262.61730961919994,512,768
objects365_v1_00026442_object-0562552.jpg,images/Carpet/objects365_v1_00026442_object-0562552.jpg,Carpet,objects365_v1_00026442.jpg,26442,562552,61,56.0870361088,686.9329833984,269.29852298239996,81.20068362239999,512,768
objects365_v1_00026442_object-0562553.jpg,images/Stool/objects365_v1_00026442_object-0562553.jpg,Stool,objects365_v1_00026442.jpg,26442,562553,48,5.2116088832,625.3389892608,223.100463872,142.70275875840002,512,768
objects365_v1_00026442_object-0562554.jpg,images/Towel/objects365_v1_00026442_object-0562554.jpg,Towel,objects365_v1_00026442.jpg,26442,562554,70,395.374023424,394.59143063040005,106.57238768640002,45.12829593599997,512,768
objects365_v1_00026442_object-0562555.jpg,images/Faucet/objects365_v1_00026442_object-0562555.jpg,Faucet,objects365_v1_00026442.jpg,26442,562555,77,272.5710449152,415.7655028992,25.324157695999986,18.23339850239995,512,768
objects365_v1_00026442_object-0562556.jpg,images/Sink/objects365_v1_00026442_object-0562556.jpg,Sink,objects365_v1_00026442.jpg,26442,562556,82,208.4165039104,432.9859619328,109.40039060479998,13.843872076799926,512,768
objects365_v1_00026442_object-0562557.jpg,images/Toothbrush/objects365_v1_00026442_object-0562557.jpg,Toothbrush,objects365_v1_00026442.jpg,26442,562557,227,329.9725341696,381.66235353599996,18.2333984256,35.79150389760008,512,768
objects365_v1_00026442_object-0562558.jpg,images/Toothbrush/objects365_v1_00026442_object-0562558.jpg,Toothbrush,objects365_v1_00026442.jpg,26442,562558,227,342.4559326208,387.528442368,9.9938354688,30.40673832959999,512,768
objects365_v1_00026442_object-0562559.jpg,images/Toothbrush/objects365_v1_00026442_object-0562559.jpg,Toothbrush,objects365_v1_00026442.jpg,26442,562559,227,344.0788574208,378.83654784,7.02996828160002,28.432250956800033,512,768
objects365_v1_00026442_object-0562560.jpg,images/Toilet/objects365_v1_00026442_object-0562560.jpg,Toilet,objects365_v1_00026442.jpg,26442,562560,154,393.578308096,472.5301513728,118.59722900480006,296.01049804800004,512,768
objects365_v1_00026442_object-0562561.jpg,images/Bathtub/objects365_v1_00026442_object-0562561.jpg,Bathtub,objects365_v1_00026442.jpg,26442,562561,192,0.872558592,527.8183593983999,170.1784057856,238.42712401920005,512,768
objects365_v1_00026442_object-0562562.jpg,images/Bottle/objects365_v1_00026442_object-0562562.jpg,Bottle,objects365_v1_00026442.jpg,26442,562562,9,351.7036743168,400.56347658239997,16.00714111999997,31.22192378880004,512,768
objects365_v1_00026442_object-0562563.jpg,images/Wine-Glass/objects365_v1_00026442_object-0562563.jpg,Wine Glass,objects365_v1_00026442.jpg,26442,562563,36,333.3192138752,393.43164065280007,24.723937996800032,38.35375971839994,512,768
objects365_v1_00037368_object-0591489.jpg,images/Desk/objects365_v1_00037368_object-0591489.jpg,Desk,objects365_v1_00037368.jpg,37368,591489,10,101.2999267328,486.3391113015,328.33563233279995,195.91723638609994,512,683
objects365_v1_00037368_object-0591490.jpg,images/Storage-box/objects365_v1_00037368_object-0591490.jpg,Storage box,objects365_v1_00037368.jpg,37368,591490,21,137.7642822144,427.7939452869,164.11676026880002,131.64758305049997,512,683
objects365_v1_00037368_object-0591491.jpg,images/Guitar/objects365_v1_00037368_object-0591491.jpg,Guitar,objects365_v1_00037368.jpg,37368,591491,60,49.837280256,370.5090331826,57.1101684736,167.1661377437,512,683
objects365_v1_00037368_object-0591492.jpg,images/Electric-Drill/objects365_v1_00037368_object-0591492.jpg,Electric Drill,objects365_v1_00037368.jpg,37368,591492,328,209.9365234176,568.2355957165,166.9774170112,116.88415522899993,512,683
objects365_v1_00037368_object-0591493.jpg,images/Speaker/objects365_v1_00037368_object-0591493.jpg,Speaker,objects365_v1_00037368.jpg,37368,591493,42,17.4827270656,356.1866455079,135.2144775168,80.3793945017,512,683
objects365_v1_00037368_object-0591494.jpg,images/Guitar/objects365_v1_00037368_object-0591494.jpg,Guitar,objects365_v1_00037368.jpg,37368,591494,60,348.1531982336,-0.1119995011,110.8884887552,209.0512085003,512,683
objects365_v1_00037368_object-0591495.jpg,images/Guitar/objects365_v1_00037368_object-0591495.jpg,Guitar,objects365_v1_00037368.jpg,37368,591495,60,260.5977172992,0.36621094000000004,92.58514401280001,257.2460937531,512,683
objects365_v1_00037368_object-0591496.jpg,images/Guitar/objects365_v1_00037368_object-0591496.jpg,Guitar,objects365_v1_00037368.jpg,37368,591496,60,212.5471801856,0.36621094000000004,56.84027100159997,283.6152953952,512,683
objects365_v1_00037368_object-0591497.jpg,images/Guitar/objects365_v1_00037368_object-0591497.jpg,Guitar,objects365_v1_00037368.jpg,37368,591497,60,177.9742431744,12.0858764449,47.46453857280002,297.6788330365,512,683
objects365_v1_00037368_object-0591498.jpg,images/Guitar/objects365_v1_00037368_object-0591498.jpg,Guitar,objects365_v1_00037368.jpg,37368,591498,60,151.7306518528,75.5707397634,36.20532229119999,254.70336910359998,512,683
objects365_v1_00037368_object-0591499.jpg,images/Guitar/objects365_v1_00037368_object-0591499.jpg,Guitar,objects365_v1_00037368.jpg,37368,591499,60,128.6262206976,120.77508547459999,30.13623045120002,220.4966430167,512,683
objects365_v1_00037368_object-0591500.jpg,images/Tissue/objects365_v1_00037368_object-0591500.jpg,Tissue,objects365_v1_00037368.jpg,37368,591500,226,312.9638061568,515.6176757496,64.6280517632,91.92773437419999,512,683
objects365_v1_00008367_object-0592207.jpg,images/Chair/objects365_v1_00008367_object-0592207.jpg,Chair,objects365_v1_00008367.jpg,8367,592207,3,-0.0973205504,144.7981567091,335.4286803968,178.3949585369,512,683
objects365_v1_00008367_object-0592208.jpg,images/Carpet/objects365_v1_00008367_object-0592208.jpg,Carpet,objects365_v1_00008367.jpg,8367,592208,61,307.0421752832,270.6560669186,176.66296386560003,96.41412348530002,512,683
objects365_v1_00008367_object-0592209.jpg,images/Pillow/objects365_v1_00008367_object-0592209.jpg,Pillow,objects365_v1_00008367.jpg,8367,592209,29,78.5598754816,178.03991696909998,57.3203125248,38.75177000860003,512,683
objects365_v1_00008367_object-0592210.jpg,images/Person/objects365_v1_00008367_object-0592210.jpg,Person,objects365_v1_00008367.jpg,8367,592210,1,-1.2407836672,471.29699707759994,395.3911742976,209.76159666370006,512,683
objects365_v1_00008367_object-0592211.jpg,images/Dessert/objects365_v1_00008367_object-0592211.jpg,Dessert,objects365_v1_00008367.jpg,8367,592211,129,1.7670898688,299.6582641591,424.6802368,358.69879149610006,512,683
objects365_v1_00008367_object-0592212.jpg,images/Dessert/objects365_v1_00008367_object-0592212.jpg,Dessert,objects365_v1_00008367.jpg,8367,592212,129,443.4506835968,496.4028320369,69.18859863040007,136.7613525347,512,683
objects365_v1_00008367_object-0592213.jpg,images/Dessert/objects365_v1_00008367_object-0592213.jpg,Dessert,objects365_v1_00008367.jpg,8367,592213,129,370.925353984,463.5909424149,86.12377932799996,112.56530758879995,512,683
objects365_v1_00008367_object-0592214.jpg,images/Dessert/objects365_v1_00008367_object-0592214.jpg,Dessert,objects365_v1_00008367.jpg,8367,592214,129,420.8712768512,399.7285156036,76.59564211200001,104.90258791010007,512,683
objects365_v1_00008367_object-0592215.jpg,images/Dessert/objects365_v1_00008367_object-0592215.jpg,Dessert,objects365_v1_00008367.jpg,8367,592215,129,484.1459350528,444.1317138575,27.75201418239999,56.614135755300026,512,683
objects365_v1_00027208_object-0656614.jpg,images/Desk/objects365_v1_00027208_object-0656614.jpg,Desk,objects365_v1_00027208.jpg,27208,656614,10,150.181579608,262.5115356672,475.335021978,248.797912576,690,512
objects365_v1_00027208_object-0656615.jpg,images/Desk/objects365_v1_00027208_object-0656615.jpg,Desk,objects365_v1_00027208.jpg,27208,656615,10,0.24810792299999998,238.2864379904,205.58563234200003,215.40667724800002,690,512
objects365_v1_00027208_object-0656616.jpg,images/Chair/objects365_v1_00027208_object-0656616.jpg,Chair,objects365_v1_00027208.jpg,27208,656616,3,444.96618652800004,186.0575561728,100.19116213199999,90.64910888960003,690,512
objects365_v1_00027208_object-0656617.jpg,images/Power-outlet/objects365_v1_00027208_object-0656617.jpg,Power outlet,objects365_v1_00027208.jpg,27208,656617,81,50.995117160999996,312.4581908992,15.649047855000006,25.46813967359998,690,512
objects365_v1_00027208_object-0656618.jpg,images/Person/objects365_v1_00027208_object-0656618.jpg,Person,objects365_v1_00027208.jpg,27208,656618,1,82.42150878,235.8007202304,9.138366693000009,12.326110822399983,690,512
objects365_v1_00027208_object-0656619.jpg,images/Stapler/objects365_v1_00027208_object-0656619.jpg,Stapler,objects365_v1_00027208.jpg,27208,656619,307,219.53332518599998,262.3392333824,40.30902098999999,22.0,690,512
objects365_v1_00027208_object-0656620.jpg,images/Printer/objects365_v1_00027208_object-0656620.jpg,Printer,objects365_v1_00027208.jpg,27208,656620,223,105.320922834,206.4191894528,73.80078126000002,42.564208998400005,690,512
objects365_v1_00027208_object-0656621.jpg,images/Printer/objects365_v1_00027208_object-0656621.jpg,Printer,objects365_v1_00027208.jpg,27208,656621,223,0.0014038050000000002,218.4894409216,68.529785148,57.47094727679999,690,512
objects365_v1_00027208_object-0656622.jpg,images/Laptop/objects365_v1_00027208_object-0656622.jpg,Laptop,objects365_v1_00027208.jpg,27208,656622,74,248.566284204,208.2010498048,114.27514646700001,76.74255370240002,690,512
objects365_v1_00027208_object-0656623.jpg,images/Remote/objects365_v1_00027208_object-0656623.jpg,Remote,objects365_v1_00027208.jpg,27208,656623,133,221.76312256199998,262.1726074368,33.01074215700001,17.0335693312,690,512
objects365_v1_00027208_object-0656624.jpg,images/Mouse/objects365_v1_00027208_object-0656624.jpg,Mouse,objects365_v1_00027208.jpg,27208,656624,116,333.115478502,256.9548950016,19.793701215000056,11.546325708799998,690,512
objects365_v1_00027208_object-0656625.jpg,images/Mouse/objects365_v1_00027208_object-0656625.jpg,Mouse,objects365_v1_00027208.jpg,27208,656625,116,369.57849124200004,259.3485718016,14.022949211999958,12.761596672000053,690,512
objects365_v1_00027208_object-0656626.jpg,images/Laptop/objects365_v1_00027208_object-0656626.jpg,Laptop,objects365_v1_00027208.jpg,27208,656626,74,381.748046841,221.4627075072,114.75476077499997,70.758667008,690,512
objects365_v1_00027872_object-0669490.jpg,images/Towel/objects365_v1_00027872_object-0669490.jpg,Towel,objects365_v1_00027872.jpg,27872,669490,70,659.1595458726,223.354187008,30.531738303900056,73.11553955840003,873,512
objects365_v1_00027872_object-0669491.jpg,images/Towel/objects365_v1_00027872_object-0669491.jpg,Towel,objects365_v1_00027872.jpg,27872,669491,70,631.3059081846001,223.354187008,27.853637687999935,72.84771727359998,873,512
objects365_v1_00027872_object-0669492.jpg,images/Mirror/objects365_v1_00027872_object-0669492.jpg,Mirror,objects365_v1_00027872.jpg,27872,669492,80,743.9116210802999,7.259704576,63.75268553760009,235.53076172800002,873,512
objects365_v1_00027872_object-0669493.jpg,images/Towel/objects365_v1_00027872_object-0669493.jpg,Towel,objects365_v1_00027872.jpg,27872,669493,70,204.66503905140002,231.0359497216,66.6734619078,100.01019284480003,873,512
objects365_v1_00027872_object-0669494.jpg,images/Carpet/objects365_v1_00027872_object-0669494.jpg,Carpet,objects365_v1_00027872.jpg,27872,669494,61,489.79980467279995,374.5249633792,180.2335205070001,136.48126218239997,873,512
objects365_v1_00027872_object-0669495.jpg,images/Toiletry/objects365_v1_00027872_object-0669495.jpg,Toiletry,objects365_v1_00027872.jpg,27872,669495,106,775.411865235,232.2958984192,9.98217777239995,20.4635620352,873,512
objects365_v1_00027872_object-0669496.jpg,images/Toiletry/objects365_v1_00027872_object-0669496.jpg,Toiletry,objects365_v1_00027872.jpg,27872,669496,106,785.8931884397999,234.2923584,10.481323292100114,18.467102054399987,873,512
objects365_v1_00027872_object-0669497.jpg,images/Faucet/objects365_v1_00027872_object-0669497.jpg,Faucet,objects365_v1_00027872.jpg,27872,669497,77,231.59655765629998,334.9098510848,22.768920861300018,32.2557983232,873,512
objects365_v1_00027872_object-0669498.jpg,images/Sink/objects365_v1_00027872_object-0669498.jpg,Sink,objects365_v1_00027872.jpg,27872,669498,82,198.9613036782,351.6069946368,116.50048829460002,116.87988280320002,873,512
objects365_v1_00027872_object-0669499.jpg,images/Faucet/objects365_v1_00027872_object-0669499.jpg,Faucet,objects365_v1_00027872.jpg,27872,669499,77,725.8496093594999,233.6800537088,31.253662161900024,30.97943116799999,873,512
objects365_v1_00027872_object-0669500.jpg,images/Sink/objects365_v1_00027872_object-0669500.jpg,Sink,objects365_v1_00027872.jpg,27872,669500,82,665.2615966623,249.0327148544,151.8814697463,67.44189450239998,873,512
objects365_v1_00027872_object-0669501.jpg,images/Cleaning-Products/objects365_v1_00027872_object-0669501.jpg,Cleaning Products,objects365_v1_00027872.jpg,27872,669501,162,787.8084716952,235.3249511936,9.869628866400035,19.464965785600015,873,512
objects365_v1_00027872_object-0669502.jpg,images/Toilet/objects365_v1_00027872_object-0669502.jpg,Toilet,objects365_v1_00027872.jpg,27872,669502,154,39.8394165465,358.2493896704,108.66217040730001,123.54736327680001,873,512
objects365_v1_00027872_object-0669503.jpg,images/Hair-Dryer/objects365_v1_00027872_object-0669503.jpg,Hair Dryer,objects365_v1_00027872.jpg,27872,669503,329,799.563476583,68.424316416,62.61425783189998,78.1729125888,873,512
objects365_v1_00027872_object-0669504.jpg,images/Cup/objects365_v1_00027872_object-0669504.jpg,Cup,objects365_v1_00027872.jpg,27872,669504,11,768.6364746086999,248.9188232192,42.44458010760013,43.415222169600014,873,512
objects365_v1_00042605_object-0676599.jpg,images/Stool/objects365_v1_00042605_object-0676599.jpg,Stool,objects365_v1_00042605.jpg,42605,676599,48,1.4906005919999998,286.1577148416,17.672302224000003,56.02496337920002,720,512
objects365_v1_00042605_object-0676600.jpg,images/Stool/objects365_v1_00042605_object-0676600.jpg,Stool,objects365_v1_00042605.jpg,42605,676600,48,37.587280248,279.7656249856,47.752807608,55.272949247999975,720,512
objects365_v1_00042605_object-0676601.jpg,images/Stool/objects365_v1_00042605_object-0676601.jpg,Stool,objects365_v1_00042605.jpg,42605,676601,48,101.132385264,276.3815307776,42.488708472,51.888916019199996,720,512
objects365_v1_00042605_object-0676602.jpg,images/Stool/objects365_v1_00042605_object-0676602.jpg,Stool,objects365_v1_00042605.jpg,42605,676602,48,161.293396032,272.621459968,35.34466550399998,48.88085939199999,720,512
objects365_v1_00042605_object-0676603.jpg,images/Stool/objects365_v1_00042605_object-0676603.jpg,Stool,objects365_v1_00042605.jpg,42605,676603,48,211.302307152,269.9894409216,34.216613712000026,46.62481689599997,720,512
objects365_v1_00042605_object-0676604.jpg,images/Stool/objects365_v1_00042605_object-0676604.jpg,Stool,objects365_v1_00042605.jpg,42605,676604,48,255.295104984,265.8533325312,27.44842528800004,44.36877440000001,720,512
objects365_v1_00042605_object-0676605.jpg,images/Stool/objects365_v1_00042605_object-0676605.jpg,Stool,objects365_v1_00042605.jpg,42605,676605,48,293.271728544,263.2213134848,28.200561480000033,42.112731903999986,720,512
objects365_v1_00042605_object-0676606.jpg,images/Hanger/objects365_v1_00042605_object-0676606.jpg,Hanger,objects365_v1_00042605.jpg,42605,676606,101,412.196289048,184.9459228672,32.167236312,31.797546393599987,720,512
objects365_v1_00042605_object-0676607.jpg,images/Hanger/objects365_v1_00042605_object-0676607.jpg,Hanger,objects365_v1_00042605.jpg,42605,676607,101,471.724121088,183.4669799936,30.318603552000013,34.38568115199999,720,512
objects365_v1_00042605_object-0676608.jpg,images/Hanger/objects365_v1_00042605_object-0676608.jpg,Hanger,objects365_v1_00042605.jpg,42605,676608,101,537.9073486560001,180.8787842048,34.01599118399997,36.604125951999976,720,512
objects365_v1_00042605_object-0676609.jpg,images/Hanger/objects365_v1_00042605_object-0676609.jpg,Hanger,objects365_v1_00042605.jpg,42605,676609,101,620.7927246,179.054687488,30.406860359999996,37.33496094719999,720,512
objects365_v1_00042605_object-0676610.jpg,images/Stool/objects365_v1_00042605_object-0676610.jpg,Stool,objects365_v1_00042605.jpg,42605,676610,48,633.057128928,302.816406272,61.70385736800006,76.66247557119999,720,512
objects365_v1_00042605_object-0676611.jpg,images/Stool/objects365_v1_00042605_object-0676611.jpg,Stool,objects365_v1_00042605.jpg,42605,676611,48,554.057373024,296.27209472,54.692138664000026,71.05297853440004,720,512
objects365_v1_00042605_object-0676612.jpg,images/Stool/objects365_v1_00042605_object-0676612.jpg,Stool,objects365_v1_00042605.jpg,42605,676612,48,480.19958496000004,292.9998779392,51.887451167999984,61.70391843839997,720,512
objects365_v1_00042605_object-0676613.jpg,images/Stool/objects365_v1_00042605_object-0676613.jpg,Stool,objects365_v1_00042605.jpg,42605,676613,48,420.833007792,285.0531616256,43.94067386400002,61.70391843839997,720,512
objects365_v1_00042605_object-0676614.jpg,images/Hanger/objects365_v1_00042605_object-0676614.jpg,Hanger,objects365_v1_00042605.jpg,42605,676614,101,2.6809692480000002,186.685913088,27.209838888,30.3939209216,720,512
objects365_v1_00042605_object-0676615.jpg,images/Hanger/objects365_v1_00042605_object-0676615.jpg,Hanger,objects365_v1_00042605.jpg,42605,676615,101,69.54766848,186.1069336064,26.341430615999997,29.236083968000003,720,512
objects365_v1_00042605_object-0676616.jpg,images/Hanger/objects365_v1_00042605_object-0676616.jpg,Hanger,objects365_v1_00042605.jpg,42605,676616,101,123.95263672800002,188.849365248,27.636535655999978,25.053710899200013,720,512
objects365_v1_00042605_object-0676617.jpg,images/Hanger/objects365_v1_00042605_object-0676617.jpg,Hanger,objects365_v1_00042605.jpg,42605,676617,101,182.32513430400002,192.2070922752,24.27880859999999,26.3450927616,720,512
objects365_v1_00042605_object-0676618.jpg,images/Hanger/objects365_v1_00042605_object-0676618.jpg,Hanger,objects365_v1_00042605.jpg,42605,676618,101,226.03594968,191.43554688,27.040893552,23.909851084799982,720,512
objects365_v1_00042605_object-0676619.jpg,images/Hanger/objects365_v1_00042605_object-0676619.jpg,Hanger,objects365_v1_00042605.jpg,42605,676619,101,266.911010712,192.5936889856,26.55871581599996,22.37628170239998,720,512
objects365_v1_00042605_object-0676620.jpg,images/Hanger/objects365_v1_00042605_object-0676620.jpg,Hanger,objects365_v1_00042605.jpg,42605,676620,101,304.553344752,191.7572021248,26.140502879999985,19.239440947200023,720,512
objects365_v1_00007852_object-0688571.jpg,images/Desk/objects365_v1_00007852_object-0688571.jpg,Desk,objects365_v1_00007852.jpg,7852,688571,10,373.218627914,192.4552612352,309.6879882962999,165.6470337024,683,512
objects365_v1_00007852_object-0688572.jpg,images/Chair/objects365_v1_00007852_object-0688572.jpg,Chair,objects365_v1_00007852.jpg,7852,688572,3,424.9425049106,215.3708495872,127.01782226760002,212.1329956352,683,512
objects365_v1_00007852_object-0688573.jpg,images/Bed/objects365_v1_00007852_object-0688573.jpg,Bed,objects365_v1_00007852.jpg,7852,688573,76,0.0217284839,90.971862784,373.1968994301,375.1611328,683,512
objects365_v1_00007852_object-0688574.jpg,images/Cleaning-Products/objects365_v1_00007852_object-0688574.jpg,Cleaning Products,objects365_v1_00007852.jpg,7852,688574,162,585.02429202,157.1932983296,38.161499006200074,76.3229370368,683,512
objects365_v1_00007852_object-0688575.jpg,images/Trash-bin-Can/objects365_v1_00007852_object-0688575.jpg,Trash bin Can,objects365_v1_00007852.jpg,7852,688575,45,617.6396484603,404.0001220608,65.74963374159995,108.21569822720005,683,512
objects365_v1_00007852_object-0688576.jpg,images/Extention-Cord/objects365_v1_00007852_object-0688576.jpg,Extention Cord,objects365_v1_00007852.jpg,7852,688576,203,300.1307983238,327.587341312,36.946289082500016,32.19604490240005,683,512
objects365_v1_00007852_object-0688577.jpg,images/Computer-Box/objects365_v1_00007852_object-0688577.jpg,Computer Box,objects365_v1_00007852.jpg,7852,688577,160,344.2174072269,263.3226318336,29.463745145300038,80.14984130560003,683,512
objects365_v1_00007852_object-0688578.jpg,images/Printer/objects365_v1_00007852_object-0688578.jpg,Printer,objects365_v1_00007852.jpg,7852,688578,223,392.4964599357,303.5272216576,56.359252927400064,62.44604492799999,683,512
objects365_v1_00007852_object-0688579.jpg,images/Toiletry/objects365_v1_00007852_object-0688579.jpg,Toiletry,objects365_v1_00007852.jpg,7852,688579,106,417.4263915917,153.5855712768,15.873901402699971,57.72326661119999,683,512
objects365_v1_00015165_object-0694322.jpg,images/Desk/objects365_v1_00015165_object-0694322.jpg,Desk,objects365_v1_00015165.jpg,15165,694322,10,38.757080064,465.94665524420003,177.05279544319998,216.08813482470003,512,683
objects365_v1_00015165_object-0694323.jpg,images/Cabinet-shelf/objects365_v1_00015165_object-0694323.jpg,Cabinet/shelf,objects365_v1_00015165.jpg,15165,694323,13,40.6158447104,266.0717162786,113.3881836032,167.75872807750005,512,683
objects365_v1_00015165_object-0694324.jpg,images/Cabinet-shelf/objects365_v1_00015165_object-0694324.jpg,Cabinet/shelf,objects365_v1_00015165.jpg,15165,694324,13,153.5393066496,258.6364136073,87.82934568959999,178.91168211859997,512,683
objects365_v1_00015165_object-0694325.jpg,images/Person/objects365_v1_00015165_object-0694325.jpg,Person,objects365_v1_00015165.jpg,15165,694325,1,94.8736572416,289.70898437660003,46.82568355839999,141.87243653119992,512,683
objects365_v1_00015165_object-0694326.jpg,images/Barrel-bucket/objects365_v1_00015165_object-0694326.jpg,Barrel/bucket,objects365_v1_00015165.jpg,15165,694326,49,423.3381958144,510.5556640737,67.3248290816,94.5955810721,512,683
objects365_v1_00015165_object-0694327.jpg,images/Barrel-bucket/objects365_v1_00015165_object-0694327.jpg,Barrel/bucket,objects365_v1_00015165.jpg,15165,694327,49,342.8040771584,484.1369628945,68.60314941440004,100.56115721639992,512,683
objects365_v1_00015165_object-0694328.jpg,images/Cutting-chopping-Board/objects365_v1_00015165_object-0694328.jpg,Cutting/chopping Board,objects365_v1_00015165.jpg,15165,694328,167,68.0651245056,475.1893310248,99.40124513280001,21.85290532700003,512,683
objects365_v1_00015165_object-0694329.jpg,images/Cutting-chopping-Board/objects365_v1_00015165_object-0694329.jpg,Cutting/chopping Board,objects365_v1_00015165.jpg,15165,694329,167,61.7090454016,470.7573242178,87.3377685504,49.444091774699984,512,683
objects365_v1_00015165_object-0694330.jpg,images/Knife/objects365_v1_00015165_object-0694330.jpg,Knife,objects365_v1_00015165.jpg,15165,694330,85,38.20281984,498.5190429934,60.18402099200001,11.14514154560004,512,683
objects365_v1_00015165_object-0694331.jpg,images/Bakset/objects365_v1_00015165_object-0694331.jpg,Bakset,objects365_v1_00015165.jpg,15165,694331,53,267.627136256,352.1682128906,89.02844236800001,37.453369114,512,683
objects365_v1_00015165_object-0694332.jpg,images/Bakset/objects365_v1_00015165_object-0694332.jpg,Bakset,objects365_v1_00015165.jpg,15165,694332,53,404.9835815424,471.6678466804,106.97766113280005,43.187255881000056,512,683
objects365_v1_00015165_object-0694333.jpg,images/Bottle/objects365_v1_00015165_object-0694333.jpg,Bottle,objects365_v1_00015165.jpg,15165,694333,9,344.3597412352,462.44750978080003,58.82116695040003,37.75085447669994,512,683
objects365_v1_00015165_object-0694334.jpg,images/Bottle/objects365_v1_00015165_object-0694334.jpg,Bottle,objects365_v1_00015165.jpg,15165,694334,9,269.7539062272,276.6522827161,27.8591919104,62.308715803999974,512,683
objects365_v1_00015165_object-0694335.jpg,images/Bottle/objects365_v1_00015165_object-0694335.jpg,Bottle,objects365_v1_00015165.jpg,15165,694335,9,96.775451648,252.1450195314,27.057617203199996,18.41876220299997,512,683
objects365_v1_00015165_object-0694336.jpg,images/Sausage/objects365_v1_00015165_object-0694336.jpg,Sausage,objects365_v1_00015165.jpg,15165,694336,183,406.2336425984,145.3894653251,33.556091289599976,129.75030514859998,512,683
objects365_v1_00015165_object-0694337.jpg,images/Potato/objects365_v1_00015165_object-0694337.jpg,Potato,objects365_v1_00015165.jpg,15165,694337,182,275.2019042816,349.11022948949994,70.80151367680003,39.105468730100085,512,683
objects365_v1_00015165_object-0694338.jpg,images/Nuts/objects365_v1_00015165_object-0694338.jpg,Nuts,objects365_v1_00015165.jpg,15165,694338,267,411.963256832,469.3107910048,95.832153344,27.710571296099943,512,683
objects365_v1_00040952_object-0697344.jpg,images/Person/objects365_v1_00040952_object-0697344.jpg,Person,objects365_v1_00040952.jpg,40952,697344,1,190.97375488,241.9956054497,76.327941888,205.02697755449998,512,683
objects365_v1_00040952_object-0697345.jpg,images/Person/objects365_v1_00040952_object-0697345.jpg,Person,objects365_v1_00040952.jpg,40952,697345,1,133.188110336,315.22442625179997,63.5040283136,85.6076050071,512,683
objects365_v1_00040952_object-0697346.jpg,images/Person/objects365_v1_00040952_object-0697346.jpg,Person,objects365_v1_00040952.jpg,40952,697346,1,70.7366332928,303.64630129569997,71.2227172864,78.94146722530002,512,683
objects365_v1_00040952_object-0697347.jpg,images/Person/objects365_v1_00040952_object-0697347.jpg,Person,objects365_v1_00040952.jpg,40952,697347,1,139.5034179584,234.5286865035,39.99700930559999,37.89190674880001,512,683
objects365_v1_00040952_object-0697348.jpg,images/Person/objects365_v1_00040952_object-0697348.jpg,Person,objects365_v1_00040952.jpg,40952,697348,1,174.588500992,246.8084717026,16.840820275200002,28.06805417909999,512,683
objects365_v1_00040952_object-0697349.jpg,images/Person/objects365_v1_00040952_object-0697349.jpg,Person,objects365_v1_00040952.jpg,40952,697349,1,223.7076416,169.9721069169,19.29681397760001,54.3818969637,512,683
objects365_v1_00040952_object-0697350.jpg,images/Person/objects365_v1_00040952_object-0697350.jpg,Person,objects365_v1_00040952.jpg,40952,697350,1,342.1149292032,262.1629028391,37.56689454079998,38.50610351439997,512,683
objects365_v1_00040952_object-0697351.jpg,images/Barrel-bucket/objects365_v1_00040952_object-0697351.jpg,Barrel/bucket,objects365_v1_00040952.jpg,40952,697351,49,164.3149413888,398.9313964803,29.7282104832,31.52990722779998,512,683
objects365_v1_00040952_object-0697352.jpg,images/Barrel-bucket/objects365_v1_00040952_object-0697352.jpg,Barrel/bucket,objects365_v1_00040952.jpg,40952,697352,49,76.7757568512,377.5590820543,30.4451904,30.610595648000015,512,683
objects365_v1_00040952_object-0697353.jpg,images/Barrel-bucket/objects365_v1_00040952_object-0697353.jpg,Barrel/bucket,objects365_v1_00040952.jpg,40952,697353,49,126.7456054784,345.29370116589996,19.855590809600017,18.531982430000028,512,683
objects365_v1_00040952_object-0697354.jpg,images/Barrel-bucket/objects365_v1_00040952_object-0697354.jpg,Barrel/bucket,objects365_v1_00040952.jpg,40952,697354,49,131.1722412032,258.58312990869996,13.313598617600007,14.927368106600056,512,683
objects365_v1_00040952_object-0697355.jpg,images/Barrel-bucket/objects365_v1_00040952_object-0697355.jpg,Barrel/bucket,objects365_v1_00040952.jpg,40952,697355,49,264.1178588672,276.5540771513,17.55468753919996,16.21582028659998,512,683
objects365_v1_00040952_object-0697356.jpg,images/Barrel-bucket/objects365_v1_00040952_object-0697356.jpg,Barrel/bucket,objects365_v1_00040952.jpg,40952,697356,49,142.9786376704,215.16998291059997,9.555908249600009,8.501953128400032,512,683
objects365_v1_00040952_object-0697357.jpg,images/Sneakers/objects365_v1_00040952_object-0697357.jpg,Sneakers,objects365_v1_00040952.jpg,40952,697357,2,193.0528564224,430.8280029248,11.806762700799993,13.05895993170003,512,683
objects365_v1_00040952_object-0697358.jpg,images/Sneakers/objects365_v1_00040952_object-0697358.jpg,Sneakers,objects365_v1_00040952.jpg,40952,697358,2,232.9453735424,436.3735351619,28.44354247679999,10.196777331399971,512,683
objects365_v1_00040952_object-0697359.jpg,images/Shovel/objects365_v1_00040952_object-0697359.jpg,Shovel,objects365_v1_00040952.jpg,40952,697359,158,419.0276489216,569.9072265372,82.66723635199997,22.742431686599957,512,683
objects365_v1_00040952_object-0697360.jpg,images/Shovel/objects365_v1_00040952_object-0697360.jpg,Shovel,objects365_v1_00040952.jpg,40952,697360,158,250.749938944,417.8820801078,68.85058595840002,20.342163079099976,512,683
objects365_v1_00040952_object-0697361.jpg,images/Trolley/objects365_v1_00040952_object-0697361.jpg,Trolley,objects365_v1_00040952.jpg,40952,697361,125,309.9727172608,383.8238525639,197.10156252160004,83.1773681354,512,683
objects365_v1_00040952_object-0697362.jpg,images/Trolley/objects365_v1_00040952_object-0697362.jpg,Trolley,objects365_v1_00040952.jpg,40952,697362,125,0.2365722624,300.3530273315,42.6290893824,61.29577639859997,512,683
objects365_v1_00032691_object-0728176.jpg,images/Cabinet-shelf/objects365_v1_00032691_object-0728176.jpg,Cabinet/shelf,objects365_v1_00032691.jpg,32691,728176,13,159.482360832,71.1838989312,259.76470947839994,113.69409177600001,768,512
objects365_v1_00032691_object-0728177.jpg,images/Cabinet-shelf/objects365_v1_00032691_object-0728177.jpg,Cabinet/shelf,objects365_v1_00032691.jpg,32691,728177,13,486.2587890432,111.0897827328,185.97656248319998,152.0941161984,768,512
objects365_v1_00032691_object-0728178.jpg,images/Cabinet-shelf/objects365_v1_00032691_object-0728178.jpg,Cabinet/shelf,objects365_v1_00032691.jpg,32691,728178,13,0.611755392,188.6427001856,329.03533931519996,264.82354739199997,768,512
objects365_v1_00032691_object-0728179.jpg,images/Cabinet-shelf/objects365_v1_00032691_object-0728179.jpg,Cabinet/shelf,objects365_v1_00032691.jpg,32691,728179,13,0.611755392,201.7768554496,103.90588377599998,170.5834960896,768,512
objects365_v1_00032691_object-0728180.jpg,images/Person/objects365_v1_00032691_object-0728180.jpg,Person,objects365_v1_00032691.jpg,32691,728180,1,587.0211181824,48.2857055744,180.96704102400008,463.65234375679995,768,512
objects365_v1_00032691_object-0728181.jpg,images/Bottle/objects365_v1_00032691_object-0728181.jpg,Bottle,objects365_v1_00032691.jpg,32691,728181,9,609.3673095936,48.307373056,20.962646476799932,67.166076672,768,512
objects365_v1_00032691_object-0728182.jpg,images/Bottle/objects365_v1_00032691_object-0728182.jpg,Bottle,objects365_v1_00032691.jpg,32691,728182,9,570.8645019648001,52.585449216,22.246093747199893,65.4548339712,768,512
objects365_v1_00032691_object-0728183.jpg,images/Bottle/objects365_v1_00032691_object-0728183.jpg,Bottle,objects365_v1_00032691.jpg,32691,728183,9,540.4899902208,53.8688964608,23.957397504000028,63.74359132159999,768,512
objects365_v1_00032691_object-0728184.jpg,images/Bottle/objects365_v1_00032691_object-0728184.jpg,Bottle,objects365_v1_00032691.jpg,32691,728184,9,519.0994873344,57.2913818112,21.818359372799932,62.032348672,768,512
objects365_v1_00032691_object-0728185.jpg,images/Coconut/objects365_v1_00032691_object-0728185.jpg,Coconut,objects365_v1_00032691.jpg,32691,728185,299,541.70117184,273.5429687296,57.23095703039996,69.65600588800004,768,512
objects365_v1_00032691_object-0728186.jpg,images/Coconut/objects365_v1_00032691_object-0728186.jpg,Coconut,objects365_v1_00032691.jpg,32691,728186,299,612.8632812288,322.8669433344,33.133667020799976,41.41711426559999,768,512
objects365_v1_00032691_object-0728187.jpg,images/Coconut/objects365_v1_00032691_object-0728187.jpg,Coconut,objects365_v1_00032691.jpg,32691,728187,299,615.1224365568,344.7050781184,38.02832025600003,54.97174072319996,768,512
objects365_v1_00032691_object-0728188.jpg,images/Coconut/objects365_v1_00032691_object-0728188.jpg,Coconut,objects365_v1_00032691.jpg,32691,728188,299,542.4542236416,334.9155884032,73.0446777599999,65.1377563136,768,512
objects365_v1_00032691_object-0728189.jpg,images/Coconut/objects365_v1_00032691_object-0728189.jpg,Coconut,objects365_v1_00032691.jpg,32691,728189,299,546.972534144,380.8508911104,83.21057134080002,90.74102783999996,768,512
objects365_v1_00032691_object-0728190.jpg,images/Coconut/objects365_v1_00032691_object-0728190.jpg,Coconut,objects365_v1_00032691.jpg,32691,728190,299,496.14245606400004,419.6323241984,86.97583004159992,77.9393921024,768,512
objects365_v1_00032691_object-0728191.jpg,images/Coconut/objects365_v1_00032691_object-0728191.jpg,Coconut,objects365_v1_00032691.jpg,32691,728191,299,575.2114258176,472.3449707008,57.98388671999999,39.53448488960004,768,512
objects365_v1_00032691_object-0728192.jpg,images/Coconut/objects365_v1_00032691_object-0728192.jpg,Coconut,objects365_v1_00032691.jpg,32691,728192,299,514.5919189248,496.4421386752,68.14990233600008,15.813842790400031,768,512
objects365_v1_00032691_object-0728193.jpg,images/Coconut/objects365_v1_00032691_object-0728193.jpg,Coconut,objects365_v1_00032691.jpg,32691,728193,299,450.96020505599995,363.5310058496,71.91503907840001,76.43334963200004,768,512
objects365_v1_00032691_object-0728194.jpg,images/Coconut/objects365_v1_00032691_object-0728194.jpg,Coconut,objects365_v1_00032691.jpg,32691,728194,299,409.1666259456,369.9318237184,51.20654300160004,52.71264650239999,768,512
objects365_v1_00032691_object-0728195.jpg,images/Coconut/objects365_v1_00032691_object-0728195.jpg,Coconut,objects365_v1_00032691.jpg,32691,728195,299,344.781860352,361.6483764736,62.50207518719998,54.97180175359995,768,512
objects365_v1_00032691_object-0728196.jpg,images/Coconut/objects365_v1_00032691_object-0728196.jpg,Coconut,objects365_v1_00032691.jpg,32691,728196,299,307.130004864,410.2193603584,50.829956044799985,54.97174072319996,768,512
objects365_v1_00032691_object-0728197.jpg,images/Coconut/objects365_v1_00032691_object-0728197.jpg,Coconut,objects365_v1_00032691.jpg,32691,728197,299,260.4416504064,443.7295532032,51.58300776959999,57.230834995199984,768,512
objects365_v1_00032691_object-0728198.jpg,images/Coconut/objects365_v1_00032691_object-0728198.jpg,Coconut,objects365_v1_00032691.jpg,32691,728198,299,278.8911132672,456.5311889408,85.84619143679998,55.34826664960002,768,512
objects365_v1_00032691_object-0728199.jpg,images/Coconut/objects365_v1_00032691_object-0728199.jpg,Coconut,objects365_v1_00032691.jpg,32691,728199,299,347.417480448,471.2153930752,89.61145021439995,41.040588390400046,768,512
objects365_v1_00032691_object-0728200.jpg,images/Coconut/objects365_v1_00032691_object-0728200.jpg,Coconut,objects365_v1_00032691.jpg,32691,728200,299,423.47424314880004,481.0048827904,90.36462405119994,30.87457280000001,768,512
objects365_v1_00032691_object-0728201.jpg,images/Coconut/objects365_v1_00032691_object-0728201.jpg,Coconut,objects365_v1_00032691.jpg,32691,728201,299,390.34069824,416.6201782272,82.83410641920005,75.30377195520003,768,512
objects365_v1_00032691_object-0728202.jpg,images/Coconut/objects365_v1_00032691_object-0728202.jpg,Coconut,objects365_v1_00032691.jpg,32691,728202,299,346.7719726848,413.98455808,60.5119628544,68.14990238719997,768,512
objects365_v1_00032691_object-0728203.jpg,images/Coconut/objects365_v1_00032691_object-0728203.jpg,Coconut,objects365_v1_00032691.jpg,32691,728203,299,519.110107392,390.9765624832,32.918457062399966,33.88665774079999,768,512
objects365_v1_00032691_object-0728204.jpg,images/Cabinet-shelf/objects365_v1_00032691_object-0728204.jpg,Cabinet/shelf,objects365_v1_00032691.jpg,32691,728204,13,403.040161152,2.3314819584,208.80895994879995,248.216552704,768,512
objects365_v1_00032691_object-0728205.jpg,images/Cabinet-shelf/objects365_v1_00032691_object-0728205.jpg,Cabinet/shelf,objects365_v1_00032691.jpg,32691,728205,13,700.3881835776,1.8197021696,48.108032256,57.8319091712,768,512
objects365_v1_00032691_object-0728206.jpg,images/Bottle/objects365_v1_00032691_object-0728206.jpg,Bottle,objects365_v1_00032691.jpg,32691,728206,9,572.2606201343999,7.607910144,41.48876951040006,62.233154303999996,768,512
objects365_v1_00032691_object-0728207.jpg,images/Cup/objects365_v1_00032691_object-0728207.jpg,Cup,objects365_v1_00032691.jpg,32691,728207,11,519.4566650112,1.9503783936,35.202636748800046,58.4614258176,768,512
objects365_v1_00032691_object-0728208.jpg,images/Cup/objects365_v1_00032691_object-0728208.jpg,Cup,objects365_v1_00032691.jpg,32691,728208,11,503.43249515520006,215.9324340736,112.05358886399995,31.374938982399982,768,512
objects365_v1_00032691_object-0728209.jpg,images/Bottle/objects365_v1_00032691_object-0728209.jpg,Bottle,objects365_v1_00032691.jpg,32691,728209,9,63.287841791999995,71.050903296,69.52685544960002,22.150146508799992,768,512
objects365_v1_00032691_object-0728210.jpg,images/Bottle/objects365_v1_00032691_object-0728210.jpg,Bottle,objects365_v1_00032691.jpg,32691,728210,9,132.81469724160002,57.8223266816,59.37469486079999,38.76275630079999,768,512
objects365_v1_00032691_object-0728211.jpg,images/Bottle/objects365_v1_00032691_object-0728211.jpg,Bottle,objects365_v1_00032691.jpg,32691,728211,9,178.28100587519998,108.2530517504,30.016357401600033,37.87121582079999,768,512
objects365_v1_00019618_object-0742893.jpg,images/Bed/objects365_v1_00019618_object-0742893.jpg,Bed,objects365_v1_00019618.jpg,19618,742893,76,0.0671996928,190.5142212096,280.739563008,320.4302367744,768,512
objects365_v1_00019618_object-0742894.jpg,images/Chair/objects365_v1_00019618_object-0742894.jpg,Chair,objects365_v1_00019618.jpg,19618,742894,3,261.44543454719997,29.8150635008,484.03356933119994,482.09747312639996,768,512
objects365_v1_00019618_object-0742895.jpg,images/Picture-Frame/objects365_v1_00019618_object-0742895.jpg,Picture/Frame,objects365_v1_00019618.jpg,19618,742895,17,390.814086912,110.3829345792,203.27819827199994,255.1054687232,768,512
objects365_v1_00019618_object-0742896.jpg,images/Pillow/objects365_v1_00019618_object-0742896.jpg,Pillow,objects365_v1_00019618.jpg,19618,742896,29,-0.3601074432,-0.2245178368,158.85845952,207.4152526848,768,512
objects365_v1_00019618_object-0742897.jpg,images/Deer/objects365_v1_00019618_object-0742897.jpg,Deer,objects365_v1_00019618.jpg,19618,742897,241,462.8892822528,189.1550292992,88.7071533312,114.5065307648,768,512
objects365_v1_00019618_object-0742898.jpg,images/Deer/objects365_v1_00019618_object-0742898.jpg,Deer,objects365_v1_00019618.jpg,19618,742898,241,420.5046386688,265.9976196096,57.859130880000066,51.49761966080001,768,512
objects365_v1_00019618_object-0742899.jpg,images/Deer/objects365_v1_00019618_object-0742899.jpg,Deer,objects365_v1_00019618.jpg,19618,742899,241,443.83007815679997,246.0043945472,32.110351564800055,58.16204830719997,768,512
objects365_v1_00016990_object-0785837.jpg,images/Fan/objects365_v1_00016990_object-0785837.jpg,Fan,objects365_v1_00016990.jpg,16990,785837,111,199.4306030592,108.606018048,171.5770873344,81.7268066816,768,512
objects365_v1_00016990_object-0785838.jpg,images/Lamp/objects365_v1_00016990_object-0785838.jpg,Lamp,objects365_v1_00016990.jpg,16990,785838,7,339.0062255616,62.5731201024,15.508300800000029,43.325073254399996,768,512
objects365_v1_00016990_object-0785839.jpg,images/Couch/objects365_v1_00016990_object-0785839.jpg,Couch,objects365_v1_00016990.jpg,16990,785839,51,311.6898193152,380.2546997248,60.032714880000015,101.51586913279999,768,512
objects365_v1_00016990_object-0785840.jpg,images/Desk/objects365_v1_00016990_object-0785840.jpg,Desk,objects365_v1_00016990.jpg,16990,785840,10,0.2243652096,275.765380864,122.60772710399999,77.55145262079998,768,512
objects365_v1_00016990_object-0785841.jpg,images/Stool/objects365_v1_00016990_object-0785841.jpg,Stool,objects365_v1_00016990.jpg,16990,785841,48,111.8363647488,321.5642700288,39.46740725759999,34.92883302399997,768,512
objects365_v1_00016990_object-0785842.jpg,images/Lamp/objects365_v1_00016990_object-0785842.jpg,Lamp,objects365_v1_00016990.jpg,16990,785842,7,93.3948364032,110.895751936,29.182922419199997,60.9848632832,768,512
objects365_v1_00016990_object-0785843.jpg,images/Projector/objects365_v1_00016990_object-0785843.jpg,Projector,objects365_v1_00016990.jpg,16990,785843,219,96.8002929408,156.995483392,26.296691942400003,12.186279321599983,768,512
objects365_v1_00016990_object-0785844.jpg,images/Speaker/objects365_v1_00016990_object-0785844.jpg,Speaker,objects365_v1_00016990.jpg,16990,785844,42,341.276977536,84.291931136,11.622802713599981,20.812805171199997,768,512
objects365_v1_00016990_object-0785845.jpg,images/Chair/objects365_v1_00016990_object-0785845.jpg,Chair,objects365_v1_00016990.jpg,16990,785845,3,123.3782348544,288.5285644288,249.03778076159998,94.15344240640002,768,512
objects365_v1_00016990_object-0785846.jpg,images/Bench/objects365_v1_00016990_object-0785846.jpg,Bench,objects365_v1_00016990.jpg,16990,785846,25,-0.32177733119999996,291.0572509696,120.96929932799999,77.27838136320003,768,512
objects365_v1_00009713_object-0810641.jpg,images/Person/objects365_v1_00009713_object-0810641.jpg,Person,objects365_v1_00009713.jpg,9713,810641,1,231.3289795096,65.4373169152,284.52758785230003,446.96685788160005,683,512
objects365_v1_00009713_object-0810642.jpg,images/Glasses/objects365_v1_00009713_object-0810642.jpg,Glasses,objects365_v1_00009713.jpg,9713,810642,8,328.0400707802,105.3201342976,80.0849108557,35.59322782719998,683,512
objects365_v1_00009713_object-0810643.jpg,images/Gloves/objects365_v1_00009713_object-0810643.jpg,Gloves,objects365_v1_00009713.jpg,9713,810643,20,230.9674516274,275.197152,43.14338631289996,60.400740812799995,683,512
objects365_v1_00009713_object-0810644.jpg,images/Gloves/objects365_v1_00009713_object-0810644.jpg,Gloves,objects365_v1_00009713.jpg,9713,810644,20,474.90088120570005,273.213336064,40.446924647,65.87070586880003,683,512
objects365_v1_00009713_object-0810645.jpg,images/Other-Fish/objects365_v1_00009713_object-0810645.jpg,Other Fish,objects365_v1_00009713.jpg,9713,810645,104,209.9808442398,119.2133191168,41.520492186599995,34.08398612479999,683,512
objects365_v1_00009713_object-0810646.jpg,images/Other-Fish/objects365_v1_00009713_object-0810646.jpg,Other Fish,objects365_v1_00009713.jpg,9713,810646,104,589.8622869357,152.677596416,73.18019352429997,41.20234741760001,683,512
objects365_v1_00009713_object-0810647.jpg,images/Other-Fish/objects365_v1_00009713_object-0810647.jpg,Other Fish,objects365_v1_00009713.jpg,9713,810647,104,418.1155208337,94.9198444544,87.73546234300005,32.2556846592,683,512
objects365_v1_00009713_object-0810648.jpg,images/Other-Fish/objects365_v1_00009713_object-0810648.jpg,Other Fish,objects365_v1_00009713.jpg,9713,810648,104,487.1426860725,181.3650793984,47.738413335700045,31.16171504639999,683,512
objects365_v1_00009713_object-0810649.jpg,images/Other-Fish/objects365_v1_00009713_object-0810649.jpg,Other Fish,objects365_v1_00009713.jpg,9713,810649,104,660.0331559596,102.0160950784,22.578979268400076,22.154894745600004,683,512
objects365_v1_00017944_object-0826390.jpg,images/Bench/objects365_v1_00017944_object-0826390.jpg,Bench,objects365_v1_00017944.jpg,17944,826390,25,663.7216796535,268.3856201216,25.40014650159992,23.67388917759996,689,512
objects365_v1_00017944_object-0826391.jpg,images/Bench/objects365_v1_00017944_object-0826391.jpg,Bench,objects365_v1_00017944.jpg,17944,826391,25,582.5892333898,262.4671020544,49.56726073909999,23.427307110399965,689,512
objects365_v1_00017944_object-0826392.jpg,images/Person/objects365_v1_00017944_object-0826392.jpg,Person,objects365_v1_00017944.jpg,17944,826392,1,-0.1660156524,234.0667114496,23.736877488999998,80.1118774272,689,512
objects365_v1_00017944_object-0826393.jpg,images/Person/objects365_v1_00017944_object-0826393.jpg,Person,objects365_v1_00017944.jpg,17944,826393,1,678.0299072222,249.6557617152,10.172973657599982,44.506652825600014,689,512
objects365_v1_00017944_object-0826394.jpg,images/Person/objects365_v1_00017944_object-0826394.jpg,Person,objects365_v1_00017944.jpg,17944,826394,1,594.9509277166001,236.09185792,21.617431635799903,49.59307857919998,689,512
objects365_v1_00017944_object-0826395.jpg,images/Luggage/objects365_v1_00017944_object-0826395.jpg,Luggage,objects365_v1_00017944.jpg,17944,826395,121,578.9272460686,268.6938476544,16.81970215770002,17.05328368640005,689,512
objects365_v1_00017944_object-0826396.jpg,images/Luggage/objects365_v1_00017944_object-0826396.jpg,Luggage,objects365_v1_00017944.jpg,17944,826396,121,563.1158447005,257.6594848768,17.506225616099982,22.826721177600007,689,512
objects365_v1_00017944_object-0826397.jpg,images/Blackboard-Whiteboard/objects365_v1_00017944_object-0826397.jpg,Blackboard/Whiteboard,objects365_v1_00017944.jpg,17944,826397,102,639.0805664191,230.572326656,16.75805663869994,39.238525388800014,689,512
objects365_v1_00017944_object-0826398.jpg,images/Blackboard-Whiteboard/objects365_v1_00017944_object-0826398.jpg,Blackboard/Whiteboard,objects365_v1_00017944.jpg,17944,826398,102,651.7513427698,230.9810790912,14.305664075300001,38.421020518399985,689,512
objects365_v1_00017944_object-0826399.jpg,images/Train/objects365_v1_00017944_object-0826399.jpg,Train,objects365_v1_00017944.jpg,17944,826399,117,403.7198486126,201.1030273536,118.4020995976,104.65679928320003,689,512
objects365_v1_00017944_object-0826400.jpg,images/Train/objects365_v1_00017944_object-0826400.jpg,Train,objects365_v1_00017944.jpg,17944,826400,117,133.6091918811,202.1506957824,274.3916625983,102.30755614720002,689,512
objects365_v1_00017944_object-0826401.jpg,images/Train/objects365_v1_00017944_object-0826401.jpg,Train,objects365_v1_00017944.jpg,17944,826401,117,25.0026245066,219.427673344,101.2716674658,43.0943603712,689,512
objects365_v1_00017944_object-0826402.jpg,images/Person/objects365_v1_00017944_object-0826402.jpg,Person,objects365_v1_00017944.jpg,17944,826402,1,66.805847199,237.0338134528,69.5150756742,38.99627688960001,689,512
objects365_v1_00017944_object-0826403.jpg,images/Person/objects365_v1_00017944_object-0826403.jpg,Person,objects365_v1_00017944.jpg,17944,826403,1,498.7318115559,228.4621581824,83.07910152750003,52.5601806848,689,512
objects365_v1_00011572_object-0833330.jpg,images/Potted-Plant/objects365_v1_00011572_object-0833330.jpg,Potted Plant,objects365_v1_00011572.jpg,11572,833330,26,405.36938475700003,121.0589599744,123.89941405569994,193.03686522879997,529,512
objects365_v1_00011572_object-0833331.jpg,images/Mirror/objects365_v1_00011572_object-0833331.jpg,Mirror,objects365_v1_00011572.jpg,11572,833331,80,303.33947756249995,26.5933837824,95.06628413220005,156.859436032,529,512
objects365_v1_00011572_object-0833332.jpg,images/Cabinet-shelf/objects365_v1_00011572_object-0833332.jpg,Cabinet/shelf,objects365_v1_00011572.jpg,11572,833332,13,377.9482421663,302.7194824192,149.57055666990004,123.0841064448,529,512
objects365_v1_00011572_object-0833333.jpg,images/Faucet/objects365_v1_00011572_object-0833333.jpg,Faucet,objects365_v1_00011572.jpg,11572,833333,77,327.4974975659,223.1693725696,49.86517334040002,56.299377408,529,512
objects365_v1_00011572_object-0833334.jpg,images/Sink/objects365_v1_00011572_object-0833334.jpg,Sink,objects365_v1_00011572.jpg,11572,833334,82,279.7770385571,270.0855102464,120.37347416449995,58.176025395199986,529,512
objects365_v1_00011572_object-0833335.jpg,images/Toilet/objects365_v1_00011572_object-0833335.jpg,Toilet,objects365_v1_00011572.jpg,11572,833335,154,20.6166992256,345.3820190208,133.14282223630002,99.06854251520002,529,512
objects365_v1_00011572_object-0833336.jpg,images/Soap/objects365_v1_00011572_object-0833336.jpg,Soap,objects365_v1_00011572.jpg,11572,833336,294,294.7902221768,245.152954112,16.085571255899993,7.506591795199995,529,512
objects365_v1_00011572_object-0833337.jpg,images/Toilet-Paper/objects365_v1_00011572_object-0833337.jpg,Toilet Paper,objects365_v1_00011572.jpg,11572,833337,161,121.4266967655,309.679199232,29.42327883210001,21.52923581440001,529,512
objects365_v1_00011572_object-0833338.jpg,images/Towel/objects365_v1_00011572_object-0833338.jpg,Towel,objects365_v1_00011572.jpg,11572,833338,70,403.15905760320004,345.0655517696,103.89392090109999,55.681701632,529,512
objects365_v1_00009153_object-0843209.jpg,images/Stool/objects365_v1_00009153_object-0843209.jpg,Stool,objects365_v1_00009153.jpg,9153,843209,48,535.8317871176,424.769470208,154.6973876784,86.1500854784,772,512
objects365_v1_00009153_object-0843210.jpg,images/Guitar/objects365_v1_00009153_object-0843210.jpg,Guitar,objects365_v1_00009153.jpg,9153,843210,60,35.950622530800004,55.2149658112,271.0360718312,158.1624755712,772,512
objects365_v1_00009153_object-0843211.jpg,images/Guitar/objects365_v1_00009153_object-0843211.jpg,Guitar,objects365_v1_00009153.jpg,9153,843211,60,269.36218259960003,39.18969728,218.08300784159997,470.3068847616,772,512
objects365_v1_00009153_object-0843212.jpg,images/Cello/objects365_v1_00009153_object-0843212.jpg,Cello,objects365_v1_00009153.jpg,9153,843212,230,590.5643310248,250.3052368384,161.64624027519994,187.42602536959998,772,512
objects365_v1_00009153_object-0843213.jpg,images/Cymbal/objects365_v1_00009153_object-0843213.jpg,Cymbal,objects365_v1_00009153.jpg,9153,843213,68,194.8098144224,366.6626587136,78.03613281920002,36.92779540479995,772,512
objects365_v1_00009153_object-0843214.jpg,images/Drum/objects365_v1_00009153_object-0843214.jpg,Drum,objects365_v1_00009153.jpg,9153,843214,54,215.71234128639998,429.3702392832,66.19134523400004,82.91333007359992,772,512
objects365_v1_00009153_object-0843215.jpg,images/Person/objects365_v1_00009153_object-0843215.jpg,Person,objects365_v1_00009153.jpg,9153,843215,1,505.23461912199997,176.9868164096,216.0251464996,334.86676024319996,772,512
objects365_v1_00009153_object-0843216.jpg,images/Person/objects365_v1_00009153_object-0843216.jpg,Person,objects365_v1_00009153.jpg,9153,843216,1,24.8151245364,38.851257344,197.862182608,242.83447265279997,772,512
objects365_v1_00009153_object-0843217.jpg,images/Glasses/objects365_v1_00009153_object-0843217.jpg,Glasses,objects365_v1_00009153.jpg,9153,843217,8,585.7025146536,215.3741454848,33.15722653159992,12.641174323199976,772,512
objects365_v1_00009153_object-0843218.jpg,images/Boots/objects365_v1_00009153_object-0843218.jpg,Boots,objects365_v1_00009153.jpg,9153,843218,30,564.6684570543999,468.3072509952,30.069702160800034,43.4340209664,772,512
objects365_v1_00009153_object-0843219.jpg,images/Bottle/objects365_v1_00009153_object-0843219.jpg,Bottle,objects365_v1_00009153.jpg,9153,843219,9,755.1518554792001,440.7647094784,13.499023395199856,40.95440670720001,772,512
objects365_v1_00009153_object-0843220.jpg,images/Bottle/objects365_v1_00009153_object-0843220.jpg,Bottle,objects365_v1_00009153.jpg,9153,843220,9,501.7390136984,497.1088867328,20.75109860080005,14.372131328000023,772,512
objects365_v1_00009153_object-0843221.jpg,images/Microphone/objects365_v1_00009153_object-0843221.jpg,Microphone,objects365_v1_00009153.jpg,9153,843221,32,122.87731934119999,56.2087402496,28.8588867072,19.022766079999997,772,512
objects365_v1_00009153_object-0843222.jpg,images/Microphone/objects365_v1_00009153_object-0843222.jpg,Microphone,objects365_v1_00009153.jpg,9153,843222,32,594.1503906076,184.3817748992,17.96447751919993,30.28363038719999,772,512
objects365_v1_00009153_object-0843223.jpg,images/Speaker/objects365_v1_00009153_object-0843223.jpg,Speaker,objects365_v1_00009153.jpg,9153,843223,42,-0.0226440724,219.05847168,144.72448733000002,293.07824706559995,772,512
objects365_v1_00009153_object-0843224.jpg,images/Tripod/objects365_v1_00009153_object-0843224.jpg,Tripod,objects365_v1_00009153.jpg,9153,843224,92,183.9448242244,392.1914062336,42.898193375999995,119.82983398400006,772,512
objects365_v1_00015733_object-0860502.jpg,images/Cabinet-shelf/objects365_v1_00015733_object-0860502.jpg,Cabinet/shelf,objects365_v1_00015733.jpg,15733,860502,13,94.51678469459999,150.3956909056,734.3545531854,359.6633911296,914,512
objects365_v1_00015733_object-0860503.jpg,images/Cabinet-shelf/objects365_v1_00015733_object-0860503.jpg,Cabinet/shelf,objects365_v1_00015733.jpg,15733,860503,13,872.1496582286001,206.1606445568,41.24560546199996,124.56140134400002,914,512
objects365_v1_00015733_object-0860504.jpg,images/Person/objects365_v1_00015733_object-0860504.jpg,Person,objects365_v1_00015733.jpg,15733,860504,1,887.386718793,120.6116333056,13.71911614459998,46.703308083200014,914,512
objects365_v1_00015733_object-0860505.jpg,images/Pumpkin/objects365_v1_00015733_object-0860505.jpg,Pumpkin,objects365_v1_00015733.jpg,15733,860505,118,686.1220703194,273.0822753792,87.013793975,57.625061068799994,914,512
objects365_v1_00015733_object-0860506.jpg,images/Pumpkin/objects365_v1_00015733_object-0860506.jpg,Pumpkin,objects365_v1_00015733.jpg,15733,860506,118,569.2623291356,270.2010498048,59.81091302979996,81.25128171519998,914,512
objects365_v1_00015733_object-0860507.jpg,images/Pumpkin/objects365_v1_00015733_object-0860507.jpg,Pumpkin,objects365_v1_00015733.jpg,15733,860507,118,465.92272949539995,294.0816039936,92.36987300280009,64.53662110719995,914,512
objects365_v1_00015733_object-0860508.jpg,images/Pumpkin/objects365_v1_00015733_object-0860508.jpg,Pumpkin,objects365_v1_00015733.jpg,15733,860508,118,268.7609863488,257.2761230336,126.56738280320008,52.41674808319999,914,512
objects365_v1_00015733_object-0860509.jpg,images/Pumpkin/objects365_v1_00015733_object-0860509.jpg,Pumpkin,objects365_v1_00015733.jpg,15733,860509,118,232.1569824586,401.781860352,150.1392822134,100.212585472,914,512
objects365_v1_00015733_object-0860510.jpg,images/Pumpkin/objects365_v1_00015733_object-0860510.jpg,Pumpkin,objects365_v1_00015733.jpg,15733,860510,118,89.91992186899999,418.6635742208,133.2574462934,93.31005859840002,914,512
objects365_v1_00015733_object-0860511.jpg,images/Pumpkin/objects365_v1_00015733_object-0860511.jpg,Pumpkin,objects365_v1_00015733.jpg,15733,860511,118,530.8104248148,367.4936523264,49.99462889180006,30.707275417599988,914,512
objects365_v1_00015733_object-0860512.jpg,images/Pumpkin/objects365_v1_00015733_object-0860512.jpg,Pumpkin,objects365_v1_00015733.jpg,15733,860512,118,653.6397705426,392.110229504,68.26672361440001,54.56262205439998,914,512
objects365_v1_00015733_object-0860513.jpg,images/Pumpkin/objects365_v1_00015733_object-0860513.jpg,Pumpkin,objects365_v1_00015733.jpg,15733,860513,118,899.9639892701999,229.071899392,14.06677240520014,38.18096926719997,914,512
objects365_v1_00015733_object-0860514.jpg,images/Pumpkin/objects365_v1_00015733_object-0860514.jpg,Pumpkin,objects365_v1_00015733.jpg,15733,860514,118,453.293701209,90.0478515712,53.942138589399974,67.1909790208,914,512
objects365_v1_00015733_object-0860515.jpg,images/Pumpkin/objects365_v1_00015733_object-0860515.jpg,Pumpkin,objects365_v1_00015733.jpg,15733,860515,118,739.0920410348,479.944885248,102.20605464660002,32.17596436480005,914,512
objects365_v1_00015733_object-0860516.jpg,images/Pumpkin/objects365_v1_00015733_object-0860516.jpg,Pumpkin,objects365_v1_00015733.jpg,15733,860516,118,129.5643310384,51.440063488,81.73083494719998,117.07397457920001,914,512
objects365_v1_00015733_object-0860517.jpg,images/Pumpkin/objects365_v1_00015733_object-0860517.jpg,Pumpkin,objects365_v1_00015733.jpg,15733,860517,118,95.34259036680001,188.77209472,55.178527777,34.892333977599975,914,512
objects365_v1_00015733_object-0860518.jpg,images/Pumpkin/objects365_v1_00015733_object-0860518.jpg,Pumpkin,objects365_v1_00015733.jpg,15733,860518,118,47.0614013548,181.4690551808,53.5556030538,36.51519774719998,914,512
objects365_v1_00015733_object-0860519.jpg,images/Pumpkin/objects365_v1_00015733_object-0860519.jpg,Pumpkin,objects365_v1_00015733.jpg,15733,860519,118,146.8696289166,186.3377685504,25.154907194200007,33.67510988800001,914,512
objects365_v1_00015733_object-0860520.jpg,images/Pumpkin/objects365_v1_00015733_object-0860520.jpg,Pumpkin,objects365_v1_00015733.jpg,15733,860520,118,207.72827148,185.5263061504,24.343383777399993,30.023620608000016,914,512
objects365_v1_00015733_object-0860521.jpg,images/Pumpkin/objects365_v1_00015733_object-0860521.jpg,Pumpkin,objects365_v1_00015733.jpg,15733,860521,118,233.69458007199998,184.7148437504,47.46972655900001,28.400756838399985,914,512
objects365_v1_00015733_object-0860522.jpg,images/Pumpkin/objects365_v1_00015733_object-0860522.jpg,Pumpkin,objects365_v1_00015733.jpg,15733,860522,118,440.096435558,186.925048832,21.258544936600003,10.265624985599999,914,512
objects365_v1_00015733_object-0860523.jpg,images/Pumpkin/objects365_v1_00015733_object-0860523.jpg,Pumpkin,objects365_v1_00015733.jpg,15733,860523,118,308.63781740080003,134.787414528,34.21093746579999,30.409729024,914,512
objects365_v1_00015733_object-0860524.jpg,images/Pumpkin/objects365_v1_00015733_object-0860524.jpg,Pumpkin,objects365_v1_00015733.jpg,15733,860524,118,276.9610595506,130.9862060544,31.043212900599997,32.943847680000005,914,512
objects365_v1_00015733_object-0860525.jpg,images/Pumpkin/objects365_v1_00015733_object-0860525.jpg,Pumpkin,objects365_v1_00015733.jpg,15733,860525,118,262.389770479,146.507873536,32.62707518320002,18.689270015999995,914,512
objects365_v1_00015733_object-0860526.jpg,images/Pumpkin/objects365_v1_00015733_object-0860526.jpg,Pumpkin,objects365_v1_00015733.jpg,15733,860526,118,237.6818847812,136.3712768512,25.341308537000003,26.291748044799988,914,512
objects365_v1_00015733_object-0860527.jpg,images/Pumpkin/objects365_v1_00015733_object-0860527.jpg,Pumpkin,objects365_v1_00015733.jpg,15733,860527,118,252.88671871100001,133.2036132864,23.124023506599997,26.608459468799992,914,512
objects365_v1_00015733_object-0860528.jpg,images/Pumpkin/objects365_v1_00015733_object-0860528.jpg,Pumpkin,objects365_v1_00015733.jpg,15733,860528,118,218.6757812452,138.2719116288,24.074340839599984,25.65814210559998,914,512
objects365_v1_00015733_object-0860529.jpg,images/Pumpkin/objects365_v1_00015733_object-0860529.jpg,Pumpkin,objects365_v1_00015733.jpg,15733,860529,118,193.6511230726,147.1413574144,17.739013636799996,20.5899047936,914,512
objects365_v1_00015733_object-0860530.jpg,images/Pumpkin/objects365_v1_00015733_object-0860530.jpg,Pumpkin,objects365_v1_00015733.jpg,15733,860530,118,861.2940673412,298.2453002752,52.75341797500005,89.65325931519999,914,512
objects365_v1_00015733_object-0860531.jpg,images/Pumpkin/objects365_v1_00015733_object-0860531.jpg,Pumpkin,objects365_v1_00015733.jpg,15733,860531,118,855.9759521259999,146.0008544768,28.605835025000147,10.72717286400001,914,512
objects365_v1_00015733_object-0860532.jpg,images/Pumpkin/objects365_v1_00015733_object-0860532.jpg,Pumpkin,objects365_v1_00015733.jpg,15733,860532,118,277.27783202539996,183.2529296896,153.63232423940002,21.540161126399994,914,512
objects365_v1_00015733_object-0860533.jpg,images/Pumpkin/objects365_v1_00015733_object-0860533.jpg,Pumpkin,objects365_v1_00015733.jpg,15733,860533,118,-0.5695190668,137.8041381888,148.11431886940002,69.119995136,914,512
objects365_v1_00043574_object-0861607.jpg,images/Desk/objects365_v1_00043574_object-0861607.jpg,Desk,objects365_v1_00043574.jpg,43574,861607,10,285.3154907102,257.504516608,368.4146118385,179.628478976,683,512
objects365_v1_00043574_object-0861608.jpg,images/Cabinet-shelf/objects365_v1_00043574_object-0861608.jpg,Cabinet/shelf,objects365_v1_00043574.jpg,43574,861608,13,529.1896972902,324.7458496,153.363525363,158.19390868480002,683,512
objects365_v1_00043574_object-0861609.jpg,images/Cabinet-shelf/objects365_v1_00043574_object-0861609.jpg,Cabinet/shelf,objects365_v1_00043574.jpg,43574,861609,13,194.6881103374,1.0455322112,400.3150635047,152.1559448576,683,512
objects365_v1_00043574_object-0861610.jpg,images/Telephone/objects365_v1_00043574_object-0861610.jpg,Telephone,objects365_v1_00043574.jpg,43574,861610,124,538.9035644575,63.7430419968,32.58679201429993,72.381164544,683,512
objects365_v1_00043574_object-0861611.jpg,images/Speaker/objects365_v1_00043574_object-0861611.jpg,Speaker,objects365_v1_00043574.jpg,43574,861611,42,189.6151123333,59.4638671872,154.64978026369997,78.04083251199998,683,512
objects365_v1_00043574_object-0861612.jpg,images/Speaker/objects365_v1_00043574_object-0861612.jpg,Speaker,objects365_v1_00043574.jpg,43574,861612,42,425.16955569339996,65.1916504064,130.3067626651001,66.58526607360001,683,512
objects365_v1_00043574_object-0861613.jpg,images/Microphone/objects365_v1_00043574_object-0861613.jpg,Microphone,objects365_v1_00043574.jpg,43574,861613,32,417.85046390120004,119.5383300608,56.64453123599992,14.533752473600003,683,512
objects365_v1_00043574_object-0861614.jpg,images/Microphone/objects365_v1_00043574_object-0861614.jpg,Microphone,objects365_v1_00043574.jpg,43574,861614,32,332.5111083735,116.557006848,54.7811279485,19.751037593600003,683,512
objects365_v1_00043574_object-0861615.jpg,images/Moniter-TV/objects365_v1_00043574_object-0861615.jpg,Moniter/TV,objects365_v1_00043574.jpg,43574,861615,38,354.58996580950003,144.837402368,244.54357909079994,119.27917475839999,683,512
objects365_v1_00043574_object-0861616.jpg,images/Computer-Box/objects365_v1_00043574_object-0861616.jpg,Computer Box,objects365_v1_00043574.jpg,43574,861616,160,464.3295898399,366.3271484416,113.97436520650001,141.0551757824,683,512
objects365_v1_00043574_object-0861617.jpg,images/Extention-Cord/objects365_v1_00043574_object-0861617.jpg,Extention Cord,objects365_v1_00043574.jpg,43574,861617,203,454.3034668202,408.562255872,13.21252442230002,22.821594214400022,683,512
objects365_v1_00043574_object-0861618.jpg,images/Moniter-TV/objects365_v1_00043574_object-0861618.jpg,Moniter/TV,objects365_v1_00043574.jpg,43574,861618,38,581.3001708644,221.6470337024,101.8022461467001,107.76367185920003,683,512
objects365_v1_00043574_object-0861619.jpg,images/Extention-Cord/objects365_v1_00043574_object-0861619.jpg,Extention Cord,objects365_v1_00043574.jpg,43574,861619,203,438.625854495,403.77807616,29.211303700900032,14.134460467199972,683,512
objects365_v1_00043574_object-0861620.jpg,images/Converter/objects365_v1_00043574_object-0861620.jpg,Converter,objects365_v1_00043574.jpg,43574,861620,191,457.4719238321,395.6115112448,11.935668967600009,16.01904296959998,683,512
objects365_v1_00043574_object-0861621.jpg,images/Moniter-TV/objects365_v1_00043574_object-0861621.jpg,Moniter/TV,objects365_v1_00043574.jpg,43574,861621,38,273.89508056249997,151.7676391424,72.73736569330009,126.47949219840004,683,512
objects365_v1_00043574_object-0861622.jpg,images/Computer-Box/objects365_v1_00043574_object-0861622.jpg,Computer Box,objects365_v1_00043574.jpg,43574,861622,160,284.8892211897,444.3264160256,75.71026614520002,67.46417233919999,683,512
objects365_v1_00043574_object-0861623.jpg,images/Speaker/objects365_v1_00043574_object-0861623.jpg,Speaker,objects365_v1_00043574.jpg,43574,861623,42,341.1447753882,81.5394897408,11.223022464700023,40.44958494720001,683,512
objects365_v1_00043574_object-0861624.jpg,images/Speaker/objects365_v1_00043574_object-0861624.jpg,Speaker,objects365_v1_00043574.jpg,43574,861624,42,423.91455077470005,89.9567870976,18.471191400299972,34.37042237440001,683,512
objects365_v1_00043574_object-0861625.jpg,images/CD/objects365_v1_00043574_object-0861625.jpg,CD,objects365_v1_00043574.jpg,43574,861625,285,289.0552367885,422.5507202048,45.80224609679999,25.82464599040003,683,512
objects365_v1_00011110_object-0918507.jpg,images/Cabinet-shelf/objects365_v1_00011110_object-0918507.jpg,Cabinet/shelf,objects365_v1_00011110.jpg,11110,918507,13,0.3844604416,388.80529786920005,152.02844236800001,239.91992188569992,512,769
objects365_v1_00011110_object-0918508.jpg,images/Cabinet-shelf/objects365_v1_00011110_object-0918508.jpg,Cabinet/shelf,objects365_v1_00011110.jpg,11110,918508,13,359.936279296,-0.42840574740000004,149.59069824,114.43688963070002,512,769
objects365_v1_00011110_object-0918509.jpg,images/Cabinet-shelf/objects365_v1_00011110_object-0918509.jpg,Cabinet/shelf,objects365_v1_00011110.jpg,11110,918509,13,-0.6904907264,-0.4933471822,158.67297361919998,250.0302124268,512,769
objects365_v1_00011110_object-0918510.jpg,images/Cabinet-shelf/objects365_v1_00011110_object-0918510.jpg,Cabinet/shelf,objects365_v1_00011110.jpg,11110,918510,13,155.0975341568,1.4299316610000001,205.7940674048,248.10693358359998,512,769
objects365_v1_00011110_object-0918511.jpg,images/Towel/objects365_v1_00011110_object-0918511.jpg,Towel,objects365_v1_00011110.jpg,11110,918511,70,256.2306518528,186.3899536184,55.42034913279997,121.58538820679996,512,769
objects365_v1_00011110_object-0918512.jpg,images/Person/objects365_v1_00011110_object-0918512.jpg,Person,objects365_v1_00011110.jpg,11110,918512,1,305.3488769536,361.5187988139,206.00897218560004,323.7386474913,512,769
objects365_v1_00011110_object-0918513.jpg,images/Book/objects365_v1_00011110_object-0918513.jpg,Book,objects365_v1_00011110.jpg,11110,918513,19,365.1298217984,379.10668947870005,111.40991206400003,82.42517087439995,512,769
objects365_v1_00011110_object-0918514.jpg,images/Faucet/objects365_v1_00011110_object-0918514.jpg,Faucet,objects365_v1_00011110.jpg,11110,918514,77,66.919067392,324.7751464483,24.342468249600003,51.533447326399994,512,769
objects365_v1_00011110_object-0918515.jpg,images/High-Heels/objects365_v1_00011110_object-0918515.jpg,High Heels,objects365_v1_00011110.jpg,11110,918515,58,339.33770752,634.4338378863,71.10510254080003,51.55126951659997,512,769
objects365_v1_00011110_object-0918516.jpg,images/High-Heels/objects365_v1_00011110_object-0918516.jpg,High Heels,objects365_v1_00011110.jpg,11110,918516,58,305.6655273472,592.1767578146,54.85253903360001,46.27014156119992,512,769
objects365_v1_00011110_object-0918517.jpg,images/Gloves/objects365_v1_00011110_object-0918517.jpg,Gloves,objects365_v1_00011110.jpg,11110,918517,20,103.3428344832,411.85485838750003,47.56951905280002,76.11120609379998,512,769
objects365_v1_00011110_object-0918518.jpg,images/Pot/objects365_v1_00011110_object-0918518.jpg,Pot,objects365_v1_00011110.jpg,11110,918518,96,80.319335936,470.38989260750003,95.0973510656,89.31433104460001,512,769
objects365_v1_00011110_object-0918519.jpg,images/Microwave/objects365_v1_00011110_object-0918519.jpg,Microwave,objects365_v1_00011110.jpg,11110,918519,164,357.4802246144,111.85003661180001,153.8075561472,137.56030275579997,512,769
objects365_v1_00011110_object-0918520.jpg,images/Oven/objects365_v1_00011110_object-0918520.jpg,Oven,objects365_v1_00011110.jpg,11110,918520,135,364.4474487296,398.944213897,120.32623293439997,227.60510251710008,512,769
objects365_v1_00011110_object-0918521.jpg,images/Egg/objects365_v1_00011110_object-0918521.jpg,Egg,objects365_v1_00011110.jpg,11110,918521,186,110.990966784,520.0563964927,45.12890623999999,28.718383745600022,512,769
objects365_v1_00011110_object-0918522.jpg,images/Stuffed-Toy/objects365_v1_00011110_object-0918522.jpg,Stuffed Toy,objects365_v1_00011110.jpg,11110,918522,71,89.7752685568,66.6154785131,274.5181274624,670.2708740106999,512,769
objects365_v1_00011110_object-0918523.jpg,images/Induction-Cooker/objects365_v1_00011110_object-0918523.jpg,Induction Cooker,objects365_v1_00011110.jpg,11110,918523,269,362.8959961088,356.5219726193,147.8502197248,28.703613331899987,512,769
objects365_v1_00011110_object-0918524.jpg,images/High-Heels/objects365_v1_00011110_object-0918524.jpg,High Heels,objects365_v1_00011110.jpg,11110,918524,58,435.6795654144,410.84472659489995,19.814025881600003,19.447021450500017,512,769
objects365_v1_00029884_object-0950881.jpg,images/Person/objects365_v1_00029884_object-0950881.jpg,Person,objects365_v1_00029884.jpg,29884,950881,1,293.856384264,210.8746948096,389.0899048209001,299.3579101696,683,512
objects365_v1_00029884_object-0950882.jpg,images/Person/objects365_v1_00029884_object-0950882.jpg,Person,objects365_v1_00029884.jpg,29884,950882,1,115.90057375900001,17.0000610304,255.62298577950003,368.73046876160004,683,512
objects365_v1_00029884_object-0950883.jpg,images/Bracelet/objects365_v1_00029884_object-0950883.jpg,Bracelet,objects365_v1_00029884.jpg,29884,950883,15,259.3182372764,282.9831542784,39.77142337229998,19.885681152000018,683,512
objects365_v1_00029884_object-0950884.jpg,images/Bracelet/objects365_v1_00029884_object-0950884.jpg,Bracelet,objects365_v1_00029884.jpg,29884,950884,15,335.8579101405,422.501892096,40.2900390689,34.41998289920002,683,512
objects365_v1_00029884_object-0950885.jpg,images/Barrel-bucket/objects365_v1_00029884_object-0950885.jpg,Barrel/bucket,objects365_v1_00029884.jpg,29884,950885,49,612.195678733,116.506408704,70.05627439599994,107.37591552,683,512
objects365_v1_00029884_object-0950886.jpg,images/Sneakers/objects365_v1_00029884_object-0950886.jpg,Sneakers,objects365_v1_00029884.jpg,29884,950886,2,211.6259594979,244.5409790976,52.8625694058,68.322377472,683,512
objects365_v1_00029884_object-0950887.jpg,images/Brush/objects365_v1_00029884_object-0950887.jpg,Brush,objects365_v1_00029884.jpg,29884,950887,257,85.395324714,313.325317376,62.421569806400015,68.67254640639999,683,512
objects365_v1_00029884_object-0950888.jpg,images/Brush/objects365_v1_00029884_object-0950888.jpg,Brush,objects365_v1_00029884.jpg,29884,950888,257,-0.5564575165,253.563415552,71.63366699400001,53.33282467839999,683,512
objects365_v1_00029884_object-0950889.jpg,images/Shovel/objects365_v1_00029884_object-0950889.jpg,Shovel,objects365_v1_00029884.jpg,29884,950889,158,-0.2048339539,370.524353024,180.39013670260002,132.4451904512,683,512
objects365_v1_00029884_object-0950890.jpg,images/Pencil-Case/objects365_v1_00029884_object-0950890.jpg,Pencil Case,objects365_v1_00029884.jpg,29884,950890,344,-0.1351318232,286.967346176,119.764953609,114.68200683520001,683,512
objects365_v1_00029884_object-0950891.jpg,images/Eraser/objects365_v1_00029884_object-0950891.jpg,Eraser,objects365_v1_00029884.jpg,29884,950891,358,13.430480923500001,351.8588256768,29.396484398100007,30.035522457599996,683,512
objects365_v1_00029884_object-0950892.jpg,images/Pen-Pencil/objects365_v1_00029884_object-0950892.jpg,Pen/Pencil,objects365_v1_00029884.jpg,29884,950892,55,34.69317624,293.731689472,80.95288091569999,59.86602782719996,683,512
objects365_v1_00016316_object-0992551.jpg,images/Clock/objects365_v1_00016316_object-0992551.jpg,Clock,objects365_v1_00016316.jpg,16316,992551,95,14.780822730199999,214.7723388416,22.876037590800003,23.54888919039999,769,512
objects365_v1_00016316_object-0992552.jpg,images/Picture-Frame/objects365_v1_00016316_object-0992552.jpg,Picture/Frame,objects365_v1_00016316.jpg,16316,992552,17,493.286132828,231.838439936,52.96289059550003,37.2858886656,769,512
objects365_v1_00016316_object-0992553.jpg,images/Chair/objects365_v1_00016316_object-0992553.jpg,Chair,objects365_v1_00016316.jpg,16316,992553,3,186.0144652987,294.411499008,185.60784916629999,116.26757816319997,769,512
objects365_v1_00016316_object-0992554.jpg,images/Mirror/objects365_v1_00016316_object-0992554.jpg,Mirror,objects365_v1_00016316.jpg,16316,992554,80,-0.8692626814000001,-1.1577148416,769.9509277129999,512.9360351744,769,512
objects365_v1_00016316_object-0992555.jpg,images/Cabinet-shelf/objects365_v1_00016316_object-0992555.jpg,Cabinet/shelf,objects365_v1_00016316.jpg,16316,992555,13,15.7294311392,282.0294189568,42.0126342736,55.78723143680003,769,512
objects365_v1_00016316_object-0992556.jpg,images/Chair/objects365_v1_00016316_object-0992556.jpg,Chair,objects365_v1_00016316.jpg,16316,992556,3,96.9997558791,288.916748032,169.4279785072,66.11822510080003,769,512
objects365_v1_00016316_object-0992557.jpg,images/Cabinet-shelf/objects365_v1_00016316_object-0992557.jpg,Cabinet/shelf,objects365_v1_00016316.jpg,16316,992557,13,78.2905883906,277.2516479488,63.01336670169998,61.34045409280003,769,512
objects365_v1_00016316_object-0992558.jpg,images/Carpet/objects365_v1_00016316_object-0992558.jpg,Carpet,objects365_v1_00016316.jpg,16316,992558,61,275.2916259593,404.3457641472,177.80761716890004,58.791259801600006,769,512
objects365_v1_00016316_object-0992559.jpg,images/Power-outlet/objects365_v1_00016316_object-0992559.jpg,Power outlet,objects365_v1_00016316.jpg,16316,992559,81,82.1187133777,405.4990234624,15.576782255299989,24.381042432000015,769,512
objects365_v1_00016316_object-0992560.jpg,images/Mirror/objects365_v1_00016316_object-0992560.jpg,Mirror,objects365_v1_00016316.jpg,16316,992560,80,-0.7374877642,32.9605712896,365.9747924608,353.8236084224,769,512
objects365_v1_00016316_object-0992561.jpg,images/Power-outlet/objects365_v1_00016316_object-0992561.jpg,Power outlet,objects365_v1_00016316.jpg,16316,992561,81,223.2940673696,444.8787231232,11.972778319399993,30.138366719999965,769,512
objects365_v1_00016316_object-0992562.jpg,images/Towel/objects365_v1_00016316_object-0992562.jpg,Towel,objects365_v1_00016316.jpg,16316,992562,70,588.6877441405,271.506408704,33.52746581880001,81.3533935616,769,512
objects365_v1_00016316_object-0992563.jpg,images/Towel/objects365_v1_00016316_object-0992563.jpg,Towel,objects365_v1_00016316.jpg,16316,992563,70,236.78796383199997,265.9121703936,13.777099629800034,32.69146731520004,769,512
objects365_v1_00016316_object-0992564.jpg,images/Treadmill/objects365_v1_00016316_object-0992564.jpg,Treadmill,objects365_v1_00016316.jpg,16316,992564,332,489.1870117026,251.7797241344,142.73291020019997,136.36431882239998,769,512
objects365_v1_00016316_object-0992565.jpg,images/Treadmill/objects365_v1_00016316_object-0992565.jpg,Treadmill,objects365_v1_00016316.jpg,16316,992565,332,401.5241699087,254.4020996096,135.61511233419998,124.00164797439999,769,512
objects365_v1_00016316_object-0992566.jpg,images/Person/objects365_v1_00016316_object-0992566.jpg,Person,objects365_v1_00016316.jpg,16316,992566,1,0.1836548101,258.8892822016,35.063415511,93.41711426559999,769,512
objects365_v1_00016316_object-0992567.jpg,images/Person/objects365_v1_00016316_object-0992567.jpg,Person,objects365_v1_00016316.jpg,16316,992567,1,242.15063477869998,226.6296996864,40.554931638700026,107.4274902528,769,512
objects365_v1_00016316_object-0992568.jpg,images/Person/objects365_v1_00016316_object-0992568.jpg,Person,objects365_v1_00016316.jpg,16316,992568,1,551.1575927954,209.5298461696,50.86303712519998,157.64202885119997,769,512
objects365_v1_00016316_object-0992569.jpg,images/Barrel-bucket/objects365_v1_00016316_object-0992569.jpg,Barrel/bucket,objects365_v1_00016316.jpg,16316,992569,49,59.3351440381,306.6909790208,17.436096216799996,31.820861798400017,769,512
objects365_v1_00016316_object-0992570.jpg,images/Sneakers/objects365_v1_00016316_object-0992570.jpg,Sneakers,objects365_v1_00016316.jpg,16316,992570,2,244.0806885119,323.7565918208,11.238891551500018,10.917724569600011,769,512
objects365_v1_00016316_object-0992571.jpg,images/Dumbbell/objects365_v1_00016316_object-0992571.jpg,Dumbbell,objects365_v1_00016316.jpg,16316,992571,323,78.974853511,282.9844970496,62.87060546599999,27.014709503999995,769,512
objects365_v1_00016316_object-0992572.jpg,images/Sneakers/objects365_v1_00016316_object-0992572.jpg,Sneakers,objects365_v1_00016316.jpg,16316,992572,2,559.0887451203,350.7297363456,17.66101072219999,16.697692876800033,769,512
objects365_v1_00021630_object-1032963.jpg,images/Lamp/objects365_v1_00021630_object-1032963.jpg,Lamp,objects365_v1_00021630.jpg,21630,1032963,7,505.3735351685,45.6876831232,63.42236328620004,46.406005862399994,683,512
objects365_v1_00021630_object-1032964.jpg,images/Carpet/objects365_v1_00021630_object-1032964.jpg,Carpet,objects365_v1_00021630.jpg,21630,1032964,61,242.32867429279997,442.5560912896,193.40142822020005,65.80456545280003,683,512
objects365_v1_00021630_object-1032965.jpg,images/Stool/objects365_v1_00021630_object-1032965.jpg,Stool,objects365_v1_00021630.jpg,21630,1032965,48,295.08703613470004,338.9920654336,36.639465333999965,63.76672363520004,683,512
objects365_v1_00021630_object-1032966.jpg,images/Bowl-Basin/objects365_v1_00021630_object-1032966.jpg,Bowl/Basin,objects365_v1_00021630.jpg,21630,1032966,27,539.2412109715,310.334777856,64.73132322419997,71.07739253759996,683,512
objects365_v1_00021630_object-1032967.jpg,images/Plate/objects365_v1_00021630_object-1032967.jpg,Plate,objects365_v1_00021630.jpg,21630,1032967,16,535.4335937489,385.2199096832,66.42346193950004,50.76959226880001,683,512
objects365_v1_00021630_object-1032968.jpg,images/Plate/objects365_v1_00021630_object-1032968.jpg,Plate,objects365_v1_00021630.jpg,21630,1032968,16,607.78015135,298.4885254144,69.80822757850001,67.69281003520001,683,512
objects365_v1_00021630_object-1032969.jpg,images/Plate/objects365_v1_00021630_object-1032969.jpg,Plate,objects365_v1_00021630.jpg,21630,1032969,16,647.5496826074,297.7528686592,31.686279326500085,22.31274414080002,683,512
objects365_v1_00021630_object-1032970.jpg,images/Bowl-Basin/objects365_v1_00021630_object-1032970.jpg,Bowl/Basin,objects365_v1_00021630.jpg,21630,1032970,27,536.2796630724,437.2587280384,63.46203616080004,71.07745361919996,683,512
objects365_v1_00021630_object-1032971.jpg,images/Bread/objects365_v1_00021630_object-1032971.jpg,Bread,objects365_v1_00021630.jpg,21630,1032971,63,609.2474364935,247.7122802688,56.92272949829999,42.0590210048,683,512
objects365_v1_00021630_object-1032972.jpg,images/Desk/objects365_v1_00021630_object-1032972.jpg,Desk,objects365_v1_00021630.jpg,21630,1032972,10,1.2664184634,379.5494994944,172.023010233,132.54229739520002,683,512
objects365_v1_00021630_object-1032973.jpg,images/Stool/objects365_v1_00021630_object-1032973.jpg,Stool,objects365_v1_00021630.jpg,21630,1032973,48,145.5320434875,453.1024169984,101.03839110410001,58.979370086400024,683,512
objects365_v1_00021630_object-1032974.jpg,images/Stool/objects365_v1_00021630_object-1032974.jpg,Stool,objects365_v1_00021630.jpg,21630,1032974,48,93.3208618365,429.4140014592,99.10461422860001,82.18432619520001,683,512
objects365_v1_00021630_object-1032975.jpg,images/Stool/objects365_v1_00021630_object-1032975.jpg,Stool,objects365_v1_00021630.jpg,21630,1032975,48,212.88549803400002,361.6387939328,70.0382080215,95.108764672,683,512
objects365_v1_00021630_object-1032976.jpg,images/Lamp/objects365_v1_00021630_object-1032976.jpg,Lamp,objects365_v1_00021630.jpg,21630,1032976,7,0.4816284463,219.844421376,168.3687133285,29.37957765119998,683,512
objects365_v1_00021630_object-1032977.jpg,images/Cake/objects365_v1_00021630_object-1032977.jpg,Cake,objects365_v1_00021630.jpg,21630,1032977,98,545.2537842092,233.0880126976,59.67919920270003,35.584716800000024,683,512
objects365_v1_00021630_object-1032978.jpg,images/Green-beans/objects365_v1_00021630_object-1032978.jpg,Green beans,objects365_v1_00021630.jpg,21630,1032978,218,607.8820800844001,307.0480346624,64.68688963469992,57.87774658559999,683,512
objects365_v1_00021630_object-1032979.jpg,images/Stool/objects365_v1_00021630_object-1032979.jpg,Stool,objects365_v1_00021630.jpg,21630,1032979,48,1.5769043213,300.355346688,313.5803222435,148.03533936640002,683,512
objects365_v1_00023492_object-1048494.jpg,images/Flower/objects365_v1_00023492_object-1048494.jpg,Flower,objects365_v1_00023492.jpg,23492,1048494,24,489.06506349899996,226.770629888,275.96447751150015,285.153686528,765,512
objects365_v1_00023492_object-1048495.jpg,images/Chair/objects365_v1_00023492_object-1048495.jpg,Chair,objects365_v1_00023492.jpg,23492,1048495,3,161.325378414,284.0338134528,101.40496828650004,186.5509033472,765,512
objects365_v1_00023492_object-1048496.jpg,images/Flower/objects365_v1_00023492_object-1048496.jpg,Flower,objects365_v1_00023492.jpg,23492,1048496,24,156.190979016,216.4304809472,71.026245072,67.60333250560001,765,512
objects365_v1_00023492_object-1048497.jpg,images/Cabinet-shelf/objects365_v1_00023492_object-1048497.jpg,Cabinet/shelf,objects365_v1_00023492.jpg,23492,1048497,13,380.1721191525,273.8276977664,54.09472658850001,27.047363276800013,765,512
objects365_v1_00023492_object-1048498.jpg,images/Cabinet-shelf/objects365_v1_00023492_object-1048498.jpg,Cabinet/shelf,objects365_v1_00023492.jpg,23492,1048498,13,433.906127892,275.6308593664,59.8648682205,25.244201676800003,765,512
objects365_v1_00023492_object-1048499.jpg,images/Chair/objects365_v1_00023492_object-1048499.jpg,Chair,objects365_v1_00023492.jpg,23492,1048499,3,124.57757571299999,446.6189575168,164.449768005,65.4027709952,765,512
objects365_v1_00023492_object-1048500.jpg,images/Toiletry/objects365_v1_00023492_object-1048500.jpg,Toiletry,objects365_v1_00023492.jpg,23492,1048500,106,278.3568115215,236.7300414976,11.190063510000016,26.110107443200008,765,512
objects365_v1_00023492_object-1048501.jpg,images/Cleaning-Products/objects365_v1_00023492_object-1048501.jpg,Cleaning Products,objects365_v1_00023492.jpg,23492,1048501,162,258.6340942245,230.680969216,16.930236802499962,25.55511475200001,765,512
objects365_v1_00023492_object-1048502.jpg,images/Faucet/objects365_v1_00023492_object-1048502.jpg,Faucet,objects365_v1_00023492.jpg,23492,1048502,77,353.8269042615,260.7081909248,14.055297876000054,12.777587865599969,765,512
objects365_v1_00023492_object-1048503.jpg,images/Sink/objects365_v1_00023492_object-1048503.jpg,Sink,objects365_v1_00023492.jpg,23492,1048503,82,367.88220213750003,269.0136108544,53.66564941050001,7.027648921600019,765,512
objects365_v1_00023492_object-1048504.jpg,images/Sink/objects365_v1_00023492_object-1048504.jpg,Sink,objects365_v1_00023492.jpg,23492,1048504,82,310.383178731,276.041259776,81.13745111399999,10.22204590079997,765,512
objects365_v1_00023492_object-1048505.jpg,images/Tea-pot/objects365_v1_00023492_object-1048505.jpg,Tea pot,objects365_v1_00023492.jpg,23492,1048505,123,447.861206025,246.6349487104,20.884887702000015,23.567382835199965,765,512
objects365_v1_00023492_object-1048506.jpg,images/Oven/objects365_v1_00023492_object-1048506.jpg,Oven,objects365_v1_00023492.jpg,23492,1048506,135,492.724853487,272.5323486208,58.640991232499914,30.3676758016,765,512
objects365_v1_00023492_object-1048507.jpg,images/Cutting-chopping-Board/objects365_v1_00023492_object-1048507.jpg,Cutting/chopping Board,objects365_v1_00023492.jpg,23492,1048507,167,496.21606447949995,263.93920896,42.00183103950002,9.458007859200052,765,512
objects365_v1_00023492_object-1048508.jpg,images/Cutting-chopping-Board/objects365_v1_00023492_object-1048508.jpg,Cutting/chopping Board,objects365_v1_00023492.jpg,23492,1048508,167,522.376831062,221.8296508928,26.57800293750006,43.2841186304,765,512
objects365_v1_00023492_object-1048509.jpg,images/Extractor/objects365_v1_00023492_object-1048509.jpg,Extractor,objects365_v1_00023492.jpg,23492,1048509,202,494.29455568649996,113.2982788096,105.18981932700001,86.13970949119998,765,512
objects365_v1_00023492_object-1048510.jpg,images/Stool/objects365_v1_00023492_object-1048510.jpg,Stool,objects365_v1_00023492.jpg,23492,1048510,48,271.287719703,336.5616455168,221.0765381055,175.52636718079998,765,512
objects365_v1_00023492_object-1048511.jpg,images/Knife/objects365_v1_00023492_object-1048511.jpg,Knife,objects365_v1_00023492.jpg,23492,1048511,85,499.221923823,241.3764648448,13.300537094999981,13.56140134399999,765,512
objects365_v1_00023492_object-1048512.jpg,images/Cup/objects365_v1_00023492_object-1048512.jpg,Cup,objects365_v1_00023492.jpg,23492,1048512,11,323.741210931,246.5332031488,41.596557601500024,11.65289303039998,765,512
objects365_v1_00003450_object-1049581.jpg,images/Cabinet-shelf/objects365_v1_00003450_object-1049581.jpg,Cabinet/shelf,objects365_v1_00003450.jpg,3450,1049581,13,-0.1063842816,86.9257812788,109.3742065664,82.50207517569999,512,683
objects365_v1_00003450_object-1049582.jpg,images/Cabinet-shelf/objects365_v1_00003450_object-1049582.jpg,Cabinet/shelf,objects365_v1_00003450.jpg,3450,1049582,13,40.108337408,356.345336938,116.22998046720001,173.04699702679994,512,683
objects365_v1_00003450_object-1049583.jpg,images/Cabinet-shelf/objects365_v1_00003450_object-1049583.jpg,Cabinet/shelf,objects365_v1_00003450.jpg,3450,1049583,13,0.9196777472,354.8138427596,41.860595712,166.15588382600004,512,683
objects365_v1_00003450_object-1049584.jpg,images/Carpet/objects365_v1_00003450_object-1049584.jpg,Carpet,objects365_v1_00003450.jpg,3450,1049584,61,0.1006469632,540.4061279169999,168.2614746112,84.48400881030011,512,683
objects365_v1_00003450_object-1049585.jpg,images/Desk/objects365_v1_00003450_object-1049585.jpg,Desk,objects365_v1_00003450.jpg,3450,1049585,10,230.893127424,281.5887451271,18.00341800960001,24.58996581059995,512,683
objects365_v1_00003450_object-1049586.jpg,images/Desk/objects365_v1_00003450_object-1049586.jpg,Desk,objects365_v1_00003450.jpg,3450,1049586,10,351.040100096,500.6710204743,161.17108152320003,181.42285162170003,512,683
objects365_v1_00003450_object-1049587.jpg,images/Faucet/objects365_v1_00003450_object-1049587.jpg,Faucet,objects365_v1_00003450.jpg,3450,1049587,77,11.9234008576,292.7003784195,50.142456064,41.7854003617,512,683
objects365_v1_00003450_object-1049588.jpg,images/Sink/objects365_v1_00003450_object-1049588.jpg,Sink,objects365_v1_00003450.jpg,3450,1049588,82,44.794555648,337.8286132744,62.3994750976,14.485595715499983,512,683
objects365_v1_00003450_object-1049589.jpg,images/Sink/objects365_v1_00003450_object-1049589.jpg,Sink,objects365_v1_00003450.jpg,3450,1049589,82,-0.0474243072,335.4768066587,33.681701632,14.735717760200032,512,683
objects365_v1_00003450_object-1049590.jpg,images/Gas-stove/objects365_v1_00003450_object-1049590.jpg,Gas stove,objects365_v1_00003450.jpg,3450,1049590,150,311.5340576256,405.0098876872,162.5420532224,103.04003905560006,512,683
objects365_v1_00003450_object-1049591.jpg,images/Coffee-Machine/objects365_v1_00003450_object-1049591.jpg,Coffee Machine,objects365_v1_00003450.jpg,3450,1049591,214,457.6895752192,383.5623778981,54.37426754560005,161.05676271110002,512,683
objects365_v1_00003450_object-1049592.jpg,images/Oven/objects365_v1_00003450_object-1049592.jpg,Oven,objects365_v1_00003450.jpg,3450,1049592,135,302.2647094784,449.26354978449996,52.304931635200035,233.75427248580007,512,683
objects365_v1_00003450_object-1049593.jpg,images/Plate/objects365_v1_00003450_object-1049593.jpg,Plate,objects365_v1_00003450.jpg,3450,1049593,16,95.3464355328,336.7135009621,80.3283081216,16.158691434599973,512,683
objects365_v1_00003450_object-1049594.jpg,images/Bowl-Basin/objects365_v1_00003450_object-1049594.jpg,Bowl/Basin,objects365_v1_00003450.jpg,3450,1049594,27,106.512817408,310.07611083250004,37.59411619839999,19.992248519099974,512,683
objects365_v1_00003450_object-1049595.jpg,images/Bakset/objects365_v1_00003450_object-1049595.jpg,Bakset,objects365_v1_00003450.jpg,3450,1049595,53,92.3674926592,315.6349487292,76.8148804096,33.767639183499966,512,683
objects365_v1_00015433_object-1099128.jpg,images/Person/objects365_v1_00015433_object-1099128.jpg,Person,objects365_v1_00015433.jpg,15433,1099128,1,421.854736303,257.802429184,32.91992188099999,62.99493411840001,770,512
objects365_v1_00015433_object-1099129.jpg,images/Hat/objects365_v1_00015433_object-1099129.jpg,Hat,objects365_v1_00015433.jpg,15433,1099129,5,420.52405056199996,259.069188096,18.452028980000023,10.971476684799995,770,512
objects365_v1_00015433_object-1099130.jpg,images/Yak/objects365_v1_00015433_object-1099130.jpg,Yak,objects365_v1_00015433.jpg,15433,1099130,345,131.786193847,302.6583862272,265.64361569900007,161.04913331199998,770,512
objects365_v1_00015433_object-1099131.jpg,images/Yak/objects365_v1_00015433_object-1099131.jpg,Yak,objects365_v1_00015433.jpg,15433,1099131,345,83.646484383,307.0347290112,155.797546366,100.21807861759999,770,512
objects365_v1_00015433_object-1099132.jpg,images/Yak/objects365_v1_00015433_object-1099132.jpg,Yak,objects365_v1_00015433.jpg,15433,1099132,345,401.36840821000004,269.8358764544,231.94580077899997,146.16955566079997,770,512
objects365_v1_00015433_object-1099133.jpg,images/Yak/objects365_v1_00015433_object-1099133.jpg,Yak,objects365_v1_00015433.jpg,15433,1099133,345,611.166503871,266.1370239488,105.82824714000003,87.3634033152,770,512
objects365_v1_00005788_object-1107616.jpg,images/Cabinet-shelf/objects365_v1_00005788_object-1107616.jpg,Cabinet/shelf,objects365_v1_00005788.jpg,5788,1107616,13,150.966613782,128.2313842688,110.7979126155,117.93878174719998,765,512
objects365_v1_00005788_object-1107617.jpg,images/Towel/objects365_v1_00005788_object-1107617.jpg,Towel,objects365_v1_00005788.jpg,5788,1107617,70,224.2657470645,261.3449707008,23.758239789000015,48.01666257919999,765,512
objects365_v1_00005788_object-1107618.jpg,images/Cabinet-shelf/objects365_v1_00005788_object-1107618.jpg,Cabinet/shelf,objects365_v1_00005788.jpg,5788,1107618,13,332.9093017935,139.8635864064,165.64819329,66.47119144959998,765,512
objects365_v1_00005788_object-1107619.jpg,images/Desk/objects365_v1_00005788_object-1107619.jpg,Desk,objects365_v1_00005788.jpg,5788,1107619,10,94.5302124015,342.077270528,394.4055786435,169.92785643520006,765,512
objects365_v1_00005788_object-1107620.jpg,images/Lamp/objects365_v1_00005788_object-1107620.jpg,Lamp,objects365_v1_00005788.jpg,5788,1107620,7,271.2792969,74.8555908096,143.23840331850005,51.2510375936,765,512
objects365_v1_00005788_object-1107621.jpg,images/Storage-box/objects365_v1_00005788_object-1107621.jpg,Storage box,objects365_v1_00005788.jpg,5788,1107621,21,396.0595703025,326.1349487104,40.24438475850002,51.935058636799965,765,512
objects365_v1_00005788_object-1107622.jpg,images/Barrel-bucket/objects365_v1_00005788_object-1107622.jpg,Barrel/bucket,objects365_v1_00005788.jpg,5788,1107622,49,387.57458496600003,129.4530029056,20.685180626999966,32.55377198080001,765,512
objects365_v1_00005788_object-1107623.jpg,images/Cleaning-Products/objects365_v1_00005788_object-1107623.jpg,Cleaning Products,objects365_v1_00005788.jpg,5788,1107623,162,378.757934568,131.487609856,11.020751950500028,34.07977297919999,765,512
objects365_v1_00005788_object-1107624.jpg,images/Cleaning-Products/objects365_v1_00005788_object-1107624.jpg,Cleaning Products,objects365_v1_00005788.jpg,5788,1107624,162,369.0935058915,128.4357299712,11.52941888700002,36.792541491199984,765,512
objects365_v1_00005788_object-1107625.jpg,images/Cleaning-Products/objects365_v1_00005788_object-1107625.jpg,Cleaning Products,objects365_v1_00005788.jpg,5788,1107625,162,362.48095704599996,130.6398925824,9.833984347500063,34.07971189759999,765,512
objects365_v1_00005788_object-1107626.jpg,images/Barrel-bucket/objects365_v1_00005788_object-1107626.jpg,Barrel/bucket,objects365_v1_00005788.jpg,5788,1107626,49,718.0358886719999,227.0833129984,30.985717743000123,63.552246067199974,765,512
objects365_v1_00005788_object-1107627.jpg,images/Barrel-bucket/objects365_v1_00005788_object-1107627.jpg,Barrel/bucket,objects365_v1_00005788.jpg,5788,1107627,49,152.224304229,209.0991821312,17.956848136499985,34.63104245760002,765,512
objects365_v1_00005788_object-1107628.jpg,images/Barrel-bucket/objects365_v1_00005788_object-1107628.jpg,Barrel/bucket,objects365_v1_00005788.jpg,5788,1107628,49,748.242065448,229.4155273216,16.72277828850008,65.37109376000001,765,512
objects365_v1_00005788_object-1107629.jpg,images/Barrel-bucket/objects365_v1_00005788_object-1107629.jpg,Barrel/bucket,objects365_v1_00005788.jpg,5788,1107629,49,408.45837405149996,127.1457519616,14.138427672000034,32.837524428799995,765,512
objects365_v1_00005788_object-1107630.jpg,images/Knife/objects365_v1_00005788_object-1107630.jpg,Knife,objects365_v1_00005788.jpg,5788,1107630,85,246.676513635,328.928100608,42.485351584499995,26.08746337279996,765,512
objects365_v1_00005788_object-1107631.jpg,images/Cutting-chopping-Board/objects365_v1_00005788_object-1107631.jpg,Cutting/chopping Board,objects365_v1_00005788.jpg,5788,1107631,167,220.9013671815,327.4223022592,99.98437499099998,39.29095459839999,765,512
objects365_v1_00005788_object-1107632.jpg,images/Gas-stove/objects365_v1_00005788_object-1107632.jpg,Gas stove,objects365_v1_00005788.jpg,5788,1107632,150,599.639404329,300.327941888,165.03198242400003,108.59613035519999,765,512
objects365_v1_00005788_object-1107633.jpg,images/Oven/objects365_v1_00005788_object-1107633.jpg,Oven,objects365_v1_00005788.jpg,5788,1107633,135,429.1704101565,283.4556274176,187.290405288,213.7180175872,765,512
objects365_v1_00005788_object-1107634.jpg,images/Cup/objects365_v1_00005788_object-1107634.jpg,Cup,objects365_v1_00005788.jpg,5788,1107634,11,342.408813453,146.0245361152,17.657470741499992,22.56237793280002,765,512
objects365_v1_00005788_object-1107635.jpg,images/Bottle/objects365_v1_00005788_object-1107635.jpg,Bottle,objects365_v1_00005788.jpg,5788,1107635,9,481.721069313,173.6790771712,13.027465831500024,27.009399398400006,765,512
objects365_v1_00005788_object-1107636.jpg,images/Bowl-Basin/objects365_v1_00005788_object-1107636.jpg,Bowl/Basin,objects365_v1_00005788.jpg,5788,1107636,27,378.23474119950004,267.2040405504,38.69104001850002,19.587341260799974,765,512
objects365_v1_00005788_object-1107637.jpg,images/Blender/objects365_v1_00005788_object-1107637.jpg,Blender,objects365_v1_00005788.jpg,5788,1107637,236,462.145874004,230.6894531072,35.78906254949999,53.200073267200025,765,512
objects365_v1_00005788_object-1107638.jpg,images/Bottle/objects365_v1_00005788_object-1107638.jpg,Bottle,objects365_v1_00005788.jpg,5788,1107638,9,187.67822264999998,173.4885864448,16.6497192585,30.79309081599999,765,512
objects365_v1_00005788_object-1107639.jpg,images/Bottle/objects365_v1_00005788_object-1107639.jpg,Bottle,objects365_v1_00005788.jpg,5788,1107639,9,407.5649414145,125.9075317248,14.447143574999984,35.126281727999995,765,512
objects365_v1_00005788_object-1107640.jpg,images/Oven/objects365_v1_00005788_object-1107640.jpg,Oven,objects365_v1_00005788.jpg,5788,1107640,135,584.2529297235001,382.9063720448,180.8287353269999,129.0335083008,765,512
objects365_v1_00005788_object-1107641.jpg,images/Canned/objects365_v1_00005788_object-1107641.jpg,Canned,objects365_v1_00005788.jpg,5788,1107641,65,175.512145977,211.0424804864,18.839538567000005,29.12774655999999,765,512
objects365_v1_00005788_object-1107642.jpg,images/Canned/objects365_v1_00005788_object-1107642.jpg,Canned,objects365_v1_00005788.jpg,5788,1107642,65,642.057983424,254.513549824,20.273193319500024,28.38262937600001,765,512
objects365_v1_00005788_object-1107643.jpg,images/Extractor/objects365_v1_00005788_object-1107643.jpg,Extractor,objects365_v1_00005788.jpg,5788,1107643,202,431.88525393749995,5.1027831808,332.12268059850004,141.4799194624,765,512
objects365_v1_00005788_object-1107644.jpg,images/Toilet-Paper/objects365_v1_00005788_object-1107644.jpg,Toilet Paper,objects365_v1_00005788.jpg,5788,1107644,161,352.05468751349997,208.0192870912,40.836059550000016,32.387207065599995,765,512
objects365_v1_00005788_object-1107645.jpg,images/Toilet-Paper/objects365_v1_00005788_object-1107645.jpg,Toilet Paper,objects365_v1_00005788.jpg,5788,1107645,161,364.291137684,207.581359872,34.731323289000045,30.297546393599987,765,512
objects365_v1_00005788_object-1107646.jpg,images/Toiletry/objects365_v1_00005788_object-1107646.jpg,Toiletry,objects365_v1_00005788.jpg,5788,1107646,106,267.1472167965,203.9679565312,15.874877916000003,30.615844761599988,765,512
objects365_v1_00005788_object-1107647.jpg,images/Faucet/objects365_v1_00005788_object-1107647.jpg,Faucet,objects365_v1_00005788.jpg,5788,1107647,77,329.0883789375,250.5798340096,29.858154254999988,14.62023925760002,765,512
objects365_v1_00005788_object-1107648.jpg,images/Sink/objects365_v1_00005788_object-1107648.jpg,Sink,objects365_v1_00005788.jpg,5788,1107648,82,262.988525403,259.4343261696,112.16101072949999,56.009887692799964,765,512
objects365_v1_00005788_object-1107649.jpg,images/Barrel-bucket/objects365_v1_00005788_object-1107649.jpg,Barrel/bucket,objects365_v1_00005788.jpg,5788,1107649,49,174.712829607,468.0471801856,152.80987546800003,43.932617164800035,765,512
objects365_v1_00005788_object-1107650.jpg,images/Bottle/objects365_v1_00005788_object-1107650.jpg,Bottle,objects365_v1_00005788.jpg,5788,1107650,9,639.8284912155,225.5077514752,124.8428955375,70.11718748160001,765,512
objects365_v1_00005788_object-1107651.jpg,images/Bottle/objects365_v1_00005788_object-1107651.jpg,Bottle,objects365_v1_00005788.jpg,5788,1107651,9,366.2729492085,130.269042944,23.82360842700001,34.7544556032,765,512
objects365_v1_00005788_object-1107652.jpg,images/Bottle/objects365_v1_00005788_object-1107652.jpg,Bottle,objects365_v1_00005788.jpg,5788,1107652,9,441.1875000195,173.4930419712,13.279540981499963,18.68975831040001,765,512
objects365_v1_00005788_object-1107653.jpg,images/Bottle/objects365_v1_00005788_object-1107653.jpg,Bottle,objects365_v1_00005788.jpg,5788,1107653,9,170.99230955849998,101.3003539968,47.329589848500035,31.048217804800004,765,512
objects365_v1_00005788_object-1107654.jpg,images/Bottle/objects365_v1_00005788_object-1107654.jpg,Bottle,objects365_v1_00005788.jpg,5788,1107654,9,151.8326415945,207.5911865344,43.176513708000016,36.133178675199986,765,512
objects365_v1_00005788_object-1107655.jpg,images/Bowl-Basin/objects365_v1_00005788_object-1107655.jpg,Bowl/Basin,objects365_v1_00005788.jpg,5788,1107655,27,206.8533935685,178.0024414208,21.234191904,26.2160644608,765,512
objects365_v1_00005788_object-1107656.jpg,images/Pot/objects365_v1_00005788_object-1107656.jpg,Pot,objects365_v1_00005788.jpg,5788,1107656,96,173.429870598,466.3171997184,170.81768798100003,45.85137940479996,765,512
objects365_v1_00005788_object-1107657.jpg,images/Canned/objects365_v1_00005788_object-1107657.jpg,Canned,objects365_v1_00005788.jpg,5788,1107657,65,174.946960458,110.0124511744,78.2800293105,23.772827136000004,765,512
objects365_v1_00005788_object-1107658.jpg,images/Canned/objects365_v1_00005788_object-1107658.jpg,Canned,objects365_v1_00005788.jpg,5788,1107658,65,179.911193868,136.9588012544,66.00982665149999,31.66906741760002,765,512
objects365_v1_00005788_object-1107659.jpg,images/Canned/objects365_v1_00005788_object-1107659.jpg,Canned,objects365_v1_00005788.jpg,5788,1107659,65,150.164733897,177.3891601408,30.165039054000005,28.126892083200005,765,512
objects365_v1_00005788_object-1107660.jpg,images/Canned/objects365_v1_00005788_object-1107660.jpg,Canned,objects365_v1_00005788.jpg,5788,1107660,65,194.4435424545,217.4694824448,52.406799376499976,22.066040012799988,765,512
objects365_v1_00005788_object-1107661.jpg,images/Canned/objects365_v1_00005788_object-1107661.jpg,Canned,objects365_v1_00005788.jpg,5788,1107661,65,227.10626221500002,182.49401856,19.142578093499992,19.594726553599997,765,512
objects365_v1_00005788_object-1107662.jpg,images/Canned/objects365_v1_00005788_object-1107662.jpg,Canned,objects365_v1_00005788.jpg,5788,1107662,65,662.781738258,267.1280517632,31.311035216999926,20.949096652799994,765,512
objects365_v1_00037841_object-1154976.jpg,images/Goose/objects365_v1_00037841_object-1154976.jpg,Goose,objects365_v1_00037841.jpg,37841,1154976,242,200.173733571,440.2176022016,92.9563258174,54.62145648640001,683,512
objects365_v1_00037841_object-1154977.jpg,images/Goose/objects365_v1_00037841_object-1154977.jpg,Goose,objects365_v1_00037841.jpg,37841,1154977,242,113.2936475876,397.4057082368,65.1073694325,47.2210617856,683,512
objects365_v1_00037841_object-1154978.jpg,images/Goose/objects365_v1_00037841_object-1154978.jpg,Goose,objects365_v1_00037841.jpg,37841,1154978,242,117.391314147,434.2846521344,62.375591748999994,31.870740275199978,683,512
objects365_v1_00037841_object-1154979.jpg,images/Goose/objects365_v1_00037841_object-1154979.jpg,Goose,objects365_v1_00037841.jpg,37841,1154979,242,345.74743650690004,253.3322567168,7.375854692799919,10.369605273600001,683,512
objects365_v1_00037841_object-1154980.jpg,images/Goose/objects365_v1_00037841_object-1154980.jpg,Goose,objects365_v1_00037841.jpg,37841,1154980,242,223.26214601080002,304.8457798144,32.18615336649998,27.094775091200006,683,512
objects365_v1_00037841_object-1154981.jpg,images/Goose/objects365_v1_00037841_object-1154981.jpg,Goose,objects365_v1_00037841.jpg,37841,1154981,242,201.5932524948,325.2504869888,47.499482314300025,25.087754752000023,683,512
objects365_v1_00037841_object-1154982.jpg,images/Goose/objects365_v1_00037841_object-1154982.jpg,Goose,objects365_v1_00037841.jpg,37841,1154982,242,200.9242457305,347.3277111808,49.17199932750003,21.74272076799997,683,512
objects365_v1_00037841_object-1154983.jpg,images/Goose/objects365_v1_00037841_object-1154983.jpg,Goose,objects365_v1_00037841.jpg,37841,1154983,242,133.071336506,313.1308931584,44.77066768969999,27.189602457600017,683,512
objects365_v1_00037841_object-1154984.jpg,images/Goose/objects365_v1_00037841_object-1154984.jpg,Goose,objects365_v1_00037841.jpg,37841,1154984,242,-0.6870117371000001,388.7933216256,48.6940795712,52.74372669439998,683,512
objects365_v1_00037841_object-1154985.jpg,images/Goose/objects365_v1_00037841_object-1154985.jpg,Goose,objects365_v1_00037841.jpg,37841,1154985,242,-0.3452532899,332.8299869696,47.904614487399996,58.20186803199999,683,512
objects365_v1_00037841_object-1154986.jpg,images/Goose/objects365_v1_00037841_object-1154986.jpg,Goose,objects365_v1_00037841.jpg,37841,1154986,242,44.8731211047,352.0813741056,50.59085451190001,21.042213785599984,683,512
objects365_v1_00037841_object-1154987.jpg,images/Goose/objects365_v1_00037841_object-1154987.jpg,Goose,objects365_v1_00037841.jpg,37841,1154987,242,59.6474414785,328.8006268928,42.5321343018,24.62386723840001,683,512
objects365_v1_00037841_object-1154988.jpg,images/Goose/objects365_v1_00037841_object-1154988.jpg,Goose,objects365_v1_00037841.jpg,37841,1154988,242,138.3053588633,340.4501787136,35.269271713999984,14.91393064959999,683,512
objects365_v1_00045164_object-1155684.jpg,images/Projector/objects365_v1_00045164_object-1155684.jpg,Projector,objects365_v1_00045164.jpg,45164,1155684,219,293.3871459841,103.0557251072,43.74291995639999,22.484680140799995,683,512
objects365_v1_00045164_object-1155685.jpg,images/Speaker/objects365_v1_00045164_object-1155685.jpg,Speaker,objects365_v1_00045164.jpg,45164,1155685,42,353.3242187351,176.710571264,14.347778336299996,10.977233920000003,683,512
objects365_v1_00045164_object-1155686.jpg,images/Speaker/objects365_v1_00045164_object-1155686.jpg,Speaker,objects365_v1_00045164.jpg,45164,1155686,42,368.82177737089995,165.4139404288,5.8321533237000835,6.722534195199984,683,512
objects365_v1_00045164_object-1155687.jpg,images/Speaker/objects365_v1_00045164_object-1155687.jpg,Speaker,objects365_v1_00045164.jpg,45164,1155687,42,556.9744873277,204.402893056,5.673095669000077,8.302124031999995,683,512
objects365_v1_00045164_object-1155688.jpg,images/Chair/objects365_v1_00045164_object-1155688.jpg,Chair,objects365_v1_00045164.jpg,45164,1155688,3,-0.224426287,197.7505492992,593.6823120143999,309.65045166079994,683,512
objects365_v1_00045164_object-1155689.jpg,images/Lamp/objects365_v1_00045164_object-1155689.jpg,Lamp,objects365_v1_00045164.jpg,45164,1155689,7,59.9235229189,0.59899904,562.4945679113001,155.9390868992,683,512
objects365_v1_00024495_object-1160329.jpg,images/Cabinet-shelf/objects365_v1_00024495_object-1160329.jpg,Cabinet/shelf,objects365_v1_00024495.jpg,24495,1160329,13,147.3330688512,-0.1458740224,208.3930053632,152.6771850752,512,512
objects365_v1_00024495_object-1160330.jpg,images/Cabinet-shelf/objects365_v1_00024495_object-1160330.jpg,Cabinet/shelf,objects365_v1_00024495.jpg,24495,1160330,13,49.2962036224,0.6229248,61.4456786944,144.9841918976,512,512
objects365_v1_00024495_object-1160331.jpg,images/Person/objects365_v1_00024495_object-1160331.jpg,Person,objects365_v1_00024495.jpg,24495,1160331,1,0.7235717632,214.1932372992,48.687072768,274.8466186752,512,512
objects365_v1_00024495_object-1160332.jpg,images/Person/objects365_v1_00024495_object-1160332.jpg,Person,objects365_v1_00024495.jpg,24495,1160332,1,1.5088500736,-0.3616637952,106.0122680832,405.2024841216,512,512
objects365_v1_00024495_object-1160333.jpg,images/Person/objects365_v1_00024495_object-1160333.jpg,Person,objects365_v1_00024495.jpg,24495,1160333,1,40.1938476544,35.3259277312,65.1939086848,210.5822143488,512,512
objects365_v1_00024495_object-1160334.jpg,images/Bracelet/objects365_v1_00024495_object-1160334.jpg,Bracelet,objects365_v1_00024495.jpg,24495,1160334,15,47.54302976,67.3489990144,9.151855513599997,8.007873536000005,512,512
objects365_v1_00024495_object-1160335.jpg,images/Person/objects365_v1_00024495_object-1160335.jpg,Person,objects365_v1_00024495.jpg,24495,1160335,1,239.9395141632,77.5300903424,146.46319580160002,220.87591551999998,512,512
objects365_v1_00024495_object-1160336.jpg,images/Bracelet/objects365_v1_00024495_object-1160336.jpg,Bracelet,objects365_v1_00024495.jpg,24495,1160336,15,266.7854614016,205.171630848,9.836608921599975,13.66198732799998,512,512
objects365_v1_00024495_object-1160337.jpg,images/Barrel-bucket/objects365_v1_00024495_object-1160337.jpg,Barrel/bucket,objects365_v1_00024495.jpg,24495,1160337,49,161.00714112,184.85565184,21.835083007999998,24.9865112576,512,512
objects365_v1_00024495_object-1160338.jpg,images/Barrel-bucket/objects365_v1_00024495_object-1160338.jpg,Barrel/bucket,objects365_v1_00024495.jpg,24495,1160338,49,166.332763648,210.7075805696,18.863159193600012,22.264648448000003,512,512
objects365_v1_00024495_object-1160339.jpg,images/Sandals/objects365_v1_00024495_object-1160339.jpg,Sandals,objects365_v1_00024495.jpg,24495,1160339,52,69.9920044032,356.8431936512,35.7438669312,36.6339791872,512,512
objects365_v1_00024495_object-1160340.jpg,images/Boots/objects365_v1_00024495_object-1160340.jpg,Boots,objects365_v1_00024495.jpg,24495,1160340,30,85.0261089792,222.1681253376,19.058091212799994,21.926661427200003,512,512
objects365_v1_00024495_object-1160341.jpg,images/Onion/objects365_v1_00024495_object-1160341.jpg,Onion,objects365_v1_00024495.jpg,24495,1160341,217,361.7033080832,279.8192749056,23.57037358079998,23.940307609599984,512,512
objects365_v1_00024495_object-1160342.jpg,images/Onion/objects365_v1_00024495_object-1160342.jpg,Onion,objects365_v1_00024495.jpg,24495,1160342,217,383.3094482432,268.6112060416,28.153442406400018,24.672668467200026,512,512
objects365_v1_00024495_object-1160343.jpg,images/Bottle/objects365_v1_00024495_object-1160343.jpg,Bottle,objects365_v1_00024495.jpg,24495,1160343,9,98.564147968,178.89385984,69.09118648319999,66.9653320704,512,512
objects365_v1_00024495_object-1160344.jpg,images/Bottle/objects365_v1_00024495_object-1160344.jpg,Bottle,objects365_v1_00024495.jpg,24495,1160344,9,188.3540039168,54.8529052672,29.125976576,18.770080563199997,512,512
objects365_v1_00024495_object-1160345.jpg,images/Cabbage/objects365_v1_00024495_object-1160345.jpg,Cabbage,objects365_v1_00024495.jpg,24495,1160345,234,315.872131328,288.7007446528,197.07415772159993,106.06652830720003,512,512
objects365_v1_00024495_object-1160346.jpg,images/Lemon/objects365_v1_00024495_object-1160346.jpg,Lemon,objects365_v1_00024495.jpg,24495,1160346,136,256.9462890496,353.5191650304,85.76983644159998,70.710998528,512,512
objects365_v1_00024495_object-1160347.jpg,images/Onion/objects365_v1_00024495_object-1160347.jpg,Onion,objects365_v1_00024495.jpg,24495,1160347,217,276.5882568192,298.521728512,60.890014668800006,80.53198243840001,512,512
objects365_v1_00024495_object-1160348.jpg,images/Garlic/objects365_v1_00024495_object-1160348.jpg,Garlic,objects365_v1_00024495.jpg,24495,1160348,262,193.4301757952,332.8304443392,61.19006346239999,67.55133056,512,512
objects365_v1_00024495_object-1160349.jpg,images/Green-beans/objects365_v1_00024495_object-1160349.jpg,Green beans,objects365_v1_00024495.jpg,24495,1160349,218,280.4672241152,392.2044677632,122.1111450112,78.03070069760003,512,512
objects365_v1_00024495_object-1160350.jpg,images/Bakset/objects365_v1_00024495_object-1160350.jpg,Bakset,objects365_v1_00024495.jpg,24495,1160350,53,270.9161122816,241.7995160064,241.01674137599997,257.86043197439994,512,512
objects365_v1_00024495_object-1160351.jpg,images/Bakset/objects365_v1_00024495_object-1160351.jpg,Bakset,objects365_v1_00024495.jpg,24495,1160351,53,270.9161122816,241.7995160064,241.01674137599997,257.86043197439994,512,512
objects365_v1_00017565_object-1204141.jpg,images/Bed/objects365_v1_00017565_object-1204141.jpg,Bed,objects365_v1_00017565.jpg,17565,1204141,76,423.8099364864,304.3711547904,303.46911621120006,205.3897094656,768,512
objects365_v1_00017565_object-1204142.jpg,images/Nightstand/objects365_v1_00017565_object-1204142.jpg,Nightstand,objects365_v1_00017565.jpg,17565,1204142,122,367.7399902464,335.9491577344,57.646606464,59.76599116800003,768,512
objects365_v1_00017565_object-1204143.jpg,images/Nightstand/objects365_v1_00017565_object-1204143.jpg,Nightstand,objects365_v1_00017565.jpg,17565,1204143,122,632.2363281408,333.8297729536,45.35437009919997,22.4652709888,768,512
objects365_v1_00017565_object-1204144.jpg,images/Lamp/objects365_v1_00017565_object-1204144.jpg,Lamp,objects365_v1_00017565.jpg,17565,1204144,7,625.7435302656,297.8892211712,16.47338864639994,37.52246097919999,768,512
objects365_v1_00017565_object-1204145.jpg,images/Lamp/objects365_v1_00017565_object-1204145.jpg,Lamp,objects365_v1_00017565.jpg,17565,1204145,7,392.8294677504,296.923156736,32.48901365759997,44.843994163199966,768,512
objects365_v1_00017565_object-1204146.jpg,images/Pillow/objects365_v1_00017565_object-1204146.jpg,Pillow,objects365_v1_00017565.jpg,17565,1204146,29,183.6473998848,299.5,72.51446538240003,56.189208985599976,768,512
objects365_v1_00017565_object-1204147.jpg,images/Pillow/objects365_v1_00017565_object-1204147.jpg,Pillow,objects365_v1_00017565.jpg,17565,1204147,29,196.93542481920002,290.7678833152,62.263671859199974,61.12475586560004,768,512
objects365_v1_00017565_object-1204148.jpg,images/Bench/objects365_v1_00017565_object-1204148.jpg,Bench,objects365_v1_00017565.jpg,17565,1204148,25,97.0856323584,344.7635497984,188.30987543039998,164.01177978880003,768,512
objects365_v1_00017565_object-1204149.jpg,images/Mirror/objects365_v1_00017565_object-1204149.jpg,Mirror,objects365_v1_00017565.jpg,17565,1204149,80,374.067748992,155.2553711104,86.46398929920002,143.8842773504,768,512
objects365_v1_00017565_object-1204150.jpg,images/Carpet/objects365_v1_00017565_object-1204150.jpg,Carpet,objects365_v1_00017565.jpg,17565,1204150,61,300.2600097792,433.4282226688,148.0810546944,77.68896481280001,768,512
objects365_v1_00017565_object-1204151.jpg,images/Toilet/objects365_v1_00017565_object-1204151.jpg,Toilet,objects365_v1_00017565.jpg,17565,1204151,154,41.547607449599994,305.800537088,96.1036376832,87.2431030272,768,512
objects365_v1_00017565_object-1204152.jpg,images/Sink/objects365_v1_00017565_object-1204152.jpg,Sink,objects365_v1_00017565.jpg,17565,1204152,82,0.8291625984,299.3229370368,43.79516597760001,29.027038566399995,768,512
objects365_v1_00017565_object-1204153.jpg,images/Telephone/objects365_v1_00017565_object-1204153.jpg,Telephone,objects365_v1_00017565.jpg,17565,1204153,124,645.040405248,317.3902587904,10.668457036800078,21.57806397439998,768,512
objects365_v1_00043667_object-1219730.jpg,images/Plate/objects365_v1_00043667_object-1219730.jpg,Plate,objects365_v1_00043667.jpg,43667,1219730,16,0.0671996928,285.9528808448,766.7092896,223.6235351552,768,512
objects365_v1_00043667_object-1219731.jpg,images/Person/objects365_v1_00043667_object-1219731.jpg,Person,objects365_v1_00043667.jpg,43667,1219731,1,484.7014159872,217.9221801984,47.14172367360004,51.471008255999976,768,512
objects365_v1_00043667_object-1219732.jpg,images/Cheese/objects365_v1_00043667_object-1219732.jpg,Cheese,objects365_v1_00043667.jpg,43667,1219732,281,0.185485824,52.7674560512,767.0523071232,365.5068969984,768,512
objects365_v1_00043667_object-1219733.jpg,images/Cheese/objects365_v1_00043667_object-1219733.jpg,Cheese,objects365_v1_00043667.jpg,43667,1219733,281,691.5788573952,20.0020141568,74.19335938560005,43.6167602688,768,512
objects365_v1_00043667_object-1219734.jpg,images/Cheese/objects365_v1_00043667_object-1219734.jpg,Cheese,objects365_v1_00043667.jpg,43667,1219734,281,669.0959472384,25.3978882048,35.07324218880012,36.4222411776,768,512
objects365_v1_00011586_object-1236087.jpg,images/Person/objects365_v1_00011586_object-1236087.jpg,Person,objects365_v1_00011586.jpg,11586,1236087,1,240.2250976768,325.8914795062,130.34674068479998,379.65014649459994,512,766
objects365_v1_00011586_object-1236088.jpg,images/Person/objects365_v1_00011586_object-1236088.jpg,Person,objects365_v1_00011586.jpg,11586,1236088,1,119.7585449472,67.7753906052,201.97552486400002,519.2073974828,512,766
objects365_v1_00011586_object-1236089.jpg,images/Hat/objects365_v1_00011586_object-1236089.jpg,Hat,objects365_v1_00011586.jpg,11586,1236089,5,213.4707641856,71.859374987,45.38757319680002,43.65301512640002,512,766
objects365_v1_00011586_object-1236090.jpg,images/Slippers/objects365_v1_00011586_object-1236090.jpg,Slippers,objects365_v1_00011586.jpg,11586,1236090,46,120.961059584,542.7913818186,38.738464358399995,37.29296875479997,512,766
objects365_v1_00011586_object-1236091.jpg,images/Slippers/objects365_v1_00011586_object-1236091.jpg,Slippers,objects365_v1_00011586.jpg,11586,1236091,46,207.6889038336,515.0384521344,57.240356403200025,39.605712875999984,512,766
objects365_v1_00011586_object-1236092.jpg,images/Slippers/objects365_v1_00011586_object-1236092.jpg,Slippers,objects365_v1_00011586.jpg,11586,1236092,46,241.413818368,647.1964111460001,54.72271728640001,31.78100587079996,512,766
objects365_v1_00011586_object-1236093.jpg,images/Slippers/objects365_v1_00011586_object-1236093.jpg,Slippers,objects365_v1_00011586.jpg,11586,1236093,46,317.2793579008,662.1208495886,35.3209839104,43.03186036440002,512,766
objects365_v1_00011586_object-1236094.jpg,images/Tape-Measur-Ruler/objects365_v1_00011586_object-1236094.jpg,Tape Measur/ Ruler,objects365_v1_00011586.jpg,11586,1236094,300,233.863220224,457.3569336134,99.55230709759999,28.724487316199998,512,766
objects365_v1_00036597_object-1265678.jpg,images/Chair/objects365_v1_00036597_object-1265678.jpg,Chair,objects365_v1_00036597.jpg,36597,1265678,3,593.981811496,274.7594604544,19.406982412000048,34.69818117119996,920,512
objects365_v1_00036597_object-1265679.jpg,images/Person/objects365_v1_00036597_object-1265679.jpg,Person,objects365_v1_00036597.jpg,36597,1265679,1,522.870727516,248.3663940608,76.98278811199998,63.4642944,920,512
objects365_v1_00036597_object-1265680.jpg,images/Bracelet/objects365_v1_00036597_object-1265680.jpg,Bracelet,objects365_v1_00036597.jpg,36597,1265680,15,546.844360388,297.1636962816,3.3645019159999947,8.869873049600017,920,512
objects365_v1_00036597_object-1265681.jpg,images/Glasses/objects365_v1_00036597_object-1265681.jpg,Glasses,objects365_v1_00036597.jpg,36597,1265681,8,564.362792928,256.7384643584,13.797485364000067,3.8062133760000165,920,512
objects365_v1_00036597_object-1265682.jpg,images/Machinery-Vehicle/objects365_v1_00036597_object-1265682.jpg,Machinery Vehicle,objects365_v1_00036597.jpg,36597,1265682,110,416.53198241599995,273.507568384,215.4294433280001,122.35552977919997,920,512
objects365_v1_00036597_object-1265683.jpg,images/Deer/objects365_v1_00036597_object-1265683.jpg,Deer,objects365_v1_00036597.jpg,36597,1265683,241,89.752380384,248.846313472,181.89923096800004,174.7732544,920,512
objects365_v1_00036597_object-1265684.jpg,images/Deer/objects365_v1_00036597_object-1265684.jpg,Deer,objects365_v1_00036597.jpg,36597,1265684,241,141.884399436,237.0590210048,151.520141612,188.06079098880002,920,512
objects365_v1_00036597_object-1265685.jpg,images/Deer/objects365_v1_00036597_object-1265685.jpg,Deer,objects365_v1_00036597.jpg,36597,1265685,241,239.36865237599997,246.4320678912,171.51318352800004,179.39941406719998,920,512
objects365_v1_00036597_object-1265686.jpg,images/Deer/objects365_v1_00036597_object-1265686.jpg,Deer,objects365_v1_00036597.jpg,36597,1265686,241,534.969848628,230.117675776,214.46435550800004,201.4406738432,920,512
objects365_v1_00036597_object-1265687.jpg,images/Deer/objects365_v1_00036597_object-1265687.jpg,Deer,objects365_v1_00036597.jpg,36597,1265687,241,515.1724853759999,249.3422851584,180.48071286800007,176.74401853440003,920,512
objects365_v1_00008406_object-1270136.jpg,images/Plate/objects365_v1_00008406_object-1270136.jpg,Plate,objects365_v1_00008406.jpg,8406,1270136,16,541.9096679982,204.7241821184,140.2750243836,187.9325561856,683,512
objects365_v1_00008406_object-1270137.jpg,images/Plate/objects365_v1_00008406_object-1270137.jpg,Plate,objects365_v1_00008406.jpg,8406,1270137,16,317.1098632559,235.1970214912,249.07812502930005,223.0013427712,683,512
objects365_v1_00008406_object-1270138.jpg,images/Plate/objects365_v1_00008406_object-1270138.jpg,Plate,objects365_v1_00008406.jpg,8406,1270138,16,64.4349365353,280.1569824256,261.3652343789,229.29577635840002,683,512
objects365_v1_00008406_object-1270139.jpg,images/Pot/objects365_v1_00008406_object-1270139.jpg,Pot,objects365_v1_00008406.jpg,8406,1270139,96,177.75903321910002,2.3233642496,383.7852782947999,238.6957397504,683,512
objects365_v1_00008406_object-1270140.jpg,images/Bowl-Basin/objects365_v1_00008406_object-1270140.jpg,Bowl/Basin,objects365_v1_00008406.jpg,8406,1270140,27,-1.028747577,127.755615232,190.9566040394,170.363220224,683,512
objects365_v1_00008406_object-1270141.jpg,images/Rice/objects365_v1_00008406_object-1270141.jpg,Rice,objects365_v1_00008406.jpg,8406,1270141,238,0.3297729583,135.6940307456,180.979064927,130.358398464,683,512
objects365_v1_00008406_object-1270142.jpg,images/Pie/objects365_v1_00008406_object-1270142.jpg,Pie,objects365_v1_00008406.jpg,8406,1270142,172,567.6057128997,224.4124145664,115.12976072219988,158.88757324800002,683,512
objects365_v1_00008406_object-1270143.jpg,images/Spoon/objects365_v1_00008406_object-1270143.jpg,Spoon,objects365_v1_00008406.jpg,8406,1270143,94,-0.5856933315,270.5332641792,64.4589232904,87.28808591360001,683,512
objects365_v1_00002997_object-1286781.jpg,images/Cabinet-shelf/objects365_v1_00002997_object-1286781.jpg,Cabinet/shelf,objects365_v1_00002997.jpg,2997,1286781,13,0.458435072,610.0306396353001,113.585449216,153.24133301099994,512,767
objects365_v1_00002997_object-1286782.jpg,images/Cabinet-shelf/objects365_v1_00002997_object-1286782.jpg,Cabinet/shelf,objects365_v1_00002997.jpg,2997,1286782,13,166.1466674688,147.78320316239999,180.7508545024,107.51086423610002,512,767
objects365_v1_00002997_object-1286783.jpg,images/Cabinet-shelf/objects365_v1_00002997_object-1286783.jpg,Cabinet/shelf,objects365_v1_00002997.jpg,2997,1286783,13,174.6638793728,462.7427978238,158.0651855872,209.48901370280004,512,767
objects365_v1_00002997_object-1286784.jpg,images/Slippers/objects365_v1_00002997_object-1286784.jpg,Slippers,objects365_v1_00002997.jpg,2997,1286784,46,241.9725341696,674.0318603564,28.01312256,29.46203613730006,512,767
objects365_v1_00002997_object-1286785.jpg,images/Slippers/objects365_v1_00002997_object-1286785.jpg,Slippers,objects365_v1_00002997.jpg,2997,1286785,46,279.6453246976,673.7904053049,30.911010764799983,29.220581009099988,512,767
objects365_v1_00002997_object-1286786.jpg,images/Tissue/objects365_v1_00002997_object-1286786.jpg,Tissue,objects365_v1_00002997.jpg,2997,1286786,226,0.0668335104,526.2705077968,93.4082031104,105.06848143870002,512,767
objects365_v1_00002997_object-1286787.jpg,images/High-Heels/objects365_v1_00002997_object-1286787.jpg,High Heels,objects365_v1_00002997.jpg,2997,1286787,58,179.5234985472,482.52966309989995,147.49713131520002,182.95996094480006,512,767
objects365_v1_00003151_object-1287713.jpg,images/Bench/objects365_v1_00003151_object-1287713.jpg,Bench,objects365_v1_00003151.jpg,3151,1287713,25,76.870727552,46.998718272,299.834106432,201.461608896,640,480
objects365_v1_00003151_object-1287714.jpg,images/Washing-Machine-Drying-Machine/objects365_v1_00003151_object-1287714.jpg,Washing Machine/Drying Machine,objects365_v1_00003151.jpg,3151,1287714,221,470.28881836799997,-0.0033263999999999998,169.70935059199996,277.647430416,640,480
objects365_v1_00003151_object-1287715.jpg,images/Washing-Machine-Drying-Machine/objects365_v1_00003151_object-1287715.jpg,Washing Machine/Drying Machine,objects365_v1_00003151.jpg,3151,1287715,221,428.125122048,0.551483136,50.59472659200003,115.990264896,640,480
objects365_v1_00003151_object-1287716.jpg,images/Trash-bin-Can/objects365_v1_00003151_object-1287716.jpg,Trash bin Can,objects365_v1_00003151.jpg,3151,1287716,45,335.587524416,44.592040992,89.06921388799998,108.24334718400002,640,480
objects365_v1_00003151_object-1287717.jpg,images/Cup/objects365_v1_00003151_object-1287717.jpg,Cup,objects365_v1_00003151.jpg,3151,1287717,11,4.3212280320000005,111.294677712,146.285644544,246.16467288,640,480
objects365_v1_00003151_object-1287718.jpg,images/Knife/objects365_v1_00003151_object-1287718.jpg,Knife,objects365_v1_00003151.jpg,3151,1287718,85,298.414489728,293.958557136,125.50701907200005,161.48034667199994,640,480
objects365_v1_00003151_object-1287719.jpg,images/Car/objects365_v1_00003151_object-1287719.jpg,Car,objects365_v1_00003151.jpg,3151,1287719,6,132.115966784,0.306030288,140.387573248,67.086059568,640,480
objects365_v1_00003151_object-1287720.jpg,images/Bread/objects365_v1_00003151_object-1287720.jpg,Bread,objects365_v1_00003151.jpg,3151,1287720,63,142.0510864,378.80999755199997,232.99237062400002,85.70843505600004,640,480
objects365_v1_00034834_object-1294215.jpg,images/Cabinet-shelf/objects365_v1_00034834_object-1294215.jpg,Cabinet/shelf,objects365_v1_00034834.jpg,34834,1294215,13,-0.257873525,31.187988281899997,119.06994625499999,217.7426147553,650,487
objects365_v1_00034834_object-1294216.jpg,images/Lamp/objects365_v1_00034834_object-1294216.jpg,Lamp,objects365_v1_00034834.jpg,34834,1294216,7,234.593383765,0.4070739983,31.700378450000017,29.6551818851,650,487
objects365_v1_00034834_object-1294217.jpg,images/Lamp/objects365_v1_00034834_object-1294217.jpg,Lamp,objects365_v1_00034834.jpg,34834,1294217,7,302.44805909499996,53.6722412183,22.216796875,21.572814953099993,650,487
objects365_v1_00034834_object-1294218.jpg,images/Cabinet-shelf/objects365_v1_00034834_object-1294218.jpg,Cabinet/shelf,objects365_v1_00034834.jpg,34834,1294218,13,560.5423584150001,119.3878784299,58.177978494999934,180.99829099369998,650,487
objects365_v1_00034834_object-1294219.jpg,images/Cabinet-shelf/objects365_v1_00034834_object-1294219.jpg,Cabinet/shelf,objects365_v1_00034834.jpg,34834,1294219,13,286.898071265,105.3443603363,63.97979737500003,113.4667968978,650,487
objects365_v1_00034834_object-1294220.jpg,images/Person/objects365_v1_00034834_object-1294220.jpg,Person,objects365_v1_00034834.jpg,34834,1294220,1,380.781372075,181.7581787165,9.20849611500006,20.5585937205,650,487
objects365_v1_00034834_object-1294221.jpg,images/Barrel-bucket/objects365_v1_00034834_object-1294221.jpg,Barrel/bucket,objects365_v1_00034834.jpg,34834,1294221,49,485.147582985,226.2686767707,26.83337403500002,32.91558834769998,650,487
objects365_v1_00034834_object-1294222.jpg,images/Bottle/objects365_v1_00034834_object-1294222.jpg,Bottle,objects365_v1_00034834.jpg,34834,1294222,9,5.658325205,191.841064459,10.975219710000001,20.578491225600004,650,487
objects365_v1_00034834_object-1294223.jpg,images/Bakset/objects365_v1_00034834_object-1294223.jpg,Bakset,objects365_v1_00034834.jpg,34834,1294223,53,388.23291013,259.7498779246,65.54736331000004,23.438171393999994,650,487
objects365_v1_00034834_object-1294224.jpg,images/Bakset/objects365_v1_00034834_object-1294224.jpg,Bakset,objects365_v1_00034834.jpg,34834,1294224,53,457.75280759,253.7910766841,51.246093795000036,40.52014156069998,650,487
objects365_v1_00034834_object-1294225.jpg,images/Person/objects365_v1_00034834_object-1294225.jpg,Person,objects365_v1_00034834.jpg,34834,1294225,1,469.746582045,170.76208494050002,71.99670406499996,60.045776382699984,650,487
objects365_v1_00034834_object-1294226.jpg,images/Tomato/objects365_v1_00034834_object-1294226.jpg,Tomato,objects365_v1_00034834.jpg,34834,1294226,108,0.61511229,263.9919433388,52.80725099000001,28.685424823900007,650,487
objects365_v1_00034834_object-1294227.jpg,images/Grape/objects365_v1_00034834_object-1294227.jpg,Grape,objects365_v1_00034834.jpg,34834,1294227,180,31.908325214999998,297.8928833156,267.947753905,94.5314941254,650,487
objects365_v1_00034834_object-1294228.jpg,images/Peach/objects365_v1_00034834_object-1294228.jpg,Peach,objects365_v1_00034834.jpg,34834,1294228,237,164.25231933499998,272.467224111,149.946472195,54.76300049099996,650,487
objects365_v1_00034834_object-1294229.jpg,images/Papaya/objects365_v1_00034834_object-1294229.jpg,Papaya,objects365_v1_00034834.jpg,34834,1294229,318,250.30859372999998,275.7269287092,77.58099368500001,39.76837159219997,650,487
objects365_v1_00034834_object-1294230.jpg,images/Apple/objects365_v1_00034834_object-1294230.jpg,Apple,objects365_v1_00034834.jpg,34834,1294230,83,241.83331302000002,261.3842163216,110.83001708999998,44.33197018520002,650,487
objects365_v1_00034834_object-1294231.jpg,images/Banana/objects365_v1_00034834_object-1294231.jpg,Banana,objects365_v1_00034834.jpg,34834,1294231,113,274.524475095,113.7860717602,30.640991224999993,134.92358400350003,650,487
objects365_v1_00034834_object-1294232.jpg,images/Grape/objects365_v1_00034834_object-1294232.jpg,Grape,objects365_v1_00034834.jpg,34834,1294232,180,292.945495635,208.24169922369998,52.01855464000005,32.23687743740001,650,487
objects365_v1_00034834_object-1294233.jpg,images/Orange-Tangerine/objects365_v1_00034834_object-1294233.jpg,Orange/Tangerine,objects365_v1_00034834.jpg,34834,1294233,105,320.420105005,224.3601684773,75.82977291499998,28.207214346,650,487
objects365_v1_00034834_object-1294234.jpg,images/Watermelon/objects365_v1_00034834_object-1294234.jpg,Watermelon,objects365_v1_00034834.jpg,34834,1294234,224,54.746520985000004,261.67700193909997,119.90130613499998,48.44494631460003,650,487
objects365_v1_00034834_object-1294235.jpg,images/Canned/objects365_v1_00034834_object-1294235.jpg,Canned,objects365_v1_00034834.jpg,34834,1294235,65,0.06427005,79.6250000029,111.83837885999999,148.6255493223,650,487
objects365_v1_00008172_object-1299276.jpg,images/Chair/objects365_v1_00008172_object-1299276.jpg,Chair,objects365_v1_00008172.jpg,8172,1299276,3,46.5803222528,260.6320800768,220.84973148160003,326.30053708800006,512,768
objects365_v1_00008172_object-1299277.jpg,images/Desk/objects365_v1_00008172_object-1299277.jpg,Desk,objects365_v1_00008172.jpg,8172,1299277,10,0.2501831168,576.7001952768001,511.21160888320003,190.57885747199998,512,768
objects365_v1_00008172_object-1299278.jpg,images/Piano/objects365_v1_00008172_object-1299278.jpg,Piano,objects365_v1_00008172.jpg,8172,1299278,143,352.340637184,256.8619385088,136.81689456639998,61.91711423999999,512,768
objects365_v1_00008172_object-1299279.jpg,images/Person/objects365_v1_00008172_object-1299279.jpg,Person,objects365_v1_00008172.jpg,8172,1299279,1,83.885986304,133.0111084032,339.375305216,521.8533935616001,512,768
objects365_v1_00008172_object-1299280.jpg,images/Watch/objects365_v1_00008172_object-1299280.jpg,Watch,objects365_v1_00008172.jpg,8172,1299280,43,349.9656982528,510.4145508096,40.0432129024,32.678955033600005,512,768
objects365_v1_00008172_object-1299281.jpg,images/Bracelet/objects365_v1_00008172_object-1299281.jpg,Bracelet,objects365_v1_00008172.jpg,8172,1299281,15,94.9777221632,525.6033935616,51.089660671999994,26.695434547199966,512,768
objects365_v1_00008172_object-1299282.jpg,images/Key/objects365_v1_00008172_object-1299282.jpg,Key,objects365_v1_00008172.jpg,8172,1299282,252,64.9234008576,648.2330322432,50.027282739200004,26.15795896320003,512,768
objects365_v1_00008172_object-1299283.jpg,images/Glasses/objects365_v1_00008172_object-1299283.jpg,Glasses,objects365_v1_00008172.jpg,8172,1299283,8,268.4248657408,210.8911742976,95.50262451200001,25.865295436799983,512,768
objects365_v1_00008172_object-1299284.jpg,images/Mouse/objects365_v1_00008172_object-1299284.jpg,Mouse,objects365_v1_00008172.jpg,8172,1299284,116,105.0824585216,601.0887451392,74.98919674879998,65.72094727679996,512,768
objects365_v1_00008172_object-1299285.jpg,images/Tripod/objects365_v1_00008172_object-1299285.jpg,Tripod,objects365_v1_00008172.jpg,8172,1299285,92,443.4106445312,475.8128662272,68.80334474239999,98.96191403519998,512,768
objects365_v1_00008172_object-1299286.jpg,images/Keyboard/objects365_v1_00008172_object-1299286.jpg,Keyboard,objects365_v1_00008172.jpg,8172,1299286,107,223.1307373056,585.3138427392,288.99987793919996,77.84716800000001,512,768
objects365_v1_00008172_object-1299287.jpg,images/Speaker/objects365_v1_00008172_object-1299287.jpg,Speaker,objects365_v1_00008172.jpg,8172,1299287,42,485.1107177984,344.636840832,26.89807124479995,131.06933591039996,512,768
objects365_v1_00000197_object-1339069.jpg,images/Person/objects365_v1_00000197_object-1339069.jpg,Person,objects365_v1_00000197.jpg,197,1339069,1,415.7965088045,302.9462280192,34.456054690500025,65.77984619519998,683,512
objects365_v1_00000197_object-1339070.jpg,images/Person/objects365_v1_00000197_object-1339070.jpg,Person,objects365_v1_00000197.jpg,197,1339070,1,313.5692749234,296.994750976,44.83770748640001,68.73321533440003,683,512
objects365_v1_00000197_object-1339071.jpg,images/Refrigerator/objects365_v1_00000197_object-1339071.jpg,Refrigerator,objects365_v1_00000197.jpg,197,1339071,134,518.7298584108,365.6643676672,140.8017578084,121.78674319359999,683,512
objects365_v1_00000197_object-1339072.jpg,images/Truck/objects365_v1_00000197_object-1339072.jpg,Truck,objects365_v1_00000197.jpg,197,1339072,66,127.03778075700001,268.446777344,255.3679809678,107.01220705280002,683,512
objects365_v1_00000197_object-1339073.jpg,images/Car/objects365_v1_00000197_object-1339073.jpg,Car,objects365_v1_00000197.jpg,197,1339073,6,378.02050783870004,334.4652709888,40.929687487999956,28.260986316799972,683,512
objects365_v1_00000197_object-1339074.jpg,images/Cabbage/objects365_v1_00000197_object-1339074.jpg,Cabbage,objects365_v1_00000197.jpg,197,1339074,234,368.8134765304,375.8583984128,26.301025401699974,16.043579136000005,683,512
objects365_v1_00000197_object-1339075.jpg,images/Bakset/objects365_v1_00000197_object-1339075.jpg,Bakset,objects365_v1_00000197.jpg,197,1339075,53,76.4951782144,408.3220825088,95.87072752419999,73.91149905919997,683,512
objects365_v1_00000197_object-1339076.jpg,images/Bakset/objects365_v1_00000197_object-1339076.jpg,Bakset,objects365_v1_00000197.jpg,197,1339076,53,34.719055178299996,405.1085204992,92.1216430601,66.94885253120003,683,512
objects365_v1_00000197_object-1339077.jpg,images/Radish/objects365_v1_00000197_object-1339077.jpg,Radish,objects365_v1_00000197.jpg,197,1339077,337,292.0882568128,438.5488891392,91.53259278360002,57.25207521279998,683,512
objects365_v1_00000197_object-1339078.jpg,images/Apple/objects365_v1_00000197_object-1339078.jpg,Apple,objects365_v1_00000197.jpg,197,1339078,83,82.8709106115,418.7580566528,61.49291997740002,36.401000959999976,683,512
objects365_v1_00000197_object-1339079.jpg,images/Cabbage/objects365_v1_00000197_object-1339079.jpg,Cabbage,objects365_v1_00000197.jpg,197,1339079,234,402.1696777433,370.1149902336,69.62756349199998,38.72442629120002,683,512
objects365_v1_00000197_object-1339080.jpg,images/Potato/objects365_v1_00000197_object-1339080.jpg,Potato,objects365_v1_00000197.jpg,197,1339080,182,171.04437259020003,450.9979248128,26.08624266489994,12.918945280000003,683,512
objects365_v1_00000197_object-1339081.jpg,images/Apple/objects365_v1_00000197_object-1339081.jpg,Apple,objects365_v1_00000197.jpg,197,1339081,83,185.1079712234,363.0499267584,77.80682370840003,50.076354969600004,683,512
objects365_v1_00000197_object-1339082.jpg,images/Garlic/objects365_v1_00000197_object-1339082.jpg,Garlic,objects365_v1_00000197.jpg,197,1339082,262,270.9994507009,376.3023071232,37.27520747120002,22.016357427199978,683,512
objects365_v1_00000197_object-1339083.jpg,images/Storage-box/objects365_v1_00000197_object-1339083.jpg,Storage box,objects365_v1_00000197.jpg,197,1339083,21,0.3051758061,318.7084960768,483.4943847469,193.24310302720005,683,512
objects365_v1_00024126_object-1370242.jpg,images/Guitar/objects365_v1_00024126_object-1370242.jpg,Guitar,objects365_v1_00024126.jpg,24126,1370242,60,227.71252442499997,263.6196899328,90.88952635930002,104.82153323520004,683,512
objects365_v1_00024126_object-1370243.jpg,images/Trombone/objects365_v1_00024126_object-1370243.jpg,Trombone,objects365_v1_00024126.jpg,24126,1370243,271,33.3283081076,333.942993152,152.58825684399997,40.46905518080001,683,512
objects365_v1_00024126_object-1370244.jpg,images/Saxophone/objects365_v1_00024126_object-1370244.jpg,Saxophone,objects365_v1_00024126.jpg,24126,1370244,225,33.3283081076,306.742492672,46.439941409099994,146.61743165439998,683,512
objects365_v1_00024126_object-1370245.jpg,images/Saxophone/objects365_v1_00024126_object-1370245.jpg,Saxophone,objects365_v1_00024126.jpg,24126,1370245,225,28.6843261719,338.5869750784,67.9889156975,172.491088896,683,512
objects365_v1_00024126_object-1370246.jpg,images/Glasses/objects365_v1_00024126_object-1370246.jpg,Glasses,objects365_v1_00024126.jpg,24126,1370246,8,23.4542740936,321.7157439488,14.656527461800003,7.910822809599949,683,512
objects365_v1_00024126_object-1370247.jpg,images/Glasses/objects365_v1_00024126_object-1370247.jpg,Glasses,objects365_v1_00024126.jpg,24126,1370247,8,38.223792635900004,285.5519204864,25.936197604999997,13.222375219200046,683,512
objects365_v1_00024126_object-1370248.jpg,images/Handbag-Satchel/objects365_v1_00024126_object-1370248.jpg,Handbag/Satchel,objects365_v1_00024126.jpg,24126,1370248,14,151.67357402349998,281.8614927872,15.314812697000036,22.80205434879997,683,512
objects365_v1_00024126_object-1370249.jpg,images/Leather-Shoes/objects365_v1_00024126_object-1370249.jpg,Leather Shoes,objects365_v1_00024126.jpg,24126,1370249,23,191.2579301843,435.3898869248,38.520821276500016,13.113067468800011,683,512
objects365_v1_00024126_object-1370250.jpg,images/Leather-Shoes/objects365_v1_00024126_object-1370250.jpg,Leather Shoes,objects365_v1_00024126.jpg,24126,1370250,23,230.84295588999998,426.4019825664,28.302337180600034,9.179136358400001,683,512
objects365_v1_00024126_object-1370251.jpg,images/Leather-Shoes/objects365_v1_00024126_object-1370251.jpg,Leather Shoes,objects365_v1_00024126.jpg,24126,1370251,23,260.1315765569,351.9781907456,9.06057138370005,6.005932185599988,683,512
objects365_v1_00024126_object-1370252.jpg,images/Leather-Shoes/objects365_v1_00024126_object-1370252.jpg,Leather Shoes,objects365_v1_00024126.jpg,24126,1370252,23,286.6661070231,351.8559638528,10.76336927020003,6.927484160000006,683,512
objects365_v1_00024126_object-1370253.jpg,images/Hat/objects365_v1_00024126_object-1370253.jpg,Hat,objects365_v1_00024126.jpg,24126,1370253,5,413.5128712577,173.5147226624,21.680110629900014,13.245718067199988,683,512
objects365_v1_00024126_object-1370254.jpg,images/Hat/objects365_v1_00024126_object-1370254.jpg,Hat,objects365_v1_00024126.jpg,24126,1370254,5,536.1387041664,185.2044632064,35.76290053860009,29.260555059200016,683,512
objects365_v1_00024126_object-1370255.jpg,images/Bottle/objects365_v1_00024126_object-1370255.jpg,Bottle,objects365_v1_00024126.jpg,24126,1370255,9,70.8901367337,239.289306624,10.637084960699994,26.333740236799997,683,512
objects365_v1_00024126_object-1370256.jpg,images/Bottle/objects365_v1_00024126_object-1370256.jpg,Bottle,objects365_v1_00024126.jpg,24126,1370256,9,91.3501587026,203.401123072,9.777832029699994,25.797668454399997,683,512
objects365_v1_00024126_object-1370257.jpg,images/Speaker/objects365_v1_00024126_object-1370257.jpg,Speaker,objects365_v1_00024126.jpg,24126,1370257,42,409.70642087230004,316.5046386688,263.36010744849995,195.37255859200002,683,512
objects365_v1_00024126_object-1370258.jpg,images/Speaker/objects365_v1_00024126_object-1370258.jpg,Speaker,objects365_v1_00024126.jpg,24126,1370258,42,512.4655761779001,237.4744262656,29.810791036999944,9.88836669440002,683,512
objects365_v1_00024126_object-1370259.jpg,images/Speaker/objects365_v1_00024126_object-1370259.jpg,Speaker,objects365_v1_00024126.jpg,24126,1370259,42,522.402465794,253.9042968576,35.90856934429996,7.758544947199994,683,512
objects365_v1_00024126_object-1370260.jpg,images/Camera/objects365_v1_00024126_object-1370260.jpg,Camera,objects365_v1_00024126.jpg,24126,1370260,64,540.6954345596,208.405944832,7.45275878529992,9.259399424000009,683,512
objects365_v1_00024126_object-1370261.jpg,images/Camera/objects365_v1_00024126_object-1370261.jpg,Camera,objects365_v1_00024126.jpg,24126,1370261,64,328.7127685448,212.1522827264,18.147827167599985,11.126770022400024,683,512
objects365_v1_00024126_object-1370262.jpg,images/Cell-Phone/objects365_v1_00024126_object-1370262.jpg,Cell Phone,objects365_v1_00024126.jpg,24126,1370262,62,278.62481690469997,212.2451782144,5.516906750900034,20.180419942399993,683,512
objects365_v1_00024126_object-1370263.jpg,images/Speaker/objects365_v1_00024126_object-1370263.jpg,Speaker,objects365_v1_00024126.jpg,24126,1370263,42,130.5471191075,314.7039794688,18.872924828799995,87.87561036799997,683,512
objects365_v1_00024126_object-1370264.jpg,images/Speaker/objects365_v1_00024126_object-1370264.jpg,Speaker,objects365_v1_00024126.jpg,24126,1370264,42,114.6157226282,326.2076416,18.519897496300004,87.7518920704,683,512
objects365_v1_00024126_object-1370265.jpg,images/Speaker/objects365_v1_00024126_object-1370265.jpg,Speaker,objects365_v1_00024126.jpg,24126,1370265,42,85.3463745138,228.1945800704,49.13751219870001,102.57012940799999,683,512
objects365_v1_00024126_object-1370266.jpg,images/Speaker/objects365_v1_00024126_object-1370266.jpg,Speaker,objects365_v1_00024126.jpg,24126,1370266,42,98.7895507681,331.8201293824,17.569946331599994,93.88671877119998,683,512
objects365_v1_00024126_object-1370267.jpg,images/Speaker/objects365_v1_00024126_object-1370267.jpg,Speaker,objects365_v1_00024126.jpg,24126,1370267,42,72.0317383131,331.5408935424,26.982116689899982,107.091430656,683,512
objects365_v1_00024126_object-1370268.jpg,images/Microphone/objects365_v1_00024126_object-1370268.jpg,Microphone,objects365_v1_00024126.jpg,24126,1370268,32,62.37493893760001,284.3300170752,28.550903351299993,7.46044922880003,683,512
objects365_v1_00024126_object-1370269.jpg,images/Head-Phone/objects365_v1_00024126_object-1370269.jpg,Head Phone,objects365_v1_00024126.jpg,24126,1370269,126,469.04284668979994,195.5761718784,24.07153322630012,26.43139650559999,683,512
objects365_v1_00024126_object-1370270.jpg,images/Person/objects365_v1_00024126_object-1370270.jpg,Person,objects365_v1_00024126.jpg,24126,1370270,1,0.3382568428,161.2276000768,681.5982666011,350.5527344128,683,512
objects365_v1_00004600_object-1378070.jpg,images/Picture-Frame/objects365_v1_00004600_object-1378070.jpg,Picture/Frame,objects365_v1_00004600.jpg,4600,1378070,17,283.0692138496,281.9573974506,74.09936527360003,152.0987549103,512,683
objects365_v1_00004600_object-1378071.jpg,images/Towel/objects365_v1_00004600_object-1378071.jpg,Towel,objects365_v1_00004600.jpg,4600,1378071,70,401.3682250752,242.9577026083,77.99938969600004,171.59857183550002,512,683
objects365_v1_00004600_object-1378072.jpg,images/Towel/objects365_v1_00004600_object-1378072.jpg,Towel,objects365_v1_00004600.jpg,4600,1378072,70,314.2689819136,435.35620119789996,123.49896243199998,107.24914546590003,512,683
objects365_v1_00004600_object-1378073.jpg,images/Towel/objects365_v1_00004600_object-1378073.jpg,Towel,objects365_v1_00004600.jpg,4600,1378073,70,348.068664576,443.15612792699994,53.94958494719998,42.249633822500016,512,683
objects365_v1_00004600_object-1378074.jpg,images/Cabinet-shelf/objects365_v1_00004600_object-1378074.jpg,Cabinet/shelf,objects365_v1_00004600.jpg,4600,1378074,13,293.2824707072,520.0841064396,218.7198486528,162.94042972070008,512,683
objects365_v1_00004600_object-1378075.jpg,images/Sink/objects365_v1_00004600_object-1378075.jpg,Sink,objects365_v1_00004600.jpg,4600,1378075,82,409.4757080064,502.1486816172,102.44848634879997,112.62316895830003,512,683
objects365_v1_00004600_object-1378076.jpg,images/Toilet/objects365_v1_00004600_object-1378076.jpg,Toilet,objects365_v1_00004600.jpg,4600,1378076,154,93.9544067584,400.9394531574,258.160400384,282.1134032564,512,683
objects365_v1_00004600_object-1378077.jpg,images/Cup/objects365_v1_00004600_object-1378077.jpg,Cup,objects365_v1_00004600.jpg,4600,1378077,11,454.4213867008,437.1269531449,43.51629639679999,59.40722655369996,512,683
objects365_v1_00004600_object-1378078.jpg,images/Tissue/objects365_v1_00004600_object-1378078.jpg,Tissue,objects365_v1_00004600.jpg,4600,1378078,226,246.018371584,348.7454833796,76.4755249152,87.34313969829998,512,683
objects365_v1_00004600_object-1378079.jpg,images/Toilet-Paper/objects365_v1_00004600_object-1378079.jpg,Toilet Paper,objects365_v1_00004600.jpg,4600,1378079,161,82.722656256,380.5256347725,45.56024171519999,59.41296389029998,512,683
objects365_v1_00016463_object-1381175.jpg,images/Potted-Plant/objects365_v1_00016463_object-1381175.jpg,Potted Plant,objects365_v1_00016463.jpg,16463,1381175,26,242.697326656,24.942260736,104.98211667199999,237.63391113600002,640,480
objects365_v1_00016463_object-1381176.jpg,images/Potted-Plant/objects365_v1_00016463_object-1381176.jpg,Potted Plant,objects365_v1_00016463.jpg,16463,1381176,26,321.869079616,178.329284688,47.52593990399998,80.952331536,640,480
objects365_v1_00016463_object-1381177.jpg,images/Desk/objects365_v1_00016463_object-1381177.jpg,Desk,objects365_v1_00016463.jpg,16463,1381177,10,183.063842752,245.84027097599997,204.05676268800002,172.45965576000006,640,480
objects365_v1_00016463_object-1381178.jpg,images/Picture-Frame/objects365_v1_00016463_object-1381178.jpg,Picture/Frame,objects365_v1_00016463.jpg,16463,1381178,17,173.080932608,90.555908208,44.575988799999976,78.61907956799999,640,480
objects365_v1_00016463_object-1381179.jpg,images/Picture-Frame/objects365_v1_00016463_object-1381179.jpg,Picture/Frame,objects365_v1_00016463.jpg,16463,1381179,17,80.909484864,116.85968016,21.350769023999987,53.522766144000016,640,480
objects365_v1_00016463_object-1381180.jpg,images/Air-Conditioner/objects365_v1_00016463_object-1381180.jpg,Air Conditioner,objects365_v1_00016463.jpg,16463,1381180,84,9.954650879999999,22.040832528,65.39434816,82.883544912,640,480
objects365_v1_00016463_object-1381181.jpg,images/Person/objects365_v1_00016463_object-1381181.jpg,Person,objects365_v1_00016463.jpg,16463,1381181,1,398.921386688,140.01373291200002,107.07690432000004,327.13848878399995,640,480
objects365_v1_00016463_object-1381182.jpg,images/Washing-Machine-Drying-Machine/objects365_v1_00016463_object-1381182.jpg,Washing Machine/Drying Machine,objects365_v1_00016463.jpg,16463,1381182,221,76.228393536,176.10675048,166.847168,181.969299312,640,480
objects365_v1_00016463_object-1381183.jpg,images/Washing-Machine-Drying-Machine/objects365_v1_00016463_object-1381183.jpg,Washing Machine/Drying Machine,objects365_v1_00016463.jpg,16463,1381183,221,69.77832032,175.225402848,42.85333254399998,156.39996336000002,640,480
objects365_v1_00016463_object-1381184.jpg,images/Washing-Machine-Drying-Machine/objects365_v1_00016463_object-1381184.jpg,Washing Machine/Drying Machine,objects365_v1_00016463.jpg,16463,1381184,221,16.268676736,174.677001936,95.663818368,112.76434329599999,640,480
objects365_v1_00016463_object-1381185.jpg,images/Washing-Machine-Drying-Machine/objects365_v1_00016463_object-1381185.jpg,Washing Machine/Drying Machine,objects365_v1_00016463.jpg,16463,1381185,221,2.142150848,175.172668464,63.693298368,96.159484848,640,480
objects365_v1_00016463_object-1381186.jpg,images/Washing-Machine-Drying-Machine/objects365_v1_00016463_object-1381186.jpg,Washing Machine/Drying Machine,objects365_v1_00016463.jpg,16463,1381186,221,0.19976806400000002,156.16082764799998,39.32965088,82.27130126400002,640,480
objects365_v1_00016463_object-1381187.jpg,images/Trash-bin-Can/objects365_v1_00016463_object-1381187.jpg,Trash bin Can,objects365_v1_00016463.jpg,16463,1381187,45,332.39154054399995,271.65802003199997,80.29974361600006,147.274597152,640,480
objects365_v1_00036423_object-1391151.jpg,images/Desk/objects365_v1_00036423_object-1391151.jpg,Desk,objects365_v1_00036423.jpg,36423,1391151,10,33.6104125835,291.93554688,618.7975464197001,217.52148439040002,683,512
objects365_v1_00036423_object-1391152.jpg,images/Person/objects365_v1_00036423_object-1391152.jpg,Person,objects365_v1_00036423.jpg,36423,1391152,1,216.4816894648,129.2712402432,18.55114747829998,25.21057126400001,683,512
objects365_v1_00036423_object-1391153.jpg,images/Person/objects365_v1_00036423_object-1391153.jpg,Person,objects365_v1_00036423.jpg,36423,1391153,1,595.7419433875,11.5710449152,63.95349120130004,85.1361083904,683,512
objects365_v1_00036423_object-1391154.jpg,images/Person/objects365_v1_00036423_object-1391154.jpg,Person,objects365_v1_00036423.jpg,36423,1391154,1,544.6743164227,-0.0221862912,38.12817379699993,91.2144470528,683,512
objects365_v1_00036423_object-1391155.jpg,images/Bottle/objects365_v1_00036423_object-1391155.jpg,Bottle,objects365_v1_00036423.jpg,36423,1391155,9,471.3702392656,172.7956542976,59.337158198400004,133.71179197439997,683,512
objects365_v1_00036423_object-1391156.jpg,images/Cup/objects365_v1_00036423_object-1391156.jpg,Cup,objects365_v1_00036423.jpg,36423,1391156,11,564.7406005709,272.0708007936,103.50781250540001,86.2565307392,683,512
objects365_v1_00036423_object-1391157.jpg,images/Cup/objects365_v1_00036423_object-1391157.jpg,Cup,objects365_v1_00036423.jpg,36423,1391157,11,116.76916500749999,244.8059692544,56.19647217140002,78.5964355072,683,512
objects365_v1_00036423_object-1391158.jpg,images/Laptop/objects365_v1_00036423_object-1391158.jpg,Laptop,objects365_v1_00036423.jpg,36423,1391158,74,210.5051879842,179.7202148352,265.9481811807,213.554382336,683,512
objects365_v1_00036423_object-1391159.jpg,images/Mouse/objects365_v1_00036423_object-1391159.jpg,Mouse,objects365_v1_00036423.jpg,36423,1391159,116,508.2875976292,393.2745971712,63.668335013100034,59.025939916799985,683,512
objects365_v1_00036423_object-1391160.jpg,images/Keyboard/objects365_v1_00036423_object-1391160.jpg,Keyboard,objects365_v1_00036423.jpg,36423,1391160,107,111.6865234532,390.62176512,402.56994627340003,99.4818725888,683,512
objects365_v1_00036423_object-1391161.jpg,images/Tablet/objects365_v1_00036423_object-1391161.jpg,Tablet,objects365_v1_00036423.jpg,36423,1391161,244,424.06359865459996,295.6464843776,92.17150875350006,53.04211425279999,683,512
objects365_v1_00036423_object-1391162.jpg,images/Cell-Phone/objects365_v1_00036423_object-1391162.jpg,Cell Phone,objects365_v1_00036423.jpg,36423,1391162,62,105.18878171189999,322.8232421888,95.4974365379,49.78540037120001,683,512
objects365_v1_00036423_object-1391163.jpg,images/Speaker/objects365_v1_00036423_object-1391163.jpg,Speaker,objects365_v1_00036423.jpg,36423,1391163,42,72.14935303040001,268.9644775424,59.2899170008,67.88916014080002,683,512
objects365_v1_00036423_object-1391164.jpg,images/Head-Phone/objects365_v1_00036423_object-1391164.jpg,Head Phone,objects365_v1_00036423.jpg,36423,1391164,126,73.9597167918,243.619140608,141.66217040509997,52.048400895999976,683,512
objects365_v1_00036423_object-1391165.jpg,images/Moniter-TV/objects365_v1_00036423_object-1391165.jpg,Moniter/TV,objects365_v1_00036423.jpg,36423,1391165,38,183.37084958169999,0.0844115968,317.82031254780003,217.11108403199998,683,512
objects365_v1_00036423_object-1391166.jpg,images/Computer-Box/objects365_v1_00036423_object-1391166.jpg,Computer Box,objects365_v1_00036423.jpg,36423,1391166,160,575.3911133116,329.6177368064,107.59545897670012,158.5184326144,683,512
objects365_v1_00011803_object-1407022.jpg,images/Cabinet-shelf/objects365_v1_00011803_object-1407022.jpg,Cabinet/shelf,objects365_v1_00011803.jpg,11803,1407022,13,57.1596679355,224.6809081856,271.792297386,244.89721681919997,683,512
objects365_v1_00011803_object-1407023.jpg,images/Carpet/objects365_v1_00011803_object-1407023.jpg,Carpet,objects365_v1_00011803.jpg,11803,1407023,61,27.3956909479,423.8294677504,226.4649657772,84.76257326080002,683,512
objects365_v1_00011803_object-1407024.jpg,images/Towel/objects365_v1_00011803_object-1407024.jpg,Towel,objects365_v1_00011803.jpg,11803,1407024,70,22.8663940693,73.1323241984,65.35131831829999,157.8784179712,683,512
objects365_v1_00011803_object-1407025.jpg,images/Mirror/objects365_v1_00011803_object-1407025.jpg,Mirror,objects365_v1_00011803.jpg,11803,1407025,80,163.24755856529998,0.8711547904,138.5096436169,124.1810302464,683,512
objects365_v1_00011803_object-1407026.jpg,images/Mirror/objects365_v1_00011803_object-1407026.jpg,Mirror,objects365_v1_00011803.jpg,11803,1407026,80,464.28173831350006,0.4617309696,218.27819822969997,155.7535400448,683,512
objects365_v1_00011803_object-1407027.jpg,images/Cabinet-shelf/objects365_v1_00011803_object-1407027.jpg,Cabinet/shelf,objects365_v1_00011803.jpg,11803,1407027,13,329.7445068422,291.166809088,351.2551269241,220.30505369600002,683,512
objects365_v1_00011803_object-1407028.jpg,images/Towel/objects365_v1_00011803_object-1407028.jpg,Towel,objects365_v1_00011803.jpg,11803,1407028,70,246.81823730489998,40.2946777088,33.54034422820001,63.039672883200005,683,512
objects365_v1_00011803_object-1407029.jpg,images/Faucet/objects365_v1_00011803_object-1407029.jpg,Faucet,objects365_v1_00011803.jpg,11803,1407029,77,541.4846191353,196.3836059648,17.677734386399948,26.84399411199999,683,512
objects365_v1_00011803_object-1407030.jpg,images/Sink/objects365_v1_00011803_object-1407030.jpg,Sink,objects365_v1_00011803.jpg,11803,1407030,82,417.7403564467,221.2634277376,218.68041993489993,93.6265869312,683,512
objects365_v1_00011803_object-1407031.jpg,images/Faucet/objects365_v1_00011803_object-1407031.jpg,Faucet,objects365_v1_00011803.jpg,11803,1407031,77,207.5715942506,155.7902832128,24.87982179010001,18.987182591999982,683,512
objects365_v1_00011803_object-1407032.jpg,images/Sink/objects365_v1_00011803_object-1407032.jpg,Sink,objects365_v1_00011803.jpg,11803,1407032,82,107.39770506910001,177.3964233216,164.99230959019997,52.37854003199999,683,512
objects365_v1_00011803_object-1407033.jpg,images/Cup/objects365_v1_00011803_object-1407033.jpg,Cup,objects365_v1_00011803.jpg,11803,1407033,11,301.3954467927,171.8405761536,26.516418467300014,34.63055421439998,683,512
objects365_v1_00011803_object-1407034.jpg,images/Soap/objects365_v1_00011803_object-1407034.jpg,Soap,objects365_v1_00011803.jpg,11803,1407034,294,643.6228027251,220.6087035904,36.010131854099996,18.332458495999987,683,512
objects365_v1_00011803_object-1407035.jpg,images/Tissue/objects365_v1_00011803_object-1407035.jpg,Tissue,objects365_v1_00011803.jpg,11803,1407035,226,339.1726074242,138.1125488128,58.92590334009998,73.98461916160002,683,512
objects365_v1_00029671_object-1410618.jpg,images/Bed/objects365_v1_00029671_object-1410618.jpg,Bed,objects365_v1_00029671.jpg,29671,1410618,76,7.1223144448,69.2988891648,275.0101318656,177.7052001792,512,512
objects365_v1_00029671_object-1410619.jpg,images/Lamp/objects365_v1_00029671_object-1410619.jpg,Lamp,objects365_v1_00029671.jpg,29671,1410619,7,131.8302002176,28.7147216896,23.88745113599998,23.1085204992,512,512
objects365_v1_00029671_object-1410620.jpg,images/Pillow/objects365_v1_00029671_object-1410620.jpg,Pillow,objects365_v1_00029671.jpg,29671,1410620,29,64.3220825088,68.7003173888,63.0941161984,37.908386201599996,512,512
objects365_v1_00029671_object-1410621.jpg,images/Pillow/objects365_v1_00029671_object-1410621.jpg,Pillow,objects365_v1_00029671.jpg,29671,1410621,29,10.0559692288,69.4792480256,56.8626098688,36.8698120192,512,512
objects365_v1_00029671_object-1410622.jpg,images/Pillow/objects365_v1_00029671_object-1410622.jpg,Pillow,objects365_v1_00029671.jpg,29671,1410622,29,125.5986938368,73.1142578176,8.308654796800013,25.70501708799999,512,512
objects365_v1_00029671_object-1410623.jpg,images/Desk/objects365_v1_00029671_object-1410623.jpg,Desk,objects365_v1_00029671.jpg,29671,1410623,10,291.7724609536,95.9631958016,40.50482176000003,73.9992065536,512,512
objects365_v1_00029671_object-1410624.jpg,images/Cabinet-shelf/objects365_v1_00029671_object-1410624.jpg,Cabinet/shelf,objects365_v1_00029671.jpg,29671,1410624,13,354.3189697024,15.676147456,56.237915084799965,119.21270753280001,512,512
objects365_v1_00029671_object-1410625.jpg,images/Mirror/objects365_v1_00029671_object-1410625.jpg,Mirror,objects365_v1_00029671.jpg,29671,1410625,80,439.847473152,12.4541625856,54.18762204159998,117.74816896,512,512
objects365_v1_00029671_object-1410626.jpg,images/Cabinet-shelf/objects365_v1_00029671_object-1410626.jpg,Cabinet/shelf,objects365_v1_00029671.jpg,29671,1410626,13,12.9221801984,254.6400756736,165.82940672,259.9170532352,512,512
objects365_v1_00029671_object-1410627.jpg,images/Faucet/objects365_v1_00029671_object-1410627.jpg,Faucet,objects365_v1_00029671.jpg,29671,1410627,77,463.375610368,141.3232421888,8.792053196799998,14.65344240639999,512,512
objects365_v1_00029671_object-1410628.jpg,images/Sink/objects365_v1_00029671_object-1410628.jpg,Sink,objects365_v1_00029671.jpg,29671,1410628,82,436.0977783296,151.4679565312,75.80340577280003,43.058410649600006,512,512
objects365_v1_00029671_object-1410629.jpg,images/Toilet/objects365_v1_00029671_object-1410629.jpg,Toilet,objects365_v1_00029671.jpg,29671,1410629,154,352.0113525248,187.9274902528,59.76855470080005,60.30700682240001,512,512
objects365_v1_00029671_object-1410630.jpg,images/Telephone/objects365_v1_00029671_object-1410630.jpg,Telephone,objects365_v1_00029671.jpg,29671,1410630,124,317.62408448,86.3994750976,13.985168435199967,9.447692851200003,512,512
objects365_v1_00029671_object-1410631.jpg,images/Trash-bin-Can/objects365_v1_00029671_object-1410631.jpg,Trash bin Can,objects365_v1_00029671.jpg,29671,1410631,45,424.9694213632,234.3299560448,23.0,25.662057574399995,512,512
objects365_v1_00029671_object-1410632.jpg,images/Bottle/objects365_v1_00029671_object-1410632.jpg,Bottle,objects365_v1_00029671.jpg,29671,1410632,9,80.8221435392,389.8699951104,31.844299315200004,101.80871582719999,512,512
objects365_v1_00029671_object-1410633.jpg,images/Bottle/objects365_v1_00029671_object-1410633.jpg,Bottle,objects365_v1_00029671.jpg,29671,1410633,9,47.35083008,386.3834228736,32.54156492799999,100.87890621439999,512,512
objects365_v1_00029671_object-1410634.jpg,images/Bottle/objects365_v1_00029671_object-1410634.jpg,Bottle,objects365_v1_00029671.jpg,29671,1410634,9,35.9612426752,378.9453735424,14.876159692800002,86.70007321600002,512,512
objects365_v1_00029671_object-1410635.jpg,images/Bottle/objects365_v1_00029671_object-1410635.jpg,Bottle,objects365_v1_00029671.jpg,29671,1410635,9,8.9982299648,378.0155639808,33.4713745408,107.38726804480001,512,512
objects365_v1_00029671_object-1410636.jpg,images/Bread/objects365_v1_00029671_object-1410636.jpg,Bread,objects365_v1_00029671.jpg,29671,1410636,63,85.9573364224,342.8132934656,26.1613769728,24.377624524800012,512,512
objects365_v1_00029671_object-1410637.jpg,images/Bread/objects365_v1_00029671_object-1410637.jpg,Bread,objects365_v1_00029671.jpg,29671,1410637,63,360.1296996864,367.2116088832,88.07464601600003,75.76831052800003,512,512
objects365_v1_00029671_object-1410638.jpg,images/Hair-Dryer/objects365_v1_00029671_object-1410638.jpg,Hair Dryer,objects365_v1_00029671.jpg,29671,1410638,329,484.1158447104,151.69335936,10.820983910400003,7.213989273600021,512,512
objects365_v1_00029671_object-1410639.jpg,images/Bottle/objects365_v1_00029671_object-1410639.jpg,Bottle,objects365_v1_00029671.jpg,29671,1410639,9,117.768005376,384.0590210048,33.957702655999995,111.32940672000001,512,512
objects365_v1_00029671_object-1410640.jpg,images/Cookies/objects365_v1_00029671_object-1410640.jpg,Cookies,objects365_v1_00029671.jpg,29671,1410640,175,222.4556884992,314.8583373824,135.6102904832,165.60821534719997,512,512
objects365_v1_00029671_object-1410641.jpg,images/Cookies/objects365_v1_00029671_object-1410641.jpg,Cookies,objects365_v1_00029671.jpg,29671,1410641,175,114.9009399296,338.7786254848,33.80194094080001,31.923828121600025,512,512
objects365_v1_00027786_object-1417335.jpg,images/Lamp/objects365_v1_00027786_object-1417335.jpg,Lamp,objects365_v1_00027786.jpg,27786,1417335,7,288.9616088946,87.791931136,30.46942139210006,9.694824243200003,683,512
objects365_v1_00027786_object-1417336.jpg,images/American-Football/objects365_v1_00027786_object-1417336.jpg,American Football,objects365_v1_00027786.jpg,27786,1417336,207,167.11486814379998,228.5354003968,20.45819091420003,21.475463884800007,683,512
objects365_v1_00027786_object-1417337.jpg,images/American-Football/objects365_v1_00027786_object-1417337.jpg,American Football,objects365_v1_00027786.jpg,27786,1417337,207,192.7723999047,233.2826537984,24.075073215299994,20.571167027200005,683,512
objects365_v1_00027786_object-1417338.jpg,images/Book/objects365_v1_00027786_object-1417338.jpg,Book,objects365_v1_00027786.jpg,27786,1417338,19,212.39782715500002,227.8501586944,29.709594751799983,33.47033692160002,683,512
objects365_v1_00027786_object-1417339.jpg,images/Pen-Pencil/objects365_v1_00027786_object-1417339.jpg,Pen/Pencil,objects365_v1_00027786.jpg,27786,1417339,55,207.662780761,267.5486450176,17.4160766766,2.7742309376000094,683,512
objects365_v1_00027786_object-1417340.jpg,images/Pen-Pencil/objects365_v1_00027786_object-1417340.jpg,Pen/Pencil,objects365_v1_00027786.jpg,27786,1417340,55,291.7547607532,284.2993164288,15.12963869319998,5.830505369599962,683,512
objects365_v1_00027786_object-1417341.jpg,images/Pen-Pencil/objects365_v1_00027786_object-1417341.jpg,Pen/Pencil,objects365_v1_00027786.jpg,27786,1417341,55,150.6417846377,262.1451416064,16.976623548600003,3.5027465727999925,683,512
objects365_v1_00027786_object-1417342.jpg,images/Pen-Pencil/objects365_v1_00027786_object-1417342.jpg,Pen/Pencil,objects365_v1_00027786.jpg,27786,1417342,55,365.9996338015,303.9122925056,19.326415997299932,6.479736319999972,683,512
objects365_v1_00027786_object-1417343.jpg,images/Pen-Pencil/objects365_v1_00027786_object-1417343.jpg,Pen/Pencil,objects365_v1_00027786.jpg,27786,1417343,55,444.88330078580003,318.049133312,2.9790038764999736,8.76074219520001,683,512
objects365_v1_00027786_object-1417344.jpg,images/Pen-Pencil/objects365_v1_00027786_object-1417344.jpg,Pen/Pencil,objects365_v1_00027786.jpg,27786,1417344,55,591.7539062509001,327.9477538816,6.999999997699888,8.79998781439997,683,512
objects365_v1_00027786_object-1417345.jpg,images/Pen-Pencil/objects365_v1_00027786_object-1417345.jpg,Pen/Pencil,objects365_v1_00027786.jpg,27786,1417345,55,189.7271728263,262.4810790912,20.64550783049998,2.130187980799974,683,512
objects365_v1_00027786_object-1417346.jpg,images/Pen-Pencil/objects365_v1_00027786_object-1417346.jpg,Pen/Pencil,objects365_v1_00027786.jpg,27786,1417346,55,159.8562011567,254.1123657216,13.542053208100015,3.499633766399967,683,512
objects365_v1_00027786_object-1417347.jpg,images/Pen-Pencil/objects365_v1_00027786_object-1417347.jpg,Pen/Pencil,objects365_v1_00027786.jpg,27786,1417347,55,141.5755005054,251.3329467904,9.557983413600027,4.118286131199994,683,512
objects365_v1_00027786_object-1417348.jpg,images/Pen-Pencil/objects365_v1_00027786_object-1417348.jpg,Pen/Pencil,objects365_v1_00027786.jpg,27786,1417348,55,219.9972534286,276.7361449984,16.71948238119998,4.140075724799999,683,512
objects365_v1_00027786_object-1417349.jpg,images/Pen-Pencil/objects365_v1_00027786_object-1417349.jpg,Pen/Pencil,objects365_v1_00027786.jpg,27786,1417349,55,92.0336913743,251.5777587712,17.018127477899995,1.9338989567999931,683,512
objects365_v1_00027786_object-1417350.jpg,images/Plate/objects365_v1_00027786_object-1417350.jpg,Plate,objects365_v1_00027786.jpg,27786,1417350,16,555.769042938,324.3870239232,109.67761234310001,38.057434060800006,683,512
objects365_v1_00027786_object-1417351.jpg,images/Knife/objects365_v1_00027786_object-1417351.jpg,Knife,objects365_v1_00027786.jpg,27786,1417351,85,364.27136233719995,302.5413818368,22.26159661310004,7.729675315200041,683,512
objects365_v1_00027786_object-1417352.jpg,images/Knife/objects365_v1_00027786_object-1417352.jpg,Knife,objects365_v1_00027786.jpg,27786,1417352,85,442.8051757534,314.5996704256,5.256225594499995,13.604309043200033,683,512
objects365_v1_00027786_object-1417353.jpg,images/Speaker/objects365_v1_00027786_object-1417353.jpg,Speaker,objects365_v1_00027786.jpg,27786,1417353,42,111.14801025909999,34.3664550912,47.612121581500006,26.311950694399997,683,512
objects365_v1_00027786_object-1417354.jpg,images/Speaker/objects365_v1_00027786_object-1417354.jpg,Speaker,objects365_v1_00027786.jpg,27786,1417354,42,301.8865356769,133.4592285184,17.58959958829996,29.734680166399983,683,512
objects365_v1_00027786_object-1417355.jpg,images/Desk/objects365_v1_00027786_object-1417355.jpg,Desk,objects365_v1_00027786.jpg,27786,1417355,10,42.7124633768,246.0414428672,640.2853393439001,265.95654297600004,683,512
objects365_v1_00027786_object-1417356.jpg,images/Knife/objects365_v1_00027786_object-1417356.jpg,Knife,objects365_v1_00027786.jpg,27786,1417356,85,52.9909667807,234.6556396544,302.2512207266001,63.1521606144,683,512
objects365_v1_00027786_object-1417357.jpg,images/Chair/objects365_v1_00027786_object-1417357.jpg,Chair,objects365_v1_00027786.jpg,27786,1417357,3,0.0007934411,161.8695678464,624.7520141837,143.5551757824,683,512
objects365_v1_00017940_object-1429697.jpg,images/Clock/objects365_v1_00017940_object-1429697.jpg,Clock,objects365_v1_00017940.jpg,17940,1429697,95,596.3052978096,1.0528564224,118.52709969119996,92.9452514816,912,512
objects365_v1_00017940_object-1429698.jpg,images/Cabinet-shelf/objects365_v1_00017940_object-1429698.jpg,Cabinet/shelf,objects365_v1_00017940.jpg,17940,1429698,13,528.3647460816,155.3781738496,267.1447754448001,355.58123776,912,512
objects365_v1_00017940_object-1429699.jpg,images/Desk/objects365_v1_00017940_object-1429699.jpg,Desk,objects365_v1_00017940.jpg,17940,1429699,10,86.0661621216,277.0800781312,442.5093994176,234.0193481216,912,512
objects365_v1_00017940_object-1429700.jpg,images/Radiator/objects365_v1_00017940_object-1429700.jpg,Radiator,objects365_v1_00017940.jpg,17940,1429700,176,184.6353759312,410.4230346752,302.6673584832,101.71307371519998,912,512
objects365_v1_00017940_object-1429701.jpg,images/Moniter-TV/objects365_v1_00017940_object-1429701.jpg,Moniter/TV,objects365_v1_00017940.jpg,17940,1429701,38,230.12414549279998,174.5891113472,151.47863772,148.3696288768,912,512
objects365_v1_00017940_object-1429702.jpg,images/Laptop/objects365_v1_00017940_object-1429702.jpg,Laptop,objects365_v1_00017940.jpg,17940,1429702,74,391.6661376816,311.7468261888,117.98645022240004,39.330078105599966,912,512
objects365_v1_00017940_object-1429703.jpg,images/Converter/objects365_v1_00017940_object-1429703.jpg,Converter,objects365_v1_00017940.jpg,17940,1429703,191,373.5794677728,311.6807861248,15.1525878864,11.981079091200002,912,512
objects365_v1_00017940_object-1429704.jpg,images/Mouse/objects365_v1_00017940_object-1429704.jpg,Mouse,objects365_v1_00017940.jpg,17940,1429704,116,365.0970458784,352.6580810752,32.16772464479999,27.18395996160001,912,512
objects365_v1_00017940_object-1429705.jpg,images/Keyboard/objects365_v1_00017940_object-1429705.jpg,Keyboard,objects365_v1_00017940.jpg,17940,1429705,107,202.21984866239998,328.0630493184,144.4633788624,35.53332520960004,912,512
objects365_v1_00017940_object-1429706.jpg,images/Cell-Phone/objects365_v1_00017940_object-1429706.jpg,Cell Phone,objects365_v1_00017940.jpg,17940,1429706,62,300.91027830720003,292.9122925056,19.306640635199983,37.51818844159999,912,512
objects365_v1_00035985_object-1481497.jpg,images/Person/objects365_v1_00035985_object-1481497.jpg,Person,objects365_v1_00035985.jpg,35985,1481497,1,535.3706054399,58.3400879104,47.79199222689999,123.3493651968,683,512
objects365_v1_00035985_object-1481498.jpg,images/Projector/objects365_v1_00035985_object-1481498.jpg,Projector,objects365_v1_00035985.jpg,35985,1481498,219,195.97827145169998,32.2503051776,42.983215368200035,20.100036608000003,683,512
objects365_v1_00035985_object-1481499.jpg,images/Speaker/objects365_v1_00035985_object-1481499.jpg,Speaker,objects365_v1_00035985.jpg,35985,1481499,42,604.0672607634,29.4788818432,23.770141581700045,60.0508422656,683,512
objects365_v1_00035985_object-1481500.jpg,images/Speaker/objects365_v1_00035985_object-1481500.jpg,Speaker,objects365_v1_00035985.jpg,35985,1481500,42,430.45678709739997,69.6322021376,14.574951171199984,38.99804687359999,683,512
objects365_v1_00035985_object-1481501.jpg,images/Mouse/objects365_v1_00035985_object-1481501.jpg,Mouse,objects365_v1_00035985.jpg,35985,1481501,116,421.7934570512,220.630493184,7.983764648300053,3.7659301376000087,683,512
objects365_v1_00035985_object-1481502.jpg,images/Microphone/objects365_v1_00035985_object-1481502.jpg,Microphone,objects365_v1_00035985.jpg,35985,1481502,32,394.6290283324,185.6826171904,19.180541950100007,23.03350830079998,683,512
objects365_v1_00035985_object-1481503.jpg,images/Moniter-TV/objects365_v1_00035985_object-1481503.jpg,Moniter/TV,objects365_v1_00035985.jpg,35985,1481503,38,375.54772949240004,184.0255737344,18.377807610599973,28.7583007744,683,512
objects365_v1_00035985_object-1481504.jpg,images/Chair/objects365_v1_00035985_object-1481504.jpg,Chair,objects365_v1_00035985.jpg,35985,1481504,3,-0.9446411129,176.2499999744,495.9965210058,335.3771362816,683,512
objects365_v1_00011169_object-1554975.jpg,images/Cabinet-shelf/objects365_v1_00011169_object-1554975.jpg,Cabinet/shelf,objects365_v1_00011169.jpg,11169,1554975,13,218.160217268,10.3042602496,125.34124754640004,154.2077026304,628,512
objects365_v1_00011169_object-1554976.jpg,images/Cabinet-shelf/objects365_v1_00011169_object-1554976.jpg,Cabinet/shelf,objects365_v1_00011169.jpg,11169,1554976,13,343.50146481440004,9.544616704,48.617248565199986,132.9376830976,628,512
objects365_v1_00011169_object-1554977.jpg,images/Cabinet-shelf/objects365_v1_00011169_object-1554977.jpg,Cabinet/shelf,objects365_v1_00011169.jpg,11169,1554977,13,427.82202145879995,178.2699585024,158.00585937320005,194.46881100800002,628,512
objects365_v1_00011169_object-1554978.jpg,images/Potted-Plant/objects365_v1_00011169_object-1554978.jpg,Potted Plant,objects365_v1_00011169.jpg,11169,1554978,26,96.61718751160001,14.8621215744,45.578674333199984,51.65576171519999,628,512
objects365_v1_00011169_object-1554979.jpg,images/Potted-Plant/objects365_v1_00011169_object-1554979.jpg,Potted Plant,objects365_v1_00011169.jpg,11169,1554979,26,40.4035644708,61.9600219648,45.5786132916,48.617187532799996,628,512
objects365_v1_00011169_object-1554980.jpg,images/Towel/objects365_v1_00011169_object-1554980.jpg,Towel,objects365_v1_00011169.jpg,11169,1554980,70,473.97851564039996,97.440063488,61.003417976799994,76.7626342912,628,512
objects365_v1_00011169_object-1554981.jpg,images/Hanger/objects365_v1_00011169_object-1554981.jpg,Hanger,objects365_v1_00011169.jpg,11169,1554981,101,466.3408203348,64.9855956992,78.34521483039998,43.211059558399995,628,512
objects365_v1_00011169_object-1554982.jpg,images/Cabinet-shelf/objects365_v1_00011169_object-1554982.jpg,Cabinet/shelf,objects365_v1_00011169.jpg,11169,1554982,13,368.2670288364,-0.6117553664,191.237609836,310.5471191552,628,512
objects365_v1_00011169_object-1554983.jpg,images/Lamp/objects365_v1_00011169_object-1554983.jpg,Lamp,objects365_v1_00011169.jpg,11169,1554983,7,574.1154784904,-0.5038147072,53.31921387039995,95.80032348159999,628,512
objects365_v1_00011169_object-1554984.jpg,images/Cabinet-shelf/objects365_v1_00011169_object-1554984.jpg,Cabinet/shelf,objects365_v1_00011169.jpg,11169,1554984,13,108.64929196759999,238.7495727616,175.18408207160002,182.96704102399997,628,512
objects365_v1_00011169_object-1554985.jpg,images/Cabinet-shelf/objects365_v1_00011169_object-1554985.jpg,Cabinet/shelf,objects365_v1_00011169.jpg,11169,1554985,13,367.4649658252,199.215087872,54.90893551959999,137.05285647359997,628,512
objects365_v1_00011169_object-1554986.jpg,images/Towel/objects365_v1_00011169_object-1554986.jpg,Towel,objects365_v1_00011169.jpg,11169,1554986,70,469.53674316959996,204.321533184,81.13659664440002,70.6267700224,628,512
objects365_v1_00011169_object-1554987.jpg,images/Mirror/objects365_v1_00011169_object-1554987.jpg,Mirror,objects365_v1_00011169.jpg,11169,1554987,80,24.653747554400002,124.1096191488,30.910461440000002,30.574523904000017,628,512
objects365_v1_00011169_object-1554988.jpg,images/Faucet/objects365_v1_00011169_object-1554988.jpg,Faucet,objects365_v1_00011169.jpg,11169,1554988,77,137.564453156,163.3198852608,41.21820066999999,44.845458995200005,628,512
objects365_v1_00011169_object-1554989.jpg,images/Sink/objects365_v1_00011169_object-1554989.jpg,Sink,objects365_v1_00011169.jpg,11169,1554989,82,106.5682983528,214.4304809472,90.6801147616,64.30047610880001,628,512
objects365_v1_00011169_object-1554990.jpg,images/Washing-Machine-Drying-Machine/objects365_v1_00011169_object-1554990.jpg,Washing Machine/Drying Machine,objects365_v1_00011169.jpg,11169,1554990,221,249.5531005836,206.292663552,120.17681883359998,160.5380859392,628,512
objects365_v1_00011169_object-1554991.jpg,images/Bottle/objects365_v1_00011169_object-1554991.jpg,Bottle,objects365_v1_00011169.jpg,11169,1554991,9,345.03369143080005,113.6623535104,9.779113761600001,21.683959961599996,628,512
objects365_v1_00011169_object-1554992.jpg,images/Bottle/objects365_v1_00011169_object-1554992.jpg,Bottle,objects365_v1_00011169.jpg,11169,1554992,9,351.4113769564,109.4105835008,11.054565433600033,22.109191884800012,628,512
objects365_v1_00011169_object-1554993.jpg,images/Bowl-Basin/objects365_v1_00011169_object-1554993.jpg,Bowl/Basin,objects365_v1_00011169.jpg,11169,1554993,27,189.8184814352,107.8145752064,17.08728026,12.038696294400012,628,512
objects365_v1_00011169_object-1554994.jpg,images/Bowl-Basin/objects365_v1_00011169_object-1554994.jpg,Bowl/Basin,objects365_v1_00011169.jpg,11169,1554994,27,196.8074340892,187.6582641664,51.45733642639999,29.40417479680002,628,512
objects365_v1_00011169_object-1554995.jpg,images/Stuffed-Toy/objects365_v1_00011169_object-1554995.jpg,Stuffed Toy,objects365_v1_00011169.jpg,11169,1554995,71,0.0796508728,431.34252928,12.4577026308,35.48559569920002,628,512
objects365_v1_00011169_object-1554996.jpg,images/Stuffed-Toy/objects365_v1_00011169_object-1554996.jpg,Stuffed Toy,objects365_v1_00011169.jpg,11169,1554996,71,8.0072631948,414.3547363328,33.598083461200005,42.658203136000054,628,512
objects365_v1_00011169_object-1554997.jpg,images/Stuffed-Toy/objects365_v1_00011169_object-1554997.jpg,Stuffed Toy,objects365_v1_00011169.jpg,11169,1554997,71,588.3446045224,398.2150268416,39.719848624799965,27.469787596800018,628,512
objects365_v1_00011169_object-1554998.jpg,images/Bakset/objects365_v1_00011169_object-1554998.jpg,Bakset,objects365_v1_00011169.jpg,11169,1554998,53,52.5737304564,92.2283935744,26.9384155108,18.480957030399992,628,512
objects365_v1_00011169_object-1554999.jpg,images/Bakset/objects365_v1_00011169_object-1554999.jpg,Bakset,objects365_v1_00011169.jpg,11169,1554999,53,108.01672364439999,46.8089599488,22.2398681584,17.854553241599994,628,512
objects365_v1_00011169_object-1555000.jpg,images/Potted-Plant/objects365_v1_00011169_object-1555000.jpg,Potted Plant,objects365_v1_00011169.jpg,11169,1555000,26,-0.1704711652,95.3843383808,41.333679194,60.011901849599994,628,512
objects365_v1_00011169_object-1555001.jpg,images/Towel/objects365_v1_00011169_object-1555001.jpg,Towel,objects365_v1_00011169.jpg,11169,1555001,70,172.7938232628,204.705017088,90.83172608199999,45.62512204800001,628,512
objects365_v1_00011169_object-1555002.jpg,images/Towel/objects365_v1_00011169_object-1555002.jpg,Towel,objects365_v1_00011169.jpg,11169,1555002,70,253.57958984240003,153.6383056896,146.9213866956,84.134460416,628,512
objects365_v1_00011169_object-1555003.jpg,images/Towel/objects365_v1_00011169_object-1555003.jpg,Towel,objects365_v1_00011169.jpg,11169,1555003,70,418.56701658960003,387.7712402432,208.4284668268,123.53198243840001,628,512
objects365_v1_00011169_object-1555004.jpg,images/Bottle/objects365_v1_00011169_object-1555004.jpg,Bottle,objects365_v1_00011169.jpg,11169,1555004,9,136.6430663768,87.2443237376,33.16839600160003,41.46051025920001,628,512
objects365_v1_00011169_object-1555005.jpg,images/Bakset/objects365_v1_00011169_object-1555005.jpg,Bakset,objects365_v1_00011169.jpg,11169,1555005,53,0.2630615384,128.2506714112,29.131103510000003,26.938415513600006,628,512
objects365_v1_00025617_object-1581470.jpg,images/Cabinet-shelf/objects365_v1_00025617_object-1581470.jpg,Cabinet/shelf,objects365_v1_00025617.jpg,25617,1581470,13,304.6813354779,0.0436401152,193.6580199824,292.4226684928,683,512
objects365_v1_00025617_object-1581471.jpg,images/Desk/objects365_v1_00025617_object-1581471.jpg,Desk,objects365_v1_00025617.jpg,25617,1581471,10,0.5161743131,191.7775878656,366.18353271259997,320.7513427967999,683,512
objects365_v1_00025617_object-1581472.jpg,images/Lamp/objects365_v1_00025617_object-1581472.jpg,Lamp,objects365_v1_00025617.jpg,25617,1581472,7,-0.3963623165,55.699462912,88.8704834223,204.26947020799997,683,512
objects365_v1_00025617_object-1581473.jpg,images/Chair/objects365_v1_00025617_object-1581473.jpg,Chair,objects365_v1_00025617.jpg,25617,1581473,3,571.2927246163,90.8497314304,112.08288570139996,307.06738283519996,683,512
objects365_v1_00025617_object-1581474.jpg,images/Book/objects365_v1_00025617_object-1581474.jpg,Book,objects365_v1_00025617.jpg,25617,1581474,19,331.4874267441,185.067810048,79.7753906232,79.775451648,683,512
objects365_v1_00025617_object-1581475.jpg,images/Person/objects365_v1_00025617_object-1581475.jpg,Person,objects365_v1_00025617.jpg,25617,1581475,1,362.44213869189997,232.1538085888,20.851440389900006,27.47497559040002,683,512
objects365_v1_00025617_object-1581476.jpg,images/Router-modem/objects365_v1_00025617_object-1581476.jpg,Router/modem,objects365_v1_00025617.jpg,25617,1581476,276,238.2188110609,140.051757824,64.0794066908,54.7717895168,683,512
objects365_v1_00025617_object-1581477.jpg,images/Router-modem/objects365_v1_00025617_object-1581477.jpg,Router/modem,objects365_v1_00025617.jpg,25617,1581477,276,238.9348144405,188.7377929728,60.85754392819999,16.109374975999998,683,512
objects365_v1_00025617_object-1581478.jpg,images/Cell-Phone/objects365_v1_00025617_object-1581478.jpg,Cell Phone,objects365_v1_00025617.jpg,25617,1581478,62,295.1384887786,195.1815185408,44.03222653069997,17.899292006400003,683,512
objects365_v1_00025617_object-1581479.jpg,images/Mouse/objects365_v1_00025617_object-1581479.jpg,Mouse,objects365_v1_00025617.jpg,25617,1581479,116,254.68615723040003,201.9832763904,40.81036376810002,19.689208985600004,683,512
objects365_v1_00025617_object-1581480.jpg,images/Moniter-TV/objects365_v1_00025617_object-1581480.jpg,Moniter/TV,objects365_v1_00025617.jpg,25617,1581480,38,68.02227785699999,56.6411132928,142.68280025390004,190.0903320064,683,512
objects365_v1_00025617_object-1581481.jpg,images/Keyboard/objects365_v1_00025617_object-1581481.jpg,Keyboard,objects365_v1_00025617.jpg,25617,1581481,107,94.7177734603,197.9431152128,162.01403809459998,68.57983400959998,683,512
objects365_v1_00025617_object-1581482.jpg,images/Computer-Box/objects365_v1_00025617_object-1581482.jpg,Computer Box,objects365_v1_00025617.jpg,25617,1581482,160,323.6286011002,289.4011841024,149.43707269720005,141.983825664,683,512
objects365_v1_00025617_object-1581483.jpg,images/Converter/objects365_v1_00025617_object-1581483.jpg,Converter,objects365_v1_00025617.jpg,25617,1581483,191,276.4869384562,372.9381103616,32.855041493700014,29.021911603199953,683,512
objects365_v1_00025617_object-1581484.jpg,images/Converter/objects365_v1_00025617_object-1581484.jpg,Converter,objects365_v1_00025617.jpg,25617,1581484,191,246.36981201569998,375.4022216704,22.724731468399995,19.986816409599953,683,512
objects365_v1_00025617_object-1581485.jpg,images/Converter/objects365_v1_00025617_object-1581485.jpg,Converter,objects365_v1_00025617.jpg,25617,1581485,191,226.9306030079,391.0083618304,27.105407751900003,21.903320319999978,683,512
objects365_v1_00025617_object-1581486.jpg,images/Converter/objects365_v1_00025617_object-1581486.jpg,Converter,objects365_v1_00025617.jpg,25617,1581486,191,188.599792468,401.9600219648,27.926757802799983,18.070251468799995,683,512
objects365_v1_00025617_object-1581487.jpg,images/Converter/objects365_v1_00025617_object-1581487.jpg,Converter,objects365_v1_00025617.jpg,25617,1581487,191,196.26593015190002,412.0903320064,19.7130127115,12.594421401600016,683,512
objects365_v1_00025617_object-1581488.jpg,images/Extention-Cord/objects365_v1_00025617_object-1581488.jpg,Extention Cord,objects365_v1_00025617.jpg,25617,1581488,203,190.7901001138,387.996643072,69.81689450699997,49.28253173760004,683,512
objects365_v1_00025617_object-1581489.jpg,images/Book/objects365_v1_00025617_object-1581489.jpg,Book,objects365_v1_00025617.jpg,25617,1581489,19,378.49792483870004,11.4824218624,73.12744140459995,73.60229493759999,683,512
objects365_v1_00025617_object-1581490.jpg,images/Book/objects365_v1_00025617_object-1581490.jpg,Book,objects365_v1_00025617.jpg,25617,1581490,19,440.75073244829997,152.9132690432,27.86853027699999,66.3229370368,683,512
objects365_v1_00025617_object-1581491.jpg,images/Book/objects365_v1_00025617_object-1581491.jpg,Book,objects365_v1_00025617.jpg,25617,1581491,19,453.40417479,247.069702144,103.4771728522,85.91888430079999,683,512
objects365_v1_00005036_object-1599937.jpg,images/Person/objects365_v1_00005036_object-1599937.jpg,Person,objects365_v1_00005036.jpg,5036,1599937,1,120.593078594,172.6736450048,78.01770019249999,104.81768801280003,815,512
objects365_v1_00005036_object-1599938.jpg,images/Person/objects365_v1_00005036_object-1599938.jpg,Person,objects365_v1_00005036.jpg,5036,1599938,1,193.25079347,172.6736450048,82.78216549800001,104.81768801280003,815,512
objects365_v1_00005036_object-1599939.jpg,images/Person/objects365_v1_00005036_object-1599939.jpg,Person,objects365_v1_00005036.jpg,5036,1599939,1,310.72009279400004,183.8078613504,57.14062498449994,96.1986694144,815,512
objects365_v1_00005036_object-1599940.jpg,images/Person/objects365_v1_00005036_object-1599940.jpg,Person,objects365_v1_00005036.jpg,5036,1599940,1,424.277954142,146.9196777472,97.645141524,138.14990233599997,815,512
objects365_v1_00005036_object-1599941.jpg,images/Bracelet/objects365_v1_00005036_object-1599941.jpg,Bracelet,objects365_v1_00005036.jpg,5036,1599941,15,743.145263711,224.1015625216,7.252807576000009,14.868408166400002,815,512
objects365_v1_00005036_object-1599942.jpg,images/Person/objects365_v1_00005036_object-1599942.jpg,Person,objects365_v1_00005036.jpg,5036,1599942,1,731.76257322,141.2633056768,73.73522955449994,200.82336424960002,815,512
objects365_v1_00005036_object-1599943.jpg,images/Umbrella/objects365_v1_00005036_object-1599943.jpg,Umbrella,objects365_v1_00005036.jpg,5036,1599943,40,114.215698215,48.5338134528,338.060668942,219.1448364544,815,512
objects365_v1_00005036_object-1599944.jpg,images/Hat/objects365_v1_00005036_object-1599944.jpg,Hat,objects365_v1_00005036.jpg,5036,1599944,5,750.8603515935,141.4788818432,36.1690673155,17.274780262399986,815,512
objects365_v1_00005036_object-1599945.jpg,images/Glasses/objects365_v1_00005036_object-1599945.jpg,Glasses,objects365_v1_00005036.jpg,5036,1599945,8,755.904418949,159.640136704,20.269775349999918,5.163085977599991,815,512
objects365_v1_00005036_object-1599946.jpg,images/Dolphin/objects365_v1_00005036_object-1599946.jpg,Dolphin,objects365_v1_00005036.jpg,5036,1599946,327,665.5111083865,403.9391479296,98.03833012399991,33.679504435200045,815,512
objects365_v1_00005036_object-1599947.jpg,images/Dolphin/objects365_v1_00005036_object-1599947.jpg,Dolphin,objects365_v1_00005036.jpg,5036,1599947,327,665.5111083865,345.1256103424,81.43420415349988,73.3912353792,815,512
objects365_v1_00005036_object-1599948.jpg,images/Dolphin/objects365_v1_00005036_object-1599948.jpg,Dolphin,objects365_v1_00005036.jpg,5036,1599948,327,550.9001465,366.2381591552,90.98510740899997,41.72241213440003,815,512
objects365_v1_00005036_object-1599949.jpg,images/Dolphin/objects365_v1_00005036_object-1599949.jpg,Dolphin,objects365_v1_00005036.jpg,5036,1599949,327,131.7642822085,25.553955072,285.01953128450003,245.96435548159997,815,512
objects365_v1_00005036_object-1599950.jpg,images/Dolphin/objects365_v1_00005036_object-1599950.jpg,Dolphin,objects365_v1_00005036.jpg,5036,1599950,327,125.94757081050001,46.3280029184,379.7489623865,210.2330322432,815,512
objects365_v1_00005036_object-1599951.jpg,images/Dolphin/objects365_v1_00005036_object-1599951.jpg,Dolphin,objects365_v1_00005036.jpg,5036,1599951,327,578.6704101265,405.3552856576,78.98718262750003,22.879089356799966,815,512
objects365_v1_00005036_object-1599952.jpg,images/Camera/objects365_v1_00005036_object-1599952.jpg,Camera,objects365_v1_00005036.jpg,5036,1599952,64,154.30413818350002,175.6387329024,14.973998993499976,9.869201664000002,815,512
objects365_v1_00013075_object-1600890.jpg,images/Towel/objects365_v1_00013075_object-1600890.jpg,Towel,objects365_v1_00013075.jpg,13075,1600890,70,0.2381591552,255.2799072256,55.0456543232,125.92633057280003,512,512
objects365_v1_00013075_object-1600891.jpg,images/Radiator/objects365_v1_00013075_object-1600891.jpg,Radiator,objects365_v1_00013075.jpg,13075,1600891,176,0.0414428672,377.435974144,54.488342272000004,64.8483276288,512,512
objects365_v1_00013075_object-1600892.jpg,images/Cabinet-shelf/objects365_v1_00013075_object-1600892.jpg,Cabinet/shelf,objects365_v1_00013075.jpg,13075,1600892,13,431.5548095488,275.6392211968,80.87915038719996,235.9530029056,512,512
objects365_v1_00013075_object-1600893.jpg,images/Towel/objects365_v1_00013075_object-1600893.jpg,Towel,objects365_v1_00013075.jpg,13075,1600893,70,451.2614746112,417.5513915904,60.93249510399994,40.71868897280001,512,512
objects365_v1_00013075_object-1600894.jpg,images/Towel/objects365_v1_00013075_object-1600894.jpg,Towel,objects365_v1_00013075.jpg,13075,1600894,70,446.4140014592,452.4531250176,65.92547609600001,32.96276853760003,512,512
objects365_v1_00013075_object-1600895.jpg,images/Towel/objects365_v1_00013075_object-1600895.jpg,Towel,objects365_v1_00013075.jpg,13075,1600895,70,447.383483904,476.690429696,64.57049559040001,34.90179440639997,512,512
objects365_v1_00013075_object-1600896.jpg,images/Cabinet-shelf/objects365_v1_00013075_object-1600896.jpg,Cabinet/shelf,objects365_v1_00013075.jpg,13075,1600896,13,181.7401733632,133.495056128,54.49884032,101.21203614720002,512,512
objects365_v1_00013075_object-1600897.jpg,images/Toiletry/objects365_v1_00013075_object-1600897.jpg,Toiletry,objects365_v1_00013075.jpg,13075,1600897,106,190.7392578048,154.101196288,12.301086412800004,36.90332031999998,512,512
objects365_v1_00013075_object-1600898.jpg,images/Toiletry/objects365_v1_00013075_object-1600898.jpg,Toiletry,objects365_v1_00013075.jpg,13075,1600898,106,201.8102416896,156.5614624256,12.301086412800004,35.2631225344,512,512
objects365_v1_00013075_object-1600899.jpg,images/Toiletry/objects365_v1_00013075_object-1600899.jpg,Toiletry,objects365_v1_00013075.jpg,13075,1600899,106,213.7012939264,156.1514281984,14.351318374399995,35.67315676160001,512,512
objects365_v1_00013075_object-1600900.jpg,images/Towel/objects365_v1_00013075_object-1600900.jpg,Towel,objects365_v1_00013075.jpg,13075,1600900,70,433.8106079232,320.6021117952,78.76165770240004,88.223815936,512,512
objects365_v1_00013912_object-1602335.jpg,images/Cabinet-shelf/objects365_v1_00013912_object-1602335.jpg,Cabinet/shelf,objects365_v1_00013912.jpg,13912,1602335,13,186.39434816000002,289.732177728,196.356750464,190.42657473600002,640,480
objects365_v1_00013912_object-1602336.jpg,images/Cabinet-shelf/objects365_v1_00013912_object-1602336.jpg,Cabinet/shelf,objects365_v1_00013912.jpg,13912,1602336,13,383.410034176,262.05773927999996,119.92260742399998,217.44207763200006,640,480
objects365_v1_00013912_object-1602337.jpg,images/Cabinet-shelf/objects365_v1_00013912_object-1602337.jpg,Cabinet/shelf,objects365_v1_00013912.jpg,13912,1602337,13,480.92956544000003,238.336791984,106.08532716800005,220.07775878400003,640,480
objects365_v1_00013912_object-1602338.jpg,images/Cabinet-shelf/objects365_v1_00013912_object-1602338.jpg,Cabinet/shelf,objects365_v1_00013912.jpg,13912,1602338,13,561.97607424,228.45306398399998,71.162841792,204.263793936,640,480
objects365_v1_00013912_object-1602339.jpg,images/Power-outlet/objects365_v1_00013912_object-1602339.jpg,Power outlet,objects365_v1_00013912.jpg,13912,1602339,81,431.282104512,117.297058128,18.13891596800005,35.21093745599998,640,480
objects365_v1_00013912_object-1602340.jpg,images/Book/objects365_v1_00013912_object-1602340.jpg,Book,objects365_v1_00013912.jpg,13912,1602340,19,292.688659648,259.85357664,91.70257568,33.19555665599995,640,480
objects365_v1_00013912_object-1602341.jpg,images/Sink/objects365_v1_00013912_object-1602341.jpg,Sink,objects365_v1_00013912.jpg,13912,1602341,82,325.289062528,216.574646016,142.79882809600002,54.99908443199999,640,480
objects365_v1_00013912_object-1602342.jpg,images/Sink/objects365_v1_00013912_object-1602342.jpg,Sink,objects365_v1_00013912.jpg,13912,1602342,82,416.07067872000005,205.309814448,159.79565427199998,39.75836183999999,640,480
objects365_v1_00013912_object-1602343.jpg,images/Faucet/objects365_v1_00013912_object-1602343.jpg,Faucet,objects365_v1_00013912.jpg,13912,1602343,77,387.25903321600003,185.689392096,11.807739263999963,23.340942383999987,640,480
objects365_v1_00013912_object-1602344.jpg,images/Trash-bin-Can/objects365_v1_00013912_object-1602344.jpg,Trash bin Can,objects365_v1_00013912.jpg,13912,1602344,45,608.16137696,372.05999755199997,32.2199706880001,108.72698976000004,640,480
objects365_v1_00013912_object-1602345.jpg,images/Coffee-Machine/objects365_v1_00013912_object-1602345.jpg,Coffee Machine,objects365_v1_00013912.jpg,13912,1602345,214,147.440734848,136.715087904,91.01006656000001,127.45570166400003,640,480
objects365_v1_00013912_object-1602346.jpg,images/Tea-pot/objects365_v1_00013912_object-1602346.jpg,Tea pot,objects365_v1_00013912.jpg,13912,1602346,123,161.432922368,221.35064697599998,67.23065184000001,66.88940428800001,640,480
objects365_v1_00013912_object-1602347.jpg,images/Cup/objects365_v1_00013912_object-1602347.jpg,Cup,objects365_v1_00013912.jpg,13912,1602347,11,247.62505036800002,179.032836912,39.19585862399998,73.37359617599998,640,480
objects365_v1_00013912_object-1602348.jpg,images/Cup/objects365_v1_00013912_object-1602348.jpg,Cup,objects365_v1_00013912.jpg,13912,1602348,11,505.782161792,169.971490464,11.990993408000008,30.27725836799999,640,480
objects365_v1_00013912_object-1602349.jpg,images/Cup/objects365_v1_00013912_object-1602349.jpg,Cup,objects365_v1_00013912.jpg,13912,1602349,11,524.9677512960001,164.875318272,12.290768191999973,36.572529936000024,640,480
objects365_v1_00013912_object-1602350.jpg,images/Refrigerator/objects365_v1_00013912_object-1602350.jpg,Refrigerator,objects365_v1_00013912.jpg,13912,1602350,134,1.1685653120000001,335.845876272,164.379700416,143.991554544,640,480
objects365_v1_00013912_object-1602351.jpg,images/Towel/objects365_v1_00013912_object-1602351.jpg,Towel,objects365_v1_00013912.jpg,13912,1602351,70,539.963745088,192.654541008,38.01892089599994,16.865539536,640,480
objects365_v1_00015230_object-1613195.jpg,images/Couch/objects365_v1_00015230_object-1613195.jpg,Couch,objects365_v1_00015230.jpg,15230,1613195,51,150.577941878,294.4904785408,140.25329592820003,132.71282954240002,686,512
objects365_v1_00015230_object-1613196.jpg,images/Cabinet-shelf/objects365_v1_00015230_object-1613196.jpg,Cabinet/shelf,objects365_v1_00015230.jpg,15230,1613196,13,268.9638061712,231.1502685696,216.41241451199994,225.46099850239997,686,512
objects365_v1_00015230_object-1613197.jpg,images/Desk/objects365_v1_00015230_object-1613197.jpg,Desk,objects365_v1_00015230.jpg,15230,1613197,10,479.7131347554,262.8811035136,205.34802245159995,170.3367920128,686,512
objects365_v1_00015230_object-1613198.jpg,images/Chair/objects365_v1_00015230_object-1613198.jpg,Chair,objects365_v1_00015230.jpg,15230,1613198,3,541.8160400058,252.450561536,51.80749517999993,90.15850828800001,686,512
objects365_v1_00015230_object-1613199.jpg,images/Chair/objects365_v1_00015230_object-1613199.jpg,Chair,objects365_v1_00015230.jpg,15230,1613199,3,641.5809326094,335.9191894528,43.79357910760007,113.3229370368,686,512
objects365_v1_00015230_object-1613200.jpg,images/Chair/objects365_v1_00015230_object-1613200.jpg,Chair,objects365_v1_00015230.jpg,15230,1613200,3,643.3111572132,259.7938842624,42.06335450380004,26.81683353599999,686,512
objects365_v1_00015230_object-1613201.jpg,images/Lamp/objects365_v1_00015230_object-1613201.jpg,Lamp,objects365_v1_00015230.jpg,15230,1613201,7,565.02734372,42.5740356608,20.623779353799932,28.123229951999996,686,512
objects365_v1_00015230_object-1613202.jpg,images/Carpet/objects365_v1_00015230_object-1613202.jpg,Carpet,objects365_v1_00015230.jpg,15230,1613202,61,477.974365267,311.6104125952,207.40014645000002,200.1088257024,686,512
objects365_v1_00015230_object-1613203.jpg,images/Pillow/objects365_v1_00015230_object-1613203.jpg,Pillow,objects365_v1_00015230.jpg,15230,1613203,29,169.450317407,300.6843872256,36.665710444999974,57.61761474560001,686,512
objects365_v1_00015230_object-1613204.jpg,images/Person/objects365_v1_00015230_object-1613204.jpg,Person,objects365_v1_00015230.jpg,15230,1613204,1,167.8262939724,243.3677978624,114.62139888779998,205.52667233279996,686,512
objects365_v1_00015230_object-1613205.jpg,images/Person/objects365_v1_00015230_object-1613205.jpg,Person,objects365_v1_00015230.jpg,15230,1613205,1,223.0143432328,244.698608384,92.54614259239997,169.8094482432,686,512
objects365_v1_00015230_object-1613206.jpg,images/Slippers/objects365_v1_00015230_object-1613206.jpg,Slippers,objects365_v1_00015230.jpg,15230,1613206,46,214.58496093300002,426.6434326016,33.65814211060001,23.53332520959998,686,512
objects365_v1_00015230_object-1613207.jpg,images/Slippers/objects365_v1_00015230_object-1613207.jpg,Slippers,objects365_v1_00015230.jpg,15230,1613207,46,252.62139891660001,425.8225097728,27.91168214380002,21.070556620800005,686,512
objects365_v1_00015230_object-1613208.jpg,images/Buttefly/objects365_v1_00015230_object-1613208.jpg,Buttefly,objects365_v1_00015230.jpg,15230,1613208,322,291.1808710832,0.4896556032,29.553510296800027,33.775440384,686,512
objects365_v1_00015230_object-1613209.jpg,images/Buttefly/objects365_v1_00015230_object-1613209.jpg,Buttefly,objects365_v1_00015230.jpg,15230,1613209,322,333.09241131740004,67.1647800832,18.78682165639998,14.9707485184,686,512
objects365_v1_00015230_object-1613210.jpg,images/Buttefly/objects365_v1_00015230_object-1613210.jpg,Buttefly,objects365_v1_00015230.jpg,15230,1613210,322,378.88528913060003,20.78481408,10.274043091199985,12.9159398912,686,512
objects365_v1_00015230_object-1613211.jpg,images/Buttefly/objects365_v1_00015230_object-1613211.jpg,Buttefly,objects365_v1_00015230.jpg,15230,1613211,322,444.34562093179994,26.0686076416,21.42871844540008,22.602894848000002,686,512
objects365_v1_00015230_object-1613212.jpg,images/Buttefly/objects365_v1_00015230_object-1613212.jpg,Buttefly,objects365_v1_00015230.jpg,15230,1613212,322,374.7756718804,123.5252450816,14.383660341400002,26.125423871999985,686,512
objects365_v1_00015230_object-1613213.jpg,images/Buttefly/objects365_v1_00015230_object-1613213.jpg,Buttefly,objects365_v1_00015230.jpg,15230,1613213,322,111.9761789776,-0.3431571968,18.387057420199994,26.8733915648,686,512
objects365_v1_00015230_object-1613214.jpg,images/Buttefly/objects365_v1_00015230_object-1613214.jpg,Buttefly,objects365_v1_00015230.jpg,15230,1613214,322,116.69080905719998,33.1307164672,25.459002539600007,25.4590025216,686,512
objects365_v1_00015230_object-1613215.jpg,images/Buttefly/objects365_v1_00015230_object-1613215.jpg,Buttefly,objects365_v1_00015230.jpg,15230,1613215,322,84.2807911246,123.6516719104,29.109776890600003,35.08620907519999,686,512
objects365_v1_00015230_object-1613216.jpg,images/Buttefly/objects365_v1_00015230_object-1613216.jpg,Buttefly,objects365_v1_00015230.jpg,15230,1613216,322,277.63014240639995,135.7665772032,12.715992832200072,21.06086307839999,686,512
objects365_v1_00015230_object-1613217.jpg,images/Bakset/objects365_v1_00015230_object-1613217.jpg,Bakset,objects365_v1_00015230.jpg,15230,1613217,53,362.3916015888,227.6095581184,59.40856931800005,43.42559815679999,686,512
objects365_v1_00015230_object-1613218.jpg,images/Bakset/objects365_v1_00015230_object-1613218.jpg,Bakset,objects365_v1_00015230.jpg,15230,1613218,53,341.8851318022,210.4202881024,52.47253424419995,48.55218503680001,686,512
objects365_v1_00015230_object-1613219.jpg,images/Book/objects365_v1_00015230_object-1613219.jpg,Book,objects365_v1_00015230.jpg,15230,1613219,19,338.8635253696,207.9492797952,44.09423829579998,21.059997542399998,686,512
objects365_v1_00015230_object-1613220.jpg,images/Sandals/objects365_v1_00015230_object-1613220.jpg,Sandals,objects365_v1_00015230.jpg,15230,1613220,52,278.617553725,388.3333129728,35.3000488106,24.080627456000002,686,512
objects365_v1_00044514_object-1656142.jpg,images/Bench/objects365_v1_00044514_object-1656142.jpg,Bench,objects365_v1_00044514.jpg,44514,1656142,25,66.53527832830001,272.9721069568,433.694091807,141.55297848319998,683,512
objects365_v1_00044514_object-1656143.jpg,images/Person/objects365_v1_00044514_object-1656143.jpg,Person,objects365_v1_00044514.jpg,44514,1656143,1,379.5964355383,213.2182006784,122.68798829919996,189.85809326080002,683,512
objects365_v1_00044514_object-1656144.jpg,images/Person/objects365_v1_00044514_object-1656144.jpg,Person,objects365_v1_00044514.jpg,44514,1656144,1,326.9626464762,202.3217163264,90.51342776490003,199.47467038719998,683,512
objects365_v1_00044514_object-1656145.jpg,images/Sneakers/objects365_v1_00044514_object-1656145.jpg,Sneakers,objects365_v1_00044514.jpg,44514,1656145,2,435.5899658024,384.918640128,17.142334033100042,17.701416038399998,683,512
objects365_v1_00044514_object-1656146.jpg,images/Sneakers/objects365_v1_00044514_object-1656146.jpg,Sneakers,objects365_v1_00044514.jpg,44514,1656146,2,486.6445312801,337.9633178624,15.092773426699978,15.092773427199973,683,512
objects365_v1_00044514_object-1656147.jpg,images/Goose/objects365_v1_00044514_object-1656147.jpg,Goose,objects365_v1_00044514.jpg,44514,1656147,242,569.2475585685,197.5423583744,29.457031255299967,12.887512217599976,683,512
objects365_v1_00044514_object-1656148.jpg,images/Goose/objects365_v1_00044514_object-1656148.jpg,Goose,objects365_v1_00044514.jpg,44514,1656148,242,512.4781493883,196.5729370112,28.106811560499978,11.45092771840001,683,512
objects365_v1_00044514_object-1656149.jpg,images/Goose/objects365_v1_00044514_object-1656149.jpg,Goose,objects365_v1_00044514.jpg,44514,1656149,242,462.6315918042,194.2984008704,28.999999961200047,12.599975577599992,683,512
objects365_v1_00044514_object-1656150.jpg,images/Goose/objects365_v1_00044514_object-1656150.jpg,Goose,objects365_v1_00044514.jpg,44514,1656150,242,372.5878905959,235.425781248,14.864990263000038,8.344299315200004,683,512
objects365_v1_00044514_object-1656151.jpg,images/Goose/objects365_v1_00044514_object-1656151.jpg,Goose,objects365_v1_00044514.jpg,44514,1656151,242,97.6669311247,262.3779907072,48.64208988440001,14.399963391999961,683,512
objects365_v1_00044514_object-1656152.jpg,images/Wild-Bird/objects365_v1_00044514_object-1656152.jpg,Wild Bird,objects365_v1_00044514.jpg,44514,1656152,57,142.3925781181,166.2801513472,9.86608887989999,9.866088908800009,683,512
objects365_v1_00044514_object-1656153.jpg,images/Wild-Bird/objects365_v1_00044514_object-1656153.jpg,Wild Bird,objects365_v1_00044514.jpg,44514,1656153,57,263.5842285028,31.0060424704,9.969787608800004,9.753051750400001,683,512
objects365_v1_00044514_object-1656154.jpg,images/Wild-Bird/objects365_v1_00044514_object-1656154.jpg,Wild Bird,objects365_v1_00044514.jpg,44514,1656154,57,227.06909177609998,38.282592768,11.400024441800014,6.799987814399998,683,512
objects365_v1_00044514_object-1656155.jpg,images/Person/objects365_v1_00044514_object-1656155.jpg,Person,objects365_v1_00044514.jpg,44514,1656155,1,566.8693847378,125.3120727552,25.803833024599953,13.479675289599982,683,512
objects365_v1_00044514_object-1656156.jpg,images/Sneakers/objects365_v1_00044514_object-1656156.jpg,Sneakers,objects365_v1_00044514.jpg,44514,1656156,2,367.20666500510004,383.2416381952,49.56384277939992,18.819396966400006,683,512
objects365_v1_00039117_object-1658779.jpg,images/Stool/objects365_v1_00039117_object-1658779.jpg,Stool,objects365_v1_00039117.jpg,39117,1658779,48,35.417480448,461.19201660600004,77.2172241408,102.00305173079994,512,564
objects365_v1_00039117_object-1658780.jpg,images/Guitar/objects365_v1_00039117_object-1658780.jpg,Guitar,objects365_v1_00039117.jpg,39117,1658780,60,277.4187011584,165.4175415012,231.71228026880004,275.6098633056,512,564
objects365_v1_00039117_object-1658781.jpg,images/Saxophone/objects365_v1_00039117_object-1658781.jpg,Saxophone,objects365_v1_00039117.jpg,39117,1658781,225,258.5260620288,118.18597411799999,168.3665161216,219.4877319492,512,564
objects365_v1_00039117_object-1658782.jpg,images/Guitar/objects365_v1_00039117_object-1658782.jpg,Guitar,objects365_v1_00039117.jpg,39117,1658782,60,132.9457397248,110.4066772236,89.2744751104,309.1322021496,512,564
objects365_v1_00039117_object-1658783.jpg,images/Cymbal/objects365_v1_00039117_object-1658783.jpg,Cymbal,objects365_v1_00039117.jpg,39117,1658783,68,0.6975097856,321.00372315000004,120.5792846336,21.670959467999978,512,564
objects365_v1_00039117_object-1658784.jpg,images/Drum/objects365_v1_00039117_object-1658784.jpg,Drum,objects365_v1_00039117.jpg,39117,1658784,54,54.5969848832,382.126892082,139.1309814272,87.82135012679998,512,564
objects365_v1_00039117_object-1658785.jpg,images/Person/objects365_v1_00039117_object-1658785.jpg,Person,objects365_v1_00039117.jpg,39117,1658785,1,0.4884643328,168.93096923640002,198.33764648960002,395.23272702599996,512,564
objects365_v1_00039117_object-1658786.jpg,images/Person/objects365_v1_00039117_object-1658786.jpg,Person,objects365_v1_00039117.jpg,39117,1658786,1,170.6981811712,166.7672729688,328.8798217728,395.9539184508,512,564
objects365_v1_00039117_object-1658787.jpg,images/Person/objects365_v1_00039117_object-1658787.jpg,Person,objects365_v1_00039117.jpg,39117,1658787,1,137.521728512,98.9718627768,173.0946655232,329.6010132144,512,564
objects365_v1_00039117_object-1658788.jpg,images/Person/objects365_v1_00039117_object-1658788.jpg,Person,objects365_v1_00039117.jpg,39117,1658788,1,281.0460205056,37.667541500400006,184.6342773248,247.38104251079997,512,564
objects365_v1_00039117_object-1658789.jpg,images/Glasses/objects365_v1_00039117_object-1658789.jpg,Glasses,objects365_v1_00039117.jpg,39117,1658789,8,57.99401856,200.2907715096,59.746398924800005,22.044372531599976,512,564
objects365_v1_00039117_object-1658790.jpg,images/Glasses/objects365_v1_00039117_object-1658790.jpg,Glasses,objects365_v1_00039117.jpg,39117,1658790,8,255.7410888704,123.40856933639999,41.49774172159999,19.287719714400012,512,564
objects365_v1_00039117_object-1658791.jpg,images/Tie/objects365_v1_00039117_object-1658791.jpg,Tie,objects365_v1_00039117.jpg,39117,1658791,44,251.1380615168,175.6694946528,24.046997094400012,53.27081294399997,512,564
objects365_v1_00039117_object-1658792.jpg,images/Glasses/objects365_v1_00039117_object-1658792.jpg,Glasses,objects365_v1_00039117.jpg,39117,1658792,8,310.2197876224,72.7421875272,47.863708467199956,27.5824584648,512,564
objects365_v1_00039117_object-1658793.jpg,images/Hat/objects365_v1_00039117_object-1658793.jpg,Hat,objects365_v1_00039117.jpg,39117,1658793,5,299.2679443456,37.25006103,85.18109127680003,47.8636474848,512,564
objects365_v1_00039117_object-1658794.jpg,images/Tie/objects365_v1_00039117_object-1658794.jpg,Tie,objects365_v1_00039117.jpg,39117,1658794,44,347.2118530048,136.823242164,9.849792512000022,29.710815451200034,512,564
objects365_v1_00039117_object-1658795.jpg,images/Microphone/objects365_v1_00039117_object-1658795.jpg,Microphone,objects365_v1_00039117.jpg,39117,1658795,32,176.5413818368,151.39392091919999,50.737487769599994,54.94055175120002,512,564
objects365_v1_00039117_object-1658796.jpg,images/Tripod/objects365_v1_00039117_object-1658796.jpg,Tripod,objects365_v1_00039117.jpg,39117,1658796,92,6.7042236416,355.52209473600004,75.4750976512,208.4792480352,512,564
objects365_v1_00023432_object-1707469.jpg,images/Picture-Frame/objects365_v1_00023432_object-1707469.jpg,Picture/Frame,objects365_v1_00023432.jpg,23432,1707469,17,260.6771240363,-0.136932352,193.43957520450004,68.4286803968,683,512
objects365_v1_00023432_object-1707470.jpg,images/Desk/objects365_v1_00023432_object-1707470.jpg,Desk,objects365_v1_00023432.jpg,23432,1707470,10,51.422668464299996,309.2026366976,524.8963012352,202.35900881920003,683,512
objects365_v1_00023432_object-1707471.jpg,images/Lamp/objects365_v1_00023432_object-1707471.jpg,Lamp,objects365_v1_00023432.jpg,23432,1707471,7,-0.06616214170000001,169.5032958976,28.3802490396,75.95898439679999,683,512
objects365_v1_00023432_object-1707472.jpg,images/Desk/objects365_v1_00023432_object-1707472.jpg,Desk,objects365_v1_00023432.jpg,23432,1707472,10,0.0470580853,340.5122070528,75.11840819230001,115.6257934336,683,512
objects365_v1_00023432_object-1707473.jpg,images/Book/objects365_v1_00023432_object-1707473.jpg,Book,objects365_v1_00023432.jpg,23432,1707473,19,0.2644653179,369.1972656128,19.0527954059,23.354980505599997,683,512
objects365_v1_00023432_object-1707474.jpg,images/Mouse/objects365_v1_00023432_object-1707474.jpg,Mouse,objects365_v1_00023432.jpg,23432,1707474,116,479.687744146,411.4620361216,39.8637695484,45.1790161408,683,512
objects365_v1_00023432_object-1707475.jpg,images/Keyboard/objects365_v1_00023432_object-1707475.jpg,Keyboard,objects365_v1_00023432.jpg,23432,1707475,107,212.6002197254,360.9678955008,225.89489743670003,85.0427856384,683,512
objects365_v1_00023432_object-1707476.jpg,images/Speaker/objects365_v1_00023432_object-1707476.jpg,Speaker,objects365_v1_00023432.jpg,23432,1707476,42,308.6729126035,312.6900634624,68.17535400260005,49.79760742399998,683,512
objects365_v1_00023432_object-1707477.jpg,images/Speaker/objects365_v1_00023432_object-1707477.jpg,Speaker,objects365_v1_00023432.jpg,23432,1707477,42,519.7199707268,294.905212416,53.94738766289993,92.48126218240003,683,512
objects365_v1_00023432_object-1707478.jpg,images/Speaker/objects365_v1_00023432_object-1707478.jpg,Speaker,objects365_v1_00023432.jpg,23432,1707478,42,156.90869143470002,262.2996215808,45.05499266689998,74.696411136,683,512
objects365_v1_00023432_object-1707479.jpg,images/Moniter-TV/objects365_v1_00023432_object-1707479.jpg,Moniter/TV,objects365_v1_00023432.jpg,23432,1707479,38,190.1071167107,80.893981952,348.58343507280006,288.1148070912,683,512
objects365_v1_00023432_object-1707480.jpg,images/Computer-Box/objects365_v1_00023432_object-1707480.jpg,Computer Box,objects365_v1_00023432.jpg,23432,1707480,160,371.68664552719997,474.2110595584,111.2322997672,37.9664306688,683,512
objects365_v1_00023432_object-1707481.jpg,images/Cell-Phone/objects365_v1_00023432_object-1707481.jpg,Cell Phone,objects365_v1_00023432.jpg,23432,1707481,62,40.704589812,405.8630371328,40.312377949900004,46.24066160640001,683,512
objects365_v1_00023432_object-1707482.jpg,images/CD/objects365_v1_00023432_object-1707482.jpg,CD,objects365_v1_00023432.jpg,23432,1707482,285,20.6613159338,448.8290405376,34.55346681419999,23.035644518399977,683,512
objects365_v1_00023432_object-1707483.jpg,images/Cell-Phone/objects365_v1_00023432_object-1707483.jpg,Cell Phone,objects365_v1_00023432.jpg,23432,1707483,62,10.3471679893,309.9806518784,34.31707764560001,11.599975577599992,683,512
objects365_v1_00001928_object-1732247.jpg,images/Stool/objects365_v1_00001928_object-1732247.jpg,Stool,objects365_v1_00001928.jpg,1928,1732247,48,300.9389037753,340.1228637696,106.30352786790002,171.73944089600002,683,512
objects365_v1_00001928_object-1732248.jpg,images/Stool/objects365_v1_00001928_object-1732248.jpg,Stool,objects365_v1_00001928.jpg,1928,1732248,48,448.10424805519995,339.1248779264,110.30114742620003,172.66418457599997,683,512
objects365_v1_00001928_object-1732249.jpg,images/Stool/objects365_v1_00001928_object-1732249.jpg,Stool,objects365_v1_00001928.jpg,1928,1732249,48,586.6943359585,339.5593261568,95.68566894740002,172.372680704,683,512
objects365_v1_00001928_object-1732250.jpg,images/Picture-Frame/objects365_v1_00001928_object-1732250.jpg,Picture/Frame,objects365_v1_00001928.jpg,1928,1732250,17,111.3074340701,103.8464965632,106.61871338050001,123.86578370559998,683,512
objects365_v1_00001928_object-1732251.jpg,images/Cabinet-shelf/objects365_v1_00001928_object-1732251.jpg,Cabinet/shelf,objects365_v1_00001928.jpg,1928,1732251,13,66.7770385406,327.2192382976,179.30041505189996,183.99407959040002,683,512
objects365_v1_00001928_object-1732252.jpg,images/Cabinet-shelf/objects365_v1_00001928_object-1732252.jpg,Cabinet/shelf,objects365_v1_00001928.jpg,1928,1732252,13,575.3552245985,100.4990234624,71.92407231039999,85.68566891519998,683,512
objects365_v1_00001928_object-1732253.jpg,images/Cabinet-shelf/objects365_v1_00001928_object-1732253.jpg,Cabinet/shelf,objects365_v1_00001928.jpg,1928,1732253,13,489.55749513530003,99.2337646592,84.3372802618,55.915161139199995,683,512
objects365_v1_00001928_object-1732254.jpg,images/Cabinet-shelf/objects365_v1_00001928_object-1732254.jpg,Cabinet/shelf,objects365_v1_00001928.jpg,1928,1732254,13,370.5358886743,97.5972900352,115.73571777579997,85.8885497856,683,512
objects365_v1_00001928_object-1732255.jpg,images/Cabinet-shelf/objects365_v1_00001928_object-1732255.jpg,Cabinet/shelf,objects365_v1_00001928.jpg,1928,1732255,13,310.897644064,97.8397216768,58.908020009599966,81.3653564416,683,512
objects365_v1_00001928_object-1732256.jpg,images/Cabinet-shelf/objects365_v1_00001928_object-1732256.jpg,Cabinet/shelf,objects365_v1_00001928.jpg,1928,1732256,13,289.2497558715,71.6982422016,12.830505379000044,84.1808471552,683,512
objects365_v1_00001928_object-1732257.jpg,images/Clock/objects365_v1_00001928_object-1732257.jpg,Clock,objects365_v1_00001928.jpg,1928,1732257,95,634.8941650385,197.0736083968,17.298339838900006,32.674499532799985,683,512
objects365_v1_00001928_object-1732258.jpg,images/Microwave/objects365_v1_00001928_object-1732258.jpg,Microwave,objects365_v1_00001928.jpg,1928,1732258,164,481.5205077803,159.21362304,92.41357426679997,46.61193850880002,683,512
objects365_v1_00001928_object-1732259.jpg,images/Refrigerator/objects365_v1_00001928_object-1732259.jpg,Refrigerator,objects365_v1_00001928.jpg,1928,1732259,134,287.17620851,152.6760864256,79.62994386080004,114.7208251904,683,512
objects365_v1_00001928_object-1732260.jpg,images/Bowl-Basin/objects365_v1_00001928_object-1732260.jpg,Bowl/Basin,objects365_v1_00001928.jpg,1928,1732260,27,442.4489745882,215.9859009024,136.0841064682,61.40307614719998,683,512
objects365_v1_00001928_object-1732261.jpg,images/Plate/objects365_v1_00001928_object-1732261.jpg,Plate,objects365_v1_00001928.jpg,1928,1732261,16,608.0507812210001,240.7953491456,35.49279787529986,12.580017049600002,683,512
objects365_v1_00001928_object-1732262.jpg,images/Speaker/objects365_v1_00001928_object-1732262.jpg,Speaker,objects365_v1_00001928.jpg,1928,1732262,42,43.745300279700004,443.4686889472,41.96496584269998,67.88452152319996,683,512
objects365_v1_00001928_object-1732263.jpg,images/Speaker/objects365_v1_00001928_object-1732263.jpg,Speaker,objects365_v1_00001928.jpg,1928,1732263,42,190.4141235032,295.6636962816,45.02001958360003,37.832580556799996,683,512
objects365_v1_00001928_object-1732264.jpg,images/Speaker/objects365_v1_00001928_object-1732264.jpg,Speaker,objects365_v1_00001928.jpg,1928,1732264,42,88.01141360359999,294.7966308352,43.889831480599995,38.52551270399999,683,512
objects365_v1_00001928_object-1732265.jpg,images/Induction-Cooker/objects365_v1_00001928_object-1732265.jpg,Induction Cooker,objects365_v1_00001928.jpg,1928,1732265,269,525.5150146798,246.3334350336,56.38647457540003,19.505065932799965,683,512
objects365_v1_00001928_object-1732266.jpg,images/Recorder/objects365_v1_00001928_object-1732266.jpg,Recorder,objects365_v1_00001928.jpg,1928,1732266,295,134.045349146,296.1016845824,53.71551510500001,36.46484372479995,683,512
objects365_v1_00001928_object-1732267.jpg,images/Knife/objects365_v1_00001928_object-1732267.jpg,Knife,objects365_v1_00001928.jpg,1928,1732267,85,424.39013672000004,209.318176256,14.729736319399933,27.092895539200015,683,512
objects365_v1_00001135_object-1782513.jpg,images/Mirror/objects365_v1_00001135_object-1782513.jpg,Mirror,objects365_v1_00001135.jpg,1135,1782513,80,316.4481811456,-0.2531738253,195.6420288,260.2736206133,512,683
objects365_v1_00001135_object-1782514.jpg,images/Towel/objects365_v1_00001135_object-1782514.jpg,Towel,objects365_v1_00001135.jpg,1135,1782514,70,225.2624511488,499.43640139810003,88.17443850239997,183.02880857739996,512,683
objects365_v1_00001135_object-1782515.jpg,images/Towel/objects365_v1_00001135_object-1782515.jpg,Towel,objects365_v1_00001135.jpg,1135,1782515,70,303.4170532352,513.4641113182,94.18640133119999,167.66516117549997,512,683
objects365_v1_00001135_object-1782516.jpg,images/Faucet/objects365_v1_00001135_object-1782516.jpg,Faucet,objects365_v1_00001135.jpg,1135,1782516,77,401.3648071168,351.2861328019,34.682861363200004,47.06970217379995,512,683
objects365_v1_00001135_object-1782517.jpg,images/Sink/objects365_v1_00001135_object-1782517.jpg,Sink,objects365_v1_00001135.jpg,1135,1782517,82,198.5438232576,359.80297854040003,313.73571773439994,180.77429196499992,512,683
objects365_v1_00001135_object-1782518.jpg,images/Toothbrush/objects365_v1_00001135_object-1782518.jpg,Toothbrush,objects365_v1_00001135.jpg,1135,1782518,227,314.2843628032,316.2781372056,39.198181120000015,65.3770141443,512,683
objects365_v1_00001135_object-1782519.jpg,images/Toilet/objects365_v1_00001135_object-1782519.jpg,Toilet,objects365_v1_00001135.jpg,1135,1782519,154,0.295715328,593.6837158526,158.4270019584,88.89941400459998,512,683
objects365_v1_00001135_object-1782520.jpg,images/Toiletry/objects365_v1_00001135_object-1782520.jpg,Toiletry,objects365_v1_00001135.jpg,1135,1782520,106,285.9585571328,298.8819580265,44.59387207679998,84.5479736044,512,683
objects365_v1_00026888_object-1801435.jpg,images/Desk/objects365_v1_00026888_object-1801435.jpg,Desk,objects365_v1_00026888.jpg,26888,1801435,10,459.12304688640006,407.5886840832,291.6602783231999,105.00042726399994,768,512
objects365_v1_00026888_object-1801436.jpg,images/Telephone/objects365_v1_00026888_object-1801436.jpg,Telephone,objects365_v1_00026888.jpg,26888,1801436,124,102.63070540800001,288.3457814528,46.030428748800006,61.9131296768,768,512
objects365_v1_00026888_object-1801437.jpg,images/Pen-Pencil/objects365_v1_00026888_object-1801437.jpg,Pen/Pencil,objects365_v1_00026888.jpg,26888,1801437,55,57.902893056,346.8554687488,19.40002444799999,43.20001218560003,768,512
objects365_v1_00026888_object-1801438.jpg,images/Bottle/objects365_v1_00026888_object-1801438.jpg,Bottle,objects365_v1_00026888.jpg,26888,1801438,9,510.2668456704,381.137512192,19.94433600000002,39.867187507200015,768,512
objects365_v1_00026888_object-1801439.jpg,images/Bottle/objects365_v1_00026888_object-1801439.jpg,Bottle,objects365_v1_00026888.jpg,26888,1801439,9,483.753295872,166.1842040832,31.043090841599962,117.58758548479997,768,512
objects365_v1_00026888_object-1801440.jpg,images/Bottle/objects365_v1_00026888_object-1801440.jpg,Bottle,objects365_v1_00026888.jpg,26888,1801440,9,509.15222169599997,179.3540649472,38.08593745920007,122.2910766592,768,512
objects365_v1_00026888_object-1801441.jpg,images/Moniter-TV/objects365_v1_00026888_object-1801441.jpg,Moniter/TV,objects365_v1_00026888.jpg,26888,1801441,38,0.0125121792,118.3363647488,119.9317627392,199.915588352,768,512
objects365_v1_00026888_object-1801442.jpg,images/Speaker/objects365_v1_00026888_object-1801442.jpg,Speaker,objects365_v1_00026888.jpg,26888,1801442,42,158.69512942080001,176.829528832,43.34783930880002,96.80456540160003,768,512
objects365_v1_00026888_object-1801443.jpg,images/Speaker/objects365_v1_00026888_object-1801443.jpg,Speaker,objects365_v1_00026888.jpg,26888,1801443,42,404.20800783360005,172.386840832,39.90148922879996,96.51055907840001,768,512
objects365_v1_00026888_object-1801444.jpg,images/Moniter-TV/objects365_v1_00026888_object-1801444.jpg,Moniter/TV,objects365_v1_00026888.jpg,26888,1801444,38,193.61669921280003,117.1860961792,193.81420899839992,184.68164065279998,768,512
objects365_v1_00026888_object-1801445.jpg,images/Keyboard/objects365_v1_00026888_object-1801445.jpg,Keyboard,objects365_v1_00026888.jpg,26888,1801445,107,130.08575439359998,298.655578624,275.6442260736,93.2507323904,768,512
objects365_v1_00026888_object-1801446.jpg,images/Mouse/objects365_v1_00026888_object-1801446.jpg,Mouse,objects365_v1_00026888.jpg,26888,1801446,116,473.19042969599997,334.2616577024,37.06701657600007,43.60827637760002,768,512
objects365_v1_00026888_object-1801447.jpg,images/Extention-Cord/objects365_v1_00026888_object-1801447.jpg,Extention Cord,objects365_v1_00026888.jpg,26888,1801447,203,305.0140380672,478.5794067456,118.58593751040002,33.42028810239998,768,512
objects365_v1_00026888_object-1801448.jpg,images/Router-modem/objects365_v1_00026888_object-1801448.jpg,Router/modem,objects365_v1_00026888.jpg,26888,1801448,276,411.17797854720004,269.2628784128,75.36352535039993,37.13244631040004,768,512
objects365_v1_00026888_object-1801449.jpg,images/Computer-Box/objects365_v1_00026888_object-1801449.jpg,Computer Box,objects365_v1_00026888.jpg,26888,1801449,160,523.498901376,71.9074706944,179.18151851519997,231.1334838784,768,512
objects365_v1_00026888_object-1801450.jpg,images/Speaker/objects365_v1_00026888_object-1801450.jpg,Speaker,objects365_v1_00026888.jpg,26888,1801450,42,723.4279785215999,158.8841552896,44.5703125248001,92.78887936000001,768,512
objects365_v1_00026888_object-1801451.jpg,images/Converter/objects365_v1_00026888_object-1801451.jpg,Converter,objects365_v1_00026888.jpg,26888,1801451,191,396.253051776,488.100036608,18.844360319999964,16.978576691200033,768,512
objects365_v1_00026888_object-1801452.jpg,images/Converter/objects365_v1_00026888_object-1801452.jpg,Converter,objects365_v1_00026888.jpg,26888,1801452,191,375.9160156416,492.39135744,20.15039063040001,19.560546867200003,768,512
objects365_v1_00026888_object-1801453.jpg,images/Desk/objects365_v1_00026888_object-1801453.jpg,Desk,objects365_v1_00026888.jpg,26888,1801453,10,1.6145019648,241.89385984,145.8591919104,268.6880493568,768,512
objects365_v1_00026888_object-1801454.jpg,images/Desk/objects365_v1_00026888_object-1801454.jpg,Desk,objects365_v1_00026888.jpg,26888,1801454,10,72.24108887039999,230.3786620928,475.9616699136,280.97094727679996,768,512
objects365_v1_00026888_object-1801455.jpg,images/Book/objects365_v1_00026888_object-1801455.jpg,Book,objects365_v1_00026888.jpg,26888,1801455,19,563.1989746176,0.7800292864,156.49426268159993,121.15686036480001,768,512
objects365_v1_00026888_object-1801456.jpg,images/Book/objects365_v1_00026888_object-1801456.jpg,Book,objects365_v1_00026888.jpg,26888,1801456,19,-0.3345336576,110.0285644288,26.4675292416,29.07092285440001,768,512
objects365_v1_00026888_object-1801457.jpg,images/Cleaning-Products/objects365_v1_00026888_object-1801457.jpg,Cleaning Products,objects365_v1_00026888.jpg,26888,1801457,162,483.54516602880005,166.6642456064,60.99633784319997,130.3104858624,768,512
objects365_v1_00026888_object-1801458.jpg,images/Book/objects365_v1_00026888_object-1801458.jpg,Book,objects365_v1_00026888.jpg,26888,1801458,19,531.6856689408,263.0481567232,236.40075686399996,249.45355228159997,768,512
objects365_v1_00028773_object-1801861.jpg,images/Lifesaver/objects365_v1_00028773_object-1801861.jpg,Lifesaver,objects365_v1_00028773.jpg,28773,1801861,69,259.8061523456,636.8193359022,11.53948974079998,11.178955114800033,512,726
objects365_v1_00028773_object-1801862.jpg,images/Lifesaver/objects365_v1_00028773_object-1801862.jpg,Lifesaver,objects365_v1_00028773.jpg,28773,1801862,69,146.214050304,580.9248046998,9.736450201599979,6.851562491399932,512,726
objects365_v1_00028773_object-1801863.jpg,images/Lifesaver/objects365_v1_00028773_object-1801863.jpg,Lifesaver,objects365_v1_00028773.jpg,28773,1801863,69,436.504943872,467.69335939919995,6.130371072000003,5.409179668200011,512,726
objects365_v1_00028773_object-1801864.jpg,images/Lifesaver/objects365_v1_00028773_object-1801864.jpg,Lifesaver,objects365_v1_00028773.jpg,28773,1801864,69,434.7019042816,505.1967773622,49.04290775040005,22.357788043800042,512,726
objects365_v1_00028773_object-1801865.jpg,images/Ballon/objects365_v1_00028773_object-1801865.jpg,Ballon,objects365_v1_00028773.jpg,28773,1801865,91,90.6016845824,143.26245120000002,109.9534912,230.98156738139997,512,726
objects365_v1_00028773_object-1801866.jpg,images/Ballon/objects365_v1_00028773_object-1801866.jpg,Ballon,objects365_v1_00028773.jpg,28773,1801866,91,352.4334106624,229.83660889860002,64.86468505600004,98.8790893728,512,726
objects365_v1_00028773_object-1801867.jpg,images/Ballon/objects365_v1_00028773_object-1801867.jpg,Ballon,objects365_v1_00028773.jpg,28773,1801867,91,407.2647094784,152.58984372060002,37.879211417600004,51.4663086498,512,726
objects365_v1_00028773_object-1801868.jpg,images/Person/objects365_v1_00028773_object-1801868.jpg,Person,objects365_v1_00028773.jpg,28773,1801868,1,98.2310180864,393.0026855106,403.8232421888,333.3973388922,512,726
objects365_v1_00028773_object-1801869.jpg,images/Slide/objects365_v1_00028773_object-1801869.jpg,Slide,objects365_v1_00028773.jpg,28773,1801869,215,56.7048950272,254.502868653,350.2947998208,180.32928463439998,512,726
objects365_v1_00028773_object-1801870.jpg,images/Lamp/objects365_v1_00028773_object-1801870.jpg,Lamp,objects365_v1_00028773.jpg,28773,1801870,7,120.04052736,2.6051635896,175.41143797759997,159.4165039038,512,726
objects365_v1_00028773_object-1801871.jpg,images/Lamp/objects365_v1_00028773_object-1801871.jpg,Lamp,objects365_v1_00028773.jpg,28773,1801871,7,477.7946166784,0.47247317699999997,25.591979980799977,16.5281371992,512,726
objects365_v1_00025599_object-1869675.jpg,images/Desk/objects365_v1_00025599_object-1869675.jpg,Desk,objects365_v1_00025599.jpg,25599,1869675,10,-0.2423095859,244.157043456,558.9394531203,267.8690796032,779,512
objects365_v1_00025599_object-1869676.jpg,images/Chair/objects365_v1_00025599_object-1869676.jpg,Chair,objects365_v1_00025599.jpg,25599,1869676,3,506.6701660398,351.7265625088,272.3980712442,160.29956055040003,779,512
objects365_v1_00025599_object-1869677.jpg,images/Speaker/objects365_v1_00025599_object-1869677.jpg,Speaker,objects365_v1_00025599.jpg,25599,1869677,42,-0.0184326201,155.1768188416,96.0053100849,135.923889152,779,512
objects365_v1_00025599_object-1869678.jpg,images/Moniter-TV/objects365_v1_00025599_object-1869678.jpg,Moniter/TV,objects365_v1_00025599.jpg,25599,1869678,38,85.05682373650001,91.3172607488,264.2147827335,197.77178956800003,779,512
objects365_v1_00025599_object-1869679.jpg,images/Laptop/objects365_v1_00025599_object-1869679.jpg,Laptop,objects365_v1_00025599.jpg,25599,1869679,74,335.299926754,157.9848022528,160.87463377959995,127.52636718080001,779,512
objects365_v1_00025599_object-1869680.jpg,images/Keyboard/objects365_v1_00025599_object-1869680.jpg,Keyboard,objects365_v1_00025599.jpg,25599,1869680,107,211.7536010775,334.2271118336,160.31829830979999,51.5308837888,779,512
objects365_v1_00025599_object-1869681.jpg,images/Mouse/objects365_v1_00025599_object-1869681.jpg,Mouse,objects365_v1_00025599.jpg,25599,1869681,116,384.3212890939,329.4821777408,52.548706045199935,24.681945804799966,779,512
objects365_v1_00025599_object-1869682.jpg,images/Printer/objects365_v1_00025599_object-1869682.jpg,Printer,objects365_v1_00025599.jpg,25599,1869682,223,686.1422119164,243.8929443328,92.80700686529997,92.6143798784,779,512
objects365_v1_00025599_object-1869683.jpg,images/Laptop/objects365_v1_00025599_object-1869683.jpg,Laptop,objects365_v1_00025599.jpg,25599,1869683,74,583.0041503635,298.2917480448,195.9453125568,81.11218263040001,779,512
objects365_v1_00025599_object-1869684.jpg,images/Computer-Box/objects365_v1_00025599_object-1869684.jpg,Computer Box,objects365_v1_00025599.jpg,25599,1869684,160,0.0660400366,474.903747584,86.3438110387,37.029663078400006,779,512
objects365_v1_00042881_object-1870298.jpg,images/Goose/objects365_v1_00042881_object-1870298.jpg,Goose,objects365_v1_00042881.jpg,42881,1870298,242,-0.29205323559999996,0.1160888832,306.7017212156,511.99462891519994,772,512
objects365_v1_00042881_object-1870299.jpg,images/Goose/objects365_v1_00042881_object-1870299.jpg,Goose,objects365_v1_00042881.jpg,42881,1870299,242,186.3640746696,143.4702758912,199.09991461360002,278.1542358528,772,512
objects365_v1_00042881_object-1870300.jpg,images/Wild-Bird/objects365_v1_00042881_object-1870300.jpg,Wild Bird,objects365_v1_00042881.jpg,42881,1870300,57,343.0087890388,61.4879760896,121.50952147039999,134.6852417024,772,512
objects365_v1_00042881_object-1870301.jpg,images/Goose/objects365_v1_00042881_object-1870301.jpg,Goose,objects365_v1_00042881.jpg,42881,1870301,242,465.3247070464,106.7153320448,296.18188472919996,405.1755371008,772,512
objects365_v1_00042881_object-1870302.jpg,images/Wild-Bird/objects365_v1_00042881_object-1870302.jpg,Wild Bird,objects365_v1_00042881.jpg,42881,1870302,57,1.4159546132,166.039794944,81.9822997536,117.84960936959999,772,512
objects365_v1_00042881_object-1870303.jpg,images/Wild-Bird/objects365_v1_00042881_object-1870303.jpg,Wild Bird,objects365_v1_00042881.jpg,42881,1870303,57,218.5714111712,112.7269286912,144.9329833772,62.950683596800005,772,512
objects365_v1_00042881_object-1870304.jpg,images/Wild-Bird/objects365_v1_00042881_object-1870304.jpg,Wild Bird,objects365_v1_00042881.jpg,42881,1870304,57,136.5891113404,175.677612288,635.6290282992,193.2440185856,772,512
objects365_v1_00033267_object-1949719.jpg,images/Duck/objects365_v1_00033267_object-1949719.jpg,Duck,objects365_v1_00033267.jpg,33267,1949719,137,331.878981888,211.065441408,172.89879929600005,164.43024364800002,640,480
objects365_v1_00033267_object-1949720.jpg,images/Goose/objects365_v1_00033267_object-1949720.jpg,Goose,objects365_v1_00033267.jpg,33267,1949720,242,185.30334208,306.033770928,61.995437888,53.996026512000014,640,480
objects365_v1_00033267_object-1949721.jpg,images/Goose/objects365_v1_00033267_object-1949721.jpg,Goose,objects365_v1_00033267.jpg,33267,1949721,242,286.326538112,192.40814208,74.44897459200001,91.428588864,640,480
objects365_v1_00033267_object-1949722.jpg,images/Goose/objects365_v1_00033267_object-1949722.jpg,Goose,objects365_v1_00033267.jpg,33267,1949722,242,241.91839596800003,212.000000016,51.59179692799995,67.91839598400003,640,480
objects365_v1_00033267_object-1949723.jpg,images/Goose/objects365_v1_00033267_object-1949723.jpg,Goose,objects365_v1_00033267.jpg,33267,1949723,242,70.816345216,258.367370592,44.408142080000005,74.44897464000002,640,480
objects365_v1_00033267_object-1949724.jpg,images/Goose/objects365_v1_00033267_object-1949724.jpg,Goose,objects365_v1_00033267.jpg,33267,1949724,242,469.83679199999995,239.428588848,94.69384768000009,103.1836548,640,480
objects365_v1_00033267_object-1949725.jpg,images/Goose/objects365_v1_00033267_object-1949725.jpg,Goose,objects365_v1_00033267.jpg,33267,1949725,242,126.32653811200001,273.387756336,66.61224364799997,61.387756368,640,480
objects365_v1_00033267_object-1949726.jpg,images/Goose/objects365_v1_00033267_object-1949726.jpg,Goose,objects365_v1_00033267.jpg,33267,1949726,242,0.108725056,169.598016624,639.8662608,174.32037935999998,640,480
objects365_v1_00004128_object-1957219.jpg,images/Book/objects365_v1_00004128_object-1957219.jpg,Book,objects365_v1_00004128.jpg,4128,1957219,19,82.6581421056,250.9910278144,109.99719237120001,39.28466800640001,768,512
objects365_v1_00004128_object-1957220.jpg,images/Book/objects365_v1_00004128_object-1957220.jpg,Book,objects365_v1_00004128.jpg,4128,1957220,19,163.433593728,226.4440918016,59.92352294400001,45.35498045439999,768,512
objects365_v1_00004128_object-1957221.jpg,images/Picture-Frame/objects365_v1_00004128_object-1957221.jpg,Picture/Frame,objects365_v1_00004128.jpg,4128,1957221,17,-0.0012817152,266.497802752,255.37915038720004,191.57958983680004,768,512
objects365_v1_00004128_object-1957222.jpg,images/Paddle/objects365_v1_00004128_object-1957222.jpg,Paddle,objects365_v1_00004128.jpg,4128,1957222,87,61.422363264,389.8555908096,614.8159180032001,121.99279784959998,768,512
objects365_v1_00004128_object-1957223.jpg,images/Glasses/objects365_v1_00004128_object-1957223.jpg,Glasses,objects365_v1_00004128.jpg,4128,1957223,8,383.7329101824,18.332153344,25.646118144000013,33.963867187199995,768,512
objects365_v1_00004128_object-1957224.jpg,images/Glasses/objects365_v1_00004128_object-1957224.jpg,Glasses,objects365_v1_00004128.jpg,4128,1957224,8,680.5527343872,-1.160675072,59.581787059199996,43.540557875199994,768,512
objects365_v1_00004128_object-1957225.jpg,images/Person/objects365_v1_00004128_object-1957225.jpg,Person,objects365_v1_00004128.jpg,4128,1957225,1,436.0317382656,317.000732416,62.85559080960002,94.28332518399998,768,512
objects365_v1_00004128_object-1957226.jpg,images/Truck/objects365_v1_00004128_object-1957226.jpg,Truck,objects365_v1_00004128.jpg,4128,1957226,66,-0.0813598464,246.6801757696,24.0363158784,51.18853760000002,768,512
objects365_v1_00004128_object-1957227.jpg,images/Truck/objects365_v1_00004128_object-1957227.jpg,Truck,objects365_v1_00004128.jpg,4128,1957227,66,74.6983642368,229.9882812416,89.02355957759998,44.95684812800002,768,512
objects365_v1_00004128_object-1957228.jpg,images/Truck/objects365_v1_00004128_object-1957228.jpg,Truck,objects365_v1_00004128.jpg,4128,1957228,66,481.1274414336,381.2130126848,16.561035110399985,15.274780262399986,768,512
objects365_v1_00004128_object-1957229.jpg,images/Truck/objects365_v1_00004128_object-1957229.jpg,Truck,objects365_v1_00004128.jpg,4128,1957229,66,530.8106689536,375.4246825984,53.22045895679992,41.161438003199976,768,512
objects365_v1_00004128_object-1957230.jpg,images/Sandwich/objects365_v1_00004128_object-1957230.jpg,Sandwich,objects365_v1_00004128.jpg,4128,1957230,266,511.1362305024,213.0259399168,31.05078120959996,157.37072757759998,768,512
objects365_v1_00004128_object-1957231.jpg,images/Chair/objects365_v1_00004128_object-1957231.jpg,Chair,objects365_v1_00004128.jpg,4128,1957231,3,446.23034664959994,396.2352294912,12.03454594560003,15.590148915199961,768,512
objects365_v1_00004128_object-1957232.jpg,images/Router-modem/objects365_v1_00004128_object-1957232.jpg,Router/modem,objects365_v1_00004128.jpg,4128,1957232,276,200.4752197632,461.0793457152,20.164428672000014,12.012878387199976,768,512
objects365_v1_00004128_object-1957233.jpg,images/Towel/objects365_v1_00004128_object-1957233.jpg,Towel,objects365_v1_00004128.jpg,4128,1957233,70,117.8327026176,316.4534301696,83.6012573184,97.03198243840001,768,512
objects365_v1_00004128_object-1957234.jpg,images/Towel/objects365_v1_00004128_object-1957234.jpg,Towel,objects365_v1_00004128.jpg,4128,1957234,70,232.6154785536,282.2322998272,49.736083967999974,57.46539304959998,768,512
objects365_v1_00004128_object-1957235.jpg,images/Bracelet/objects365_v1_00004128_object-1957235.jpg,Bracelet,objects365_v1_00004128.jpg,4128,1957235,15,463.0612793088,408.595214848,42.99755857920002,23.546203596800012,768,512
objects365_v1_00004128_object-1957236.jpg,images/Bracelet/objects365_v1_00004128_object-1957236.jpg,Bracelet,objects365_v1_00004128.jpg,4128,1957236,15,416.4807128832,407.8273925632,40.694091801599996,20.219055206399958,768,512
objects365_v1_00004128_object-1957237.jpg,images/Bracelet/objects365_v1_00004128_object-1957237.jpg,Bracelet,objects365_v1_00004128.jpg,4128,1957237,15,331.5096435456,397.078002944,37.622680704000004,22.522521958400034,768,512
objects365_v1_00004128_object-1957238.jpg,images/Car/objects365_v1_00004128_object-1957238.jpg,Car,objects365_v1_00004128.jpg,4128,1957238,6,266.7186279168,430.4741211136,35.20959475199999,72.06463621119997,768,512
